Date,Price
01/03/2000,65.48
01/04/2000,64.85
01/05/2000,65.99
01/06/2000,65.49
01/07/2000,65.04
01/10/2000,65.58
01/11/2000,66.64
01/12/2000,66.96
01/13/2000,66.18
01/14/2000,66.74
01/18/2000,67.48
01/19/2000,67.25
01/20/2000,67.48
01/21/2000,67.81
01/24/2000,66.84
01/25/2000,66.84
01/26/2000,66.8
01/27/2000,66.85
01/28/2000,66.48
01/31/2000,66.67
02/01/2000,66.17
02/02/2000,65.98
02/03/2000,64.75
02/04/2000,65.17
02/07/2000,66.31
02/08/2000,65.99
02/09/2000,66.69
02/10/2000,66.56
02/11/2000,66.21
02/14/2000,65.39
02/15/2000,65.52
02/16/2000,65.47
02/17/2000,65.69
02/18/2000,64.83
02/22/2000,63.42
02/23/2000,64.27
02/24/2000,63.46
02/25/2000,63.41
02/28/2000,64.14
02/29/2000,64.09
03/01/2000,63.79
03/02/2000,63.96
03/03/2000,63.71
03/06/2000,64.09
03/07/2000,63.83
03/08/2000,63.75
03/09/2000,63.41
03/10/2000,63.87
03/13/2000,63.62
03/14/2000,62.98
03/15/2000,62.76
03/16/2000,62.38
03/17/2000,61.92
03/20/2000,61.71
03/21/2000,61.37
03/22/2000,61.2
03/23/2000,60.7
03/24/2000,61.74
03/27/2000,61.95
03/28/2000,61.7
03/29/2000,61.49
03/30/2000,60.65
03/31/2000,60.23
04/03/2000,59.86
04/04/2000,58.41
04/05/2000,58.82
04/06/2000,59.15
04/07/2000,58.49
04/10/2000,57.92
04/11/2000,58.77
04/12/2000,59.68
04/13/2000,59.14
04/14/2000,58.85
04/17/2000,59.92
04/18/2000,60.46
04/19/2000,59.75
04/20/2000,59.88
04/24/2000,59.87
04/25/2000,61.17
04/26/2000,61.3
04/27/2000,62.35
04/28/2000,62.14
05/01/2000,62.55
05/02/2000,63.12
05/03/2000,64.03
05/04/2000,64.46
05/05/2000,65.07
05/08/2000,65.6
05/09/2000,65.24
05/10/2000,64.37
05/11/2000,64.07
05/12/2000,64.98
05/15/2000,64.59
05/16/2000,64.02
05/17/2000,64.63
05/18/2000,65.46
05/19/2000,65.11
05/22/2000,64.2
05/23/2000,64.46
05/24/2000,64.59
05/25/2000,63.72
05/26/2000,63.2
05/30/2000,63.67
05/31/2000,62.85
06/01/2000,61.95
06/02/2000,61.48
06/05/2000,61.01
06/06/2000,61.27
06/07/2000,61.14
06/08/2000,61.05
06/09/2000,61.13
06/12/2000,60.75
06/13/2000,61.01
06/14/2000,60.41
06/15/2000,60.37
06/16/2000,59.69
06/19/2000,59.9
06/20/2000,60.15
06/21/2000,60.96
06/22/2000,61.13
06/23/2000,61.77
06/26/2000,60.95
06/27/2000,60.78
06/28/2000,61.04
06/29/2000,60.31
06/30/2000,60.18
07/03/2000,59.8
07/05/2000,59.76
07/06/2000,60.31
07/07/2000,59.97
07/10/2000,60.26
07/11/2000,60.48
07/12/2000,60.77
07/13/2000,59.92
07/14/2000,60.94
07/17/2000,61.46
07/18/2000,61.41
07/19/2000,61.5
07/20/2000,60.13
07/21/2000,60.0
07/24/2000,60.25
07/25/2000,60.21
07/26/2000,60.21
07/27/2000,60.0
07/28/2000,60.25
07/31/2000,60.29
08/01/2000,59.91
08/02/2000,59.69
08/03/2000,59.44
08/04/2000,59.01
08/07/2000,59.48
08/08/2000,59.14
08/09/2000,59.09
08/10/2000,57.5
08/11/2000,57.87
08/14/2000,57.71
08/15/2000,58.0
08/16/2000,58.17
08/17/2000,58.04
08/18/2000,57.66
08/21/2000,57.71
08/22/2000,57.62
08/23/2000,57.25
08/24/2000,57.16
08/25/2000,57.21
08/28/2000,57.66
08/29/2000,58.08
08/30/2000,58.0
08/31/2000,57.29
09/01/2000,56.75
09/05/2000,56.83
09/06/2000,57.12
09/07/2000,57.49
09/08/2000,57.24
09/11/2000,57.58
09/12/2000,57.7
09/13/2000,57.28
09/14/2000,57.74
09/15/2000,58.33
09/18/2000,58.71
09/19/2000,58.5
09/20/2000,58.92
09/21/2000,58.71
09/22/2000,58.29
09/25/2000,58.33
09/26/2000,57.99
09/27/2000,58.2
09/28/2000,58.12
09/29/2000,57.78
10/02/2000,58.2
10/03/2000,58.67
10/04/2000,58.92
10/05/2000,58.54
10/06/2000,58.16
10/09/2000,58.16
10/10/2000,57.95
10/11/2000,57.7
10/12/2000,57.15
10/13/2000,57.15
10/16/2000,57.4
10/17/2000,56.65
10/18/2000,56.57
10/19/2000,56.52
10/20/2000,56.36
10/23/2000,55.82
10/24/2000,56.23
10/25/2000,56.86
10/26/2000,56.73
10/27/2000,57.11
10/30/2000,57.28
10/31/2000,57.57
11/01/2000,57.36
11/02/2000,57.4
11/03/2000,58.04
11/06/2000,58.55
11/07/2000,58.59
11/08/2000,58.5
11/09/2000,58.08
11/10/2000,57.95
11/13/2000,57.61
11/14/2000,57.44
11/15/2000,56.98
11/16/2000,56.69
11/17/2000,56.94
11/20/2000,56.64
11/21/2000,56.6
11/22/2000,55.93
11/24/2000,56.18
11/27/2000,56.26
11/28/2000,55.89
11/29/2000,55.43
11/30/2000,54.39
12/01/2000,55.13
12/04/2000,55.22
12/05/2000,54.3
12/06/2000,53.19
12/07/2000,52.99
12/08/2000,53.44
12/11/2000,53.6
12/12/2000,53.43
12/13/2000,52.78
12/14/2000,52.13
12/15/2000,51.76
12/18/2000,51.56
12/19/2000,51.84
12/20/2000,50.75
12/21/2000,50.23
12/22/2000,50.02
12/26/2000,50.22
12/27/2000,50.86
12/28/2000,51.14
12/29/2000,51.1
01/02/2001,49.17
01/03/2001,50.97
01/04/2001,50.13
01/05/2001,49.48
01/08/2001,48.97
01/09/2001,49.64
01/10/2001,50.84
01/11/2001,51.16
01/12/2001,52.3
01/16/2001,52.34
01/17/2001,51.75
01/18/2001,50.95
01/19/2001,51.74
01/22/2001,52.21
01/23/2001,52.74
01/24/2001,53.03
01/25/2001,52.7
01/26/2001,52.53
01/29/2001,52.95
01/30/2001,52.12
01/31/2001,51.79
02/01/2001,50.61
02/02/2001,51.38
02/05/2001,51.46
02/06/2001,51.95
02/07/2001,51.79
02/08/2001,50.99
02/09/2001,50.16
02/12/2001,50.48
02/13/2001,50.68
02/14/2001,51.05
02/15/2001,51.78
02/16/2001,50.93
02/20/2001,50.97
02/21/2001,51.29
02/22/2001,51.54
02/23/2001,50.8
02/26/2001,50.36
02/27/2001,49.56
02/28/2001,49.08
03/01/2001,48.56
03/02/2001,49.43
03/05/2001,49.63
03/06/2001,49.71
03/07/2001,49.19
03/08/2001,48.87
03/09/2001,49.31
03/12/2001,49.19
03/13/2001,49.31
03/14/2001,48.51
03/15/2001,48.04
03/16/2001,47.52
03/19/2001,48.15
03/20/2001,47.91
03/21/2001,47.68
03/22/2001,47.08
03/23/2001,47.99
03/26/2001,48.47
03/27/2001,49.83
03/28/2001,49.71
03/29/2001,49.63
03/30/2001,49.15
04/02/2001,49.71
04/03/2001,49.35
04/04/2001,49.23
04/05/2001,49.63
04/06/2001,48.74
04/09/2001,49.06
04/10/2001,50.68
04/11/2001,51.09
04/12/2001,51.46
04/16/2001,52.75
04/17/2001,51.88
04/18/2001,51.18
04/19/2001,52.33
04/20/2001,52.63
04/23/2001,51.88
04/24/2001,51.88
04/25/2001,52.54
04/26/2001,51.92
04/27/2001,53.13
04/30/2001,53.38
05/01/2001,52.88
05/02/2001,52.84
05/03/2001,52.01
05/04/2001,51.84
05/07/2001,52.05
05/08/2001,52.17
05/09/2001,51.68
05/10/2001,52.72
05/11/2001,54.84
05/14/2001,54.16
05/15/2001,54.8
05/16/2001,54.67
05/17/2001,54.67
05/18/2001,53.91
05/21/2001,53.86
05/22/2001,53.99
05/23/2001,53.91
05/24/2001,54.89
05/25/2001,54.85
05/29/2001,55.07
05/30/2001,55.03
05/31/2001,54.13
06/01/2001,53.54
06/04/2001,53.24
06/05/2001,52.61
06/06/2001,52.65
06/07/2001,52.95
06/08/2001,53.33
06/11/2001,52.87
06/12/2001,52.4
06/13/2001,52.57
06/14/2001,52.15
06/15/2001,52.28
06/18/2001,52.41
06/19/2001,52.28
06/20/2001,51.99
06/21/2001,51.78
06/22/2001,51.24
06/25/2001,51.32
06/26/2001,52.24
06/27/2001,52.33
06/28/2001,53.26
06/29/2001,53.9
07/02/2001,53.31
07/03/2001,53.78
07/05/2001,54.12
07/06/2001,53.74
07/09/2001,53.4
07/10/2001,52.72
07/11/2001,52.85
07/12/2001,52.3
07/13/2001,52.34
07/16/2001,51.75
07/17/2001,51.79
07/18/2001,50.87
07/19/2001,51.04
07/20/2001,51.12
07/23/2001,51.08
07/24/2001,50.87
07/25/2001,51.59
07/26/2001,51.5
07/27/2001,50.96
07/30/2001,50.96
07/31/2001,50.37
08/01/2001,50.66
08/02/2001,51.25
08/03/2001,51.59
08/06/2001,51.76
08/07/2001,51.72
08/08/2001,50.54
08/09/2001,50.28
08/10/2001,50.16
08/13/2001,49.6
08/14/2001,49.68
08/15/2001,49.92
08/16/2001,49.36
08/17/2001,48.41
08/20/2001,48.96
08/21/2001,48.76
08/22/2001,48.96
08/23/2001,48.76
08/24/2001,49.12
08/27/2001,49.32
08/28/2001,48.48
08/29/2001,47.77
08/30/2001,47.81
08/31/2001,48.16
09/04/2001,49.79
09/05/2001,49.67
09/06/2001,48.56
09/07/2001,47.96
09/10/2001,48.35
09/17/2001,46.11
09/18/2001,47.05
09/19/2001,46.81
09/20/2001,47.28
09/21/2001,46.89
09/24/2001,47.0
09/25/2001,47.0
09/26/2001,46.37
09/27/2001,45.59
09/28/2001,45.75
10/01/2001,45.43
10/02/2001,45.12
10/03/2001,44.58
10/04/2001,45.08
10/05/2001,45.04
10/09/2001,45.74
10/10/2001,45.89
10/11/2001,46.64
10/12/2001,46.59
10/15/2001,46.08
10/16/2001,45.69
10/17/2001,45.61
10/18/2001,45.61
10/19/2001,46.0
10/22/2001,46.04
10/23/2001,46.35
10/24/2001,45.84
10/25/2001,45.37
10/26/2001,45.21
10/29/2001,44.67
10/30/2001,44.12
10/31/2001,42.63
11/01/2001,42.17
11/02/2001,43.46
11/05/2001,42.96
11/06/2001,42.69
11/07/2001,42.01
11/08/2001,43.03
11/09/2001,43.07
11/12/2001,43.14
11/13/2001,43.68
11/14/2001,45.15
11/15/2001,47.28
11/16/2001,48.85
11/19/2001,47.56
11/20/2001,48.69
11/21/2001,49.66
11/23/2001,49.91
11/26/2001,50.03
11/27/2001,49.5
11/28/2001,49.46
11/29/2001,47.56
11/30/2001,47.44
12/03/2001,47.03
12/04/2001,46.48
12/05/2001,49.01
12/06/2001,50.03
12/07/2001,51.48
12/10/2001,51.36
12/11/2001,50.77
12/12/2001,49.74
12/13/2001,50.9
12/14/2001,51.61
12/17/2001,52.74
12/18/2001,51.32
12/19/2001,50.36
12/20/2001,50.49
12/21/2001,50.78
12/24/2001,51.32
12/26/2001,51.78
12/27/2001,50.95
12/28/2001,51.07
12/31/2001,50.32
01/02/2002,51.57
01/03/2002,51.2
01/04/2002,51.41
01/07/2002,50.57
01/08/2002,50.57
01/09/2002,50.62
01/10/2002,49.62
01/11/2002,48.59
01/14/2002,48.68
01/15/2002,48.31
01/16/2002,48.39
01/17/2002,49.33
01/18/2002,48.88
01/22/2002,49.0
01/23/2002,50.0
01/24/2002,50.29
01/25/2002,50.71
01/28/2002,50.79
01/29/2002,49.75
01/30/2002,49.71
01/31/2002,50.25
02/01/2002,49.79
02/04/2002,48.96
02/05/2002,49.25
02/06/2002,49.29
02/07/2002,49.31
02/08/2002,48.79
02/11/2002,48.99
02/12/2002,49.67
02/13/2002,50.03
02/14/2002,49.59
02/15/2002,48.63
02/19/2002,48.83
02/20/2002,48.79
02/21/2002,48.71
02/22/2002,48.27
02/25/2002,48.51
02/26/2002,49.15
02/27/2002,48.47
02/28/2002,48.59
03/01/2002,49.71
03/04/2002,49.99
03/05/2002,50.08
03/06/2002,50.32
03/07/2002,52.12
03/08/2002,53.16
03/11/2002,53.2
03/12/2002,53.04
03/13/2002,52.62
03/14/2002,53.96
03/15/2002,53.63
03/18/2002,53.04
03/19/2002,53.25
03/20/2002,53.97
03/21/2002,53.84
03/22/2002,53.89
03/25/2002,54.06
03/26/2002,53.34
03/27/2002,53.3
03/28/2002,54.06
04/01/2002,54.28
04/02/2002,53.48
04/03/2002,52.85
04/04/2002,52.72
04/05/2002,52.1
04/08/2002,52.35
04/09/2002,52.1
04/10/2002,52.23
04/11/2002,52.02
04/12/2002,51.56
04/15/2002,51.27
04/16/2002,51.77
04/17/2002,52.19
04/18/2002,52.15
04/19/2002,51.9
04/22/2002,51.69
04/23/2002,51.65
04/24/2002,50.95
04/25/2002,50.91
04/26/2002,50.58
04/29/2002,50.99
04/30/2002,50.91
05/01/2002,50.58
05/02/2002,50.99
05/03/2002,50.62
05/06/2002,50.79
05/07/2002,50.73
05/08/2002,52.1
05/09/2002,51.87
05/10/2002,51.27
05/13/2002,52.2
05/14/2002,52.94
05/15/2002,52.52
05/16/2002,51.87
05/17/2002,52.41
05/20/2002,51.89
05/21/2002,51.48
05/22/2002,51.0
05/23/2002,51.48
05/24/2002,51.38
05/28/2002,51.34
05/29/2002,50.77
05/30/2002,50.32
05/31/2002,50.43
06/03/2002,50.4
06/04/2002,50.12
06/05/2002,50.41
06/06/2002,50.1
06/07/2002,50.62
06/10/2002,50.43
06/11/2002,49.91
06/12/2002,49.5
06/13/2002,49.07
06/14/2002,48.06
06/17/2002,48.56
06/18/2002,48.48
06/19/2002,47.26
06/20/2002,48.26
06/21/2002,47.55
06/24/2002,48.44
06/25/2002,48.41
06/26/2002,47.07
06/27/2002,48.1
06/28/2002,48.24
07/01/2002,48.15
07/02/2002,47.4
07/03/2002,47.44
07/05/2002,48.04
07/08/2002,48.12
07/09/2002,47.42
07/10/2002,46.46
07/11/2002,46.17
07/12/2002,45.95
07/15/2002,46.21
07/16/2002,47.09
07/17/2002,46.65
07/18/2002,46.1
07/19/2002,45.65
07/22/2002,44.67
07/23/2002,44.26
07/24/2002,44.03
07/25/2002,43.88
07/26/2002,43.67
07/29/2002,45.33
07/30/2002,45.81
07/31/2002,44.65
08/01/2002,44.01
08/02/2002,42.61
08/05/2002,42.38
08/06/2002,43.69
08/07/2002,42.92
08/08/2002,44.15
08/09/2002,42.67
08/12/2002,42.17
08/13/2002,41.16
08/14/2002,40.63
08/15/2002,41.63
08/16/2002,43.17
08/19/2002,42.98
08/20/2002,41.59
08/21/2002,41.89
08/22/2002,42.9
08/23/2002,42.28
08/26/2002,42.06
08/27/2002,42.82
08/28/2002,42.18
08/29/2002,41.61
08/30/2002,41.37
09/03/2002,39.8
09/04/2002,39.53
09/05/2002,39.1
09/06/2002,40.36
09/09/2002,40.47
09/10/2002,39.88
09/11/2002,40.58
09/12/2002,39.67
09/13/2002,39.0
09/16/2002,38.74
09/17/2002,38.63
09/18/2002,38.49
09/19/2002,37.8
09/20/2002,37.76
09/23/2002,36.81
09/24/2002,36.46
09/25/2002,37.59
09/26/2002,37.66
09/27/2002,36.89
09/30/2002,36.07
10/01/2002,36.99
10/02/2002,37.0
10/03/2002,36.84
10/04/2002,36.85
10/07/2002,36.3
10/08/2002,36.36
10/09/2002,35.8
10/10/2002,36.55
10/11/2002,38.13
10/14/2002,38.11
10/15/2002,39.96
10/16/2002,40.34
10/17/2002,41.36
10/18/2002,41.34
10/21/2002,42.21
10/22/2002,42.52
10/23/2002,42.36
10/24/2002,41.42
10/25/2002,40.95
10/28/2002,40.84
10/29/2002,39.34
10/30/2002,39.66
10/31/2002,39.11
11/01/2002,39.77
11/04/2002,40.45
11/05/2002,40.81
11/06/2002,40.35
11/07/2002,38.82
11/08/2002,38.52
11/12/2002,38.51
11/13/2002,38.38
11/14/2002,40.21
11/15/2002,40.51
11/18/2002,40.19
11/19/2002,39.8
11/20/2002,40.75
11/21/2002,41.43
11/22/2002,41.75
11/25/2002,41.84
11/26/2002,40.79
11/27/2002,42.6
11/29/2002,42.13
12/02/2002,42.19
12/03/2002,42.33
12/04/2002,41.72
12/05/2002,41.14
12/06/2002,40.93
12/09/2002,40.5
12/10/2002,40.49
12/11/2002,39.94
12/12/2002,40.06
12/13/2002,40.62
12/16/2002,41.3
12/17/2002,41.14
12/18/2002,40.54
12/19/2002,39.49
12/20/2002,39.53
12/23/2002,39.67
12/24/2002,39.36
12/26/2002,39.14
12/27/2002,38.13
12/30/2002,37.84
12/31/2002,38.18
01/02/2003,40.32
01/03/2003,40.38
01/06/2003,40.66
01/07/2003,40.25
01/08/2003,39.81
01/09/2003,41.48
01/10/2003,41.52
01/13/2003,41.28
01/14/2003,40.85
01/15/2003,40.72
01/16/2003,40.68
01/17/2003,40.15
01/21/2003,39.89
01/22/2003,39.23
01/23/2003,39.47
01/24/2003,39.03
01/27/2003,39.57
01/28/2003,39.78
01/29/2003,40.33
01/30/2003,39.9
01/31/2003,39.75
02/03/2003,39.92
02/04/2003,39.31
02/05/2003,40.01
02/06/2003,39.45
02/07/2003,39.24
02/10/2003,39.77
02/11/2003,39.57
02/12/2003,39.12
02/13/2003,38.71
02/14/2003,39.52
02/18/2003,39.48
02/19/2003,38.81
02/20/2003,38.46
02/21/2003,38.93
02/24/2003,38.44
02/25/2003,38.08
02/26/2003,37.73
02/27/2003,37.52
02/28/2003,36.96
03/03/2003,36.76
03/04/2003,36.45
03/05/2003,36.2
03/06/2003,36.52
03/07/2003,36.2
03/10/2003,35.74
03/11/2003,35.86
03/12/2003,35.89
03/13/2003,37.32
03/14/2003,37.07
03/17/2003,38.16
03/18/2003,38.98
03/19/2003,39.65
03/20/2003,40.06
03/21/2003,40.95
03/24/2003,39.73
03/25/2003,39.61
03/26/2003,39.44
03/27/2003,39.26
03/28/2003,38.96
03/31/2003,38.23
04/01/2003,38.27
04/02/2003,39.32
04/03/2003,39.16
04/04/2003,39.44
04/07/2003,40.14
04/08/2003,39.36
04/09/2003,39.01
04/10/2003,39.34
04/11/2003,39.81
04/14/2003,40.21
04/15/2003,39.71
04/16/2003,39.38
04/17/2003,39.57
04/21/2003,39.79
04/22/2003,39.83
04/23/2003,39.95
04/24/2003,39.05
04/25/2003,38.86
04/28/2003,39.0
04/29/2003,39.29
04/30/2003,38.57
05/01/2003,38.56
05/02/2003,39.13
05/05/2003,38.87
05/06/2003,38.08
05/07/2003,36.93
05/08/2003,36.71
05/09/2003,36.91
05/12/2003,36.39
05/13/2003,36.23
05/14/2003,35.37
05/15/2003,35.37
05/16/2003,34.62
05/19/2003,34.52
05/20/2003,33.74
05/21/2003,33.9
05/22/2003,33.39
05/23/2003,33.33
05/27/2003,34.01
05/28/2003,34.31
05/29/2003,33.39
05/30/2003,33.5
06/02/2003,34.29
06/03/2003,33.42
06/04/2003,32.91
06/05/2003,33.31
06/06/2003,33.52
06/09/2003,32.79
06/10/2003,31.94
06/11/2003,31.88
06/12/2003,31.68
06/13/2003,31.04
06/16/2003,31.7
06/17/2003,32.66
06/18/2003,33.6
06/19/2003,33.41
06/20/2003,33.96
06/23/2003,33.15
06/24/2003,32.65
06/25/2003,33.61
06/26/2003,35.34
06/27/2003,35.81
06/30/2003,35.28
07/01/2003,35.49
07/02/2003,35.36
07/03/2003,36.55
07/07/2003,37.07
07/08/2003,37.33
07/09/2003,37.06
07/10/2003,36.77
07/11/2003,36.4
07/14/2003,37.14
07/15/2003,39.14
07/16/2003,39.45
07/17/2003,39.54
07/18/2003,39.69
07/21/2003,41.74
07/22/2003,41.5
07/23/2003,41.02
07/24/2003,41.67
07/25/2003,41.78
07/28/2003,42.84
07/29/2003,43.98
07/30/2003,43.15
07/31/2003,44.74
08/01/2003,44.15
08/04/2003,43.2
08/05/2003,44.41
08/06/2003,42.88
08/07/2003,42.29
08/08/2003,42.89
08/11/2003,43.71
08/12/2003,43.57
08/13/2003,45.6
08/14/2003,45.86
08/15/2003,45.28
08/18/2003,44.77
08/19/2003,43.81
08/20/2003,44.41
08/21/2003,45.07
08/22/2003,44.59
08/25/2003,45.27
08/26/2003,44.86
08/27/2003,45.36
08/28/2003,44.3
08/29/2003,44.54
09/02/2003,46.01
09/03/2003,45.99
09/04/2003,45.13
09/05/2003,43.54
09/08/2003,43.89
09/09/2003,43.71
09/10/2003,42.69
09/11/2003,43.34
09/12/2003,42.69
09/15/2003,42.45
09/16/2003,42.91
09/17/2003,41.91
09/18/2003,41.84
09/19/2003,41.62
09/22/2003,42.41
09/23/2003,42.14
09/24/2003,41.35
09/25/2003,41.02
09/26/2003,40.23
09/29/2003,40.77
09/30/2003,39.37
10/01/2003,39.32
10/02/2003,40.09
10/03/2003,41.95
10/06/2003,41.51
10/07/2003,42.44
10/08/2003,42.42
10/09/2003,43.02
10/10/2003,42.48
10/13/2003,42.55
10/14/2003,43.5
10/15/2003,43.97
10/16/2003,44.55
10/17/2003,43.88
10/20/2003,43.8
10/21/2003,43.66
10/22/2003,42.73
10/23/2003,43.16
10/24/2003,42.12
10/27/2003,42.65
10/28/2003,41.89
10/29/2003,42.75
10/30/2003,43.39
10/31/2003,43.01
11/03/2003,43.68
11/04/2003,43.05
11/05/2003,43.5
11/06/2003,44.18
11/07/2003,44.5
11/10/2003,44.6
11/12/2003,44.12
11/13/2003,42.71
11/14/2003,42.33
11/17/2003,41.88
11/18/2003,41.67
11/19/2003,42.35
11/20/2003,41.54
11/21/2003,41.47
11/24/2003,42.27
11/25/2003,41.86
11/26/2003,42.42
11/28/2003,43.2
12/01/2003,43.92
12/02/2003,43.8
12/03/2003,44.1
12/04/2003,43.69
12/05/2003,42.15
12/08/2003,42.78
12/09/2003,43.52
12/10/2003,43.18
12/11/2003,42.38
12/12/2003,42.42
12/15/2003,42.75
12/16/2003,42.34
12/17/2003,41.89
12/18/2003,41.41
12/19/2003,41.33
12/22/2003,41.64
12/23/2003,42.69
12/24/2003,41.87
12/26/2003,41.48
12/29/2003,42.3
12/30/2003,42.79
12/31/2003,42.57
01/02/2004,43.73
01/05/2004,43.87
01/06/2004,42.77
01/07/2004,42.46
01/08/2004,42.49
01/09/2004,40.86
01/12/2004,40.83
01/13/2004,40.28
01/14/2004,39.86
01/15/2004,39.71
01/16/2004,40.14
01/20/2004,40.57
01/21/2004,40.37
01/22/2004,39.69
01/23/2004,40.66
01/26/2004,41.4
01/27/2004,40.87
01/28/2004,41.95
01/29/2004,41.97
01/30/2004,41.38
02/02/2004,41.51
02/03/2004,41.0
02/04/2004,41.24
02/05/2004,41.74
02/06/2004,40.89
02/09/2004,40.65
02/10/2004,41.02
02/11/2004,40.21
02/12/2004,40.58
02/13/2004,40.48
02/17/2004,40.48
02/18/2004,40.49
02/19/2004,40.52
02/20/2004,40.98
02/23/2004,40.5
02/24/2004,40.29
02/25/2004,40.15
02/26/2004,40.46
02/27/2004,39.84
03/01/2004,39.92
03/02/2004,40.46
03/03/2004,40.6
03/04/2004,40.29
03/05/2004,38.31
03/08/2004,37.76
03/09/2004,37.19
03/10/2004,37.35
03/11/2004,37.47
03/12/2004,37.6
03/15/2004,37.68
03/16/2004,36.88
03/17/2004,36.83
03/18/2004,37.49
03/19/2004,37.88
03/22/2004,37.24
03/23/2004,37.11
03/24/2004,37.14
03/25/2004,37.39
03/26/2004,38.43
03/29/2004,38.9
03/30/2004,39.02
03/31/2004,38.37
04/01/2004,38.98
04/02/2004,41.4
04/05/2004,42.2
04/06/2004,41.71
04/07/2004,41.67
04/08/2004,41.97
04/12/2004,42.3
04/13/2004,43.4
04/14/2004,43.82
04/15/2004,44.02
04/16/2004,43.52
04/19/2004,43.72
04/20/2004,44.15
04/21/2004,44.23
04/22/2004,43.71
04/23/2004,44.52
04/26/2004,44.33
04/27/2004,44.04
04/28/2004,44.67
04/29/2004,45.4
04/30/2004,45.01
05/03/2004,45.01
05/04/2004,45.44
05/05/2004,45.7
05/06/2004,46.02
05/07/2004,47.66
05/10/2004,47.81
05/11/2004,47.68
05/12/2004,47.97
05/13/2004,48.51
05/14/2004,47.88
05/17/2004,46.99
05/18/2004,47.36
05/19/2004,47.94
05/20/2004,47.18
05/21/2004,47.64
05/24/2004,47.4
05/25/2004,47.24
05/26/2004,46.71
05/27/2004,45.88
05/28/2004,46.55
06/01/2004,47.04
06/02/2004,47.3
06/03/2004,47.12
06/04/2004,47.74
06/07/2004,47.65
06/08/2004,47.71
06/09/2004,48.12
06/10/2004,47.91
06/14/2004,48.7
06/15/2004,46.86
06/16/2004,47.32
06/17/2004,46.92
06/18/2004,47.1
06/21/2004,46.9
06/22/2004,47.04
06/23/2004,46.98
06/24/2004,46.46
06/25/2004,46.45
06/28/2004,47.39
06/29/2004,46.95
06/30/2004,46.17
07/01/2004,45.64
07/02/2004,44.58
07/06/2004,44.8
07/07/2004,44.72
07/08/2004,44.7
07/09/2004,44.66
07/12/2004,44.43
07/13/2004,44.79
07/14/2004,44.84
07/15/2004,44.85
07/16/2004,43.61
07/19/2004,43.61
07/20/2004,44.48
07/21/2004,44.87
07/22/2004,44.62
07/23/2004,44.32
07/26/2004,44.75
07/27/2004,45.95
07/28/2004,45.85
07/29/2004,45.75
07/30/2004,44.75
08/02/2004,44.52
08/03/2004,44.22
08/04/2004,44.29
08/05/2004,44.0
08/06/2004,42.17
08/09/2004,42.44
08/10/2004,42.87
08/11/2004,42.77
08/12/2004,42.5
08/13/2004,42.13
08/16/2004,42.58
08/17/2004,42.06
08/18/2004,42.27
08/19/2004,42.11
08/20/2004,42.31
08/23/2004,42.79
08/24/2004,42.83
08/25/2004,42.61
08/26/2004,42.27
08/27/2004,42.27
08/30/2004,41.88
08/31/2004,41.32
09/01/2004,41.23
09/02/2004,41.94
09/03/2004,42.93
09/07/2004,42.46
09/08/2004,41.63
09/09/2004,41.99
09/10/2004,41.8
09/13/2004,41.51
09/14/2004,41.33
09/15/2004,41.7
09/16/2004,40.69
09/17/2004,41.27
09/20/2004,40.58
09/21/2004,40.4
09/22/2004,39.89
09/23/2004,40.28
09/24/2004,40.31
09/27/2004,39.97
09/28/2004,40.12
09/29/2004,40.9
09/30/2004,41.19
10/01/2004,41.91
10/04/2004,41.73
10/05/2004,41.73
10/06/2004,42.24
10/07/2004,42.44
10/08/2004,41.33
10/11/2004,41.33
10/12/2004,41.02
10/13/2004,40.78
10/14/2004,40.15
10/15/2004,40.53
10/18/2004,40.53
10/19/2004,40.4
10/20/2004,39.91
10/21/2004,39.97
10/22/2004,39.84
10/25/2004,39.72
10/26/2004,39.89
10/27/2004,40.87
10/28/2004,40.8
10/29/2004,40.29
11/01/2004,40.9
11/02/2004,40.75
11/03/2004,40.7
11/04/2004,40.68
11/05/2004,41.86
11/08/2004,42.15
11/09/2004,42.18
11/10/2004,42.54
11/12/2004,42.0
11/15/2004,41.9
11/16/2004,42.08
11/17/2004,41.44
11/18/2004,41.17
11/19/2004,41.96
11/22/2004,41.65
11/23/2004,41.84
11/24/2004,41.95
11/26/2004,42.4
11/29/2004,43.3
11/30/2004,43.58
12/01/2004,43.75
12/02/2004,43.97
12/03/2004,42.7
12/06/2004,42.4
12/07/2004,42.26
12/08/2004,41.32
12/09/2004,41.61
12/10/2004,41.56
12/13/2004,41.51
12/14/2004,41.32
12/15/2004,40.76
12/16/2004,41.84
12/17/2004,42.09
12/20/2004,41.99
12/21/2004,41.68
12/22/2004,42.01
12/23/2004,42.18
12/27/2004,42.91
12/28/2004,42.91
12/29/2004,43.22
12/30/2004,42.63
12/31/2004,42.16
01/03/2005,42.19
01/04/2005,42.83
01/05/2005,42.77
01/06/2005,42.72
01/07/2005,42.85
01/10/2005,42.78
01/11/2005,42.44
01/12/2005,42.36
01/13/2005,41.87
01/14/2005,42.16
01/18/2005,41.95
01/19/2005,41.87
01/20/2005,41.65
01/21/2005,41.4
01/24/2005,41.22
01/25/2005,41.89
01/26/2005,41.92
01/27/2005,42.07
01/28/2005,41.38
01/31/2005,41.32
02/01/2005,41.36
02/02/2005,41.4
02/03/2005,41.63
02/04/2005,40.73
02/07/2005,40.52
02/08/2005,40.37
02/09/2005,39.77
02/10/2005,40.73
02/11/2005,40.95
02/14/2005,40.73
02/15/2005,40.98
02/16/2005,41.58
02/17/2005,41.85
02/18/2005,42.6
02/22/2005,42.85
02/23/2005,42.68
02/24/2005,42.81
02/25/2005,42.72
02/28/2005,43.59
03/01/2005,43.72
03/02/2005,43.79
03/03/2005,43.83
03/04/2005,43.1
03/07/2005,43.04
03/08/2005,43.75
03/09/2005,45.14
03/10/2005,44.59
03/11/2005,45.35
03/14/2005,45.16
03/15/2005,45.42
03/16/2005,45.18
03/17/2005,44.7
03/18/2005,45.11
03/21/2005,45.25
03/22/2005,46.1
03/23/2005,46.07
03/24/2005,45.91
03/28/2005,46.24
03/29/2005,45.91
03/30/2005,45.58
03/31/2005,44.96
04/01/2005,44.51
04/04/2005,44.56
04/05/2005,44.7
04/06/2005,44.36
04/07/2005,44.72
04/08/2005,44.91
04/11/2005,44.45
04/12/2005,43.6
04/13/2005,43.74
04/14/2005,43.58
04/15/2005,42.71
04/18/2005,42.49
04/19/2005,42.03
04/20/2005,42.11
04/21/2005,43.0
04/22/2005,42.55
04/25/2005,42.51
04/26/2005,42.67
04/27/2005,42.37
04/28/2005,41.73
04/29/2005,42.01
05/02/2005,41.94
05/03/2005,41.86
05/04/2005,41.86
05/05/2005,41.62
05/06/2005,42.66
05/09/2005,42.78
05/10/2005,42.22
05/11/2005,42.02
05/12/2005,41.84
05/13/2005,41.21
05/16/2005,41.25
05/17/2005,41.17
05/18/2005,40.68
05/19/2005,41.08
05/20/2005,41.25
05/23/2005,40.72
05/24/2005,40.37
05/25/2005,40.72
05/26/2005,40.81
05/27/2005,40.73
05/31/2005,40.06
06/01/2005,39.07
06/02/2005,38.9
06/03/2005,39.79
06/06/2005,39.62
06/07/2005,39.11
06/08/2005,39.4
06/09/2005,39.65
06/10/2005,40.47
06/13/2005,40.86
06/14/2005,41.27
06/15/2005,41.15
06/16/2005,40.76
06/17/2005,40.78
06/20/2005,41.03
06/21/2005,40.49
06/22/2005,39.45
06/23/2005,39.59
06/24/2005,39.14
06/27/2005,39.02
06/28/2005,39.76
06/29/2005,39.9
06/30/2005,39.45
07/01/2005,40.49
07/05/2005,40.99
07/06/2005,40.75
07/07/2005,40.31
07/08/2005,41.09
07/11/2005,41.02
07/12/2005,41.41
07/13/2005,41.63
07/14/2005,41.8
07/15/2005,41.75
07/18/2005,42.23
07/19/2005,41.89
07/20/2005,41.77
07/21/2005,42.82
07/22/2005,42.23
07/25/2005,42.47
07/26/2005,42.39
07/27/2005,42.61
07/28/2005,41.96
07/29/2005,42.86
08/01/2005,43.19
08/02/2005,43.36
08/03/2005,43.0
08/04/2005,43.19
08/05/2005,43.92
08/08/2005,44.19
08/09/2005,43.94
08/10/2005,44.04
08/11/2005,43.34
08/12/2005,42.38
08/15/2005,42.7
08/16/2005,42.27
08/17/2005,42.73
08/18/2005,42.16
08/19/2005,42.11
08/22/2005,42.19
08/23/2005,41.87
08/24/2005,41.79
08/25/2005,41.6
08/26/2005,41.89
08/29/2005,41.73
08/30/2005,40.9
08/31/2005,40.2
09/01/2005,40.19
09/02/2005,40.29
09/06/2005,40.85
09/07/2005,41.38
09/08/2005,41.39
09/09/2005,41.23
09/12/2005,41.69
09/13/2005,41.34
09/14/2005,41.68
09/15/2005,42.14
09/16/2005,42.62
09/19/2005,42.47
09/20/2005,42.43
09/21/2005,41.88
09/22/2005,41.76
09/23/2005,42.48
09/26/2005,42.94
09/27/2005,43.01
09/28/2005,42.62
09/29/2005,42.89
09/30/2005,43.28
10/03/2005,43.86
10/04/2005,43.76
10/05/2005,43.61
10/06/2005,43.66
10/07/2005,43.61
10/11/2005,43.84
10/12/2005,44.41
10/13/2005,44.75
10/14/2005,44.91
10/17/2005,44.89
10/18/2005,44.81
10/19/2005,44.63
10/20/2005,44.59
10/21/2005,43.9
10/24/2005,44.46
10/25/2005,45.08
10/26/2005,45.91
10/27/2005,45.58
10/28/2005,45.67
10/31/2005,45.59
11/01/2005,45.77
11/02/2005,46.1
11/03/2005,46.44
11/04/2005,46.57
11/07/2005,46.39
11/08/2005,45.65
11/09/2005,46.35
11/10/2005,45.64
11/14/2005,46.04
11/15/2005,45.57
11/16/2005,44.84
11/17/2005,44.59
11/18/2005,45.02
11/21/2005,44.61
11/22/2005,44.28
11/23/2005,44.74
11/25/2005,44.31
11/28/2005,44.06
11/29/2005,44.82
11/30/2005,45.0
12/01/2005,45.21
12/02/2005,45.19
12/05/2005,45.67
12/06/2005,44.94
12/07/2005,45.17
12/08/2005,44.64
12/09/2005,45.37
12/12/2005,45.47
12/13/2005,45.35
12/14/2005,44.5
12/15/2005,44.68
12/16/2005,44.48
12/19/2005,44.42
12/20/2005,44.66
12/21/2005,44.86
12/22/2005,44.33
12/23/2005,43.8
12/27/2005,43.41
12/28/2005,43.78
12/29/2005,43.76
12/30/2005,43.95
01/03/2006,43.7
01/04/2006,43.56
01/05/2006,43.56
01/06/2006,43.79
01/09/2006,43.79
01/10/2006,44.28
01/11/2006,44.58
01/12/2006,44.1
01/13/2006,43.5
01/17/2006,43.32
01/18/2006,43.4
01/19/2006,43.79
01/20/2006,43.61
01/23/2006,43.57
01/24/2006,43.9
01/25/2006,44.79
01/26/2006,45.23
01/27/2006,45.03
01/30/2006,45.35
01/31/2006,45.27
02/01/2006,45.61
02/02/2006,45.61
02/03/2006,45.33
02/06/2006,45.45
02/07/2006,45.67
02/08/2006,45.95
02/09/2006,45.41
02/10/2006,45.81
02/13/2006,45.83
02/14/2006,46.14
02/15/2006,46.06
02/16/2006,45.96
02/17/2006,45.41
02/21/2006,45.63
02/22/2006,45.31
02/23/2006,45.67
02/24/2006,45.67
02/27/2006,45.9
02/28/2006,45.47
03/01/2006,45.89
03/02/2006,46.38
03/03/2006,46.84
03/06/2006,47.38
03/07/2006,47.36
03/08/2006,47.34
03/09/2006,47.3
03/10/2006,47.55
03/13/2006,47.75
03/14/2006,46.96
03/15/2006,47.31
03/16/2006,46.46
03/17/2006,46.74
03/20/2006,46.56
03/21/2006,47.17
03/22/2006,47.03
03/23/2006,47.39
03/24/2006,46.75
03/27/2006,47.01
03/28/2006,47.78
03/29/2006,48.1
03/30/2006,48.55
03/31/2006,48.53
04/03/2006,48.74
04/04/2006,48.72
04/05/2006,48.39
04/06/2006,48.93
04/07/2006,49.63
04/10/2006,49.63
04/11/2006,49.32
04/12/2006,49.76
04/13/2006,50.36
04/17/2006,50.07
04/18/2006,49.74
04/19/2006,50.28
04/20/2006,50.39
04/21/2006,50.12
04/24/2006,49.85
04/25/2006,50.71
04/26/2006,51.05
04/27/2006,50.84
04/28/2006,50.69
05/01/2006,51.31
05/02/2006,51.1
05/03/2006,51.44
05/04/2006,51.5
05/05/2006,51.08
05/08/2006,51.19
05/09/2006,51.25
05/10/2006,51.25
05/11/2006,51.55
05/12/2006,51.86
05/15/2006,51.53
05/16/2006,51.05
05/17/2006,51.53
05/18/2006,50.73
05/19/2006,50.54
05/22/2006,50.36
05/23/2006,50.66
05/24/2006,50.34
05/25/2006,50.74
05/26/2006,50.52
05/30/2006,50.86
05/31/2006,51.13
06/01/2006,51.08
06/02/2006,49.94
06/05/2006,50.26
06/06/2006,50.06
06/07/2006,50.26
06/08/2006,49.92
06/09/2006,49.81
06/12/2006,49.87
06/13/2006,49.61
06/14/2006,50.5
06/15/2006,50.98
06/16/2006,51.28
06/19/2006,51.45
06/20/2006,51.57
06/21/2006,51.55
06/22/2006,51.98
06/23/2006,52.28
06/26/2006,52.39
06/27/2006,52.1
06/28/2006,52.45
06/29/2006,52.0
06/30/2006,51.38
07/03/2006,51.51
07/05/2006,52.27
07/06/2006,51.85
07/07/2006,51.32
07/10/2006,51.3
07/11/2006,51.0
07/12/2006,51.0
07/13/2006,50.71
07/14/2006,50.59
07/17/2006,50.69
07/18/2006,51.3
07/19/2006,50.59
07/20/2006,50.28
07/21/2006,50.45
07/24/2006,50.44
07/25/2006,50.65
07/26/2006,50.36
07/27/2006,50.4
07/28/2006,49.9
07/31/2006,49.88
08/01/2006,49.83
08/02/2006,49.61
08/03/2006,49.51
08/04/2006,49.01
08/07/2006,49.21
08/08/2006,49.23
08/09/2006,49.37
08/10/2006,49.27
08/11/2006,49.67
08/14/2006,50.01
08/15/2006,49.31
08/16/2006,48.71
08/17/2006,48.67
08/18/2006,48.35
08/21/2006,48.19
08/22/2006,48.11
08/23/2006,48.19
08/24/2006,48.03
08/25/2006,47.91
08/28/2006,47.97
08/29/2006,47.83
08/30/2006,47.63
08/31/2006,47.32
09/01/2006,47.26
09/05/2006,47.81
09/06/2006,48.01
09/07/2006,47.95
09/08/2006,47.71
09/11/2006,47.99
09/12/2006,47.73
09/13/2006,47.65
09/14/2006,47.93
09/15/2006,47.98
09/18/2006,48.1
09/19/2006,47.37
09/20/2006,47.29
09/21/2006,46.48
09/22/2006,45.97
09/25/2006,45.55
09/26/2006,45.85
09/27/2006,45.94
09/28/2006,46.26
09/29/2006,46.33
10/02/2006,46.18
10/03/2006,46.16
10/04/2006,45.65
10/05/2006,46.08
10/06/2006,46.96
10/09/2006,46.98
10/10/2006,47.48
10/11/2006,47.84
10/12/2006,47.78
10/13/2006,48.06
10/16/2006,47.88
10/17/2006,47.78
10/18/2006,47.64
10/19/2006,47.86
10/20/2006,47.84
10/23/2006,48.26
10/24/2006,48.24
10/25/2006,47.73
10/26/2006,47.21
10/27/2006,46.75
10/30/2006,46.73
10/31/2006,46.06
11/01/2006,45.61
11/02/2006,45.96
11/03/2006,47.15
11/06/2006,47.09
11/07/2006,46.59
11/08/2006,46.33
11/09/2006,46.33
11/10/2006,45.86
11/13/2006,46.05
11/14/2006,45.68
11/15/2006,46.15
11/16/2006,46.55
11/17/2006,46.07
11/20/2006,45.95
11/21/2006,45.78
11/22/2006,45.68
11/24/2006,45.48
11/27/2006,45.38
11/28/2006,45.09
11/29/2006,45.21
11/30/2006,44.58
12/01/2006,44.25
12/04/2006,44.33
12/05/2006,44.42
12/06/2006,44.81
12/07/2006,44.83
12/08/2006,45.52
12/11/2006,45.2
12/12/2006,44.91
12/13/2006,45.77
12/14/2006,45.95
12/15/2006,45.97
12/18/2006,45.87
12/19/2006,45.99
12/20/2006,45.95
12/21/2006,45.49
12/22/2006,46.24
12/26/2006,46.03
12/27/2006,46.54
12/28/2006,46.9
12/29/2006,47.1
01/03/2007,46.64
01/04/2007,46.18
01/05/2007,46.46
01/08/2007,46.6
01/09/2007,46.56
01/10/2007,46.82
01/11/2007,47.37
01/12/2007,47.71
01/16/2007,47.51
01/17/2007,47.87
01/18/2007,47.51
01/19/2007,47.73
01/22/2007,47.59
01/23/2007,48.04
01/24/2007,48.1
01/25/2007,48.67
01/26/2007,48.79
01/29/2007,48.92
01/30/2007,48.75
01/31/2007,48.26
02/01/2007,48.37
02/02/2007,48.27
02/05/2007,48.08
02/06/2007,47.65
02/07/2007,47.45
02/08/2007,47.3
02/09/2007,47.84
02/12/2007,48.04
02/13/2007,48.14
02/14/2007,47.3
02/15/2007,47.06
02/16/2007,46.9
02/20/2007,46.8
02/21/2007,46.92
02/22/2007,47.3
02/23/2007,46.78
02/26/2007,46.31
02/27/2007,45.13
02/28/2007,45.5
03/01/2007,45.56
03/02/2007,45.15
03/05/2007,45.18
03/06/2007,45.28
03/07/2007,44.97
03/08/2007,45.09
03/09/2007,45.89
03/12/2007,45.53
03/13/2007,44.95
03/14/2007,45.22
03/15/2007,45.36
03/16/2007,45.45
03/19/2007,45.71
03/20/2007,45.47
03/21/2007,45.18
03/22/2007,45.89
03/23/2007,46.13
03/26/2007,45.87
03/27/2007,46.12
03/28/2007,46.2
03/29/2007,46.32
03/30/2007,46.48
04/02/2007,46.42
04/03/2007,46.64
04/04/2007,46.52
04/05/2007,46.74
04/09/2007,47.45
04/10/2007,47.24
04/11/2007,47.39
04/12/2007,47.37
04/13/2007,47.61
04/16/2007,47.35
04/17/2007,46.88
04/18/2007,46.54
04/19/2007,46.7
04/20/2007,46.72
04/23/2007,46.5
04/24/2007,46.22
04/25/2007,46.46
04/26/2007,46.84
04/27/2007,46.98
04/30/2007,46.3
05/01/2007,46.42
05/02/2007,46.46
05/03/2007,46.74
05/04/2007,46.4
05/07/2007,46.36
05/08/2007,46.34
05/09/2007,46.68
05/10/2007,46.48
05/11/2007,46.7
05/14/2007,46.9
05/15/2007,47.12
05/16/2007,47.08
05/17/2007,47.56
05/18/2007,48.04
05/21/2007,47.88
05/22/2007,48.31
05/23/2007,48.59
05/24/2007,48.57
05/25/2007,48.61
05/29/2007,48.82
05/30/2007,48.78
05/31/2007,48.9
06/01/2007,49.56
06/04/2007,49.29
06/05/2007,49.76
06/06/2007,49.7
06/07/2007,50.99
06/08/2007,51.18
06/11/2007,51.37
06/12/2007,52.48
06/13/2007,52.0
06/14/2007,52.17
06/15/2007,51.71
06/18/2007,51.42
06/19/2007,50.86
06/20/2007,51.23
06/21/2007,51.63
06/22/2007,51.38
06/25/2007,50.78
06/26/2007,51.01
06/27/2007,50.7
06/28/2007,51.18
06/29/2007,50.33
07/02/2007,49.98
07/03/2007,50.5
07/05/2007,51.44
07/06/2007,51.95
07/09/2007,51.59
07/10/2007,50.38
07/11/2007,50.8
07/12/2007,51.16
07/13/2007,51.07
07/16/2007,50.41
07/17/2007,50.78
07/18/2007,50.1
07/19/2007,50.28
07/20/2007,49.56
07/23/2007,49.64
07/24/2007,49.44
07/25/2007,49.04
07/26/2007,47.77
07/27/2007,47.88
07/30/2007,48.04
07/31/2007,47.71
08/01/2007,47.59
08/02/2007,47.53
08/03/2007,47.0
08/06/2007,47.31
08/07/2007,47.43
08/08/2007,48.6
08/09/2007,47.9
08/10/2007,47.76
08/13/2007,47.78
08/14/2007,47.32
08/15/2007,47.06
08/16/2007,46.0
08/17/2007,46.73
08/20/2007,46.34
08/21/2007,45.9
08/22/2007,46.2
08/23/2007,46.18
08/24/2007,46.33
08/27/2007,45.96
08/28/2007,45.3
08/29/2007,45.53
08/30/2007,45.02
08/31/2007,45.37
09/04/2007,45.58
09/05/2007,44.73
09/06/2007,45.0
09/07/2007,43.68
09/10/2007,43.24
09/11/2007,43.64
09/12/2007,44.08
09/13/2007,44.82
09/14/2007,44.62
09/17/2007,44.7
09/18/2007,44.8
09/19/2007,45.24
09/20/2007,46.72
09/21/2007,46.32
09/24/2007,46.24
09/25/2007,46.14
09/26/2007,46.2
09/27/2007,45.73
09/28/2007,45.79
10/01/2007,45.57
10/02/2007,45.29
10/03/2007,45.43
10/04/2007,45.23
10/05/2007,46.4
10/08/2007,46.38
10/09/2007,46.51
10/10/2007,46.47
10/11/2007,46.59
10/12/2007,46.87
10/15/2007,46.73
10/16/2007,46.55
10/17/2007,45.46
10/18/2007,45.03
10/19/2007,44.01
10/22/2007,43.93
10/23/2007,44.05
10/24/2007,43.31
10/25/2007,43.52
10/26/2007,43.89
10/29/2007,43.83
10/30/2007,43.83
10/31/2007,44.75
11/01/2007,43.61
11/02/2007,42.91
11/05/2007,43.18
11/06/2007,43.57
11/07/2007,43.34
11/08/2007,42.73
11/09/2007,42.25
11/12/2007,42.11
11/13/2007,42.56
11/14/2007,42.69
11/15/2007,41.59
11/16/2007,41.5
11/19/2007,40.79
11/20/2007,40.54
11/21/2007,40.24
11/23/2007,40.12
11/26/2007,38.47
11/27/2007,39.44
11/28/2007,40.25
11/29/2007,39.4
11/30/2007,39.72
12/03/2007,38.95
12/04/2007,38.89
12/05/2007,39.11
12/06/2007,39.98
12/07/2007,41.2
12/10/2007,41.49
12/11/2007,39.9
12/12/2007,40.76
12/13/2007,41.7
12/14/2007,42.32
12/17/2007,41.93
12/18/2007,41.2
12/19/2007,40.7
12/20/2007,40.26
12/21/2007,41.68
12/24/2007,42.12
12/26/2007,42.81
12/27/2007,41.99
12/28/2007,40.96
12/31/2007,40.35
01/02/2008,39.01
01/03/2008,39.01
01/04/2008,38.54
01/07/2008,38.39
01/08/2008,38.4
01/09/2008,37.91
01/10/2008,38.87
01/11/2008,38.1
01/14/2008,37.93
01/15/2008,37.01
01/16/2008,37.12
01/17/2008,36.4
01/18/2008,36.48
01/22/2008,34.84
01/23/2008,34.26
01/24/2008,36.4
01/25/2008,35.84
01/28/2008,35.86
01/29/2008,36.58
01/30/2008,37.33
01/31/2008,36.39
02/01/2008,36.0
02/04/2008,36.43
02/05/2008,35.87
02/06/2008,36.14
02/07/2008,37.36
02/08/2008,36.54
02/11/2008,36.18
02/12/2008,36.79
02/13/2008,36.94
02/14/2008,38.18
02/15/2008,37.8
02/19/2008,38.75
02/20/2008,39.17
02/21/2008,37.84
02/22/2008,37.9
02/25/2008,39.02
02/26/2008,38.6
02/27/2008,38.5
02/28/2008,37.15
02/29/2008,35.34
03/03/2008,35.34
03/04/2008,35.79
03/05/2008,36.93
03/06/2008,36.22
03/07/2008,35.41
03/10/2008,34.38
03/11/2008,35.96
03/12/2008,34.83
03/13/2008,35.34
03/14/2008,34.21
03/17/2008,33.14
03/18/2008,34.51
03/19/2008,33.62
03/20/2008,33.28
03/24/2008,35.22
03/25/2008,34.92
03/26/2008,34.94
03/27/2008,35.34
03/28/2008,34.66
03/31/2008,34.32
04/01/2008,35.45
04/02/2008,35.83
04/03/2008,35.91
04/04/2008,34.81
04/07/2008,35.56
04/08/2008,35.58
04/09/2008,34.66
04/10/2008,35.32
04/11/2008,34.71
04/14/2008,35.03
04/15/2008,35.7
04/16/2008,36.96
04/17/2008,37.29
04/18/2008,37.43
04/21/2008,37.12
04/22/2008,37.2
04/23/2008,37.3
04/24/2008,38.27
04/25/2008,38.66
04/28/2008,38.35
04/29/2008,38.25
04/30/2008,37.59
05/01/2008,37.49
05/02/2008,38.45
05/05/2008,38.45
05/06/2008,38.93
05/07/2008,38.67
05/08/2008,38.05
05/09/2008,37.67
05/12/2008,37.75
05/13/2008,39.09
05/14/2008,39.38
05/15/2008,38.43
05/16/2008,38.5
05/19/2008,38.39
05/20/2008,37.76
05/21/2008,38.22
05/22/2008,39.21
05/23/2008,38.31
05/27/2008,39.21
05/28/2008,40.09
05/29/2008,40.79
05/30/2008,40.46
06/02/2008,39.71
06/03/2008,38.98
06/04/2008,39.4
06/05/2008,40.25
06/06/2008,39.38
06/09/2008,39.92
06/10/2008,40.99
06/11/2008,40.73
06/12/2008,42.05
06/13/2008,42.61
06/16/2008,42.45
06/17/2008,42.25
06/18/2008,41.54
06/19/2008,41.99
06/20/2008,41.37
06/23/2008,41.68
06/24/2008,41.05
06/25/2008,41.15
06/26/2008,40.33
06/27/2008,39.9
06/30/2008,39.79
07/01/2008,39.92
07/02/2008,39.59
07/03/2008,39.73
07/07/2008,39.3
07/08/2008,38.8
07/09/2008,38.34
07/10/2008,38.11
07/11/2008,39.4
07/14/2008,38.8
07/15/2008,38.44
07/16/2008,39.34
07/17/2008,40.38
07/18/2008,40.81
07/21/2008,40.67
07/22/2008,40.97
07/23/2008,41.48
07/24/2008,40.16
07/25/2008,41.11
07/28/2008,40.18
07/29/2008,40.44
07/30/2008,40.48
07/31/2008,39.79
08/01/2008,39.48
08/04/2008,39.72
08/05/2008,40.07
08/06/2008,40.48
08/07/2008,39.35
08/08/2008,39.5
08/11/2008,40.02
08/12/2008,39.18
08/13/2008,39.47
08/14/2008,38.92
08/15/2008,38.52
08/18/2008,38.16
08/19/2008,38.42
08/20/2008,37.99
08/21/2008,38.38
08/22/2008,38.67
08/25/2008,37.91
08/26/2008,37.84
08/27/2008,37.72
08/28/2008,37.95
08/29/2008,38.13
09/02/2008,37.46
09/03/2008,36.97
09/04/2008,36.43
09/05/2008,36.6
09/08/2008,36.65
09/09/2008,35.96
09/10/2008,36.41
09/11/2008,36.22
09/12/2008,37.3
09/15/2008,34.83
09/16/2008,34.91
09/17/2008,34.1
09/18/2008,34.37
09/19/2008,37.69
09/22/2008,38.26
09/23/2008,38.41
09/24/2008,37.71
09/25/2008,38.62
09/26/2008,38.27
09/29/2008,36.32
09/30/2008,38.27
10/01/2008,37.68
10/02/2008,36.46
10/03/2008,36.44
10/06/2008,34.26
10/07/2008,35.06
10/08/2008,37.15
10/09/2008,38.34
10/10/2008,38.61
10/14/2008,40.23
10/15/2008,40.11
10/16/2008,39.36
10/17/2008,39.38
10/20/2008,38.86
10/21/2008,37.03
10/22/2008,36.18
10/23/2008,35.34
10/24/2008,36.97
10/27/2008,37.29
10/28/2008,38.2
10/29/2008,38.74
10/30/2008,39.39
10/31/2008,39.7
11/03/2008,39.04
11/04/2008,37.65
11/05/2008,36.94
11/06/2008,37.07
11/07/2008,37.8
11/10/2008,37.6
11/11/2008,37.55
11/12/2008,36.65
11/13/2008,38.18
11/14/2008,37.5
11/17/2008,36.84
11/18/2008,35.35
11/19/2008,33.91
11/20/2008,31.44
11/21/2008,31.67
11/24/2008,33.4
11/25/2008,30.92
11/26/2008,30.01
11/28/2008,29.57
12/01/2008,27.19
12/02/2008,26.93
12/03/2008,26.76
12/04/2008,25.7
12/05/2008,26.57
12/08/2008,27.34
12/09/2008,26.69
12/10/2008,26.84
12/11/2008,26.48
12/12/2008,25.89
12/15/2008,25.33
12/16/2008,23.63
12/17/2008,21.9
12/18/2008,20.74
12/19/2008,21.31
12/22/2008,21.41
12/23/2008,21.63
12/24/2008,21.71
12/26/2008,21.37
12/29/2008,20.96
12/30/2008,20.87
12/31/2008,22.44
01/02/2009,24.16
01/05/2009,24.88
01/06/2009,25.05
01/07/2009,24.94
01/08/2009,24.45
01/09/2009,24.07
01/12/2009,23.09
01/13/2009,22.97
01/14/2009,22.13
01/15/2009,22.01
01/16/2009,23.04
01/20/2009,23.45
01/21/2009,25.26
01/22/2009,25.94
01/23/2009,26.22
01/26/2009,26.43
01/27/2009,25.19
01/28/2009,26.56
01/29/2009,28.15
01/30/2009,28.44
02/02/2009,27.19
02/03/2009,28.42
02/04/2009,29.14
02/05/2009,29.0
02/06/2009,29.79
02/09/2009,30.27
02/10/2009,28.47
02/11/2009,27.62
02/12/2009,27.91
02/13/2009,28.82
02/17/2009,26.62
02/18/2009,27.28
02/19/2009,28.57
02/20/2009,27.72
02/23/2009,27.77
02/24/2009,27.99
02/25/2009,29.45
02/26/2009,29.78
02/27/2009,30.41
03/02/2009,29.19
03/03/2009,29.38
03/04/2009,30.11
03/05/2009,28.19
03/06/2009,28.28
03/09/2009,28.86
03/10/2009,29.82
03/11/2009,29.16
03/12/2009,28.92
03/13/2009,28.85
03/16/2009,29.51
03/17/2009,30.03
03/18/2009,25.33
03/19/2009,25.97
03/20/2009,26.25
03/23/2009,26.6
03/24/2009,26.54
03/25/2009,27.72
03/26/2009,27.33
03/27/2009,27.61
03/30/2009,27.14
03/31/2009,26.85
04/01/2009,26.58
04/02/2009,27.52
04/03/2009,29.07
04/06/2009,29.39
04/07/2009,29.09
04/08/2009,28.47
04/09/2009,29.26
04/13/2009,28.45
04/14/2009,27.86
04/15/2009,27.59
04/16/2009,28.3
04/17/2009,29.3
04/20/2009,28.43
04/21/2009,29.02
04/22/2009,29.64
04/23/2009,29.27
04/24/2009,29.96
04/27/2009,29.21
04/28/2009,30.02
04/29/2009,30.96
04/30/2009,31.24
05/01/2009,31.74
05/04/2009,31.57
05/05/2009,31.57
05/06/2009,31.52
05/07/2009,32.95
05/08/2009,32.93
05/11/2009,31.8
05/12/2009,31.75
05/13/2009,31.05
05/14/2009,31.07
05/15/2009,31.23
05/18/2009,32.11
05/19/2009,32.43
05/20/2009,32.02
05/21/2009,33.53
05/22/2009,34.48
05/26/2009,34.93
05/27/2009,36.95
05/28/2009,36.72
05/29/2009,34.65
06/01/2009,37.15
06/02/2009,36.44
06/03/2009,35.51
06/04/2009,37.16
06/05/2009,38.62
06/08/2009,38.89
06/09/2009,38.58
06/10/2009,39.36
06/11/2009,38.62
06/12/2009,37.88
06/15/2009,37.13
06/16/2009,36.74
06/17/2009,36.47
06/18/2009,38.34
06/19/2009,37.89
06/22/2009,36.93
06/23/2009,36.4
06/24/2009,36.85
06/25/2009,35.46
06/26/2009,35.06
06/29/2009,34.92
06/30/2009,35.23
07/01/2009,35.44
07/02/2009,34.95
07/06/2009,35.06
07/07/2009,34.6
07/08/2009,32.89
07/09/2009,34.13
07/10/2009,32.95
07/13/2009,33.46
07/14/2009,34.47
07/15/2009,35.96
07/16/2009,35.57
07/17/2009,36.51
07/20/2009,35.85
07/21/2009,34.77
07/22/2009,35.54
07/23/2009,37.09
07/24/2009,36.7
07/27/2009,37.13
07/28/2009,36.88
07/29/2009,36.64
07/30/2009,36.41
07/31/2009,35.01
08/03/2009,36.39
08/04/2009,36.79
08/05/2009,37.64
08/06/2009,37.46
08/07/2009,38.54
08/10/2009,37.71
08/11/2009,36.93
08/12/2009,37.01
08/13/2009,35.91
08/14/2009,35.58
08/17/2009,34.91
08/18/2009,35.26
08/19/2009,34.63
08/20/2009,34.35
08/21/2009,35.56
08/24/2009,34.94
08/25/2009,34.5
08/26/2009,34.38
08/27/2009,34.62
08/28/2009,34.51
08/31/2009,34.01
09/01/2009,33.75
09/02/2009,32.95
09/03/2009,33.28
09/04/2009,34.42
09/08/2009,34.69
09/09/2009,34.79
09/10/2009,33.42
09/11/2009,33.43
09/14/2009,34.06
09/15/2009,34.52
09/16/2009,34.71
09/17/2009,33.98
09/18/2009,34.74
09/21/2009,34.87
09/22/2009,34.56
09/23/2009,34.18
09/24/2009,33.81
09/25/2009,33.29
09/28/2009,33.02
09/29/2009,32.92
09/30/2009,33.07
10/01/2009,31.94
10/02/2009,32.21
10/05/2009,32.24
10/06/2009,32.48
10/07/2009,31.75
10/08/2009,32.55
10/09/2009,33.84
10/12/2009,33.8
10/13/2009,33.12
10/14/2009,34.23
10/15/2009,34.7
10/16/2009,34.17
10/19/2009,33.95
10/20/2009,33.37
10/21/2009,34.11
10/22/2009,34.21
10/23/2009,34.75
10/26/2009,35.54
10/27/2009,34.62
10/28/2009,34.11
10/29/2009,35.01
10/30/2009,33.92
11/02/2009,34.22
11/03/2009,34.73
11/04/2009,35.46
11/05/2009,35.33
11/06/2009,35.03
11/09/2009,34.86
11/10/2009,34.82
11/11/2009,34.74
11/12/2009,34.46
11/13/2009,34.29
11/16/2009,33.31
11/17/2009,33.19
11/18/2009,33.66
11/19/2009,33.49
11/20/2009,33.56
11/23/2009,33.64
11/24/2009,33.17
11/25/2009,32.79
11/27/2009,32.31
11/30/2009,32.01
12/01/2009,32.75
12/02/2009,33.23
12/03/2009,33.8
12/04/2009,34.83
12/07/2009,34.48
12/08/2009,33.92
12/09/2009,34.23
12/10/2009,34.82
12/11/2009,35.4
12/14/2009,35.46
12/15/2009,36.03
12/16/2009,35.96
12/17/2009,34.87
12/18/2009,35.46
12/21/2009,36.82
12/22/2009,37.44
12/23/2009,37.48
12/24/2009,38.07
12/28/2009,38.42
12/29/2009,38.09
12/30/2009,37.84
12/31/2009,38.43
01/04/2010,38.41
01/05/2010,37.55
01/06/2010,38.08
01/07/2010,38.22
01/08/2010,38.08
01/11/2010,38.18
01/12/2010,37.19
01/13/2010,37.83
01/14/2010,37.34
01/15/2010,36.76
01/19/2010,37.07
01/20/2010,36.59
01/21/2010,36.11
01/22/2010,35.98
01/25/2010,36.3
01/26/2010,36.3
01/27/2010,36.44
01/28/2010,36.58
01/29/2010,36.09
02/01/2010,36.54
02/02/2010,36.35
02/03/2010,37.03
02/04/2010,36.1
02/05/2010,35.46
02/08/2010,35.92
02/09/2010,36.33
02/10/2010,36.94
02/11/2010,37.33
02/12/2010,36.93
02/16/2010,36.64
02/17/2010,37.42
02/18/2010,38.03
02/19/2010,37.82
02/22/2010,37.99
02/23/2010,36.91
02/24/2010,36.95
02/25/2010,36.42
02/26/2010,35.95
03/01/2010,36.06
03/02/2010,36.14
03/03/2010,36.25
03/04/2010,36.06
03/05/2010,36.82
03/08/2010,37.08
03/09/2010,37.01
03/10/2010,37.2
03/11/2010,37.2
03/12/2010,37.1
03/15/2010,37.04
03/16/2010,36.53
03/17/2010,36.42
03/18/2010,36.72
03/19/2010,36.87
03/22/2010,36.63
03/23/2010,36.8
03/24/2010,38.29
03/25/2010,39.01
03/26/2010,38.55
03/29/2010,38.64
03/30/2010,38.68
03/31/2010,38.33
04/01/2010,38.59
04/05/2010,39.94
04/06/2010,39.68
04/07/2010,38.63
04/08/2010,38.96
04/09/2010,38.88
04/12/2010,38.46
04/13/2010,38.11
04/14/2010,38.55
04/15/2010,38.48
04/16/2010,37.7
04/19/2010,38.07
04/20/2010,38.05
04/21/2010,37.38
04/22/2010,37.72
04/23/2010,38.17
04/26/2010,38.15
04/27/2010,36.9
04/28/2010,37.73
04/29/2010,37.28
04/30/2010,36.63
05/03/2010,37.05
05/04/2010,36.13
05/05/2010,35.5
05/06/2010,33.98
05/07/2010,34.29
05/10/2010,35.39
05/11/2010,35.35
05/12/2010,35.67
05/13/2010,35.64
05/14/2010,34.42
05/17/2010,34.72
05/18/2010,33.76
05/19/2010,33.59
05/20/2010,32.64
05/21/2010,32.0
05/24/2010,32.27
05/25/2010,31.58
05/26/2010,32.18
05/27/2010,33.38
05/28/2010,33.01
06/01/2010,32.96
06/02/2010,33.34
06/03/2010,33.79
06/04/2010,31.95
06/07/2010,31.84
06/08/2010,31.68
06/09/2010,31.87
06/10/2010,33.19
06/11/2010,32.16
06/14/2010,32.75
06/15/2010,33.1
06/16/2010,32.82
06/17/2010,31.9
06/18/2010,32.23
06/21/2010,32.43
06/22/2010,31.66
06/23/2010,31.15
06/24/2010,31.23
06/25/2010,31.13
06/28/2010,30.32
06/29/2010,29.67
06/30/2010,29.51
07/01/2010,29.27
07/02/2010,29.79
07/06/2010,29.32
07/07/2010,29.8
07/08/2010,30.2
07/09/2010,30.56
07/12/2010,30.46
07/13/2010,31.14
07/14/2010,30.5
07/15/2010,29.78
07/16/2010,29.39
07/19/2010,29.64
07/20/2010,29.32
07/21/2010,28.92
07/22/2010,29.32
07/23/2010,29.94
07/26/2010,29.94
07/27/2010,30.47
07/28/2010,30.01
07/29/2010,29.99
07/30/2010,29.07
08/02/2010,29.63
08/03/2010,29.14
08/04/2010,29.52
08/05/2010,29.15
08/06/2010,28.24
08/09/2010,28.22
08/10/2010,27.81
08/11/2010,26.85
08/12/2010,27.35
08/13/2010,26.88
08/16/2010,25.75
08/17/2010,26.45
08/18/2010,26.41
08/19/2010,25.79
08/20/2010,26.12
08/23/2010,26.07
08/24/2010,24.99
08/25/2010,25.38
08/26/2010,24.99
08/27/2010,26.52
08/30/2010,25.45
08/31/2010,24.77
09/01/2010,25.82
09/02/2010,26.28
09/03/2010,27.06
09/07/2010,26.09
09/08/2010,26.54
09/09/2010,27.61
09/10/2010,27.95
09/13/2010,27.41
09/14/2010,26.66
09/15/2010,27.23
09/16/2010,27.59
09/17/2010,27.46
09/20/2010,27.06
09/21/2010,25.94
09/22/2010,25.48
09/23/2010,25.55
09/24/2010,26.12
09/27/2010,25.17
09/28/2010,24.56
09/29/2010,25.06
09/30/2010,25.17
10/01/2010,25.26
10/04/2010,24.79
10/05/2010,24.74
10/06/2010,23.99
10/07/2010,23.96
10/08/2010,23.81
10/12/2010,24.22
10/13/2010,24.31
10/14/2010,24.95
10/15/2010,25.76
10/18/2010,24.91
10/19/2010,24.75
10/20/2010,24.7
10/21/2010,25.31
10/22/2010,25.63
10/25/2010,25.54
10/26/2010,26.36
10/27/2010,27.12
10/28/2010,26.61
10/29/2010,26.12
11/01/2010,26.28
11/02/2010,25.94
11/03/2010,26.19
11/04/2010,24.84
11/05/2010,25.36
11/08/2010,25.63
11/09/2010,26.59
11/10/2010,26.48
11/12/2010,27.56
11/15/2010,29.11
11/16/2010,28.47
11/17/2010,28.64
11/18/2010,29.02
11/19/2010,28.75
11/22/2010,28.13
11/23/2010,27.62
11/24/2010,29.14
11/26/2010,28.64
11/29/2010,28.22
11/30/2010,27.97
12/01/2010,29.64
12/02/2010,30.0
12/03/2010,30.17
12/06/2010,29.41
12/07/2010,31.65
12/08/2010,32.36
12/09/2010,32.23
12/10/2010,32.96
12/13/2010,32.83
12/14/2010,34.55
12/15/2010,35.2
12/16/2010,34.77
12/17/2010,33.3
12/20/2010,33.49
12/21/2010,33.26
12/22/2010,33.46
12/23/2010,33.93
12/27/2010,33.51
12/28/2010,34.81
12/29/2010,33.41
12/30/2010,33.69
12/31/2010,33.05
01/03/2011,33.42
01/04/2011,33.46
01/05/2011,34.83
01/06/2011,34.19
01/07/2011,33.28
01/10/2011,33.04
01/11/2011,33.41
01/12/2011,33.55
01/13/2011,33.01
01/14/2011,33.33
01/18/2011,33.64
01/19/2011,33.37
01/20/2011,34.59
01/21/2011,34.16
01/24/2011,34.08
01/25/2011,33.19
01/26/2011,34.28
01/27/2011,33.85
01/28/2011,33.29
01/31/2011,33.78
02/01/2011,34.43
02/02/2011,34.89
02/03/2011,35.41
02/04/2011,36.52
02/07/2011,36.44
02/08/2011,37.25
02/09/2011,36.42
02/10/2011,37.08
02/11/2011,36.46
02/14/2011,36.14
02/15/2011,36.16
02/16/2011,36.21
02/17/2011,35.74
02/18/2011,35.89
02/22/2011,34.61
02/23/2011,34.87
02/24/2011,34.38
02/25/2011,34.25
02/28/2011,34.14
03/01/2011,34.14
03/02/2011,34.64
03/03/2011,35.72
03/04/2011,34.92
03/07/2011,34.97
03/08/2011,35.44
03/09/2011,34.69
03/10/2011,33.93
03/11/2011,33.93
03/14/2011,33.47
03/15/2011,33.23
03/16/2011,32.12
03/17/2011,32.48
03/18/2011,32.77
03/21/2011,33.23
03/22/2011,33.32
03/23/2011,33.48
03/24/2011,34.04
03/25/2011,34.44
03/28/2011,34.48
03/29/2011,34.91
03/30/2011,34.55
03/31/2011,34.54
04/01/2011,34.51
04/04/2011,34.31
04/05/2011,34.87
04/06/2011,35.45
04/07/2011,35.55
04/08/2011,35.7
04/11/2011,35.7
04/12/2011,35.0
04/13/2011,34.66
04/14/2011,34.85
04/15/2011,34.1
04/18/2011,33.71
04/19/2011,33.56
04/20/2011,34.0
04/21/2011,34.0
04/25/2011,33.63
04/26/2011,33.2
04/27/2011,33.68
04/28/2011,33.12
04/29/2011,32.96
05/02/2011,32.86
05/03/2011,32.55
05/04/2011,32.23
05/05/2011,31.68
05/06/2011,31.57
05/09/2011,31.42
05/10/2011,31.95
05/11/2011,31.57
05/12/2011,32.3
05/13/2011,31.87
05/16/2011,31.49
05/17/2011,31.21
05/18/2011,31.71
05/19/2011,31.71
05/20/2011,31.52
05/23/2011,31.34
05/24/2011,31.23
05/25/2011,31.29
05/26/2011,30.61
05/27/2011,30.64
05/31/2011,30.5
06/01/2011,29.66
06/02/2011,30.3
06/03/2011,29.97
06/06/2011,30.02
06/07/2011,30.11
06/08/2011,29.62
06/09/2011,29.98
06/10/2011,29.71
06/13/2011,29.91
06/14/2011,30.99
06/15/2011,29.73
06/16/2011,29.09
06/17/2011,29.44
06/20/2011,29.63
06/21/2011,29.85
06/22/2011,29.93
06/23/2011,29.09
06/24/2011,28.71
06/27/2011,29.27
06/28/2011,30.45
06/29/2011,31.08
06/30/2011,31.58
07/01/2011,31.97
07/05/2011,31.36
07/06/2011,30.95
07/07/2011,31.49
07/08/2011,30.16
07/11/2011,29.17
07/12/2011,29.08
07/13/2011,28.91
07/14/2011,29.44
07/15/2011,29.08
07/18/2011,29.09
07/19/2011,28.91
07/20/2011,29.33
07/21/2011,30.1
07/22/2011,29.64
07/25/2011,30.04
07/26/2011,29.51
07/27/2011,29.8
07/28/2011,29.51
07/29/2011,28.05
08/01/2011,27.4
08/02/2011,26.24
08/03/2011,25.99
08/04/2011,24.58
08/05/2011,25.58
08/08/2011,23.39
08/09/2011,21.82
08/10/2011,21.37
08/11/2011,23.36
08/12/2011,22.37
08/15/2011,22.85
08/16/2011,22.14
08/17/2011,21.65
08/18/2011,20.83
08/19/2011,20.71
08/22/2011,20.88
08/23/2011,21.37
08/24/2011,22.6
08/25/2011,22.22
08/26/2011,21.88
08/29/2011,22.71
08/30/2011,21.76
08/31/2011,22.18
09/01/2011,21.46
09/02/2011,19.96
09/06/2011,19.79
09/07/2011,20.36
09/08/2011,19.86
09/09/2011,19.15
09/12/2011,19.3
09/13/2011,19.94
09/14/2011,20.11
09/15/2011,20.85
09/16/2011,20.76
09/19/2011,19.4
09/20/2011,19.47
09/21/2011,18.75
09/22/2011,17.15
09/23/2011,18.08
09/26/2011,19.04
09/27/2011,20.16
09/28/2011,20.02
09/29/2011,19.57
09/30/2011,19.24
10/03/2011,17.85
10/04/2011,17.81
10/05/2011,19.05
10/06/2011,19.86
10/07/2011,20.68
10/10/2011,20.76
10/11/2011,21.6
10/12/2011,22.26
10/13/2011,21.69
10/14/2011,22.32
10/17/2011,21.55
10/18/2011,21.51
10/19/2011,21.59
10/20/2011,21.8
10/21/2011,22.03
10/24/2011,22.34
10/25/2011,21.28
10/26/2011,22.03
10/27/2011,23.95
10/28/2011,23.06
10/31/2011,21.75
11/01/2011,20.01
11/02/2011,20.06
11/03/2011,20.66
11/04/2011,20.5
11/07/2011,19.94
11/08/2011,20.65
11/09/2011,19.55
11/10/2011,20.56
11/11/2011,20.56
11/14/2011,20.43
11/15/2011,20.57
11/16/2011,20.24
11/17/2011,19.58
11/18/2011,20.12
11/21/2011,19.62
11/22/2011,19.39
11/23/2011,18.79
11/25/2011,19.67
11/28/2011,19.58
11/29/2011,19.96
11/30/2011,20.68
12/01/2011,21.17
12/02/2011,20.42
12/05/2011,20.54
12/06/2011,20.93
12/07/2011,20.17
12/08/2011,19.72
12/09/2011,20.52
12/12/2011,20.09
12/13/2011,19.62
12/14/2011,19.01
12/15/2011,19.13
12/16/2011,18.54
12/19/2011,18.13
12/20/2011,19.25
12/21/2011,19.67
12/22/2011,19.51
12/23/2011,20.3
12/27/2011,20.09
12/28/2011,19.08
12/29/2011,18.97
12/30/2011,18.71
01/03/2012,19.6
01/04/2012,19.95
01/05/2012,19.93
01/06/2012,19.61
01/09/2012,19.6
01/10/2012,19.72
01/11/2012,19.04
01/12/2012,19.33
01/13/2012,18.53
01/17/2012,18.5
01/18/2012,18.97
01/19/2012,19.72
01/20/2012,20.28
01/23/2012,20.67
01/24/2012,20.64
01/25/2012,20.07
01/26/2012,19.31
01/27/2012,18.98
01/30/2012,18.37
01/31/2012,17.99
02/01/2012,18.46
02/02/2012,18.25
02/03/2012,19.49
02/06/2012,19.01
02/07/2012,19.66
02/08/2012,19.75
02/09/2012,20.47
02/10/2012,19.69
02/13/2012,19.9
02/14/2012,19.24
02/15/2012,19.31
02/16/2012,19.93
02/17/2012,20.1
02/21/2012,20.45
02/22/2012,20.05
02/23/2012,19.84
02/24/2012,19.77
02/27/2012,19.22
02/28/2012,19.29
02/29/2012,19.77
03/01/2012,20.37
03/02/2012,19.86
03/05/2012,20.05
03/06/2012,19.44
03/07/2012,19.72
03/08/2012,20.14
03/09/2012,20.38
03/12/2012,20.31
03/13/2012,21.07
03/14/2012,22.74
03/15/2012,22.81
03/16/2012,22.98
03/19/2012,23.79
03/20/2012,23.72
03/21/2012,22.94
03/22/2012,22.75
03/23/2012,22.37
03/26/2012,22.44
03/27/2012,21.87
03/28/2012,21.96
03/29/2012,21.59
03/30/2012,22.16
04/02/2012,21.93
04/03/2012,22.84
04/04/2012,22.43
04/05/2012,21.75
04/09/2012,20.37
04/10/2012,19.88
04/11/2012,20.28
04/12/2012,20.49
04/13/2012,19.98
04/16/2012,19.74
04/17/2012,20.09
04/18/2012,19.82
04/19/2012,19.52
04/20/2012,19.7
04/23/2012,19.33
04/24/2012,19.61
04/25/2012,19.84
04/26/2012,19.59
04/27/2012,19.33
04/30/2012,19.15
05/01/2012,19.56
05/02/2012,19.22
05/03/2012,19.24
05/04/2012,18.8
05/07/2012,18.77
05/08/2012,18.37
05/09/2012,18.35
05/10/2012,18.84
05/11/2012,18.41
05/14/2012,17.88
05/15/2012,17.77
05/16/2012,17.65
05/17/2012,17.02
05/18/2012,17.02
05/21/2012,17.35
05/22/2012,17.93
05/23/2012,17.21
05/24/2012,17.59
05/25/2012,17.45
05/29/2012,17.31
05/30/2012,16.25
05/31/2012,15.81
06/01/2012,14.67
06/04/2012,15.27
06/05/2012,15.56
06/06/2012,16.51
06/07/2012,16.54
06/08/2012,16.37
06/11/2012,16.0
06/12/2012,16.61
06/13/2012,15.99
06/14/2012,16.11
06/15/2012,15.87
06/18/2012,15.84
06/19/2012,16.2
06/20/2012,16.42
06/21/2012,16.18
06/22/2012,16.72
06/25/2012,16.08
06/26/2012,16.28
06/27/2012,16.21
06/28/2012,15.77
06/29/2012,16.59
07/02/2012,15.8
07/03/2012,16.31
07/05/2012,15.97
07/06/2012,15.44
07/09/2012,15.13
07/10/2012,14.98
07/11/2012,14.98
07/12/2012,14.79
07/13/2012,14.99
07/16/2012,14.64
07/17/2012,15.01
07/18/2012,14.79
07/19/2012,15.15
07/20/2012,14.6
07/23/2012,14.35
07/24/2012,14.04
07/25/2012,14.06
07/26/2012,14.28
07/27/2012,15.55
07/30/2012,15.04
07/31/2012,14.92
08/01/2012,15.39
08/02/2012,14.78
08/03/2012,15.77
08/06/2012,15.58
08/07/2012,16.28
08/08/2012,16.4
08/09/2012,16.88
08/10/2012,16.49
08/13/2012,16.54
08/14/2012,17.26
08/15/2012,18.05
08/16/2012,18.36
08/17/2012,18.16
08/20/2012,18.14
08/21/2012,18.05
08/22/2012,17.19
08/23/2012,16.66
08/24/2012,16.78
08/27/2012,16.49
08/28/2012,16.3
08/29/2012,16.54
08/30/2012,16.2
08/31/2012,15.62
09/04/2012,15.81
09/05/2012,15.94
09/06/2012,16.73
09/07/2012,16.61
09/10/2012,16.83
09/11/2012,16.95
09/12/2012,17.65
09/13/2012,17.56
09/14/2012,18.7
09/17/2012,18.38
09/18/2012,18.12
09/19/2012,17.82
09/20/2012,17.77
09/21/2012,17.6
09/24/2012,17.18
09/25/2012,16.82
09/26/2012,16.18
09/27/2012,16.4
09/28/2012,16.37
10/01/2012,16.25
10/02/2012,16.15
10/03/2012,16.23
10/04/2012,16.65
10/05/2012,17.32
10/08/2012,17.46
10/09/2012,17.2
10/10/2012,16.91
10/11/2012,16.75
10/12/2012,16.63
10/15/2012,16.63
10/16/2012,17.2
10/17/2012,18.11
10/18/2012,18.26
10/19/2012,17.68
10/22/2012,17.98
10/23/2012,17.64
10/24/2012,17.75
10/25/2012,18.28
10/26/2012,17.5
10/31/2012,16.86
11/01/2012,17.15
11/02/2012,17.26
11/05/2012,16.84
11/06/2012,17.42
11/07/2012,16.32
11/08/2012,16.32
11/09/2012,16.13
11/12/2012,16.11
11/13/2012,15.89
11/14/2012,15.89
11/15/2012,15.89
11/16/2012,15.74
11/19/2012,16.11
11/20/2012,16.56
11/21/2012,16.87
11/23/2012,16.93
11/26/2012,16.64
11/27/2012,16.45
11/28/2012,16.17
11/29/2012,16.2
11/30/2012,16.06
12/03/2012,16.28
12/04/2012,16.08
12/05/2012,15.91
12/06/2012,15.81
12/07/2012,16.27
12/10/2012,16.16
12/11/2012,16.49
12/12/2012,16.97
12/13/2012,17.28
12/14/2012,17.08
12/17/2012,17.63
12/18/2012,18.27
12/19/2012,18.0
12/20/2012,18.0
12/21/2012,17.54
12/24/2012,17.74
12/26/2012,17.58
12/27/2012,17.15
12/28/2012,17.11
12/31/2012,17.56
01/02/2013,18.39
01/03/2013,18.99
01/04/2013,19.15
01/07/2013,19.03
01/08/2013,18.71
01/09/2013,18.52
01/10/2013,18.94
01/11/2013,18.75
01/14/2013,18.57
01/15/2013,18.31
01/16/2013,18.24
01/17/2013,18.75
01/18/2013,18.43
01/22/2013,18.35
01/23/2013,18.33
01/24/2013,18.44
01/25/2013,19.47
01/28/2013,19.74
01/29/2013,19.88
01/30/2013,20.06
01/31/2013,19.85
02/01/2013,20.1
02/04/2013,19.73
02/05/2013,20.16
02/06/2013,19.68
02/07/2013,19.51
02/08/2013,19.54
02/11/2013,19.46
02/12/2013,19.82
02/13/2013,20.19
02/14/2013,20.0
02/15/2013,20.07
02/19/2013,20.26
02/20/2013,20.21
02/21/2013,19.76
02/22/2013,19.67
02/25/2013,18.95
02/26/2013,18.79
02/27/2013,19.03
02/28/2013,18.88
03/01/2013,18.53
03/04/2013,18.77
03/05/2013,18.94
03/06/2013,19.38
03/07/2013,19.91
03/08/2013,20.56
03/11/2013,20.56
03/12/2013,20.23
03/13/2013,20.21
03/14/2013,20.33
03/15/2013,19.96
03/18/2013,19.56
03/19/2013,19.08
03/20/2013,19.37
03/21/2013,19.32
03/22/2013,19.15
03/25/2013,19.15
03/26/2013,19.06
03/27/2013,18.51
03/28/2013,18.52
04/01/2013,18.4
04/02/2013,18.61
04/03/2013,18.12
04/04/2013,17.59
04/05/2013,16.94
04/08/2013,17.32
04/09/2013,17.47
04/10/2013,18.05
04/11/2013,17.91
04/12/2013,17.21
04/15/2013,17.02
04/16/2013,17.19
04/17/2013,17.04
04/18/2013,16.85
04/19/2013,17.03
04/22/2013,16.98
04/23/2013,16.98
04/24/2013,16.98
04/25/2013,17.11
04/26/2013,16.63
04/29/2013,16.68
04/30/2013,16.75
05/01/2013,16.39
05/02/2013,16.31
05/03/2013,17.52
05/06/2013,17.71
05/07/2013,17.83
05/08/2013,17.6
05/09/2013,18.13
05/10/2013,19.0
05/13/2013,19.23
05/14/2013,19.52
05/15/2013,19.43
05/16/2013,18.65
05/17/2013,19.49
05/20/2013,19.65
05/21/2013,19.44
05/22/2013,20.26
05/23/2013,20.23
05/24/2013,20.11
05/28/2013,21.35
05/29/2013,21.24
05/30/2013,21.24
05/31/2013,21.64
06/03/2013,21.34
06/04/2013,21.37
06/05/2013,21.0
06/06/2013,20.75
06/07/2013,21.61
06/10/2013,22.15
06/11/2013,21.95
06/12/2013,22.3
06/13/2013,21.74
06/14/2013,21.26
06/17/2013,21.71
06/18/2013,21.82
06/19/2013,23.11
06/20/2013,24.19
06/21/2013,25.14
06/24/2013,25.48
06/25/2013,25.89
06/26/2013,25.39
06/27/2013,24.83
06/28/2013,24.78
07/01/2013,24.9
07/02/2013,24.69
07/03/2013,25.01
07/05/2013,27.15
07/08/2013,26.45
07/09/2013,26.3
07/10/2013,26.8
07/11/2013,25.74
07/12/2013,26.01
07/15/2013,25.56
07/16/2013,25.32
07/17/2013,24.91
07/18/2013,25.34
07/19/2013,24.91
07/22/2013,24.88
07/23/2013,25.16
07/24/2013,25.88
07/25/2013,26.07
07/26/2013,25.61
07/29/2013,25.85
07/30/2013,26.03
07/31/2013,25.93
08/01/2013,27.23
08/02/2013,26.02
08/05/2013,26.4
08/06/2013,26.42
08/07/2013,26.0
08/08/2013,25.87
08/09/2013,25.8
08/12/2013,26.05
08/13/2013,27.15
08/14/2013,27.12
08/15/2013,27.55
08/16/2013,28.29
08/19/2013,28.84
08/20/2013,28.14
08/21/2013,28.55
08/22/2013,29.01
08/23/2013,28.18
08/26/2013,28.05
08/27/2013,27.21
08/28/2013,27.82
08/29/2013,27.51
08/30/2013,27.49
09/03/2013,28.48
09/04/2013,28.97
09/05/2013,29.79
09/06/2013,29.38
09/09/2013,28.97
09/10/2013,29.59
09/11/2013,29.2
09/12/2013,29.07
09/13/2013,28.98
09/16/2013,28.74
09/17/2013,28.53
09/18/2013,27.08
09/19/2013,27.48
09/20/2013,27.32
09/23/2013,27.14
09/24/2013,26.53
09/25/2013,26.14
09/26/2013,26.43
09/27/2013,26.19
09/30/2013,26.15
10/01/2013,26.46
10/02/2013,26.26
10/03/2013,26.06
10/04/2013,26.52
10/07/2013,26.34
10/08/2013,26.36
10/09/2013,26.5
10/10/2013,26.85
10/11/2013,26.82
10/14/2013,26.91
10/15/2013,27.2
10/16/2013,26.71
10/17/2013,25.87
10/18/2013,25.89
10/21/2013,26.09
10/22/2013,25.12
10/23/2013,24.85
10/24/2013,25.22
10/25/2013,25.03
10/28/2013,25.12
10/29/2013,25.07
10/30/2013,25.27
10/31/2013,25.42
11/01/2013,26.2
11/04/2013,26.02
11/05/2013,26.62
11/06/2013,26.4
11/07/2013,26.13
11/08/2013,27.46
11/11/2013,27.51
11/12/2013,27.68
11/13/2013,27.25
11/14/2013,27.02
11/15/2013,27.09
11/18/2013,26.78
11/19/2013,27.12
11/20/2013,27.92
11/21/2013,27.84
11/22/2013,27.52
11/25/2013,27.41
11/26/2013,26.96
11/27/2013,27.36
11/29/2013,27.41
12/02/2013,28.01
12/03/2013,27.75
12/04/2013,28.41
12/05/2013,28.62
12/06/2013,28.83
12/09/2013,28.57
12/10/2013,27.97
12/11/2013,28.44
12/12/2013,28.77
12/13/2013,28.68
12/16/2013,28.77
12/17/2013,28.43
12/18/2013,28.85
12/19/2013,29.25
12/20/2013,28.87
12/23/2013,29.29
12/24/2013,29.83
12/26/2013,29.9
12/27/2013,30.06
12/30/2013,29.76
12/31/2013,30.26
01/02/2014,29.85
01/03/2014,29.95
01/06/2014,29.61
01/07/2014,29.37
01/08/2014,29.93
01/09/2014,29.63
01/10/2014,28.6
01/13/2014,28.27
01/14/2014,28.69
01/15/2014,28.84
01/16/2014,28.43
01/17/2014,28.27
01/21/2014,28.25
01/22/2014,28.6
01/23/2014,27.73
01/24/2014,27.35
01/27/2014,27.66
01/28/2014,27.46
01/29/2014,26.75
01/30/2014,26.93
01/31/2014,26.68
02/03/2014,25.81
02/04/2014,26.24
02/05/2014,26.67
02/06/2014,27.02
02/07/2014,26.75
02/10/2014,26.78
02/11/2014,27.19
02/12/2014,27.63
02/13/2014,27.36
02/14/2014,27.46
02/18/2014,27.11
02/19/2014,27.34
02/20/2014,27.54
02/21/2014,27.34
02/24/2014,27.5
02/25/2014,27.01
02/26/2014,26.73
02/27/2014,26.42
02/28/2014,26.58
03/03/2014,26.07
03/04/2014,26.91
03/05/2014,26.98
03/06/2014,27.37
03/07/2014,27.9
03/10/2014,27.84
03/11/2014,27.66
03/12/2014,27.26
03/13/2014,26.53
03/14/2014,26.45
03/17/2014,26.99
03/18/2014,26.81
03/19/2014,27.72
03/20/2014,27.75
03/21/2014,27.5
03/24/2014,27.33
03/25/2014,27.35
03/26/2014,27.01
03/27/2014,26.72
03/28/2014,27.12
03/31/2014,27.23
04/01/2014,27.59
04/02/2014,28.03
04/03/2014,27.9
04/04/2014,27.26
04/07/2014,26.95
04/08/2014,26.81
04/09/2014,26.84
04/10/2014,26.28
04/11/2014,26.19
04/14/2014,26.39
04/15/2014,26.28
04/16/2014,26.37
04/17/2014,27.21
04/21/2014,27.21
04/22/2014,27.26
04/23/2014,26.86
04/24/2014,26.88
04/25/2014,26.66
04/28/2014,26.77
04/29/2014,26.95
04/30/2014,26.48
05/01/2014,26.06
05/02/2014,25.91
05/05/2014,26.11
05/06/2014,25.95
05/07/2014,25.9
05/08/2014,26.02
05/09/2014,26.23
05/12/2014,26.56
05/13/2014,26.18
05/14/2014,25.43
05/15/2014,25.02
05/16/2014,25.18
05/19/2014,25.36
05/20/2014,25.09
05/21/2014,25.37
05/22/2014,25.55
05/23/2014,25.36
05/27/2014,25.18
05/28/2014,24.38
05/29/2014,24.47
05/30/2014,24.57
06/02/2014,25.34
06/03/2014,25.93
06/04/2014,26.06
06/05/2014,25.84
06/06/2014,25.97
06/09/2014,26.13
06/10/2014,26.35
06/11/2014,26.4
06/12/2014,25.86
06/13/2014,26.04
06/16/2014,25.97
06/17/2014,26.55
06/18/2014,26.13
06/19/2014,26.22
06/20/2014,26.24
06/23/2014,26.23
06/24/2014,25.86
06/25/2014,25.59
06/26/2014,25.25
06/27/2014,25.32
06/30/2014,25.16
07/01/2014,25.63
07/02/2014,26.28
07/03/2014,26.48
07/07/2014,26.17
07/08/2014,25.65
07/09/2014,25.47
07/10/2014,25.32
07/11/2014,25.2
07/14/2014,25.49
07/15/2014,25.49
07/16/2014,25.38
07/17/2014,24.75
07/18/2014,24.84
07/21/2014,24.74
07/22/2014,24.66
07/23/2014,24.64
07/24/2014,25.09
07/25/2014,24.69
07/28/2014,24.91
07/29/2014,24.62
07/30/2014,25.54
07/31/2014,25.56
08/01/2014,25.05
08/04/2014,24.91
08/05/2014,24.83
08/06/2014,24.74
08/07/2014,24.24
08/08/2014,24.15
08/11/2014,24.2
08/12/2014,24.42
08/13/2014,24.13
08/14/2014,24.0
08/15/2014,23.45
08/18/2014,23.87
08/19/2014,24.05
08/20/2014,24.26
08/21/2014,24.07
08/22/2014,24.03
08/25/2014,23.87
08/26/2014,23.91
08/27/2014,23.61
08/28/2014,23.34
08/29/2014,23.43
09/02/2014,24.19
09/03/2014,24.1
09/04/2014,24.48
09/05/2014,24.61
09/08/2014,24.69
09/09/2014,25.0
09/10/2014,25.34
09/11/2014,25.31
09/12/2014,26.14
09/15/2014,25.91
09/16/2014,25.89
09/17/2014,26.0
09/18/2014,26.29
09/19/2014,25.87
09/22/2014,25.66
09/23/2014,25.35
09/24/2014,25.69
09/25/2014,25.11
09/26/2014,25.35
09/29/2014,24.91
09/30/2014,25.08
10/01/2014,24.03
10/02/2014,24.38
10/03/2014,24.47
10/06/2014,24.25
10/07/2014,23.5
10/08/2014,23.3
10/09/2014,23.27
10/10/2014,23.07
10/14/2014,22.06
10/15/2014,20.9
10/16/2014,21.53
10/17/2014,21.99
10/20/2014,21.81
10/21/2014,22.08
10/22/2014,22.29
10/23/2014,22.75
10/24/2014,22.73
10/27/2014,22.57
10/28/2014,22.84
10/29/2014,23.23
10/30/2014,23.05
10/31/2014,23.35
11/03/2014,23.48
11/04/2014,23.42
11/05/2014,23.5
11/06/2014,23.75
11/07/2014,23.12
11/10/2014,23.59
11/11/2014,23.6
11/12/2014,23.59
11/13/2014,23.47
11/14/2014,23.2
11/17/2014,23.4
11/18/2014,23.22
11/19/2014,23.51
11/20/2014,23.35
11/21/2014,23.15
11/24/2014,23.1
11/25/2014,22.6
11/26/2014,22.34
11/28/2014,21.94
12/01/2014,22.18
12/02/2014,22.85
12/03/2014,22.87
12/04/2014,22.57
12/05/2014,23.07
12/08/2014,22.57
12/09/2014,22.2
12/10/2014,21.69
12/11/2014,21.78
12/12/2014,21.03
12/15/2014,21.16
12/16/2014,20.71
12/17/2014,21.48
12/18/2014,22.04
12/19/2014,21.76
12/22/2014,21.62
12/23/2014,22.57
12/24/2014,22.64
12/26/2014,22.5
12/29/2014,22.07
12/30/2014,21.9
12/31/2014,21.7
01/02/2015,21.23
01/05/2015,20.39
01/06/2015,19.63
01/07/2015,19.54
01/08/2015,20.16
01/09/2015,19.71
01/12/2015,19.12
01/13/2015,18.9
01/14/2015,18.37
01/15/2015,17.75
01/16/2015,18.15
01/20/2015,18.07
01/21/2015,18.53
01/22/2015,18.96
01/23/2015,18.17
01/26/2015,18.28
01/27/2015,18.25
01/28/2015,17.24
01/29/2015,17.51
01/30/2015,16.75
02/02/2015,16.73
02/03/2015,17.8
02/04/2015,17.97
02/05/2015,18.15
02/06/2015,19.38
02/09/2015,19.48
02/10/2015,19.91
02/11/2015,19.88
02/12/2015,19.86
02/13/2015,20.21
02/17/2015,21.45
02/18/2015,20.66
02/19/2015,21.13
02/20/2015,21.33
02/23/2015,20.59
02/24/2015,19.88
02/25/2015,19.69
02/26/2015,20.16
02/27/2015,20.02
03/02/2015,20.84
03/03/2015,21.22
03/04/2015,21.23
03/05/2015,21.12
03/06/2015,22.4
03/09/2015,21.95
03/10/2015,21.26
03/11/2015,21.09
03/12/2015,20.96
03/13/2015,21.12
03/16/2015,20.98
03/17/2015,20.58
03/18/2015,19.51
03/19/2015,19.77
03/20/2015,19.3
03/23/2015,19.15
03/24/2015,18.78
03/25/2015,19.2
03/26/2015,20.07
03/27/2015,19.48
03/30/2015,19.63
03/31/2015,19.34
04/01/2015,18.68
04/02/2015,19.04
04/06/2015,19.04
04/07/2015,18.93
04/08/2015,18.95
04/09/2015,19.58
04/10/2015,19.51
04/13/2015,19.39
04/14/2015,19.04
04/15/2015,19.0
04/16/2015,18.78
04/17/2015,18.5
04/20/2015,18.95
04/21/2015,19.16
04/22/2015,19.72
04/23/2015,19.47
04/24/2015,19.17
04/27/2015,19.24
04/28/2015,19.73
04/29/2015,20.35
04/30/2015,20.46
05/01/2015,21.17
05/04/2015,21.35
05/05/2015,21.76
05/06/2015,22.4
05/07/2015,21.84
05/08/2015,21.5
05/11/2015,22.74
05/12/2015,22.6
05/13/2015,22.82
05/14/2015,22.39
05/15/2015,21.41
05/18/2015,22.28
05/19/2015,22.62
05/20/2015,22.51
05/21/2015,21.85
05/22/2015,22.15
05/26/2015,21.37
05/27/2015,21.35
05/28/2015,21.3
05/29/2015,20.95
06/01/2015,21.92
06/02/2015,22.66
06/03/2015,23.66
06/04/2015,23.07
06/05/2015,24.02
06/08/2015,23.81
06/09/2015,24.17
06/10/2015,24.78
06/11/2015,23.83
06/12/2015,23.85
06/15/2015,23.58
06/16/2015,23.18
06/17/2015,23.06
06/18/2015,23.51
06/19/2015,22.67
06/22/2015,23.6
06/23/2015,24.09
06/24/2015,23.71
06/25/2015,23.93
06/26/2015,24.76
06/29/2015,23.31
06/30/2015,23.35
07/01/2015,24.18
07/02/2015,23.93
07/06/2015,22.78
07/07/2015,22.31
07/08/2015,22.06
07/09/2015,23.01
07/10/2015,24.17
07/13/2015,24.3
07/14/2015,23.99
07/15/2015,23.5
07/16/2015,23.52
07/17/2015,23.49
07/20/2015,23.72
07/21/2015,23.4
07/22/2015,23.22
07/23/2015,22.77
07/24/2015,22.71
07/27/2015,22.28
07/28/2015,22.5
07/29/2015,22.79
07/30/2015,22.68
07/31/2015,22.05
08/03/2015,21.5
08/04/2015,22.11
08/05/2015,22.68
08/06/2015,22.34
08/07/2015,21.75
08/10/2015,22.38
08/11/2015,21.37
08/12/2015,21.3
08/13/2015,21.89
08/14/2015,21.96
08/17/2015,21.5
08/18/2015,21.96
08/19/2015,21.29
08/20/2015,20.84
08/21/2015,20.54
08/24/2015,19.97
08/25/2015,21.33
08/26/2015,21.72
08/27/2015,21.68
08/28/2015,21.86
08/31/2015,22.0
09/01/2015,21.72
09/02/2015,21.93
09/03/2015,21.68
09/04/2015,21.28
09/08/2015,21.94
09/09/2015,21.81
09/10/2015,22.22
09/11/2015,21.83
09/14/2015,21.8
09/15/2015,22.81
09/16/2015,23.03
09/17/2015,22.17
09/18/2015,21.3
09/21/2015,22.14
09/22/2015,21.25
09/23/2015,21.44
09/24/2015,21.2
09/25/2015,21.68
09/28/2015,20.95
09/29/2015,20.54
09/30/2015,20.6
10/01/2015,20.42
10/02/2015,19.89
10/05/2015,20.56
10/06/2015,20.35
10/07/2015,20.62
10/08/2015,21.08
10/09/2015,20.99
10/13/2015,20.55
10/14/2015,19.81
10/15/2015,20.23
10/16/2015,20.23
10/19/2015,20.28
10/20/2015,20.71
10/21/2015,20.3
10/22/2015,20.25
10/23/2015,20.83
10/26/2015,20.58
10/27/2015,20.28
10/28/2015,20.92
10/29/2015,21.73
10/30/2015,21.51
11/02/2015,21.87
11/03/2015,22.2
11/04/2015,22.3
11/05/2015,22.45
11/06/2015,23.33
11/09/2015,23.42
11/10/2015,23.22
11/11/2015,23.38
11/12/2015,23.19
11/13/2015,22.8
11/16/2015,22.73
11/17/2015,22.61
11/18/2015,22.69
11/19/2015,22.48
11/20/2015,22.62
11/23/2015,22.5
11/24/2015,22.43
11/25/2015,22.32
11/27/2015,22.25
11/30/2015,22.18
12/01/2015,21.55
12/02/2015,21.78
12/03/2015,23.3
12/04/2015,22.75
12/07/2015,22.25
12/08/2015,22.38
12/09/2015,22.08
12/10/2015,22.39
12/11/2015,21.39
12/14/2015,22.25
12/15/2015,22.68
12/16/2015,22.87
12/17/2015,22.38
12/18/2015,21.99
12/21/2015,21.97
12/22/2015,22.39
12/23/2015,22.64
12/24/2015,22.43
12/28/2015,22.25
12/29/2015,23.07
12/30/2015,23.03
12/31/2015,22.69
01/04/2016,22.45
01/05/2016,22.48
01/06/2016,21.77
01/07/2016,21.53
01/08/2016,21.3
01/11/2016,21.58
01/12/2016,21.02
01/13/2016,20.66
01/14/2016,20.98
01/15/2016,20.33
01/19/2016,20.35
01/20/2016,19.84
01/21/2016,20.19
01/22/2016,20.48
01/25/2016,20.22
01/26/2016,19.94
01/27/2016,20.01
01/28/2016,19.85
01/29/2016,19.31
02/01/2016,19.66
02/02/2016,18.64
02/03/2016,18.81
02/04/2016,18.64
02/05/2016,18.48
02/08/2016,17.35
02/09/2016,17.29
02/10/2016,17.05
02/11/2016,16.44
02/12/2016,17.48
02/16/2016,17.78
02/17/2016,18.19
02/18/2016,17.59
02/19/2016,17.48
02/22/2016,17.66
02/23/2016,17.45
02/24/2016,17.42
02/25/2016,16.97
02/26/2016,17.62
02/29/2016,17.4
03/01/2016,18.34
03/02/2016,18.48
03/03/2016,18.3
03/04/2016,18.83
03/07/2016,19.02
03/08/2016,18.32
03/09/2016,18.92
03/10/2016,19.29
03/11/2016,19.77
03/14/2016,19.63
03/15/2016,19.59
03/16/2016,19.38
03/17/2016,19.03
03/18/2016,18.71
03/21/2016,19.23
03/22/2016,19.35
03/23/2016,18.75
03/24/2016,19.0
03/28/2016,18.7
03/29/2016,18.14
03/30/2016,18.3
03/31/2016,17.86
04/01/2016,17.92
04/04/2016,17.79
04/05/2016,17.27
04/06/2016,17.55
04/07/2016,16.91
04/08/2016,17.2
04/11/2016,17.24
04/12/2016,17.81
04/13/2016,17.62
04/14/2016,17.81
04/15/2016,17.52
04/18/2016,17.73
04/19/2016,17.83
04/20/2016,18.54
04/21/2016,18.7
04/22/2016,18.88
04/25/2016,19.02
04/26/2016,19.31
04/27/2016,18.6
04/28/2016,18.38
04/29/2016,18.19
05/02/2016,18.65
05/03/2016,18.0
05/04/2016,17.84
05/05/2016,17.47
05/06/2016,17.79
05/09/2016,17.6
05/10/2016,17.6
05/11/2016,17.37
05/12/2016,17.57
05/13/2016,17.05
05/16/2016,17.53
05/17/2016,17.59
05/18/2016,18.8
05/19/2016,18.45
05/20/2016,18.49
05/23/2016,18.38
05/24/2016,18.59
05/25/2016,18.7
05/26/2016,18.23
05/27/2016,18.51
05/31/2016,18.34
06/01/2016,18.46
06/02/2016,18.11
06/03/2016,17.04
06/06/2016,17.23
06/07/2016,17.13
06/08/2016,17.06
06/09/2016,16.8
06/10/2016,16.39
06/13/2016,16.16
06/14/2016,16.11
06/15/2016,15.96
06/16/2016,15.64
06/17/2016,16.18
06/20/2016,16.7
06/21/2016,16.97
06/22/2016,16.85
06/23/2016,17.39
06/24/2016,15.79
06/27/2016,14.6
06/28/2016,14.61
06/29/2016,14.77
06/30/2016,14.88
07/01/2016,14.56
07/05/2016,13.67
07/06/2016,13.85
07/07/2016,13.87
07/08/2016,13.66
07/11/2016,14.34
07/12/2016,15.13
07/13/2016,14.68
07/14/2016,15.31
07/15/2016,15.94
07/18/2016,15.87
07/19/2016,15.58
07/20/2016,15.8
07/21/2016,15.65
07/22/2016,15.7
07/25/2016,15.71
07/26/2016,15.63
07/27/2016,15.15
07/28/2016,15.11
07/29/2016,14.58
08/01/2016,14.96
08/02/2016,15.37
08/03/2016,15.42
08/04/2016,15.03
08/05/2016,15.82
08/08/2016,15.83
08/09/2016,15.45
08/10/2016,15.09
08/11/2016,15.73
08/12/2016,15.15
08/15/2016,15.53
08/16/2016,15.76
08/17/2016,15.61
08/18/2016,15.36
08/19/2016,15.78
08/22/2016,15.39
08/23/2016,15.53
08/24/2016,15.59
08/25/2016,15.77
08/26/2016,16.35
08/29/2016,15.66
08/30/2016,15.7
08/31/2016,15.68
09/01/2016,15.7
09/02/2016,15.96
09/06/2016,15.43
09/07/2016,15.41
09/08/2016,16.16
09/09/2016,16.72
09/12/2016,16.72
09/13/2016,17.34
09/14/2016,16.89
09/15/2016,17.03
09/16/2016,17.01
09/19/2016,16.96
09/20/2016,16.88
09/21/2016,16.68
09/22/2016,16.32
09/23/2016,16.15
09/26/2016,15.89
09/27/2016,15.56
09/28/2016,15.67
09/29/2016,15.57
09/30/2016,16.08
10/03/2016,16.22
10/04/2016,16.83
10/05/2016,17.16
10/06/2016,17.42
10/07/2016,17.36
10/10/2016,17.23
10/11/2016,17.59
10/12/2016,17.78
10/13/2016,17.38
10/14/2016,17.94
10/17/2016,17.66
10/18/2016,17.49
10/19/2016,17.52
10/20/2016,17.47
10/21/2016,17.4
10/24/2016,17.63
10/25/2016,17.58
10/26/2016,17.9
10/27/2016,18.43
10/28/2016,18.45
10/31/2016,18.34
11/01/2016,18.2
11/02/2016,17.99
11/03/2016,18.12
11/04/2016,17.83
11/07/2016,18.28
11/08/2016,18.62
11/09/2016,20.72
11/10/2016,21.17
11/14/2016,22.22
11/15/2016,22.38
11/16/2016,22.23
11/17/2016,22.76
11/18/2016,23.35
11/21/2016,23.39
11/22/2016,23.21
11/23/2016,23.57
11/25/2016,23.72
11/28/2016,23.2
11/29/2016,23.02
11/30/2016,23.68
12/01/2016,24.41
12/02/2016,23.9
12/05/2016,23.87
12/06/2016,23.96
12/07/2016,23.47
12/08/2016,23.87
12/09/2016,24.64
12/12/2016,24.79
12/13/2016,24.81
12/14/2016,25.25
12/15/2016,25.8
12/16/2016,25.97
12/19/2016,25.42
12/20/2016,25.68
12/21/2016,25.46
12/22/2016,25.53
12/23/2016,25.43
12/27/2016,25.63
12/28/2016,25.06
12/29/2016,24.77
12/30/2016,24.46
01/03/2017,24.5
01/04/2017,24.52
01/05/2017,23.68
01/06/2017,24.18
01/09/2017,23.76
01/10/2017,23.79
01/11/2017,23.7
01/12/2017,23.61
01/13/2017,23.8
01/17/2017,23.27
01/18/2017,23.89
01/19/2017,24.59
01/20/2017,24.67
01/23/2017,24.03
01/24/2017,24.71
01/25/2017,25.23
01/26/2017,25.08
01/27/2017,24.81
01/30/2017,24.83
01/31/2017,24.51
02/01/2017,24.74
02/02/2017,24.7
02/03/2017,24.91
02/06/2017,24.13
02/07/2017,23.89
02/08/2017,23.51
02/09/2017,23.95
02/10/2017,24.09
02/13/2017,24.34
02/14/2017,24.7
02/15/2017,25.02
02/16/2017,24.5
02/17/2017,24.25
02/21/2017,24.27
02/22/2017,24.18
02/23/2017,23.88
02/24/2017,23.17
02/27/2017,23.69
02/28/2017,23.58
03/01/2017,24.63
03/02/2017,24.89
03/03/2017,24.92
03/06/2017,24.94
03/07/2017,25.11
03/08/2017,25.52
03/09/2017,25.98
03/10/2017,25.82
03/13/2017,26.08
03/14/2017,25.95
03/15/2017,25.08
03/16/2017,25.22
03/17/2017,25.01
03/20/2017,24.73
03/21/2017,24.36
03/22/2017,23.96
03/23/2017,24.18
03/24/2017,24.0
03/27/2017,23.73
03/28/2017,24.09
03/29/2017,23.86
03/30/2017,24.16
03/31/2017,23.96
04/03/2017,23.5
04/04/2017,23.5
04/05/2017,23.57
04/06/2017,23.43
04/07/2017,23.73
04/10/2017,23.61
04/11/2017,22.98
04/12/2017,22.96
04/13/2017,22.32
04/17/2017,22.52
04/18/2017,21.79
04/19/2017,22.02
04/20/2017,22.41
04/21/2017,22.37
04/24/2017,22.73
04/25/2017,23.27
04/26/2017,23.11
04/27/2017,22.96
04/28/2017,22.82
05/01/2017,23.25
05/02/2017,22.96
05/03/2017,23.09
05/04/2017,23.56
05/05/2017,23.52
05/08/2017,23.76
05/09/2017,24.07
05/10/2017,24.14
05/11/2017,24.0
05/12/2017,23.35
05/15/2017,23.38
05/16/2017,23.29
05/17/2017,22.16
05/18/2017,22.33
05/19/2017,22.45
05/22/2017,22.54
05/23/2017,22.85
05/24/2017,22.66
05/25/2017,22.55
05/26/2017,22.5
05/30/2017,22.17
05/31/2017,21.96
06/01/2017,22.17
06/02/2017,21.59
06/05/2017,21.82
06/06/2017,21.47
06/07/2017,21.78
06/08/2017,21.94
06/09/2017,21.99
06/12/2017,22.13
06/13/2017,22.07
06/14/2017,21.38
06/15/2017,21.62
06/16/2017,21.57
06/19/2017,21.9
06/20/2017,21.53
06/21/2017,21.55
06/22/2017,21.53
06/23/2017,21.44
06/26/2017,21.37
06/27/2017,21.98
06/28/2017,22.21
06/29/2017,22.67
06/30/2017,23.02
07/03/2017,23.46
07/05/2017,23.34
07/06/2017,23.7
07/07/2017,23.93
07/10/2017,23.71
07/11/2017,23.62
07/12/2017,23.27
07/13/2017,23.48
07/14/2017,23.19
07/17/2017,23.09
07/18/2017,22.63
07/19/2017,22.68
07/20/2017,22.66
07/21/2017,22.32
07/24/2017,22.54
07/25/2017,23.26
07/26/2017,22.82
07/27/2017,23.1
07/28/2017,22.89
07/31/2017,22.92
08/01/2017,22.51
08/02/2017,22.62
08/03/2017,22.28
08/04/2017,22.67
08/07/2017,22.57
08/08/2017,22.83
08/09/2017,22.41
08/10/2017,22.12
08/11/2017,21.89
08/14/2017,22.19
08/15/2017,22.66
08/16/2017,22.26
08/17/2017,21.99
08/18/2017,21.94
08/21/2017,21.8
08/22/2017,22.15
08/23/2017,21.71
08/24/2017,21.94
08/25/2017,21.69
08/28/2017,21.59
08/29/2017,21.36
08/30/2017,21.43
08/31/2017,21.21
09/01/2017,21.57
09/05/2017,20.7
09/06/2017,21.08
09/07/2017,20.61
09/08/2017,20.61
09/11/2017,21.25
09/12/2017,21.71
09/13/2017,21.95
09/14/2017,21.97
09/15/2017,22.02
09/18/2017,22.29
09/19/2017,22.43
09/20/2017,22.77
09/21/2017,22.78
09/22/2017,22.62
09/25/2017,22.2
09/26/2017,22.29
09/27/2017,23.09
09/28/2017,23.09
09/29/2017,23.26
10/02/2017,23.37
10/03/2017,23.34
10/04/2017,23.3
10/05/2017,23.5
10/06/2017,23.7
10/09/2017,23.61
10/10/2017,23.45
10/11/2017,23.45
10/12/2017,23.23
10/13/2017,22.8
10/16/2017,23.07
10/17/2017,22.98
10/18/2017,23.39
10/19/2017,23.21
10/20/2017,23.81
10/23/2017,23.76
10/24/2017,24.06
10/25/2017,24.44
10/26/2017,24.52
10/27/2017,24.28
10/30/2017,23.7
10/31/2017,23.76
11/01/2017,23.76
11/02/2017,23.47
11/03/2017,23.43
11/06/2017,23.2
11/07/2017,23.07
11/08/2017,23.25
11/09/2017,23.31
11/10/2017,24.0
11/13/2017,24.0
11/14/2017,23.81
11/15/2017,23.35
11/16/2017,23.61
11/17/2017,23.54
11/20/2017,23.72
11/21/2017,23.63
11/22/2017,23.22
11/24/2017,23.4
11/27/2017,23.28
11/28/2017,23.38
11/29/2017,23.76
11/30/2017,24.17
12/01/2017,23.62
12/04/2017,23.79
12/05/2017,23.56
12/06/2017,23.3
12/07/2017,23.76
12/08/2017,23.83
12/11/2017,23.85
12/12/2017,24.03
12/13/2017,23.49
12/14/2017,23.46
12/15/2017,23.55
12/18/2017,23.92
12/19/2017,24.63
12/20/2017,24.97
12/21/2017,24.81
12/22/2017,24.85
12/26/2017,24.67
12/27/2017,24.14
12/28/2017,24.32
12/29/2017,24.05
01/02/2018,24.65
01/03/2018,24.47
01/04/2018,24.53
01/05/2018,24.76
01/08/2018,24.8
01/09/2018,25.46
01/10/2018,25.5
01/11/2018,25.31
01/12/2018,25.52
01/16/2018,25.44
01/17/2018,25.78
01/18/2018,26.11
01/19/2018,26.39
01/22/2018,26.65
01/23/2018,26.24
01/24/2018,26.54
01/25/2018,26.21
01/26/2018,26.62
01/29/2018,26.99
01/30/2018,27.26
01/31/2018,27.2
02/01/2018,27.73
02/02/2018,28.54
02/05/2018,27.94
02/06/2018,27.68
02/07/2018,28.44
02/08/2018,28.51
02/09/2018,28.29
02/12/2018,28.57
02/13/2018,28.4
02/14/2018,29.13
02/15/2018,28.91
02/16/2018,28.77
02/20/2018,28.93
02/21/2018,29.43
02/22/2018,29.17
02/23/2018,28.71
02/26/2018,28.59
02/27/2018,29.08
02/28/2018,28.68
03/01/2018,28.04
03/02/2018,28.57
03/05/2018,28.81
03/06/2018,28.77
03/07/2018,28.83
03/08/2018,28.66
03/09/2018,28.94
03/12/2018,28.7
03/13/2018,28.48
03/14/2018,28.17
03/15/2018,28.26
03/16/2018,28.48
03/19/2018,28.45
03/20/2018,28.79
03/21/2018,29.07
03/22/2018,28.32
03/23/2018,28.3
03/26/2018,28.43
03/27/2018,27.86
03/28/2018,27.75
03/29/2018,27.41
04/02/2018,27.32
04/03/2018,27.84
04/04/2018,27.88
04/05/2018,28.32
04/06/2018,27.75
04/09/2018,27.86
04/10/2018,27.97
04/11/2018,27.9
04/12/2018,28.34
04/13/2018,28.29
04/16/2018,28.32
04/17/2018,28.14
04/18/2018,28.67
04/19/2018,29.14
04/20/2018,29.51
04/23/2018,29.73
04/24/2018,29.83
04/25/2018,30.24
04/26/2018,29.9
04/27/2018,29.57
04/30/2018,29.36
05/01/2018,29.76
05/02/2018,29.64
05/03/2018,29.46
05/04/2018,29.44
05/07/2018,29.5
05/08/2018,29.69
05/09/2018,30.04
05/10/2018,29.71
05/11/2018,29.71
05/14/2018,29.95
05/15/2018,30.8
05/16/2018,30.95
05/17/2018,31.09
05/18/2018,30.67
05/21/2018,30.65
05/22/2018,30.65
05/23/2018,30.03
05/24/2018,29.81
05/25/2018,29.31
05/29/2018,27.68
05/30/2018,28.42
05/31/2018,28.22
06/01/2018,28.95
06/04/2018,29.37
06/05/2018,29.19
06/06/2018,29.75
06/07/2018,29.33
06/08/2018,29.37
06/11/2018,29.57
06/12/2018,29.57
06/13/2018,29.77
06/14/2018,29.46
06/15/2018,29.24
06/18/2018,29.26
06/19/2018,28.93
06/20/2018,29.28
06/21/2018,28.97
06/22/2018,29.0
06/25/2018,28.75
06/26/2018,28.8
06/27/2018,28.27
06/28/2018,28.47
06/29/2018,28.49
07/02/2018,28.66
07/03/2018,28.38
07/05/2018,28.4
07/06/2018,28.31
07/09/2018,28.6
07/10/2018,28.73
07/11/2018,28.42
07/12/2018,28.53
07/13/2018,28.31
07/16/2018,28.58
07/17/2018,28.64
07/18/2018,28.75
07/19/2018,28.47
07/20/2018,28.95
07/23/2018,29.65
07/24/2018,29.49
07/25/2018,29.36
07/26/2018,29.75
07/27/2018,29.6
07/30/2018,29.75
07/31/2018,29.64
08/01/2018,30.03
08/02/2018,29.86
08/03/2018,29.53
08/06/2018,29.38
08/07/2018,29.73
08/08/2018,29.71
08/09/2018,29.35
08/10/2018,28.57
08/13/2018,28.77
08/14/2018,28.95
08/15/2018,28.52
08/16/2018,28.71
08/17/2018,28.73
08/20/2018,28.23
08/21/2018,28.44
08/22/2018,28.23
08/23/2018,28.21
08/24/2018,28.26
08/27/2018,28.48
08/28/2018,28.84
08/29/2018,28.84
08/30/2018,28.6
08/31/2018,28.53
09/04/2018,29.02
09/05/2018,29.02
09/06/2018,28.79
09/07/2018,29.42
09/10/2018,29.37
09/11/2018,29.77
09/12/2018,29.63
09/13/2018,29.63
09/14/2018,29.94
09/17/2018,30.01
09/18/2018,30.48
09/19/2018,30.83
09/20/2018,30.78
09/21/2018,30.68
09/24/2018,30.78
09/25/2018,31.02
09/26/2018,30.61
09/27/2018,30.56
09/28/2018,30.56
10/01/2018,30.8
10/02/2018,30.56
10/03/2018,31.61
10/04/2018,31.97
10/05/2018,32.25
10/08/2018,32.33
10/09/2018,32.08
10/10/2018,32.25
10/11/2018,31.33
10/12/2018,31.41
10/15/2018,31.63
10/16/2018,31.56
10/17/2018,31.79
10/18/2018,31.75
10/19/2018,31.98
10/22/2018,31.96
10/23/2018,31.66
10/24/2018,31.24
10/25/2018,31.36
10/26/2018,30.77
10/29/2018,30.87
10/30/2018,31.1
10/31/2018,31.59
11/01/2018,31.44
11/02/2018,32.14
11/05/2018,32.01
11/06/2018,32.14
11/07/2018,32.13
11/08/2018,32.34
11/09/2018,31.89
11/12/2018,31.86
11/13/2018,31.45
11/14/2018,31.2
11/15/2018,31.18
11/16/2018,30.74
11/19/2018,30.57
11/20/2018,30.48
11/21/2018,30.61
11/23/2018,30.54
11/26/2018,30.72
11/27/2018,30.55
11/28/2018,30.44
11/29/2018,30.35
11/30/2018,30.13
12/03/2018,29.92
12/04/2018,29.24
12/06/2018,28.76
12/07/2018,28.5
12/10/2018,28.56
12/11/2018,28.79
12/12/2018,29.06
12/13/2018,29.11
12/14/2018,28.91
12/17/2018,28.57
12/18/2018,28.25
12/19/2018,27.78
12/20/2018,27.89
12/21/2018,27.92
12/24/2018,27.49
12/26/2018,27.97
12/27/2018,27.43
12/28/2018,27.36
12/31/2018,26.86
01/02/2019,26.61
01/03/2019,25.54
01/04/2019,26.59
01/07/2019,26.82
01/08/2019,27.16
01/09/2019,27.28
01/10/2019,27.31
01/11/2019,27.01
01/14/2019,27.1
01/15/2019,27.11
01/16/2019,27.31
01/17/2019,27.49
01/18/2019,27.84
01/22/2019,27.3
01/23/2019,27.55
01/24/2019,27.12
01/25/2019,27.53
01/28/2019,27.44
01/29/2019,27.12
01/30/2019,26.95
01/31/2019,26.35
02/01/2019,26.91
02/04/2019,27.24
02/05/2019,27.02
02/06/2019,27.02
02/07/2019,26.52
02/08/2019,26.32
02/11/2019,26.61
02/12/2019,26.84
02/13/2019,27.08
02/14/2019,26.57
02/15/2019,26.66
02/19/2019,26.47
02/20/2019,26.54
02/21/2019,26.88
02/22/2019,26.55
02/25/2019,26.73
02/26/2019,26.36
02/27/2019,26.93
02/28/2019,27.11
03/01/2019,27.55
03/04/2019,27.22
03/05/2019,27.22
03/06/2019,26.92
03/07/2019,26.36
03/08/2019,26.25
03/11/2019,26.43
03/12/2019,26.05
03/13/2019,26.11
03/14/2019,26.3
03/15/2019,25.93
03/18/2019,26.02
03/19/2019,26.14
03/20/2019,25.35
03/21/2019,25.37
03/22/2019,24.55
03/25/2019,24.2
03/26/2019,24.14
03/27/2019,23.74
03/28/2019,23.89
03/29/2019,24.14
04/01/2019,24.97
04/02/2019,24.81
04/03/2019,25.17
04/04/2019,25.12
04/05/2019,25.01
04/08/2019,25.19
04/09/2019,24.99
04/10/2019,24.77
04/11/2019,25.04
04/12/2019,25.6
04/15/2019,25.53
04/16/2019,25.92
04/17/2019,25.92
04/18/2019,25.6
04/22/2019,25.9
04/23/2019,25.7
04/24/2019,25.22
04/25/2019,25.34
04/26/2019,25.05
04/29/2019,25.36
04/30/2019,25.09
05/01/2019,25.11
05/02/2019,25.52
05/03/2019,25.31
05/06/2019,25.0
05/07/2019,24.48
05/08/2019,24.82
05/09/2019,24.57
05/10/2019,24.55
05/13/2019,24.05
05/14/2019,24.19
05/15/2019,23.79
05/16/2019,24.05
05/17/2019,23.93
05/20/2019,24.16
05/21/2019,24.26
05/22/2019,23.93
05/23/2019,22.96
05/24/2019,23.24
05/28/2019,22.68
05/29/2019,22.36
05/30/2019,22.27
05/31/2019,21.42
06/03/2019,20.81
06/04/2019,21.19
06/05/2019,21.23
06/06/2019,21.24
06/07/2019,20.84
06/10/2019,21.43
06/11/2019,21.4
06/12/2019,21.27
06/13/2019,20.91
06/14/2019,20.93
06/17/2019,20.86
06/18/2019,20.6
06/19/2019,20.29
06/20/2019,20.01
06/21/2019,20.68
06/24/2019,20.21
06/25/2019,19.94
06/26/2019,20.49
06/27/2019,20.05
06/28/2019,20.0
07/01/2019,20.34
07/02/2019,19.76
07/03/2019,19.53
07/05/2019,20.48
07/08/2019,20.34
07/09/2019,20.54
07/10/2019,20.61
07/11/2019,21.2
07/12/2019,21.06
07/15/2019,20.92
07/16/2019,21.22
07/17/2019,20.61
07/18/2019,20.38
07/19/2019,20.48
07/22/2019,20.43
07/23/2019,20.74
07/24/2019,20.5
07/25/2019,20.74
07/26/2019,20.81
07/29/2019,20.55
07/30/2019,20.61
07/31/2019,20.21
08/01/2019,18.94
08/02/2019,18.55
08/05/2019,17.35
08/06/2019,17.39
08/07/2019,16.84
08/08/2019,17.16
08/09/2019,17.34
08/12/2019,16.39
08/13/2019,16.8
08/14/2019,15.81
08/15/2019,15.29
08/16/2019,15.39
08/19/2019,15.98
08/20/2019,15.61
08/21/2019,15.77
08/22/2019,16.1
08/23/2019,15.28
08/26/2019,15.45
08/27/2019,14.9
08/28/2019,14.66
08/29/2019,15.16
08/30/2019,15.06
09/03/2019,14.66
09/04/2019,14.59
09/05/2019,15.65
09/06/2019,15.5
09/09/2019,16.22
09/10/2019,17.02
09/11/2019,17.33
09/12/2019,17.91
09/13/2019,19.03
09/16/2019,18.41
09/17/2019,18.12
09/18/2019,17.86
09/19/2019,17.74
09/20/2019,17.55
09/23/2019,17.08
09/24/2019,16.35
09/25/2019,17.32
09/26/2019,16.85
09/27/2019,16.75
09/30/2019,16.75
10/01/2019,16.44
10/02/2019,15.96
10/03/2019,15.36
10/04/2019,15.15
10/07/2019,15.53
10/08/2019,15.37
10/09/2019,15.89
10/10/2019,16.58
10/11/2019,17.52
10/14/2019,17.33
10/15/2019,17.71
10/16/2019,17.48
10/17/2019,17.57
10/18/2019,17.47
10/21/2019,17.92
10/22/2019,17.68
10/23/2019,17.59
10/24/2019,17.66
10/25/2019,18.01
10/28/2019,18.53
10/29/2019,18.35
10/30/2019,17.98
10/31/2019,16.91
11/01/2019,17.28
11/04/2019,17.86
11/05/2019,18.66
11/06/2019,18.14
11/07/2019,19.26
11/08/2019,19.33
11/11/2019,19.43
11/12/2019,19.09
11/13/2019,18.7
11/14/2019,18.15
11/15/2019,18.34
11/18/2019,18.08
11/19/2019,17.86
11/20/2019,17.38
11/21/2019,17.72
11/22/2019,17.74
11/25/2019,17.64
11/26/2019,17.4
11/27/2019,17.67
11/29/2019,17.76
12/02/2019,18.36
12/03/2019,17.09
12/04/2019,17.81
12/05/2019,17.97
12/06/2019,18.42
12/09/2019,18.29
12/10/2019,18.33
12/11/2019,17.9
12/12/2019,18.97
12/13/2019,18.19
12/16/2019,18.92
12/17/2019,18.89
12/18/2019,19.24
12/19/2019,19.08
12/20/2019,19.17
12/23/2019,19.35
12/24/2019,19.1
12/26/2019,19.05
12/27/2019,18.74
12/30/2019,18.95
12/31/2019,19.19
01/02/2020,18.82
01/03/2020,17.88
01/06/2020,18.11
01/07/2020,18.27
01/08/2020,18.74
01/09/2020,18.58
01/10/2020,18.25
01/13/2020,18.48
01/14/2020,18.18
01/15/2020,17.88
01/16/2020,18.09
01/17/2020,18.36
01/21/2020,17.69
01/22/2020,17.69
01/23/2020,17.4
01/24/2020,16.81
01/27/2020,16.05
01/28/2020,16.41
01/29/2020,15.94
01/30/2020,15.58
01/31/2020,15.2
02/03/2020,15.2
02/04/2020,16.03
02/05/2020,16.49
02/06/2020,16.44
02/07/2020,15.78
02/10/2020,15.47
02/11/2020,15.9
02/12/2020,16.3
02/13/2020,16.17
02/14/2020,15.88
02/18/2020,15.56
02/19/2020,15.7
02/20/2020,15.25
02/21/2020,14.71
02/24/2020,13.77
02/25/2020,13.3
02/26/2020,13.1
02/27/2020,12.99
02/28/2020,11.27
03/02/2020,10.88
03/03/2020,10.1
03/04/2020,9.92
03/05/2020,9.26
03/06/2020,7.06
03/09/2020,4.99
03/10/2020,7.48
03/11/2020,8.2
03/12/2020,8.49
03/13/2020,9.51
03/16/2020,7.28
03/17/2020,9.97
03/18/2020,12.66
03/19/2020,11.19
03/20/2020,9.38
03/23/2020,7.64
03/24/2020,8.16
03/25/2020,8.58
03/26/2020,8.11
03/27/2020,7.49
03/30/2020,6.7
03/31/2020,6.98
04/01/2020,6.35
04/02/2020,6.27
04/03/2020,5.87
04/06/2020,6.76
04/07/2020,7.36
04/08/2020,7.64
04/09/2020,7.29
04/13/2020,7.49
04/14/2020,7.52
04/15/2020,6.38
04/16/2020,6.09
04/17/2020,6.54
04/20/2020,6.26
04/21/2020,5.71
04/22/2020,6.19
04/23/2020,6.13
04/24/2020,5.96
04/27/2020,6.56
04/28/2020,6.1
04/29/2020,6.27
04/30/2020,6.22
05/01/2020,6.42
05/04/2020,6.37
05/05/2020,6.57
05/06/2020,7.11
05/07/2020,6.31
05/08/2020,6.82
05/11/2020,7.26
05/12/2020,6.78
05/13/2020,6.49
05/14/2020,6.19
05/15/2020,6.4
05/18/2020,7.44
05/19/2020,7.11
05/20/2020,6.8
05/21/2020,6.77
05/22/2020,6.57
05/26/2020,6.98
05/27/2020,6.8
05/28/2020,7.05
05/29/2020,6.48
06/01/2020,6.62
06/02/2020,6.8
06/03/2020,7.61
06/04/2020,8.2
06/05/2020,9.04
06/08/2020,8.84
06/09/2020,8.29
06/10/2020,7.48
06/11/2020,6.53
06/12/2020,6.99
06/15/2020,7.02
06/16/2020,7.56
06/17/2020,7.33
06/18/2020,6.94
06/19/2020,6.97
06/22/2020,7.04
06/23/2020,7.09
06/24/2020,6.84
06/25/2020,6.74
06/26/2020,6.36
06/29/2020,6.36
06/30/2020,6.53
07/01/2020,6.82
07/02/2020,6.69
07/06/2020,6.84
07/07/2020,6.5
07/08/2020,6.53
07/09/2020,6.05
07/10/2020,6.33
07/13/2020,6.4
07/14/2020,6.15
07/15/2020,6.3
07/16/2020,6.12
07/17/2020,6.28
07/20/2020,6.2
07/21/2020,6.07
07/22/2020,5.95
07/23/2020,5.82
07/24/2020,5.89
07/27/2020,6.09
07/28/2020,5.81
07/29/2020,5.79
07/30/2020,5.41
07/31/2020,5.36
08/03/2020,5.63
08/04/2020,5.15
08/05/2020,5.43
08/06/2020,5.36
08/07/2020,5.62
08/10/2020,5.74
08/11/2020,6.58
08/12/2020,6.7
08/13/2020,7.16
08/14/2020,7.09
08/17/2020,6.83
08/18/2020,6.69
08/19/2020,6.75
08/20/2020,6.44
08/21/2020,6.4
08/24/2020,6.46
08/25/2020,6.82
08/26/2020,6.87
08/27/2020,7.46
08/28/2020,7.29
08/31/2020,6.93
09/01/2020,6.72
09/02/2020,6.51
09/03/2020,6.22
09/04/2020,7.21
09/08/2020,6.84
09/09/2020,7.03
09/10/2020,6.85
09/11/2020,6.69
09/14/2020,6.71
09/15/2020,6.79
09/16/2020,6.87
09/17/2020,6.84
09/18/2020,6.94
09/21/2020,6.71
09/22/2020,6.64
09/23/2020,6.76
09/24/2020,6.66
09/25/2020,6.59
09/28/2020,6.63
09/29/2020,6.45
09/30/2020,6.77
10/01/2020,6.77
10/02/2020,6.96
10/05/2020,7.62
10/06/2020,7.42
10/07/2020,7.85
10/08/2020,7.65
10/09/2020,7.75
10/12/2020,7.77
10/13/2020,7.27
10/14/2020,7.22
10/15/2020,7.31
10/16/2020,7.44
10/19/2020,7.61
10/20/2020,7.97
10/21/2020,8.16
10/22/2020,8.48
10/23/2020,8.41
10/26/2020,8.01
10/27/2020,7.78
10/28/2020,7.81
10/29/2020,8.35
10/30/2020,8.6
11/02/2020,8.49
11/03/2020,8.82
11/04/2020,7.68
11/05/2020,7.76
11/06/2020,8.2
11/09/2020,9.58
11/10/2020,9.72
11/11/2020,9.58
11/12/2020,8.85
11/13/2020,8.93
11/16/2020,9.06
11/17/2020,8.72
11/18/2020,8.82
11/19/2020,8.54
11/20/2020,8.29
11/23/2020,8.57
11/24/2020,8.82
11/25/2020,8.78
11/27/2020,8.42
11/30/2020,8.44
12/01/2020,9.34
12/02/2020,9.48
12/03/2020,9.2
12/04/2020,9.69
12/07/2020,9.28
12/08/2020,9.13
12/09/2020,9.41
12/10/2020,9.08
12/11/2020,8.93
12/14/2020,8.92
12/15/2020,9.23
12/16/2020,9.2
12/17/2020,9.3
12/18/2020,9.48
12/21/2020,9.41
12/22/2020,9.18
12/23/2020,9.55
12/24/2020,9.26
12/28/2020,9.33
12/29/2020,9.35
12/30/2020,9.26
12/31/2020,9.17
01/04/2021,9.17
01/05/2021,9.55
01/06/2021,10.42
01/07/2021,10.71
01/08/2021,11.05
01/11/2021,11.32
01/12/2021,11.38
01/13/2021,10.88
01/14/2021,11.29
01/15/2021,10.97
01/19/2021,10.92
01/20/2021,10.9
01/21/2021,11.09
01/22/2021,10.91
01/25/2021,10.4
01/26/2021,10.4
01/27/2021,10.14
01/28/2021,10.57
01/29/2021,10.93
02/01/2021,10.77
02/02/2021,11.05
02/03/2021,11.31
02/04/2021,11.39
02/05/2021,11.7
02/08/2021,11.6
02/09/2021,11.57
02/10/2021,11.33
02/11/2021,11.58
02/12/2021,12.0
02/16/2021,12.99
02/17/2021,13.01
02/18/2021,12.87
02/19/2021,13.45
02/22/2021,13.7
02/23/2021,13.62
02/24/2021,13.89
02/25/2021,15.18
02/26/2021,14.6
03/01/2021,14.46
03/02/2021,14.15
03/03/2021,14.7
03/04/2021,15.5
03/05/2021,15.54
03/08/2021,15.96
03/09/2021,15.46
03/10/2021,15.2
03/11/2021,15.27
03/12/2021,16.35
03/15/2021,16.07
03/16/2021,16.21
03/17/2021,16.41
03/18/2021,17.3
03/19/2021,17.32
03/22/2021,16.84
03/23/2021,16.38
03/24/2021,16.14
03/25/2021,16.14
03/26/2021,16.6
03/29/2021,17.21
03/30/2021,17.26
03/31/2021,17.46
04/01/2021,16.79
04/05/2021,17.2
04/06/2021,16.56
04/07/2021,16.53
04/08/2021,16.32
04/09/2021,16.66
04/12/2021,16.75
04/13/2021,16.23
04/14/2021,16.38
04/15/2021,15.3
04/16/2021,15.73
04/19/2021,16.01
04/20/2021,15.62
04/21/2021,15.64
04/22/2021,15.54
04/23/2021,15.67
04/26/2021,15.7
04/27/2021,16.22
04/28/2021,16.2
04/29/2021,16.4
04/30/2021,16.31
05/03/2021,16.07
05/04/2021,15.92
05/05/2021,15.84
05/06/2021,15.61
05/07/2021,15.77
05/10/2021,16.02
05/11/2021,16.24
05/12/2021,16.95
05/13/2021,16.68
05/14/2021,16.35
05/17/2021,16.4
05/18/2021,16.42
05/19/2021,16.83
05/20/2021,16.34
05/21/2021,16.32
05/24/2021,16.08
05/25/2021,15.64
05/26/2021,15.74
05/27/2021,16.1
05/28/2021,15.81
06/01/2021,16.15
06/02/2021,15.91
06/03/2021,16.25
06/04/2021,15.6
06/07/2021,15.69
06/08/2021,15.28
06/09/2021,14.89
06/10/2021,14.59
06/11/2021,14.62
06/14/2021,15.01
06/15/2021,14.99
06/16/2021,15.69
06/17/2021,15.11
06/18/2021,14.5
06/21/2021,14.84
06/22/2021,14.72
06/23/2021,14.87
06/24/2021,14.87
06/25/2021,15.36
06/28/2021,14.78
06/29/2021,14.8
06/30/2021,14.43
07/01/2021,14.8
07/02/2021,14.31
07/06/2021,13.7
07/07/2021,13.21
07/08/2021,12.88
07/09/2021,13.56
07/12/2021,13.63
07/13/2021,14.15
07/14/2021,13.56
07/15/2021,12.97
07/16/2021,13.0
07/19/2021,11.81
07/20/2021,12.09
07/21/2021,12.8
07/22/2021,12.65
07/23/2021,12.86
07/26/2021,12.76
07/27/2021,12.34
07/28/2021,12.61
07/29/2021,12.69
07/30/2021,12.39
08/02/2021,11.74
08/03/2021,11.76
08/04/2021,11.84
08/05/2021,12.17
08/06/2021,12.9
08/09/2021,13.17
08/10/2021,13.42
08/11/2021,13.39
08/12/2021,13.67
08/13/2021,12.97
08/16/2021,12.57
08/17/2021,12.58
08/18/2021,12.73
08/19/2021,12.42
08/20/2021,12.6
08/23/2021,12.55
08/24/2021,12.9
08/25/2021,13.42
08/26/2021,13.42
08/27/2021,13.12
08/30/2021,12.85
08/31/2021,13.04
09/01/2021,13.02
09/02/2021,12.94
09/03/2021,13.22
09/07/2021,13.7
09/08/2021,13.34
09/09/2021,12.99
09/10/2021,13.41
09/13/2021,13.24
09/14/2021,12.77
09/15/2021,13.04
09/16/2021,13.31
09/17/2021,13.7
09/20/2021,13.09
09/21/2021,13.24
09/22/2021,13.36
09/23/2021,14.1
09/24/2021,14.6
09/27/2021,14.84
09/28/2021,15.34
09/29/2021,15.41
09/30/2021,15.29
10/01/2021,14.65
10/04/2021,14.81
10/05/2021,15.29
10/06/2021,15.24
10/07/2021,15.71
10/08/2021,16.05
10/11/2021,16.14
10/12/2021,15.8
10/13/2021,15.49
10/14/2021,15.19
10/15/2021,15.76
10/18/2021,15.84
10/19/2021,16.35
10/20/2021,16.36
10/21/2021,16.76
10/22/2021,16.55
10/25/2021,16.35
10/26/2021,16.19
10/27/2021,15.29
10/28/2021,15.68
10/29/2021,15.57
11/01/2021,15.75
11/02/2021,15.49
11/03/2021,15.79
11/04/2021,15.24
11/05/2021,14.53
11/08/2021,14.97
11/09/2021,14.32
11/10/2021,15.6
11/11/2021,15.6
11/12/2021,15.82
11/15/2021,16.23
11/16/2021,16.34
11/17/2021,16.04
11/18/2021,15.89
11/19/2021,15.36
11/22/2021,16.25
11/23/2021,16.67
11/24/2021,16.45
11/26/2021,14.82
11/29/2021,15.3
11/30/2021,14.43
12/01/2021,14.34
12/02/2021,14.48
12/03/2021,13.43
12/06/2021,14.34
12/07/2021,14.8
12/08/2021,15.09
12/09/2021,14.87
12/10/2021,14.89
12/13/2021,14.24
12/14/2021,14.38
12/15/2021,14.63
12/16/2021,14.22
12/17/2021,14.02
12/20/2021,14.19
12/21/2021,14.87
12/22/2021,14.57
12/23/2021,14.93
12/27/2021,14.81
12/28/2021,14.81
12/29/2021,15.43
12/30/2021,15.15
12/31/2021,15.12
01/03/2022,16.28
01/04/2022,16.68
01/05/2022,17.05
01/06/2022,17.33
01/07/2022,17.71
01/10/2022,17.8
01/11/2022,17.46
01/12/2022,17.25
01/13/2022,17.11
01/14/2022,17.72
01/18/2022,18.65
01/19/2022,18.27
01/20/2022,18.33
01/21/2022,17.47
01/24/2022,17.35
01/25/2022,17.83
01/26/2022,18.48
01/27/2022,18.07
01/28/2022,17.82
01/31/2022,17.82
02/01/2022,18.0
02/02/2022,17.66
02/03/2022,18.27
02/04/2022,19.3
02/07/2022,19.16
02/08/2022,19.54
02/09/2022,19.29
02/10/2022,20.31
02/11/2022,19.55
02/14/2022,19.96
02/15/2022,20.45
02/16/2022,20.47
02/17/2022,19.72
02/18/2022,19.32
02/22/2022,19.48
02/23/2022,19.77
02/24/2022,19.69
02/25/2022,19.86
02/28/2022,18.39
03/01/2022,17.07
03/02/2022,18.65
03/03/2022,18.44
03/04/2022,17.24
03/07/2022,17.51
03/08/2022,18.72
03/09/2022,19.48
03/10/2022,20.11
03/11/2022,20.04
03/14/2022,21.4
03/15/2022,21.6
03/16/2022,21.88
03/17/2022,21.92
03/18/2022,21.48
03/21/2022,23.15
03/22/2022,23.73
03/23/2022,23.21
03/24/2022,23.41
03/25/2022,24.92
03/28/2022,24.77
03/29/2022,24.0
03/30/2022,23.58
03/31/2022,23.27
04/01/2022,23.77
04/04/2022,24.12
04/05/2022,25.56
04/06/2022,26.09
04/07/2022,26.52
04/08/2022,27.13
04/11/2022,27.8
04/12/2022,27.25
04/13/2022,26.87
04/14/2022,28.28
04/18/2022,28.62
04/19/2022,29.13
04/20/2022,28.4
04/21/2022,29.17
04/22/2022,29.06
04/25/2022,28.26
04/26/2022,27.72
04/27/2022,28.18
04/28/2022,28.63
04/29/2022,28.87
05/02/2022,29.96
05/03/2022,29.6
05/04/2022,29.17
05/05/2022,30.66
05/06/2022,31.23
05/09/2022,30.79
05/10/2022,29.93
05/11/2022,29.21
05/12/2022,28.17
05/13/2022,29.35
05/16/2022,28.77
05/17/2022,29.68
05/18/2022,28.86
05/19/2022,28.55
05/20/2022,27.87
05/23/2022,28.59
05/24/2022,27.6
05/25/2022,27.49
05/26/2022,27.56
05/27/2022,27.43
05/31/2022,28.44
06/01/2022,29.31
06/02/2022,29.13
06/03/2022,29.57
06/06/2022,30.38
06/07/2022,29.72
06/08/2022,30.29
06/09/2022,30.44
06/10/2022,31.56
06/13/2022,33.66
06/14/2022,34.83
06/15/2022,33.95
06/16/2022,33.07
06/17/2022,32.39
06/21/2022,33.07
06/22/2022,31.56
06/23/2022,30.68
06/24/2022,31.25
06/27/2022,31.94
06/28/2022,32.06
06/29/2022,30.93
06/30/2022,29.72
07/01/2022,28.89
07/05/2022,28.09
07/06/2022,29.13
07/07/2022,30.08
07/08/2022,31.01
07/11/2022,29.91
07/12/2022,29.58
07/13/2022,29.04
07/14/2022,29.6
07/15/2022,29.3
07/18/2022,29.6
07/19/2022,30.19
07/20/2022,30.36
07/21/2022,29.1
07/22/2022,27.83
07/25/2022,28.2
07/26/2022,27.87
07/27/2022,27.34
07/28/2022,26.81
07/29/2022,26.42
08/01/2022,26.06
08/02/2022,27.41
08/03/2022,27.48
08/04/2022,26.76
08/05/2022,28.4
08/08/2022,27.65
08/09/2022,27.97
08/10/2022,27.86
08/11/2022,28.88
08/12/2022,28.49
08/15/2022,27.91
08/16/2022,28.24
08/17/2022,28.93
08/18/2022,28.8
08/19/2022,29.89
08/22/2022,30.37
08/23/2022,30.54
08/24/2022,31.06
08/25/2022,30.26
08/26/2022,30.35
08/29/2022,31.1
08/30/2022,31.1
08/31/2022,31.33
09/01/2022,32.65
09/02/2022,31.93
09/06/2022,33.4
09/07/2022,32.65
09/08/2022,32.92
09/09/2022,33.21
09/12/2022,33.62
09/13/2022,34.22
09/14/2022,34.12
09/15/2022,34.59
09/16/2022,34.48
09/19/2022,34.9
09/20/2022,35.71
09/21/2022,35.1
09/22/2022,37.08
09/23/2022,36.97
09/26/2022,38.78
09/27/2022,39.64
09/28/2022,37.05
09/29/2022,37.47
09/30/2022,38.04
10/03/2022,36.51
10/04/2022,36.17
10/05/2022,37.59
10/06/2022,38.26
10/07/2022,38.83
10/10/2022,38.88
10/11/2022,39.39
10/12/2022,39.02
10/13/2022,39.52
10/14/2022,40.1
10/17/2022,40.15
10/18/2022,39.98
10/19/2022,41.27
10/20/2022,42.26
10/21/2022,42.13
10/24/2022,42.34
10/25/2022,41.08
10/26/2022,40.15
10/27/2022,39.37
10/28/2022,40.1
10/31/2022,40.77
11/01/2022,40.52
11/02/2022,40.59
11/03/2022,41.24
11/04/2022,41.56
11/07/2022,42.14
11/08/2022,41.26
11/09/2022,41.51
11/10/2022,38.29
11/11/2022,38.13
11/14/2022,38.65
11/15/2022,37.99
11/16/2022,36.92
11/17/2022,37.75
11/18/2022,38.18
11/21/2022,38.25
11/22/2022,37.58
11/23/2022,37.06
11/25/2022,36.91
11/28/2022,37.03
11/29/2022,37.48
11/30/2022,37.03
12/01/2022,35.29
12/02/2022,35.06
12/05/2022,35.99
12/06/2022,35.13
12/07/2022,34.08
12/08/2022,34.91
12/09/2022,35.67
12/12/2022,36.11
12/13/2022,35.01
12/14/2022,35.03
12/15/2022,34.5
12/16/2022,34.82
12/19/2022,35.81
12/20/2022,36.84
12/21/2022,36.84
12/22/2022,36.69
12/23/2022,37.51
12/27/2022,38.6
12/28/2022,38.87
12/29/2022,38.35
12/30/2022,38.79
01/03/2023,37.93
01/04/2023,37.09
01/05/2023,37.2
01/06/2023,35.69
01/09/2023,35.17
01/10/2023,36.21
01/11/2023,35.54
01/12/2023,34.49
01/13/2023,35.11
01/17/2023,35.35
01/18/2023,33.75
01/19/2023,33.97
01/20/2023,34.84
01/23/2023,35.25
01/24/2023,34.69
01/25/2023,34.62
01/26/2023,34.93
01/27/2023,35.18
01/30/2023,35.51
01/31/2023,35.29
02/01/2023,33.97
02/02/2023,33.96
02/03/2023,35.32
02/06/2023,36.34
02/07/2023,36.74
02/08/2023,36.53
02/09/2023,36.83
02/10/2023,37.44
02/13/2023,37.17
02/14/2023,37.61
02/15/2023,38.09
02/16/2023,38.43
02/17/2023,38.28
02/21/2023,39.55
02/22/2023,39.23
02/23/2023,38.79
02/24/2023,39.49
02/27/2023,39.22
02/28/2023,39.16
03/01/2023,39.94
03/02/2023,40.73
03/03/2023,39.64
03/06/2023,39.83
03/07/2023,39.75
03/08/2023,39.76
03/09/2023,39.25
03/10/2023,36.95
03/13/2023,35.15
03/14/2023,36.38
03/15/2023,34.92
03/16/2023,35.85
03/17/2023,33.95
03/20/2023,34.81
03/21/2023,36.06
03/22/2023,35.0
03/23/2023,34.06
03/24/2023,33.8
03/27/2023,35.28
03/28/2023,35.64
03/29/2023,35.66
03/30/2023,35.51
03/31/2023,34.94
04/03/2023,34.3
04/04/2023,33.37
04/05/2023,32.87
04/06/2023,32.88
04/10/2023,34.15
04/11/2023,34.34
04/12/2023,34.21
04/13/2023,34.52
04/14/2023,35.22
04/17/2023,35.91
04/18/2023,35.72
04/19/2023,36.02
04/20/2023,35.45
04/21/2023,35.7
04/24/2023,35.15
04/25/2023,33.96
04/26/2023,34.32
04/27/2023,35.28
04/28/2023,34.52
05/01/2023,35.74
05/02/2023,34.39
05/03/2023,34.03
05/04/2023,33.51
05/05/2023,34.46
05/08/2023,35.21
05/09/2023,35.21
05/10/2023,34.39
05/11/2023,33.97
05/12/2023,34.63
05/15/2023,35.08
05/16/2023,35.49
05/17/2023,35.81
05/18/2023,36.48
05/19/2023,36.92
05/22/2023,37.19
05/23/2023,36.98
05/24/2023,37.19
05/25/2023,38.14
05/26/2023,38.1
05/30/2023,37.0
05/31/2023,36.37
06/01/2023,36.08
06/02/2023,36.91
06/05/2023,36.93
06/06/2023,36.99
06/07/2023,37.84
06/08/2023,37.14
06/09/2023,37.45
06/12/2023,37.65
06/13/2023,38.39
06/14/2023,37.96
06/15/2023,37.28
06/16/2023,37.69
06/20/2023,37.29
06/21/2023,37.23
06/22/2023,37.99
06/23/2023,37.39
06/26/2023,37.19
06/27/2023,37.68
06/28/2023,37.1
06/29/2023,38.54
06/30/2023,38.19
07/03/2023,38.58
07/05/2023,39.45
07/06/2023,40.41
07/07/2023,40.5
07/10/2023,40.06
07/11/2023,39.8
07/12/2023,38.61
07/13/2023,37.61
07/14/2023,38.19
07/17/2023,37.97
07/18/2023,37.89
07/19/2023,37.42
07/20/2023,38.54
07/21/2023,38.37
07/24/2023,38.57
07/25/2023,39.12
07/26/2023,38.51
07/27/2023,40.12
07/28/2023,39.69
07/31/2023,39.59
08/01/2023,40.51
08/02/2023,40.78
08/03/2023,41.89
08/04/2023,40.6
08/07/2023,40.78
08/08/2023,40.26
08/09/2023,40.12
08/10/2023,40.8
08/11/2023,41.68
08/14/2023,41.84
08/15/2023,42.21
08/16/2023,42.58
08/17/2023,43.08
08/18/2023,42.51
08/21/2023,43.42
08/22/2023,43.28
08/23/2023,41.98
08/24/2023,42.35
08/25/2023,42.39
08/28/2023,42.12
08/29/2023,41.22
08/30/2023,41.18
08/31/2023,40.93
09/01/2023,41.73
09/05/2023,42.68
09/06/2023,42.9
09/07/2023,42.6
09/08/2023,42.58
09/11/2023,42.88
09/12/2023,42.64
09/13/2023,42.49
09/14/2023,42.88
09/15/2023,43.22
09/18/2023,43.19
09/19/2023,43.65
09/20/2023,43.49
09/21/2023,44.8
09/22/2023,44.38
09/25/2023,45.42
09/26/2023,45.58
09/27/2023,46.26
09/28/2023,45.97
09/29/2023,45.73
10/02/2023,46.83
10/03/2023,48.02
10/04/2023,47.35
10/05/2023,47.17
10/06/2023,47.84
10/09/2023,47.97
10/10/2023,46.55
10/11/2023,45.95
10/12/2023,47.12
10/13/2023,46.29
10/16/2023,47.12
10/17/2023,48.47
10/18/2023,49.04
10/19/2023,49.88
10/20/2023,49.24
10/23/2023,48.38
10/24/2023,48.4
10/25/2023,49.53
10/26/2023,48.45
10/27/2023,48.45
10/30/2023,48.75
10/31/2023,48.75
11/01/2023,47.89
11/02/2023,46.69
11/03/2023,45.58
11/06/2023,46.62
11/07/2023,45.71
11/08/2023,45.23
11/09/2023,46.3
11/10/2023,46.28
11/13/2023,46.32
11/14/2023,44.41
11/15/2023,45.35
11/16/2023,44.45
11/17/2023,44.41
11/20/2023,44.22
11/21/2023,44.18
11/22/2023,44.16
11/24/2023,44.72
11/27/2023,43.89
11/28/2023,43.36
11/29/2023,42.71
11/30/2023,43.52
12/01/2023,42.26
12/04/2023,42.88
12/05/2023,41.71
12/06/2023,41.21
12/07/2023,41.29
12/08/2023,42.45
12/11/2023,42.39
12/12/2023,42.06
12/13/2023,40.33
12/14/2023,39.3
12/15/2023,39.28
12/18/2023,39.54
12/19/2023,39.22
12/20/2023,38.77
12/21/2023,38.94
12/22/2023,39.01
12/26/2023,38.86
12/27/2023,37.89
12/28/2023,38.5
12/29/2023,38.66
01/02/2024,39.46
01/03/2024,39.07
01/04/2024,39.91
01/05/2024,40.42
01/08/2024,40.02
01/09/2024,40.19
01/10/2024,40.3
01/11/2024,39.77
01/12/2024,39.5
01/16/2024,40.66
01/17/2024,41.06
01/18/2024,41.44
01/19/2024,41.46
01/22/2024,40.94
01/23/2024,41.42
01/24/2024,41.78
01/25/2024,41.32
01/26/2024,41.6
01/29/2024,40.91
01/30/2024,40.59
01/31/2024,39.67
02/01/2024,38.63
02/02/2024,40.33
02/05/2024,41.64
02/06/2024,40.9
02/07/2024,41.1
02/08/2024,41.7
02/09/2024,41.87
02/12/2024,41.72
02/13/2024,43.16
02/14/2024,42.67
02/15/2024,42.4
02/16/2024,42.95
02/20/2024,42.75
02/21/2024,43.25
02/22/2024,43.27
02/23/2024,42.6
02/26/2024,42.99
02/27/2024,43.15
02/28/2024,42.74
02/29/2024,42.52
03/01/2024,41.8
03/04/2024,42.19
03/05/2024,41.37
03/06/2024,41.04
03/07/2024,40.92
03/08/2024,40.89
03/11/2024,41.04
03/12/2024,41.55
03/13/2024,41.92
03/14/2024,42.98
03/15/2024,43.04
03/18/2024,43.4
03/19/2024,42.97
03/20/2024,42.73
03/21/2024,42.71
03/22/2024,42.18
03/25/2024,42.53
03/26/2024,42.34
03/27/2024,41.96
03/28/2024,42.06
04/01/2024,43.29
04/02/2024,43.65
04/03/2024,43.55
04/04/2024,43.09
04/05/2024,43.78
04/08/2024,44.24
04/09/2024,43.66
04/10/2024,45.6
04/11/2024,45.76
04/12/2024,44.99
04/15/2024,46.28
04/16/2024,46.59
04/17/2024,45.85
04/18/2024,46.47
04/19/2024,46.15
04/22/2024,46.23
04/23/2024,45.98
04/24/2024,46.52
04/25/2024,47.06
04/26/2024,46.69
04/29/2024,46.14
04/30/2024,46.86
05/01/2024,45.95
05/02/2024,45.71
05/03/2024,45.0
05/06/2024,44.89
05/07/2024,44.63
05/08/2024,44.92
05/09/2024,44.49
05/10/2024,45.04
05/13/2024,44.81
05/14/2024,44.45
05/15/2024,43.56
05/16/2024,43.77
05/17/2024,44.2
05/20/2024,44.37
05/21/2024,44.14
05/22/2024,44.34
05/23/2024,44.75
05/24/2024,44.67
05/28/2024,45.42
05/29/2024,46.24
05/30/2024,45.54
05/31/2024,45.14
06/03/2024,44.02
06/04/2024,43.36
06/05/2024,42.89
06/06/2024,42.81
06/07/2024,44.3
06/10/2024,44.69
06/11/2024,44.04
06/12/2024,42.95
06/13/2024,42.38
06/14/2024,42.13
06/17/2024,42.79
06/18/2024,42.17
06/20/2024,42.54
06/21/2024,42.57
06/24/2024,42.48
06/25/2024,42.38
06/26/2024,43.16
06/27/2024,42.88
06/28/2024,43.43
07/01/2024,44.79
07/02/2024,44.36
07/03/2024,43.55
07/05/2024,42.72
07/08/2024,42.69
07/09/2024,43.0
07/10/2024,42.8
07/11/2024,41.93
07/12/2024,41.89
07/15/2024,42.29
07/16/2024,41.67
07/17/2024,41.46
07/18/2024,41.89
07/19/2024,42.39
07/22/2024,42.6
07/23/2024,42.39
07/24/2024,42.86
07/25/2024,42.56
07/26/2024,42.0
07/29/2024,41.78
07/30/2024,41.43
07/31/2024,41.09
08/01/2024,39.76
08/02/2024,37.92
08/05/2024,37.85
08/06/2024,38.88
08/07/2024,39.68
08/08/2024,39.97
08/09/2024,39.42
08/12/2024,39.09
08/13/2024,38.52
08/14/2024,38.2
08/15/2024,39.26
08/16/2024,38.92
08/19/2024,38.67
08/20/2024,38.18
08/21/2024,37.78
08/22/2024,38.62
08/23/2024,38.07
08/26/2024,38.18
08/27/2024,38.33
08/28/2024,38.41
08/29/2024,38.67
08/30/2024,39.11
09/03/2024,38.44
09/04/2024,37.68
09/05/2024,37.31
09/06/2024,37.1
09/09/2024,36.97
09/10/2024,36.46
09/11/2024,36.53
09/12/2024,36.8
09/13/2024,36.5
09/16/2024,36.21
09/17/2024,36.42
09/18/2024,36.85
09/19/2024,37.4
09/20/2024,37.28
09/23/2024,37.39
09/24/2024,37.36
09/25/2024,37.81
09/26/2024,37.91
09/27/2024,37.49
09/30/2024,38.02
10/01/2024,37.43
10/02/2024,37.85
10/03/2024,38.5
10/04/2024,39.81
10/07/2024,40.26
10/08/2024,40.33
10/09/2024,40.67
10/10/2024,40.96
10/11/2024,40.73
10/14/2024,40.98
10/15/2024,40.38
10/16/2024,40.16
10/17/2024,40.96
10/18/2024,40.73
10/21/2024,41.82
10/22/2024,42.04
10/23/2024,42.42
10/24/2024,42.0
10/25/2024,42.32
10/28/2024,42.78
10/29/2024,42.74
10/30/2024,42.66
10/31/2024,42.84
11/01/2024,43.61
11/04/2024,43.09
11/05/2024,42.89
11/06/2024,44.26
11/07/2024,43.41
11/08/2024,43.06
11/11/2024,43.08
11/12/2024,44.32
11/13/2024,44.51
11/14/2024,44.18
11/15/2024,44.28
11/18/2024,44.14
11/19/2024,43.79
11/20/2024,44.06
11/21/2024,44.32
11/22/2024,44.1
11/25/2024,42.65
11/26/2024,43.02
11/27/2024,42.42
11/29/2024,41.78
12/02/2024,41.96
12/03/2024,42.23
12/04/2024,41.8
12/05/2024,41.8
12/06/2024,41.51
12/09/2024,41.99
12/10/2024,42.21
12/11/2024,42.71
12/12/2024,43.24
12/13/2024,43.99
12/16/2024,43.97
12/17/2024,43.85
12/18/2024,44.94
12/19/2024,45.7
12/20/2024,45.24
12/23/2024,45.99
12/24/2024,45.91
12/26/2024,45.79
12/27/2024,46.19
12/30/2024,45.45
12/31/2024,45.73
01/02/2025,45.75
01/03/2025,45.96
01/06/2025,46.18
01/07/2025,46.83
01/08/2025,46.93
01/10/2025,47.76
01/13/2025,48.03
01/14/2025,47.88
01/15/2025,46.53
01/16/2025,46.06
01/17/2025,46.09
01/21/2025,45.74
01/22/2025,45.99
01/23/2025,46.38
01/24/2025,46.26
01/27/2025,45.28
01/28/2025,45.51
01/29/2025,45.55
01/30/2025,45.12
01/31/2025,45.69
02/03/2025,45.43
02/04/2025,45.13
02/05/2025,44.22
02/06/2025,44.4
02/07/2025,44.87
02/10/2025,44.93
02/11/2025,45.37
02/12/2025,46.37
02/13/2025,45.25
02/14/2025,44.72
02/18/2025,45.44
02/19/2025,45.35
02/20/2025,45.0
02/21/2025,44.2
02/24/2025,43.93
02/25/2025,42.98
02/26/2025,42.49
02/27/2025,42.85
02/28/2025,42.31
03/03/2025,41.8
03/04/2025,42.1
03/05/2025,42.65
03/06/2025,42.86
03/07/2025,43.17
03/10/2025,42.13
03/11/2025,42.88
03/12/2025,43.18
03/14/2025,43.08
03/17/2025,43.06
03/19/2025,42.56
03/20/2025,42.33
03/21/2025,42.52
03/24/2025,43.31
03/25/2025,43.07
03/26/2025,43.38
03/27/2025,43.69
03/31/2025,42.46
04/14/2025,43.64
04/15/2025,43.23
04/16/2025,42.79
04/17/2025,43.33
04/21/2025,44.05
04/22/2025,43.89
04/23/2025,43.87
04/24/2025,43.05
04/25/2025,42.66
04/28/2025,42.16
04/29/2025,41.73
04/30/2025,41.77
05/01/2025,42.31
05/02/2025,43.22
05/05/2025,43.43
05/06/2025,43.08
05/07/2025,42.75
05/08/2025,43.73
05/09/2025,43.75
05/12/2025,44.57
05/13/2025,44.99
05/14/2025,45.28
05/15/2025,44.55
05/16/2025,44.41
05/19/2025,44.75
05/20/2025,44.81
05/21/2025,45.96
05/22/2025,45.53
05/23/2025,45.09
05/27/2025,44.34
05/28/2025,44.77
05/29/2025,44.24
05/30/2025,44.16
06/02/2025,44.62
06/03/2025,44.6
06/04/2025,43.65
06/05/2025,43.94
06/06/2025,45.1
06/09/2025,44.82
06/10/2025,44.74
06/11/2025,44.12
06/12/2025,43.57
06/13/2025,44.24
06/16/2025,44.52
06/17/2025,43.93
06/18/2025,43.97
06/20/2025,43.75
06/23/2025,43.2
06/24/2025,42.93
06/25/2025,42.93
06/26/2025,42.53
06/27/2025,42.83
06/30/2025,42.3
07/01/2025,42.51
07/02/2025,42.93
07/03/2025,43.48
07/07/2025,43.95
07/08/2025,44.15
07/09/2025,43.42
07/10/2025,43.46
07/11/2025,44.23
07/14/2025,44.27
07/15/2025,44.89
07/16/2025,44.55
07/17/2025,44.63
07/18/2025,44.32
07/21/2025,43.72
07/22/2025,43.36
07/23/2025,43.88
07/24/2025,44.08
07/25/2025,43.86
07/28/2025,44.2
07/29/2025,43.3
07/30/2025,43.76
07/31/2025,43.6
08/01/2025,42.2
08/04/2025,42.0
08/05/2025,41.96
08/06/2025,42.2
08/07/2025,42.44
08/08/2025,42.85
08/11/2025,42.73
08/12/2025,42.93
08/13/2025,42.38
08/14/2025,42.93
08/15/2025,43.28
08/18/2025,43.41
08/19/2025,43.02
08/20/2025,42.96
08/21/2025,43.3
08/22/2025,42.6
08/25/2025,42.75
08/26/2025,42.58
08/27/2025,42.38
08/28/2025,42.07
08/29/2025,42.27
09/02/2025,42.77
09/03/2025,42.11
09/04/2025,41.76
09/05/2025,40.86
09/08/2025,40.46
09/09/2025,40.74
09/10/2025,40.32
09/11/2025,40.11
09/12/2025,40.61
09/15/2025,40.34
09/16/2025,40.26
09/17/2025,40.76
09/18/2025,41.04
09/19/2025,41.39
09/22/2025,41.43
09/23/2025,41.2
09/24/2025,41.47
09/25/2025,41.72
09/26/2025,41.87
09/29/2025,41.41
09/30/2025,41.48
10/01/2025,41.06
10/02/2025,40.88
10/03/2025,41.19
10/06/2025,41.62
10/07/2025,41.27
10/08/2025,41.29
10/09/2025,41.48
10/10/2025,40.51
10/13/2025,40.51
10/14/2025,40.22
10/15/2025,40.46
10/16/2025,39.76
10/17/2025,40.07
10/20/2025,39.86
10/21/2025,39.63
10/22/2025,39.53
10/23/2025,39.91
10/24/2025,39.97
10/27/2025,39.97
10/28/2025,39.83
10/29/2025,40.58
10/30/2025,40.93
10/31/2025,41.01
11/03/2025,41.06
11/04/2025,40.89
11/05/2025,41.57
11/06/2025,40.93
11/07/2025,40.93
11/10/2025,41.1
11/11/2025,41.2
11/12/2025,40.65
11/13/2025,41.12
11/14/2025,41.48
11/17/2025,41.33
11/18/2025,41.23
11/19/2025,41.33
11/20/2025,41.06
11/21/2025,40.63
11/24/2025,40.38
11/25/2025,40.02
11/26/2025,39.98
11/28/2025,40.17
12/01/2025,40.96
12/02/2025,40.86
12/03/2025,40.57
12/04/2025,41.08
12/05/2025,41.39
12/08/2025,41.72
12/09/2025,41.86
12/10/2025,41.64
12/11/2025,41.41
12/12/2025,41.94
12/15/2025,41.82
12/16/2025,41.49
12/17/2025,41.51
12/18/2025,41.16
12/19/2025,41.51
12/22/2025,41.69
12/23/2025,41.69
12/24/2025,41.36
12/25/2025,41.36
12/26/2025,41.36
12/29/2025,41.16
12/30/2025,41.3
12/31/2025,41.63
03/23/2026,43.34
03/20/2026,43.91
03/19/2026,42.81
03/18/2026,42.59
03/17/2026,42.02
03/16/2026,42.2
03/13/2026,42.85
03/12/2026,42.73
03/11/2026,42.08
03/10/2026,41.36
03/09/2026,41.36
03/06/2026,41.33
03/05/2026,41.46
03/04/2026,40.8
03/03/2026,40.56
03/02/2026,40.48
02/27/2026,39.62
02/26/2026,40.17
02/25/2026,40.48
02/24/2026,40.33
02/23/2026,40.29
02/20/2026,40.86
02/19/2026,40.75
02/18/2026,40.79
02/17/2026,40.52
02/13/2026,40.56
02/12/2026,41.04
02/11/2026,41.72
02/10/2026,41.47
02/09/2026,41.98
02/06/2026,42.06
02/05/2026,42.1
02/04/2026,42.75
02/03/2026,42.74
02/02/2026,42.75
01/30/2026,42.41
01/29/2026,42.27
01/28/2026,42.51
01/27/2026,42.23
01/26/2026,42.13
01/23/2026,42.39
01/22/2026,42.49
01/21/2026,42.53
01/20/2026,42.95
01/16/2026,42.31
01/15/2026,41.6
01/14/2026,41.4
01/13/2026,41.71
01/12/2026,41.87
01/09/2026,41.71
01/08/2026,41.83
01/07/2026,41.38
01/06/2026,41.79
01/05/2026,41.65
01/02/2026,41.87
06/01/2026,4.475
06/02/2026,4.455
06/03/2026,4.491
06/04/2026,4.477
06/05/2026,4.536
