Date,Price,Unnamed: 2,Unnamed: 3,Unnamed: 4,Unnamed: 5,Unnamed: 6
03/24/2026,26.95,,,,,
03/23/2026,26.15,,,,,
03/20/2026,26.78,,,,,
03/19/2026,24.06,,,,,
03/18/2026,25.09,,,,,
03/17/2026,22.37,,,,,
03/16/2026,23.51,,,,,
03/13/2026,27.19,,,,,
03/12/2026,27.29,,,,,
03/11/2026,24.23,,,,,
03/10/2026,24.93,,,,,
03/09/2026,25.5,,,,,
03/06/2026,29.49,,,,,
03/05/2026,23.75,,,,,
03/04/2026,21.15,,,,,
03/03/2026,23.57,,,,,
03/02/2026,21.44,,,,,
02/27/2026,19.86,,,,,
02/26/2026,18.63,,,,,
02/25/2026,17.93,,,,,
02/24/2026,19.55,,,,,
02/23/2026,21.01,,,,,
02/20/2026,19.09,,,,,
02/19/2026,20.23,,,,,
02/18/2026,19.62,,,,,
02/17/2026,20.29,,,,,
02/16/2026,21.2,,,,,
02/13/2026,20.6,,,,,
02/12/2026,20.82,,,,,
02/11/2026,17.65,,,,,
02/10/2026,17.79,,,,,
02/09/2026,17.36,,,,,
02/06/2026,17.76,,,,,
02/05/2026,21.77,,,,,
02/04/2026,18.64,,,,,
02/03/2026,18.0,,,,,
02/02/2026,16.34,,,,,
01/30/2026,17.44,,,,,
01/29/2026,16.88,,,,,
01/28/2026,16.35,,,,,
01/27/2026,16.35,,,,,
01/26/2026,16.15,,,,,
01/23/2026,16.09,,,,,
01/22/2026,15.64,,,,,
01/21/2026,16.9,,,,,
01/20/2026,20.09,,,,,
01/19/2026,18.84,,,,,
01/16/2026,15.86,,,,,
01/15/2026,15.84,,,,,
01/14/2026,16.75,,,,,
01/13/2026,15.98,,,,,
01/12/2026,15.12,,,,,
01/09/2026,14.49,,,,,
01/08/2026,15.45,,,,,
01/07/2026,15.38,,,,,
01/06/2026,14.75,,,,,
01/05/2026,14.9,,,,,
01/02/2026,14.51,,,,,
01/01/2026,14.95,,,,,
12/31/2025,14.95,,,,,
12/30/2025,14.33,,,,,
12/29/2025,14.2,,,,,
12/26/2025,13.6,,,,,
12/24/2025,13.47,,,,,
12/23/2025,14.0,,,,,
12/22/2025,14.08,,,,,
12/19/2025,14.91,,,,,
12/18/2025,16.87,,,,,
12/17/2025,17.62,,,,,
12/16/2025,16.48,,,,,
12/15/2025,16.5,,,,,
12/12/2025,15.74,,,,,
12/11/2025,14.85,,,,,
12/10/2025,15.77,,,,,
12/09/2025,16.93,,,,,
12/08/2025,16.66,,,,,
12/05/2025,15.41,,,,,
12/04/2025,15.78,,,,,
12/03/2025,16.08,,,,,
12/02/2025,16.59,,,,,
12/01/2025,17.24,,,,,
11/28/2025,16.35,,,,,
11/27/2025,17.21,,,,,
11/26/2025,17.19,,,,,
11/25/2025,18.56,,,,,
11/24/2025,20.52,,,,,
11/21/2025,23.43,,,,,
11/20/2025,26.42,,,,,
11/19/2025,23.66,,,,,
11/18/2025,24.69,,,,,
11/17/2025,22.38,,,,,
11/14/2025,19.83,,,,,
11/13/2025,20.0,,,,,
11/12/2025,17.51,,,,,
11/11/2025,17.28,,,,,
11/10/2025,17.6,,,,,
11/07/2025,19.08,,,,,
11/06/2025,19.5,,,,,
11/05/2025,18.01,,,,,
11/04/2025,19.0,,,,,
11/03/2025,17.17,,,,,
10/31/2025,17.44,,,,,
10/30/2025,16.91,,,,,
10/29/2025,16.92,,,,,
10/28/2025,16.42,,,,,
10/27/2025,15.79,,,,,
10/24/2025,16.37,,,,,
10/23/2025,17.3,,,,,
10/22/2025,18.6,,,,,
10/21/2025,17.87,,,,,
10/20/2025,18.23,,,,,
10/17/2025,20.78,,,,,
10/16/2025,25.31,,,,,
10/15/2025,20.64,,,,,
10/14/2025,20.81,,,,,
10/13/2025,19.03,,,,,
10/10/2025,21.66,,,,,
10/09/2025,16.43,,,,,
10/08/2025,16.3,,,,,
10/07/2025,17.24,,,,,
10/06/2025,16.37,,,,,
10/03/2025,16.65,,,,,
10/02/2025,16.63,,,,,
10/01/2025,16.29,,,,,
09/30/2025,16.28,,,,,
09/29/2025,16.12,,,,,
09/26/2025,15.29,,,,,
09/25/2025,16.74,,,,,
09/24/2025,16.18,,,,,
09/23/2025,16.64,,,,,
09/22/2025,16.1,,,,,
09/19/2025,15.45,,,,,
09/18/2025,15.7,,,,,
09/17/2025,15.72,,,,,
09/16/2025,16.36,,,,,
09/15/2025,15.69,,,,,
09/12/2025,14.76,,,,,
09/11/2025,14.71,,,,,
09/10/2025,15.35,,,,,
09/09/2025,15.04,,,,,
09/08/2025,15.11,,,,,
09/05/2025,15.18,,,,,
09/04/2025,15.3,,,,,
09/03/2025,16.35,,,,,
09/02/2025,17.17,,,,,
09/01/2025,16.12,,,,,
08/29/2025,15.36,,,,,
08/28/2025,14.43,,,,,
08/27/2025,14.85,,,,,
08/26/2025,14.62,,,,,
08/25/2025,14.79,,,,,
08/22/2025,14.22,,,,,
08/21/2025,16.6,,,,,
08/20/2025,15.69,,,,,
08/19/2025,15.57,,,,,
08/18/2025,14.99,,,,,
08/15/2025,15.09,,,,,
08/14/2025,14.83,,,,,
08/13/2025,14.49,,,,,
08/12/2025,14.73,,,,,
08/11/2025,16.25,,,,,
08/08/2025,15.15,,,,,
08/07/2025,16.57,,,,,
08/06/2025,16.77,,,,,
08/05/2025,17.85,,,,,
08/04/2025,17.52,,,,,
08/01/2025,20.38,,,,,
07/31/2025,16.72,,,,,
07/30/2025,15.48,,,,,
07/29/2025,15.98,,,,,
07/28/2025,15.03,,,,,
07/25/2025,14.93,,,,,
07/24/2025,15.39,,,,,
07/23/2025,15.37,,,,,
07/22/2025,16.5,,,,,
07/21/2025,16.65,,,,,
07/18/2025,16.41,,,,,
07/17/2025,16.52,,,,,
07/16/2025,17.16,,,,,
07/15/2025,17.38,,,,,
07/14/2025,17.2,,,,,
07/11/2025,16.4,,,,,
07/10/2025,15.78,,,,,
07/09/2025,15.94,,,,,
07/08/2025,16.81,,,,,
07/07/2025,17.79,,,,,
07/04/2025,17.48,,,,,
07/03/2025,16.38,,,,,
07/02/2025,16.64,,,,,
07/01/2025,16.83,,,,,
06/30/2025,16.73,,,,,
06/27/2025,16.32,,,,,
06/26/2025,16.59,,,,,
06/25/2025,16.76,,,,,
06/24/2025,17.48,,,,,
06/23/2025,19.83,,,,,
06/20/2025,20.62,,,,,
06/19/2025,22.17,,,,,
06/18/2025,20.14,,,,,
06/17/2025,21.6,,,,,
06/16/2025,19.11,,,,,
06/13/2025,20.82,,,,,
06/12/2025,18.02,,,,,
06/11/2025,17.26,,,,,
06/10/2025,16.95,,,,,
06/09/2025,17.16,,,,,
06/06/2025,16.77,,,,,
06/05/2025,18.48,,,,,
06/04/2025,17.61,,,,,
06/03/2025,17.69,,,,,
06/02/2025,18.36,,,,,
05/30/2025,18.57,,,,,
05/29/2025,19.18,,,,,
05/28/2025,19.31,,,,,
05/27/2025,18.96,,,,,
05/26/2025,20.57,,,,,
05/23/2025,22.29,,,,,
05/22/2025,20.28,,,,,
05/21/2025,20.87,,,,,
05/20/2025,18.09,,,,,
05/19/2025,18.14,,,,,
05/16/2025,17.24,,,,,
05/15/2025,17.83,,,,,
05/14/2025,18.62,,,,,
05/13/2025,18.22,,,,,
05/12/2025,18.39,,,,,
05/09/2025,21.9,,,,,
05/08/2025,22.48,,,,,
05/07/2025,23.55,,,,,
05/06/2025,24.76,,,,,
05/05/2025,23.64,,,,,
05/02/2025,22.68,,,,,
05/01/2025,24.6,,,,,
04/30/2025,24.7,,,,,
04/29/2025,24.17,,,,,
04/28/2025,25.15,,,,,
04/25/2025,24.84,,,,,
04/24/2025,26.47,,,,,
04/23/2025,28.45,,,,,
04/22/2025,30.57,,,,,
04/21/2025,33.82,,,,,
04/17/2025,29.65,,,,,
04/16/2025,32.64,,,,,
04/15/2025,30.12,,,,,
04/14/2025,30.89,,,,,
04/11/2025,37.56,,,,,
04/10/2025,40.72,,,,,
04/09/2025,33.62,,,,,
04/08/2025,52.33,,,,,
04/07/2025,46.98,,,,,
04/04/2025,45.31,,,,,
04/03/2025,30.02,,,,,
04/02/2025,21.51,,,,,
04/01/2025,21.77,,,,,
03/31/2025,22.28,,,,,
03/28/2025,21.65,,,,,
03/27/2025,18.69,,,,,
03/26/2025,18.33,,,,,
03/25/2025,17.15,,,,,
03/24/2025,17.48,,,,,
03/21/2025,19.28,,,,,
03/20/2025,19.8,,,,,
03/19/2025,19.9,,,,,
03/18/2025,21.7,,,,,
03/17/2025,20.51,,,,,
03/14/2025,21.77,,,,,
03/13/2025,24.66,,,,,
03/12/2025,24.23,,,,,
03/11/2025,26.92,,,,,
03/10/2025,27.86,,,,,
03/07/2025,23.37,,,,,
03/06/2025,24.87,,,,,
03/05/2025,21.93,,,,,
03/04/2025,23.51,,,,,
03/03/2025,22.78,,,,,
02/28/2025,19.63,,,,,
02/27/2025,21.13,,,,,
02/26/2025,19.1,,,,,
02/25/2025,19.43,,,,,
02/24/2025,18.98,,,,,
02/21/2025,18.21,,,,,
02/20/2025,15.66,,,,,
02/19/2025,15.27,,,,,
02/18/2025,15.35,,,,,
02/17/2025,15.37,,,,,
02/14/2025,14.77,,,,,
02/13/2025,15.1,,,,,
02/12/2025,15.89,,,,,
02/11/2025,16.02,,,,,
02/10/2025,15.81,,,,,
02/07/2025,16.54,,,,,
02/06/2025,15.5,,,,,
02/05/2025,15.77,,,,,
02/04/2025,17.21,,,,,
02/03/2025,18.62,,,,,
01/31/2025,16.43,,,,,
01/30/2025,15.84,,,,,
01/29/2025,16.56,,,,,
01/28/2025,16.41,,,,,
01/27/2025,17.9,,,,,
01/24/2025,14.85,,,,,
01/23/2025,15.02,,,,,
01/22/2025,15.1,,,,,
01/21/2025,15.06,,,,,
01/20/2025,15.81,,,,,
01/17/2025,15.97,,,,,
01/16/2025,16.6,,,,,
01/15/2025,16.12,,,,,
01/14/2025,18.71,,,,,
01/13/2025,19.19,,,,,
01/10/2025,19.54,,,,,
01/09/2025,18.07,,,,,
01/08/2025,17.7,,,,,
01/07/2025,17.82,,,,,
01/06/2025,16.04,,,,,
01/03/2025,16.13,,,,,
01/02/2025,17.93,,,,,
12/31/2024,17.35,,,,,
12/30/2024,17.4,,,,,
12/27/2024,15.95,,,,,
12/26/2024,14.73,,,,,
12/24/2024,14.27,,,,,
12/23/2024,16.78,,,,,
12/20/2024,18.36,,,,,
12/19/2024,24.09,,,,,
12/18/2024,27.62,,,,,
12/17/2024,15.87,,,,,
12/16/2024,14.69,,,,,
12/13/2024,13.81,,,,,
12/12/2024,13.92,,,,,
12/11/2024,13.58,,,,,
12/10/2024,14.18,,,,,
12/09/2024,14.19,,,,,
12/06/2024,12.77,,,,,
12/05/2024,13.54,,,,,
12/04/2024,13.45,,,,,
12/03/2024,13.3,,,,,
12/02/2024,13.34,,,,,
11/29/2024,13.51,,,,,
11/28/2024,13.9,,,,,
11/27/2024,14.1,,,,,
11/26/2024,14.1,,,,,
11/25/2024,14.6,,,,,
11/22/2024,15.24,,,,,
11/21/2024,16.87,,,,,
11/20/2024,17.16,,,,,
11/19/2024,16.35,,,,,
11/18/2024,15.58,,,,,
11/15/2024,16.14,,,,,
11/14/2024,14.31,,,,,
11/13/2024,14.02,,,,,
11/12/2024,14.71,,,,,
11/11/2024,14.97,,,,,
11/08/2024,14.94,,,,,
11/07/2024,15.2,,,,,
11/06/2024,16.27,,,,,
11/05/2024,20.49,,,,,
11/04/2024,21.98,,,,,
11/01/2024,21.88,,,,,
10/31/2024,23.16,,,,,
10/30/2024,20.35,,,,,
10/29/2024,19.34,,,,,
10/28/2024,19.8,,,,,
10/25/2024,20.33,,,,,
10/24/2024,19.08,,,,,
10/23/2024,19.24,,,,,
10/22/2024,18.2,,,,,
10/21/2024,18.37,,,,,
10/18/2024,18.03,,,,,
10/17/2024,19.11,,,,,
10/16/2024,19.58,,,,,
10/15/2024,20.64,,,,,
10/14/2024,19.7,,,,,
10/11/2024,20.46,,,,,
10/10/2024,20.93,,,,,
10/09/2024,20.86,,,,,
10/08/2024,21.42,,,,,
10/07/2024,22.64,,,,,
10/04/2024,19.21,,,,,
10/03/2024,20.49,,,,,
10/02/2024,18.9,,,,,
10/01/2024,19.26,,,,,
09/30/2024,16.73,,,,,
09/27/2024,16.96,,,,,
09/26/2024,15.37,,,,,
09/25/2024,15.41,,,,,
09/24/2024,15.39,,,,,
09/23/2024,15.89,,,,,
09/20/2024,16.15,,,,,
09/19/2024,16.33,,,,,
09/18/2024,18.23,,,,,
09/17/2024,17.61,,,,,
09/16/2024,17.14,,,,,
09/13/2024,16.56,,,,,
09/12/2024,17.07,,,,,
09/11/2024,17.69,,,,,
09/10/2024,19.08,,,,,
09/09/2024,19.45,,,,,
09/06/2024,22.38,,,,,
09/05/2024,19.9,,,,,
09/04/2024,21.32,,,,,
09/03/2024,20.72,,,,,
09/02/2024,15.55,,,,,
08/30/2024,15.0,,,,,
08/29/2024,15.65,,,,,
08/28/2024,17.11,,,,,
08/27/2024,15.43,,,,,
08/26/2024,16.15,,,,,
08/23/2024,15.86,,,,,
08/22/2024,17.55,,,,,
08/21/2024,16.27,,,,,
08/20/2024,15.88,,,,,
08/19/2024,14.65,,,,,
08/16/2024,14.8,,,,,
08/15/2024,15.23,,,,,
08/14/2024,16.19,,,,,
08/13/2024,18.12,,,,,
08/12/2024,20.71,,,,,
08/09/2024,20.37,,,,,
08/08/2024,23.79,,,,,
08/07/2024,27.85,,,,,
08/06/2024,27.71,,,,,
08/05/2024,38.57,,,,,
08/02/2024,23.39,,,,,
08/01/2024,18.59,,,,,
07/31/2024,16.36,,,,,
07/30/2024,17.69,,,,,
07/29/2024,16.6,,,,,
07/26/2024,16.39,,,,,
07/25/2024,18.46,,,,,
07/24/2024,18.04,,,,,
07/23/2024,14.72,,,,,
07/22/2024,14.91,,,,,
07/19/2024,16.52,,,,,
07/18/2024,15.93,,,,,
07/17/2024,14.48,,,,,
07/16/2024,13.19,,,,,
07/15/2024,13.12,,,,,
07/12/2024,12.46,,,,,
07/11/2024,12.92,,,,,
07/10/2024,12.85,,,,,
07/09/2024,12.51,,,,,
07/08/2024,12.37,,,,,
07/05/2024,12.48,,,,,
07/04/2024,12.26,,,,,
07/03/2024,12.09,,,,,
07/02/2024,12.03,,,,,
07/01/2024,12.22,,,,,
06/28/2024,12.44,,,,,
06/27/2024,12.24,,,,,
06/26/2024,12.55,,,,,
06/25/2024,12.84,,,,,
06/24/2024,13.33,,,,,
06/21/2024,13.2,,,,,
06/20/2024,13.28,,,,,
06/19/2024,12.48,,,,,
06/18/2024,12.3,,,,,
06/17/2024,12.75,,,,,
06/14/2024,12.66,,,,,
06/13/2024,11.94,,,,,
06/12/2024,12.04,,,,,
06/11/2024,12.85,,,,,
06/10/2024,12.74,,,,,
06/07/2024,12.22,,,,,
06/06/2024,12.58,,,,,
06/05/2024,12.63,,,,,
06/04/2024,13.16,,,,,
06/03/2024,13.11,,,,,
05/31/2024,12.92,,,,,
05/30/2024,14.47,,,,,
05/29/2024,14.28,,,,,
05/28/2024,12.92,,,,,
05/27/2024,12.36,,,,,
05/24/2024,11.93,,,,,
05/23/2024,12.77,,,,,
05/22/2024,12.29,,,,,
05/21/2024,11.86,,,,,
05/20/2024,12.15,,,,,
05/17/2024,11.99,,,,,
05/16/2024,12.42,,,,,
05/15/2024,12.45,,,,,
05/14/2024,13.42,,,,,
05/13/2024,13.6,,,,,
05/10/2024,12.55,,,,,
05/09/2024,12.69,,,,,
05/08/2024,13.0,,,,,
05/07/2024,13.23,,,,,
05/06/2024,13.49,,,,,
05/03/2024,13.49,,,,,
05/02/2024,14.68,,,,,
05/01/2024,15.39,,,,,
04/30/2024,15.65,,,,,
04/29/2024,14.67,,,,,
04/26/2024,15.03,,,,,
04/25/2024,15.37,,,,,
04/24/2024,15.97,,,,,
04/23/2024,15.69,,,,,
04/22/2024,16.94,,,,,
04/19/2024,18.71,,,,,
04/18/2024,18.0,,,,,
04/17/2024,18.21,,,,,
04/16/2024,18.4,,,,,
04/15/2024,19.23,,,,,
04/12/2024,17.31,,,,,
04/11/2024,14.91,,,,,
04/10/2024,15.8,,,,,
04/09/2024,14.98,,,,,
04/08/2024,15.19,,,,,
04/05/2024,16.03,,,,,
04/04/2024,16.35,,,,,
04/03/2024,14.33,,,,,
04/02/2024,14.61,,,,,
04/01/2024,13.65,,,,,
03/29/2024,13.01,,,,,
03/28/2024,13.01,,,,,
03/27/2024,12.78,,,,,
03/26/2024,13.24,,,,,
03/25/2024,13.19,,,,,
03/22/2024,13.06,,,,,
03/21/2024,12.92,,,,,
03/20/2024,13.04,,,,,
03/19/2024,13.82,,,,,
03/18/2024,14.33,,,,,
03/15/2024,14.41,,,,,
03/14/2024,14.4,,,,,
03/13/2024,13.75,,,,,
03/12/2024,13.84,,,,,
03/11/2024,15.22,,,,,
03/08/2024,14.74,,,,,
03/07/2024,14.44,,,,,
03/06/2024,14.5,,,,,
03/05/2024,14.46,,,,,
03/04/2024,13.49,,,,,
03/01/2024,13.11,,,,,
02/29/2024,13.4,,,,,
02/28/2024,13.84,,,,,
02/27/2024,13.43,,,,,
02/26/2024,13.74,,,,,
02/23/2024,13.75,,,,,
02/22/2024,14.54,,,,,
02/21/2024,15.34,,,,,
02/20/2024,15.42,,,,,
02/19/2024,14.71,,,,,
02/16/2024,14.24,,,,,
02/15/2024,14.01,,,,,
02/14/2024,14.38,,,,,
02/13/2024,15.85,,,,,
02/12/2024,13.93,,,,,
02/09/2024,12.93,,,,,
02/08/2024,12.79,,,,,
02/07/2024,12.83,,,,,
02/06/2024,13.06,,,,,
02/05/2024,13.67,,,,,
02/02/2024,13.85,,,,,
02/01/2024,13.88,,,,,
01/31/2024,14.35,,,,,
01/30/2024,13.31,,,,,
01/29/2024,13.6,,,,,
01/26/2024,13.26,,,,,
01/25/2024,13.45,,,,,
01/24/2024,13.14,,,,,
01/23/2024,12.55,,,,,
01/22/2024,13.19,,,,,
01/19/2024,13.3,,,,,
01/18/2024,14.13,,,,,
01/17/2024,14.79,,,,,
01/16/2024,13.84,,,,,
01/15/2024,13.25,,,,,
01/12/2024,12.7,,,,,
01/11/2024,12.44,,,,,
01/10/2024,12.69,,,,,
01/09/2024,12.76,,,,,
01/08/2024,13.08,,,,,
01/05/2024,13.35,,,,,
01/04/2024,14.13,,,,,
01/03/2024,14.04,,,,,
01/02/2024,13.2,,,,,
12/29/2023,12.45,,,,,
12/28/2023,12.47,,,,,
12/27/2023,12.43,,,,,
12/26/2023,12.99,,,,,
12/25/2023,13.03,,,,,
12/22/2023,13.03,,,,,
12/21/2023,13.65,,,,,
12/20/2023,13.67,,,,,
12/19/2023,12.53,,,,,
12/18/2023,12.56,,,,,
12/15/2023,12.28,,,,,
12/14/2023,12.48,,,,,
12/13/2023,12.19,,,,,
12/12/2023,12.07,,,,,
12/11/2023,12.63,,,,,
12/08/2023,12.35,,,,,
12/07/2023,13.06,,,,,
12/06/2023,12.97,,,,,
12/05/2023,12.85,,,,,
12/04/2023,13.08,,,,,
12/01/2023,12.63,,,,,
11/30/2023,12.92,,,,,
11/29/2023,12.98,,,,,
11/28/2023,12.69,,,,,
11/27/2023,12.69,,,,,
11/24/2023,12.46,,,,,
11/23/2023,12.8,,,,,
11/22/2023,12.85,,,,,
11/21/2023,13.35,,,,,
11/20/2023,13.41,,,,,
11/17/2023,13.8,,,,,
11/16/2023,14.32,,,,,
11/15/2023,14.18,,,,,
11/14/2023,14.16,,,,,
11/13/2023,14.76,,,,,
11/10/2023,14.17,,,,,
11/09/2023,15.29,,,,,
11/08/2023,14.45,,,,,
11/07/2023,14.81,,,,,
11/06/2023,14.89,,,,,
11/03/2023,14.91,,,,,
11/02/2023,15.66,,,,,
11/01/2023,16.87,,,,,
10/31/2023,18.14,,,,,
10/30/2023,19.75,,,,,
10/27/2023,21.27,,,,,
10/26/2023,20.68,,,,,
10/25/2023,20.19,,,,,
10/24/2023,18.97,,,,,
10/23/2023,20.37,,,,,
10/20/2023,21.71,,,,,
10/19/2023,21.4,,,,,
10/18/2023,19.22,,,,,
10/17/2023,17.88,,,,,
10/16/2023,17.21,,,,,
10/13/2023,19.32,,,,,
10/12/2023,16.69,,,,,
10/11/2023,16.09,,,,,
10/10/2023,17.03,,,,,
10/09/2023,17.7,,,,,
10/06/2023,17.45,,,,,
10/05/2023,18.49,,,,,
10/04/2023,18.58,,,,,
10/03/2023,19.78,,,,,
10/02/2023,17.61,,,,,
09/29/2023,17.52,,,,,
09/28/2023,17.34,,,,,
09/27/2023,18.22,,,,,
09/26/2023,18.94,,,,,
09/25/2023,16.9,,,,,
09/22/2023,17.2,,,,,
09/21/2023,17.54,,,,,
09/20/2023,15.14,,,,,
09/19/2023,14.11,,,,,
09/18/2023,14.0,,,,,
09/15/2023,13.79,,,,,
09/14/2023,12.82,,,,,
09/13/2023,13.48,,,,,
09/12/2023,14.23,,,,,
09/11/2023,13.8,,,,,
09/08/2023,13.84,,,,,
09/07/2023,14.4,,,,,
09/06/2023,14.45,,,,,
09/05/2023,14.01,,,,,
09/04/2023,13.82,,,,,
09/01/2023,13.09,,,,,
08/31/2023,13.57,,,,,
08/30/2023,13.88,,,,,
08/29/2023,14.45,,,,,
08/28/2023,15.08,,,,,
08/25/2023,15.68,,,,,
08/24/2023,17.2,,,,,
08/23/2023,15.98,,,,,
08/22/2023,16.97,,,,,
08/21/2023,17.13,,,,,
08/18/2023,17.3,,,,,
08/17/2023,17.89,,,,,
08/16/2023,16.78,,,,,
08/15/2023,16.46,,,,,
08/14/2023,14.82,,,,,
08/11/2023,14.84,,,,,
08/10/2023,15.85,,,,,
08/09/2023,15.96,,,,,
08/08/2023,15.99,,,,,
08/07/2023,15.77,,,,,
08/04/2023,17.1,,,,,
08/03/2023,15.92,,,,,
08/02/2023,16.09,,,,,
08/01/2023,13.93,,,,,
07/31/2023,13.63,,,,,
07/28/2023,13.33,,,,,
07/27/2023,14.41,,,,,
07/26/2023,13.19,,,,,
07/25/2023,13.86,,,,,
07/24/2023,13.91,,,,,
07/21/2023,13.6,,,,,
07/20/2023,13.99,,,,,
07/19/2023,13.76,,,,,
07/18/2023,13.3,,,,,
07/17/2023,13.48,,,,,
07/14/2023,13.34,,,,,
07/13/2023,13.61,,,,,
07/12/2023,13.54,,,,,
07/11/2023,14.84,,,,,
07/10/2023,15.07,,,,,
07/07/2023,14.83,,,,,
07/06/2023,15.44,,,,,
07/05/2023,14.18,,,,,
07/04/2023,13.7,,,,,
07/03/2023,13.57,,,,,
06/30/2023,13.59,,,,,
06/29/2023,13.54,,,,,
06/28/2023,13.43,,,,,
06/27/2023,13.74,,,,,
06/26/2023,14.25,,,,,
06/23/2023,13.44,,,,,
06/22/2023,12.91,,,,,
06/21/2023,13.2,,,,,
06/20/2023,13.88,,,,,
06/19/2023,14.19,,,,,
06/16/2023,13.54,,,,,
06/15/2023,14.5,,,,,
06/14/2023,13.88,,,,,
06/13/2023,14.61,,,,,
06/12/2023,15.01,,,,,
06/09/2023,13.83,,,,,
06/08/2023,13.65,,,,,
06/07/2023,13.94,,,,,
06/06/2023,13.96,,,,,
06/05/2023,14.73,,,,,
06/02/2023,14.6,,,,,
06/01/2023,15.65,,,,,
05/31/2023,17.94,,,,,
05/30/2023,17.46,,,,,
05/29/2023,17.46,,,,,
05/26/2023,17.95,,,,,
05/25/2023,19.14,,,,,
05/24/2023,20.03,,,,,
05/23/2023,18.53,,,,,
05/22/2023,17.21,,,,,
05/19/2023,16.81,,,,,
05/18/2023,16.05,,,,,
05/17/2023,16.87,,,,,
05/16/2023,17.99,,,,,
05/15/2023,17.12,,,,,
05/12/2023,17.03,,,,,
05/11/2023,16.93,,,,,
05/10/2023,16.94,,,,,
05/09/2023,17.71,,,,,
05/08/2023,16.98,,,,,
05/05/2023,17.19,,,,,
05/04/2023,20.09,,,,,
05/03/2023,18.34,,,,,
05/02/2023,17.78,,,,,
05/01/2023,16.08,,,,,
04/28/2023,15.78,,,,,
04/27/2023,17.03,,,,,
04/26/2023,18.84,,,,,
04/25/2023,18.76,,,,,
04/24/2023,16.89,,,,,
04/21/2023,16.77,,,,,
04/20/2023,17.17,,,,,
04/19/2023,16.46,,,,,
04/18/2023,16.83,,,,,
04/17/2023,16.95,,,,,
04/14/2023,17.07,,,,,
04/13/2023,17.8,,,,,
04/12/2023,19.09,,,,,
04/11/2023,19.1,,,,,
04/10/2023,18.97,,,,,
04/07/2023,18.4,,,,,
04/06/2023,18.4,,,,,
04/05/2023,19.08,,,,,
04/04/2023,19.0,,,,,
04/03/2023,18.55,,,,,
03/31/2023,18.7,,,,,
03/30/2023,19.02,,,,,
03/29/2023,19.12,,,,,
03/28/2023,19.97,,,,,
03/27/2023,20.6,,,,,
03/24/2023,21.74,,,,,
03/23/2023,22.61,,,,,
03/22/2023,22.26,,,,,
03/21/2023,21.38,,,,,
03/20/2023,24.15,,,,,
03/17/2023,25.51,,,,,
03/16/2023,22.99,,,,,
03/15/2023,26.14,,,,,
03/14/2023,23.73,,,,,
03/13/2023,26.52,,,,,
03/10/2023,24.8,,,,,
03/09/2023,22.61,,,,,
03/08/2023,19.11,,,,,
03/07/2023,19.59,,,,,
03/06/2023,18.61,,,,,
03/03/2023,18.49,,,,,
03/02/2023,19.59,,,,,
03/01/2023,20.58,,,,,
02/28/2023,20.7,,,,,
02/27/2023,20.95,,,,,
02/24/2023,21.67,,,,,
02/23/2023,21.14,,,,,
02/22/2023,22.29,,,,,
02/21/2023,22.87,,,,,
02/20/2023,21.23,,,,,
02/17/2023,20.02,,,,,
02/16/2023,20.17,,,,,
02/15/2023,18.23,,,,,
02/14/2023,18.91,,,,,
02/13/2023,20.34,,,,,
02/10/2023,20.53,,,,,
02/09/2023,20.71,,,,,
02/08/2023,19.63,,,,,
02/07/2023,18.66,,,,,
02/06/2023,19.43,,,,,
02/03/2023,18.33,,,,,
02/02/2023,18.73,,,,,
02/01/2023,17.87,,,,,
01/31/2023,19.4,,,,,
01/30/2023,19.94,,,,,
01/27/2023,18.51,,,,,
01/26/2023,18.73,,,,,
01/25/2023,19.08,,,,,
01/24/2023,19.2,,,,,
01/23/2023,19.81,,,,,
01/20/2023,19.85,,,,,
01/19/2023,20.52,,,,,
01/18/2023,20.34,,,,,
01/17/2023,19.36,,,,,
01/16/2023,19.49,,,,,
01/13/2023,18.35,,,,,
01/12/2023,18.83,,,,,
01/11/2023,21.09,,,,,
01/10/2023,20.58,,,,,
01/09/2023,21.97,,,,,
01/06/2023,21.13,,,,,
01/05/2023,22.46,,,,,
01/04/2023,22.01,,,,,
01/03/2023,22.9,,,,,
12/30/2022,21.67,,,,,
12/29/2022,21.44,,,,,
12/28/2022,22.14,,,,,
12/27/2022,21.65,,,,,
12/26/2022,20.87,,,,,
12/23/2022,20.87,,,,,
12/22/2022,21.97,,,,,
12/21/2022,20.07,,,,,
12/20/2022,21.48,,,,,
12/19/2022,22.42,,,,,
12/16/2022,22.62,,,,,
12/15/2022,22.83,,,,,
12/14/2022,21.14,,,,,
12/13/2022,22.55,,,,,
12/12/2022,25.0,,,,,
12/09/2022,22.83,,,,,
12/08/2022,22.29,,,,,
12/07/2022,22.68,,,,,
12/06/2022,22.17,,,,,
12/05/2022,20.75,,,,,
12/02/2022,19.06,,,,,
12/01/2022,19.84,,,,,
11/30/2022,20.58,,,,,
11/29/2022,21.89,,,,,
11/28/2022,22.21,,,,,
11/25/2022,20.5,,,,,
11/24/2022,20.42,,,,,
11/23/2022,20.35,,,,,
11/22/2022,21.29,,,,,
11/21/2022,22.36,,,,,
11/18/2022,23.12,,,,,
11/17/2022,23.93,,,,,
11/16/2022,24.11,,,,,
11/15/2022,24.54,,,,,
11/14/2022,23.73,,,,,
11/11/2022,22.52,,,,,
11/10/2022,23.53,,,,,
11/09/2022,26.09,,,,,
11/08/2022,25.54,,,,,
11/07/2022,24.35,,,,,
11/04/2022,24.55,,,,,
11/03/2022,25.3,,,,,
11/02/2022,25.86,,,,,
11/01/2022,25.81,,,,,
10/31/2022,25.88,,,,,
10/28/2022,25.75,,,,,
10/27/2022,27.39,,,,,
10/26/2022,27.28,,,,,
10/25/2022,28.46,,,,,
10/24/2022,29.85,,,,,
10/21/2022,29.69,,,,,
10/20/2022,29.98,,,,,
10/19/2022,30.76,,,,,
10/18/2022,30.5,,,,,
10/17/2022,31.37,,,,,
10/14/2022,32.02,,,,,
10/13/2022,31.94,,,,,
10/12/2022,33.57,,,,,
10/11/2022,33.63,,,,,
10/10/2022,32.45,,,,,
10/07/2022,31.36,,,,,
10/06/2022,30.52,,,,,
10/05/2022,28.55,,,,,
10/04/2022,29.07,,,,,
10/03/2022,30.1,,,,,
09/30/2022,31.62,,,,,
09/29/2022,31.84,,,,,
09/28/2022,30.18,,,,,
09/27/2022,32.6,,,,,
09/26/2022,32.26,,,,,
09/23/2022,29.92,,,,,
09/22/2022,27.35,,,,,
09/21/2022,27.99,,,,,
09/20/2022,27.16,,,,,
09/19/2022,25.76,,,,,
09/16/2022,26.3,,,,,
09/15/2022,26.27,,,,,
09/14/2022,26.16,,,,,
09/13/2022,27.27,,,,,
09/12/2022,23.87,,,,,
09/09/2022,22.79,,,,,
09/08/2022,23.61,,,,,
09/07/2022,24.64,,,,,
09/06/2022,26.91,,,,,
09/05/2022,25.99,,,,,
09/02/2022,25.47,,,,,
09/01/2022,25.56,,,,,
08/31/2022,25.87,,,,,
08/30/2022,26.21,,,,,
08/29/2022,26.21,,,,,
08/26/2022,25.56,,,,,
08/25/2022,21.78,,,,,
08/24/2022,22.82,,,,,
08/23/2022,24.11,,,,,
08/22/2022,23.8,,,,,
08/19/2022,20.6,,,,,
08/18/2022,19.56,,,,,
08/17/2022,19.9,,,,,
08/16/2022,19.69,,,,,
08/15/2022,19.95,,,,,
08/12/2022,19.53,,,,,
08/11/2022,20.2,,,,,
08/10/2022,19.74,,,,,
08/09/2022,21.77,,,,,
08/08/2022,21.29,,,,,
08/05/2022,21.15,,,,,
08/04/2022,21.44,,,,,
08/03/2022,21.95,,,,,
08/02/2022,23.93,,,,,
08/01/2022,22.84,,,,,
07/29/2022,21.33,,,,,
07/28/2022,22.33,,,,,
07/27/2022,23.24,,,,,
07/26/2022,24.69,,,,,
07/25/2022,23.36,,,,,
07/22/2022,23.03,,,,,
07/21/2022,23.11,,,,,
07/20/2022,23.88,,,,,
07/19/2022,24.5,,,,,
07/18/2022,25.3,,,,,
07/15/2022,24.23,,,,,
07/14/2022,26.4,,,,,
07/13/2022,26.82,,,,,
07/12/2022,27.29,,,,,
07/11/2022,26.17,,,,,
07/08/2022,24.64,,,,,
07/07/2022,26.08,,,,,
07/06/2022,26.73,,,,,
07/05/2022,27.54,,,,,
07/04/2022,27.53,,,,,
07/01/2022,26.7,,,,,
06/30/2022,28.71,,,,,
06/29/2022,28.16,,,,,
06/28/2022,28.36,,,,,
06/27/2022,26.95,,,,,
06/24/2022,27.23,,,,,
06/23/2022,29.05,,,,,
06/22/2022,28.95,,,,,
06/21/2022,30.19,,,,,
06/20/2022,31.03,,,,,
06/17/2022,31.13,,,,,
06/16/2022,32.95,,,,,
06/15/2022,29.62,,,,,
06/14/2022,32.69,,,,,
06/13/2022,34.02,,,,,
06/10/2022,27.75,,,,,
06/09/2022,26.09,,,,,
06/08/2022,23.96,,,,,
06/07/2022,24.02,,,,,
06/06/2022,25.07,,,,,
06/03/2022,24.79,,,,,
06/02/2022,24.72,,,,,
06/01/2022,25.69,,,,,
05/31/2022,26.19,,,,,
05/30/2022,26.54,,,,,
05/27/2022,25.72,,,,,
05/26/2022,27.5,,,,,
05/25/2022,28.37,,,,,
05/24/2022,29.45,,,,,
05/23/2022,28.48,,,,,
05/20/2022,29.43,,,,,
05/19/2022,29.35,,,,,
05/18/2022,30.96,,,,,
05/17/2022,26.1,,,,,
05/16/2022,27.47,,,,,
05/13/2022,28.87,,,,,
05/12/2022,31.77,,,,,
05/11/2022,32.56,,,,,
05/10/2022,32.99,,,,,
05/09/2022,34.75,,,,,
05/06/2022,30.19,,,,,
05/05/2022,31.2,,,,,
05/04/2022,25.42,,,,,
05/03/2022,29.25,,,,,
05/02/2022,32.34,,,,,
04/29/2022,33.4,,,,,
04/28/2022,29.99,,,,,
04/27/2022,31.6,,,,,
04/26/2022,33.52,,,,,
04/25/2022,27.02,,,,,
04/22/2022,28.21,,,,,
04/21/2022,22.68,,,,,
04/20/2022,20.32,,,,,
04/19/2022,21.37,,,,,
04/18/2022,22.17,,,,,
04/15/2022,22.7,,,,,
04/14/2022,22.7,,,,,
04/13/2022,21.82,,,,,
04/12/2022,24.26,,,,,
04/11/2022,24.37,,,,,
04/08/2022,21.16,,,,,
04/07/2022,21.55,,,,,
04/06/2022,22.1,,,,,
04/05/2022,21.03,,,,,
04/04/2022,18.57,,,,,
04/01/2022,19.63,,,,,
03/31/2022,20.56,,,,,
03/30/2022,19.33,,,,,
03/29/2022,18.9,,,,,
03/28/2022,19.63,,,,,
03/25/2022,20.81,,,,,
03/24/2022,21.67,,,,,
03/23/2022,23.57,,,,,
03/22/2022,22.94,,,,,
03/21/2022,23.53,,,,,
03/18/2022,23.87,,,,,
03/17/2022,25.67,,,,,
03/16/2022,26.67,,,,,
03/15/2022,29.83,,,,,
03/14/2022,31.77,,,,,
03/11/2022,30.75,,,,,
03/10/2022,30.23,,,,,
03/09/2022,32.45,,,,,
03/08/2022,35.13,,,,,
03/07/2022,36.45,,,,,
03/04/2022,31.98,,,,,
03/03/2022,30.48,,,,,
03/02/2022,30.74,,,,,
03/01/2022,33.32,,,,,
02/28/2022,30.15,,,,,
02/25/2022,27.59,,,,,
02/24/2022,30.32,,,,,
02/23/2022,31.02,,,,,
02/22/2022,28.81,,,,,
02/18/2022,27.75,,,,,
02/17/2022,28.11,,,,,
02/16/2022,24.29,,,,,
02/15/2022,25.7,,,,,
02/14/2022,28.33,,,,,
02/11/2022,27.36,,,,,
02/10/2022,23.91,,,,,
02/09/2022,19.96,,,,,
02/08/2022,21.44,,,,,
02/07/2022,22.86,,,,,
02/04/2022,23.22,,,,,
02/03/2022,24.35,,,,,
02/02/2022,22.09,,,,,
02/01/2022,21.96,,,,,
01/31/2022,24.83,,,,,
01/28/2022,27.66,,,,,
01/27/2022,30.49,,,,,
01/26/2022,31.96,,,,,
01/25/2022,31.16,,,,,
01/24/2022,29.9,,,,,
01/21/2022,28.85,,,,,
01/20/2022,25.59,,,,,
01/19/2022,23.85,,,,,
01/18/2022,22.79,,,,,
01/14/2022,19.19,,,,,
01/13/2022,20.31,,,,,
01/12/2022,17.62,,,,,
01/11/2022,18.41,,,,,
01/10/2022,19.4,,,,,
01/07/2022,18.76,,,,,
01/06/2022,19.61,,,,,
01/05/2022,19.73,,,,,
01/04/2022,16.91,,,,,
01/03/2022,16.6,,,,,
12/31/2021,17.22,,,,,
12/30/2021,17.33,,,,,
12/29/2021,16.95,,,,,
12/28/2021,17.54,,,,,
12/27/2021,17.68,,,,,
12/24/2021,17.96,,,,,
12/23/2021,17.96,,,,,
12/22/2021,18.63,,,,,
12/21/2021,21.01,,,,,
12/20/2021,22.87,,,,,
12/17/2021,21.57,,,,,
12/16/2021,20.57,,,,,
12/15/2021,19.29,,,,,
12/14/2021,21.89,,,,,
12/13/2021,20.31,,,,,
12/10/2021,18.69,,,,,
12/09/2021,21.58,,,,,
12/08/2021,19.9,,,,,
12/07/2021,21.89,,,,,
12/06/2021,27.18,,,,,
12/03/2021,30.67,,,,,
12/02/2021,27.95,,,,,
12/01/2021,31.12,,,,,
11/30/2021,27.19,,,,,
11/29/2021,22.96,,,,,
11/26/2021,28.62,,,,,
11/25/2021,18.58,,,,,
11/24/2021,18.58,,,,,
11/23/2021,19.38,,,,,
11/22/2021,19.17,,,,,
11/19/2021,17.91,,,,,
11/18/2021,17.59,,,,,
11/17/2021,17.11,,,,,
11/16/2021,16.37,,,,,
11/15/2021,16.49,,,,,
11/12/2021,16.29,,,,,
11/11/2021,17.66,,,,,
11/10/2021,18.73,,,,,
11/09/2021,17.78,,,,,
11/08/2021,17.22,,,,,
11/05/2021,16.48,,,,,
11/04/2021,15.44,,,,,
11/03/2021,15.1,,,,,
11/02/2021,16.03,,,,,
11/01/2021,16.41,,,,,
10/29/2021,16.26,,,,,
10/28/2021,16.53,,,,,
10/27/2021,16.98,,,,,
10/26/2021,15.98,,,,,
10/25/2021,15.24,,,,,
10/22/2021,15.43,,,,,
10/21/2021,15.01,,,,,
10/20/2021,15.49,,,,,
10/19/2021,15.7,,,,,
10/18/2021,16.31,,,,,
10/15/2021,16.3,,,,,
10/14/2021,16.86,,,,,
10/13/2021,18.64,,,,,
10/12/2021,19.85,,,,,
10/11/2021,20.0,,,,,
10/08/2021,18.77,,,,,
10/07/2021,19.54,,,,,
10/06/2021,21.0,,,,,
10/05/2021,21.3,,,,,
10/04/2021,22.96,,,,,
10/01/2021,21.15,,,,,
09/30/2021,23.14,,,,,
09/29/2021,22.56,,,,,
09/28/2021,23.25,,,,,
09/27/2021,18.76,,,,,
09/24/2021,17.75,,,,,
09/23/2021,18.63,,,,,
09/22/2021,20.87,,,,,
09/21/2021,24.36,,,,,
09/20/2021,25.71,,,,,
09/17/2021,20.81,,,,,
09/16/2021,18.69,,,,,
09/15/2021,18.18,,,,,
09/14/2021,19.46,,,,,
09/13/2021,19.37,,,,,
09/10/2021,20.95,,,,,
09/09/2021,18.8,,,,,
09/08/2021,17.96,,,,,
09/07/2021,18.14,,,,,
09/03/2021,16.41,,,,,
09/02/2021,16.41,,,,,
09/01/2021,16.11,,,,,
08/31/2021,16.48,,,,,
08/30/2021,16.19,,,,,
08/27/2021,16.39,,,,,
08/26/2021,18.84,,,,,
08/25/2021,16.79,,,,,
08/24/2021,17.22,,,,,
08/23/2021,17.15,,,,,
08/20/2021,18.56,,,,,
08/19/2021,21.67,,,,,
08/18/2021,21.57,,,,,
08/17/2021,17.91,,,,,
08/16/2021,16.12,,,,,
08/13/2021,15.45,,,,,
08/12/2021,15.59,,,,,
08/11/2021,16.06,,,,,
08/10/2021,16.79,,,,,
08/09/2021,16.72,,,,,
08/06/2021,16.15,,,,,
08/05/2021,17.28,,,,,
08/04/2021,17.97,,,,,
08/03/2021,18.04,,,,,
08/02/2021,19.46,,,,,
07/30/2021,18.24,,,,,
07/29/2021,17.7,,,,,
07/28/2021,18.31,,,,,
07/27/2021,19.36,,,,,
07/26/2021,17.58,,,,,
07/23/2021,17.2,,,,,
07/22/2021,17.69,,,,,
07/21/2021,17.91,,,,,
07/20/2021,19.73,,,,,
07/19/2021,22.5,,,,,
07/16/2021,18.45,,,,,
07/15/2021,17.01,,,,,
07/14/2021,16.33,,,,,
07/13/2021,17.12,,,,,
07/12/2021,16.17,,,,,
07/09/2021,16.18,,,,,
07/08/2021,19.0,,,,,
07/07/2021,16.2,,,,,
07/06/2021,16.44,,,,,
07/02/2021,15.07,,,,,
07/01/2021,15.48,,,,,
06/30/2021,15.83,,,,,
06/29/2021,16.02,,,,,
06/28/2021,15.76,,,,,
06/25/2021,15.62,,,,,
06/24/2021,15.97,,,,,
06/23/2021,16.32,,,,,
06/22/2021,16.66,,,,,
06/21/2021,17.89,,,,,
06/18/2021,20.7,,,,,
06/17/2021,17.75,,,,,
06/16/2021,18.15,,,,,
06/15/2021,17.02,,,,,
06/14/2021,16.39,,,,,
06/11/2021,15.65,,,,,
06/10/2021,16.1,,,,,
06/09/2021,17.89,,,,,
06/08/2021,17.07,,,,,
06/07/2021,16.42,,,,,
06/04/2021,16.42,,,,,
06/03/2021,18.04,,,,,
06/02/2021,17.48,,,,,
06/01/2021,17.9,,,,,
05/28/2021,16.76,,,,,
05/27/2021,16.74,,,,,
05/26/2021,17.36,,,,,
05/25/2021,18.84,,,,,
05/24/2021,18.4,,,,,
05/21/2021,20.15,,,,,
05/20/2021,20.67,,,,,
05/19/2021,22.18,,,,,
05/18/2021,21.34,,,,,
05/17/2021,19.72,,,,,
05/14/2021,18.81,,,,,
05/13/2021,23.13,,,,,
05/12/2021,27.59,,,,,
05/11/2021,21.84,,,,,
05/10/2021,19.66,,,,,
05/07/2021,16.69,,,,,
05/06/2021,18.39,,,,,
05/05/2021,19.15,,,,,
05/04/2021,19.48,,,,,
05/03/2021,18.31,,,,,
04/30/2021,18.61,,,,,
04/29/2021,17.61,,,,,
04/28/2021,17.28,,,,,
04/27/2021,17.56,,,,,
04/26/2021,17.64,,,,,
04/23/2021,17.33,,,,,
04/22/2021,18.71,,,,,
04/21/2021,17.5,,,,,
04/20/2021,18.68,,,,,
04/19/2021,17.29,,,,,
04/16/2021,16.25,,,,,
04/15/2021,16.57,,,,,
04/14/2021,16.99,,,,,
04/13/2021,16.65,,,,,
04/12/2021,16.91,,,,,
04/09/2021,16.69,,,,,
04/08/2021,16.95,,,,,
04/07/2021,17.16,,,,,
04/06/2021,18.12,,,,,
04/05/2021,17.91,,,,,
04/02/2021,17.33,,,,,
04/01/2021,17.33,,,,,
03/31/2021,19.4,,,,,
03/30/2021,19.61,,,,,
03/29/2021,20.74,,,,,
03/26/2021,18.86,,,,,
03/25/2021,19.81,,,,,
03/24/2021,21.2,,,,,
03/23/2021,20.3,,,,,
03/22/2021,18.88,,,,,
03/19/2021,20.95,,,,,
03/18/2021,21.58,,,,,
03/17/2021,19.23,,,,,
03/16/2021,19.79,,,,,
03/15/2021,20.03,,,,,
03/12/2021,20.69,,,,,
03/11/2021,21.91,,,,,
03/10/2021,22.56,,,,,
03/09/2021,24.03,,,,,
03/08/2021,25.47,,,,,
03/05/2021,24.66,,,,,
03/04/2021,28.57,,,,,
03/03/2021,26.67,,,,,
03/02/2021,24.1,,,,,
03/01/2021,23.35,,,,,
02/26/2021,27.95,,,,,
02/25/2021,28.89,,,,,
02/24/2021,21.34,,,,,
02/23/2021,23.11,,,,,
02/22/2021,23.45,,,,,
02/19/2021,22.05,,,,,
02/18/2021,22.49,,,,,
02/17/2021,21.5,,,,,
02/16/2021,21.46,,,,,
02/12/2021,19.97,,,,,
02/11/2021,21.25,,,,,
02/10/2021,21.99,,,,,
02/09/2021,21.63,,,,,
02/08/2021,21.24,,,,,
02/05/2021,20.87,,,,,
02/04/2021,21.77,,,,,
02/03/2021,22.91,,,,,
02/02/2021,25.56,,,,,
02/01/2021,30.24,,,,,
01/29/2021,33.09,,,,,
01/28/2021,30.21,,,,,
01/27/2021,37.21,,,,,
01/26/2021,23.02,,,,,
01/25/2021,23.19,,,,,
01/22/2021,21.91,,,,,
01/21/2021,21.32,,,,,
01/20/2021,21.58,,,,,
01/19/2021,23.24,,,,,
01/15/2021,24.34,,,,,
01/14/2021,23.25,,,,,
01/13/2021,22.21,,,,,
01/12/2021,23.33,,,,,
01/11/2021,24.08,,,,,
01/08/2021,21.56,,,,,
01/07/2021,22.37,,,,,
01/06/2021,25.07,,,,,
01/05/2021,25.34,,,,,
01/04/2021,26.97,,,,,
12/31/2020,22.75,,,,,
12/30/2020,22.77,,,,,
12/29/2020,23.08,,,,,
12/28/2020,21.7,,,,,
12/25/2020,21.53,,,,,
12/24/2020,21.53,,,,,
12/23/2020,23.31,,,,,
12/22/2020,24.23,,,,,
12/21/2020,25.16,,,,,
12/18/2020,21.57,,,,,
12/17/2020,21.93,,,,,
12/16/2020,22.5,,,,,
12/15/2020,22.89,,,,,
12/14/2020,24.72,,,,,
12/11/2020,23.31,,,,,
12/10/2020,22.52,,,,,
12/09/2020,22.27,,,,,
12/08/2020,20.68,,,,,
12/07/2020,21.3,,,,,
12/04/2020,20.79,,,,,
12/03/2020,21.28,,,,,
12/02/2020,21.17,,,,,
12/01/2020,20.77,,,,,
11/30/2020,20.57,,,,,
11/27/2020,20.84,,,,,
11/26/2020,21.25,,,,,
11/25/2020,21.25,,,,,
11/24/2020,21.64,,,,,
11/23/2020,22.66,,,,,
11/20/2020,23.7,,,,,
11/19/2020,23.11,,,,,
11/18/2020,23.84,,,,,
11/17/2020,22.71,,,,,
11/16/2020,22.45,,,,,
11/13/2020,23.1,,,,,
11/12/2020,25.35,,,,,
11/11/2020,23.45,,,,,
11/10/2020,24.8,,,,,
11/09/2020,25.75,,,,,
11/06/2020,24.86,,,,,
11/05/2020,27.58,,,,,
11/04/2020,29.57,,,,,
11/03/2020,35.55,,,,,
11/02/2020,37.13,,,,,
10/30/2020,38.02,,,,,
10/29/2020,37.59,,,,,
10/28/2020,40.28,,,,,
10/27/2020,33.35,,,,,
10/26/2020,32.46,,,,,
10/23/2020,27.55,,,,,
10/22/2020,28.11,,,,,
10/21/2020,28.65,,,,,
10/20/2020,29.35,,,,,
10/19/2020,29.18,,,,,
10/16/2020,27.41,,,,,
10/15/2020,26.97,,,,,
10/14/2020,26.4,,,,,
10/13/2020,26.07,,,,,
10/12/2020,25.07,,,,,
10/09/2020,25.0,,,,,
10/08/2020,26.36,,,,,
10/07/2020,28.06,,,,,
10/06/2020,29.48,,,,,
10/05/2020,27.96,,,,,
10/02/2020,27.63,,,,,
10/01/2020,26.7,,,,,
09/30/2020,26.37,,,,,
09/29/2020,26.27,,,,,
09/28/2020,26.19,,,,,
09/25/2020,26.38,,,,,
09/24/2020,28.51,,,,,
09/23/2020,28.58,,,,,
09/22/2020,26.86,,,,,
09/21/2020,27.78,,,,,
09/18/2020,25.83,,,,,
09/17/2020,26.46,,,,,
09/16/2020,26.04,,,,,
09/15/2020,25.59,,,,,
09/14/2020,25.85,,,,,
09/11/2020,26.87,,,,,
09/10/2020,29.71,,,,,
09/09/2020,28.81,,,,,
09/08/2020,31.46,,,,,
09/04/2020,30.75,,,,,
09/03/2020,33.6,,,,,
09/02/2020,26.57,,,,,
09/01/2020,26.12,,,,,
08/31/2020,26.41,,,,,
08/28/2020,22.96,,,,,
08/27/2020,24.47,,,,,
08/26/2020,23.27,,,,,
08/25/2020,22.03,,,,,
08/24/2020,22.37,,,,,
08/21/2020,22.54,,,,,
08/20/2020,22.72,,,,,
08/19/2020,22.54,,,,,
08/18/2020,21.51,,,,,
08/17/2020,21.35,,,,,
08/14/2020,22.05,,,,,
08/13/2020,22.13,,,,,
08/12/2020,22.28,,,,,
08/11/2020,24.03,,,,,
08/10/2020,22.13,,,,,
08/07/2020,22.21,,,,,
08/06/2020,22.65,,,,,
08/05/2020,22.99,,,,,
08/04/2020,23.76,,,,,
08/03/2020,24.28,,,,,
07/31/2020,24.46,,,,,
07/30/2020,24.76,,,,,
07/29/2020,24.1,,,,,
07/28/2020,25.44,,,,,
07/27/2020,24.74,,,,,
07/24/2020,25.84,,,,,
07/23/2020,26.08,,,,,
07/22/2020,24.32,,,,,
07/21/2020,24.84,,,,,
07/20/2020,24.46,,,,,
07/17/2020,25.68,,,,,
07/16/2020,28.0,,,,,
07/15/2020,27.76,,,,,
07/14/2020,29.52,,,,,
07/13/2020,32.19,,,,,
07/10/2020,27.29,,,,,
07/09/2020,29.26,,,,,
07/08/2020,28.08,,,,,
07/07/2020,29.43,,,,,
07/06/2020,27.94,,,,,
07/03/2020,27.68,,,,,
07/02/2020,27.68,,,,,
07/01/2020,28.62,,,,,
06/30/2020,30.43,,,,,
06/29/2020,31.78,,,,,
06/26/2020,34.73,,,,,
06/25/2020,32.22,,,,,
06/24/2020,33.84,,,,,
06/23/2020,31.37,,,,,
06/22/2020,31.77,,,,,
06/19/2020,35.12,,,,,
06/18/2020,32.94,,,,,
06/17/2020,33.47,,,,,
06/16/2020,33.67,,,,,
06/15/2020,34.4,,,,,
06/12/2020,36.09,,,,,
06/11/2020,40.79,,,,,
06/10/2020,27.57,,,,,
06/09/2020,27.57,,,,,
06/08/2020,25.81,,,,,
06/05/2020,24.52,,,,,
06/04/2020,25.81,,,,,
06/03/2020,25.66,,,,,
06/02/2020,26.84,,,,,
06/01/2020,28.23,,,,,
05/29/2020,27.51,,,,,
05/28/2020,28.59,,,,,
05/27/2020,27.62,,,,,
05/26/2020,28.01,,,,,
05/22/2020,28.16,,,,,
05/21/2020,29.53,,,,,
05/20/2020,27.99,,,,,
05/19/2020,30.53,,,,,
05/18/2020,29.3,,,,,
05/15/2020,31.89,,,,,
05/14/2020,32.61,,,,,
05/13/2020,35.28,,,,,
05/12/2020,33.04,,,,,
05/11/2020,27.57,,,,,
05/08/2020,27.98,,,,,
05/07/2020,31.44,,,,,
05/06/2020,34.12,,,,,
05/05/2020,33.61,,,,,
05/04/2020,35.97,,,,,
05/01/2020,37.19,,,,,
04/30/2020,34.15,,,,,
04/29/2020,31.23,,,,,
04/28/2020,33.57,,,,,
04/27/2020,33.29,,,,,
04/24/2020,35.93,,,,,
04/23/2020,41.38,,,,,
04/22/2020,41.98,,,,,
04/21/2020,45.41,,,,,
04/20/2020,43.83,,,,,
04/17/2020,38.15,,,,,
04/16/2020,40.11,,,,,
04/15/2020,40.84,,,,,
04/14/2020,37.76,,,,,
04/13/2020,41.17,,,,,
04/09/2020,41.67,,,,,
04/08/2020,43.35,,,,,
04/07/2020,46.7,,,,,
04/06/2020,45.24,,,,,
04/03/2020,46.8,,,,,
04/02/2020,50.91,,,,,
04/01/2020,57.06,,,,,
03/31/2020,53.54,,,,,
03/30/2020,57.08,,,,,
03/27/2020,65.54,,,,,
03/26/2020,61.0,,,,,
03/25/2020,63.95,,,,,
03/24/2020,61.67,,,,,
03/23/2020,61.59,,,,,
03/20/2020,66.04,,,,,
03/19/2020,72.0,,,,,
03/18/2020,76.45,,,,,
03/17/2020,75.91,,,,,
03/16/2020,82.69,,,,,
03/13/2020,57.83,,,,,
03/12/2020,75.47,,,,,
03/11/2020,53.9,,,,,
03/10/2020,47.3,,,,,
03/09/2020,54.46,,,,,
03/06/2020,41.94,,,,,
03/05/2020,39.62,,,,,
03/04/2020,31.99,,,,,
03/03/2020,36.82,,,,,
03/02/2020,33.42,,,,,
02/28/2020,40.11,,,,,
02/27/2020,39.16,,,,,
02/26/2020,27.56,,,,,
02/25/2020,27.85,,,,,
02/24/2020,25.03,,,,,
02/21/2020,17.08,,,,,
02/20/2020,15.56,,,,,
02/19/2020,14.38,,,,,
02/18/2020,14.83,,,,,
02/14/2020,13.68,,,,,
02/13/2020,14.15,,,,,
02/12/2020,13.74,,,,,
02/11/2020,15.18,,,,,
02/10/2020,15.04,,,,,
02/07/2020,15.47,,,,,
02/06/2020,14.96,,,,,
02/05/2020,15.15,,,,,
02/04/2020,16.05,,,,,
02/03/2020,17.97,,,,,
01/31/2020,18.84,,,,,
01/30/2020,15.49,,,,,
01/29/2020,16.39,,,,,
01/28/2020,16.28,,,,,
01/27/2020,18.23,,,,,
01/24/2020,14.56,,,,,
01/23/2020,12.98,,,,,
01/22/2020,12.91,,,,,
01/21/2020,12.85,,,,,
01/17/2020,12.1,,,,,
01/16/2020,12.32,,,,,
01/15/2020,12.42,,,,,
01/14/2020,12.39,,,,,
01/13/2020,12.32,,,,,
01/10/2020,12.56,,,,,
01/09/2020,12.54,,,,,
01/08/2020,13.45,,,,,
01/07/2020,13.79,,,,,
01/06/2020,13.85,,,,,
01/03/2020,14.02,,,,,
01/02/2020,12.47,,,,,
12/31/2019,13.78,,,,,
12/30/2019,14.82,,,,,
12/27/2019,13.43,,,,,
12/26/2019,12.65,,,,,
12/24/2019,12.67,,,,,
12/23/2019,12.61,,,,,
12/20/2019,12.51,,,,,
12/19/2019,12.5,,,,,
12/18/2019,12.58,,,,,
12/17/2019,12.29,,,,,
12/16/2019,12.14,,,,,
12/13/2019,12.63,,,,,
12/12/2019,13.94,,,,,
12/11/2019,14.99,,,,,
12/10/2019,15.68,,,,,
12/09/2019,15.86,,,,,
12/06/2019,13.62,,,,,
12/05/2019,14.52,,,,,
12/04/2019,14.8,,,,,
12/03/2019,15.96,,,,,
12/02/2019,14.91,,,,,
11/29/2019,12.62,,,,,
11/27/2019,11.75,,,,,
11/26/2019,11.54,,,,,
11/25/2019,11.87,,,,,
11/22/2019,12.34,,,,,
11/21/2019,13.13,,,,,
11/20/2019,12.78,,,,,
11/19/2019,12.86,,,,,
11/18/2019,12.46,,,,,
11/15/2019,12.05,,,,,
11/14/2019,13.05,,,,,
11/13/2019,13.0,,,,,
11/12/2019,12.68,,,,,
11/11/2019,12.69,,,,,
11/08/2019,12.07,,,,,
11/07/2019,12.73,,,,,
11/06/2019,12.62,,,,,
11/05/2019,13.1,,,,,
11/04/2019,12.83,,,,,
11/01/2019,12.3,,,,,
10/31/2019,13.22,,,,,
10/30/2019,12.33,,,,,
10/29/2019,13.2,,,,,
10/28/2019,13.11,,,,,
10/25/2019,12.65,,,,,
10/24/2019,13.71,,,,,
10/23/2019,14.01,,,,,
10/22/2019,14.46,,,,,
10/21/2019,14.0,,,,,
10/18/2019,14.25,,,,,
10/17/2019,13.79,,,,,
10/16/2019,13.68,,,,,
10/15/2019,13.54,,,,,
10/14/2019,14.57,,,,,
10/11/2019,15.58,,,,,
10/10/2019,17.57,,,,,
10/09/2019,18.64,,,,,
10/08/2019,20.28,,,,,
10/07/2019,17.86,,,,,
10/04/2019,17.04,,,,,
10/03/2019,19.12,,,,,
10/02/2019,20.56,,,,,
10/01/2019,18.56,,,,,
09/30/2019,16.24,,,,,
09/27/2019,17.22,,,,,
09/26/2019,16.07,,,,,
09/25/2019,15.96,,,,,
09/24/2019,17.05,,,,,
09/23/2019,14.91,,,,,
09/20/2019,15.32,,,,,
09/19/2019,14.05,,,,,
09/18/2019,13.95,,,,,
09/17/2019,14.44,,,,,
09/16/2019,14.67,,,,,
09/13/2019,13.74,,,,,
09/12/2019,14.22,,,,,
09/11/2019,14.61,,,,,
09/10/2019,15.2,,,,,
09/09/2019,15.27,,,,,
09/06/2019,15.0,,,,,
09/05/2019,16.27,,,,,
09/04/2019,17.33,,,,,
09/03/2019,19.66,,,,,
08/30/2019,18.98,,,,,
08/29/2019,17.88,,,,,
08/28/2019,19.35,,,,,
08/27/2019,20.31,,,,,
08/26/2019,19.32,,,,,
08/23/2019,19.87,,,,,
08/22/2019,16.68,,,,,
08/21/2019,15.8,,,,,
08/20/2019,17.5,,,,,
08/19/2019,16.88,,,,,
08/16/2019,18.47,,,,,
08/15/2019,21.18,,,,,
08/14/2019,22.1,,,,,
08/13/2019,17.52,,,,,
08/12/2019,21.09,,,,,
08/09/2019,17.97,,,,,
08/08/2019,16.91,,,,,
08/07/2019,19.49,,,,,
08/06/2019,20.17,,,,,
08/05/2019,24.59,,,,,
08/02/2019,17.61,,,,,
08/01/2019,17.87,,,,,
07/31/2019,16.12,,,,,
07/30/2019,13.94,,,,,
07/29/2019,12.83,,,,,
07/26/2019,12.16,,,,,
07/25/2019,12.74,,,,,
07/24/2019,12.07,,,,,
07/23/2019,12.61,,,,,
07/22/2019,13.53,,,,,
07/19/2019,14.45,,,,,
07/18/2019,13.53,,,,,
07/17/2019,13.97,,,,,
07/16/2019,12.86,,,,,
07/15/2019,12.68,,,,,
07/12/2019,12.39,,,,,
07/11/2019,12.93,,,,,
07/10/2019,13.03,,,,,
07/09/2019,14.09,,,,,
07/08/2019,13.96,,,,,
07/05/2019,13.28,,,,,
07/03/2019,12.57,,,,,
07/02/2019,12.93,,,,,
07/01/2019,14.06,,,,,
06/28/2019,15.08,,,,,
06/27/2019,15.82,,,,,
06/26/2019,16.21,,,,,
06/25/2019,16.28,,,,,
06/24/2019,15.26,,,,,
06/21/2019,15.4,,,,,
06/20/2019,14.75,,,,,
06/19/2019,14.33,,,,,
06/18/2019,15.15,,,,,
06/17/2019,15.35,,,,,
06/14/2019,15.28,,,,,
06/13/2019,15.82,,,,,
06/12/2019,15.91,,,,,
06/11/2019,15.99,,,,,
06/10/2019,15.94,,,,,
06/07/2019,16.3,,,,,
06/06/2019,15.93,,,,,
06/05/2019,16.09,,,,,
06/04/2019,16.97,,,,,
06/03/2019,18.86,,,,,
05/31/2019,18.71,,,,,
05/30/2019,17.3,,,,,
05/29/2019,17.9,,,,,
05/28/2019,17.5,,,,,
05/24/2019,15.85,,,,,
05/23/2019,16.92,,,,,
05/22/2019,14.75,,,,,
05/21/2019,14.95,,,,,
05/20/2019,16.31,,,,,
05/17/2019,15.96,,,,,
05/16/2019,15.29,,,,,
05/15/2019,16.44,,,,,
05/14/2019,18.06,,,,,
05/13/2019,20.55,,,,,
05/10/2019,16.04,,,,,
05/09/2019,19.1,,,,,
05/08/2019,19.4,,,,,
05/07/2019,19.32,,,,,
05/06/2019,15.44,,,,,
05/03/2019,12.87,,,,,
05/02/2019,14.42,,,,,
05/01/2019,14.8,,,,,
04/30/2019,13.12,,,,,
04/29/2019,13.11,,,,,
04/26/2019,12.73,,,,,
04/25/2019,13.25,,,,,
04/24/2019,13.14,,,,,
04/23/2019,12.28,,,,,
04/22/2019,12.42,,,,,
04/19/2019,12.09,,,,,
04/18/2019,12.09,,,,,
04/17/2019,12.6,,,,,
04/16/2019,12.18,,,,,
04/15/2019,12.32,,,,,
04/12/2019,12.01,,,,,
04/11/2019,13.02,,,,,
04/10/2019,13.3,,,,,
04/09/2019,14.28,,,,,
04/08/2019,13.18,,,,,
04/05/2019,12.82,,,,,
04/04/2019,13.58,,,,,
04/03/2019,13.74,,,,,
04/02/2019,13.36,,,,,
04/01/2019,13.4,,,,,
03/29/2019,13.71,,,,,
03/28/2019,14.43,,,,,
03/27/2019,15.15,,,,,
03/26/2019,14.68,,,,,
03/25/2019,16.33,,,,,
03/22/2019,16.48,,,,,
03/21/2019,13.63,,,,,
03/20/2019,13.91,,,,,
03/19/2019,13.56,,,,,
03/18/2019,13.1,,,,,
03/15/2019,12.88,,,,,
03/14/2019,13.5,,,,,
03/13/2019,13.41,,,,,
03/12/2019,13.77,,,,,
03/11/2019,14.33,,,,,
03/08/2019,16.05,,,,,
03/07/2019,16.59,,,,,
03/06/2019,15.74,,,,,
03/05/2019,14.74,,,,,
03/04/2019,14.63,,,,,
03/01/2019,13.57,,,,,
02/28/2019,14.78,,,,,
02/27/2019,14.7,,,,,
02/26/2019,15.17,,,,,
02/25/2019,14.85,,,,,
02/22/2019,13.51,,,,,
02/21/2019,14.46,,,,,
02/20/2019,14.02,,,,,
02/19/2019,14.88,,,,,
02/15/2019,14.91,,,,,
02/14/2019,16.22,,,,,
02/13/2019,15.65,,,,,
02/12/2019,15.43,,,,,
02/11/2019,15.97,,,,,
02/08/2019,15.72,,,,,
02/07/2019,16.37,,,,,
02/06/2019,15.38,,,,,
02/05/2019,15.57,,,,,
02/04/2019,15.73,,,,,
02/01/2019,16.14,,,,,
01/31/2019,16.57,,,,,
01/30/2019,17.66,,,,,
01/29/2019,19.13,,,,,
01/28/2019,18.87,,,,,
01/25/2019,17.42,,,,,
01/24/2019,18.89,,,,,
01/23/2019,19.52,,,,,
01/22/2019,20.8,,,,,
01/18/2019,17.8,,,,,
01/17/2019,18.06,,,,,
01/16/2019,19.04,,,,,
01/15/2019,18.6,,,,,
01/14/2019,19.07,,,,,
01/11/2019,18.19,,,,,
01/10/2019,19.5,,,,,
01/09/2019,19.98,,,,,
01/08/2019,20.47,,,,,
01/07/2019,21.4,,,,,
01/04/2019,21.38,,,,,
01/03/2019,25.45,,,,,
01/02/2019,23.22,,,,,
12/31/2018,25.42,,,,,
12/28/2018,28.34,,,,,
12/27/2018,29.96,,,,,
12/26/2018,30.41,,,,,
12/24/2018,36.07,,,,,
12/21/2018,30.11,,,,,
12/20/2018,28.38,,,,,
12/19/2018,25.58,,,,,
12/18/2018,25.58,,,,,
12/17/2018,24.52,,,,,
12/14/2018,21.63,,,,,
12/13/2018,20.65,,,,,
12/12/2018,21.46,,,,,
12/11/2018,21.76,,,,,
12/10/2018,22.64,,,,,
12/07/2018,23.23,,,,,
12/06/2018,21.19,,,,,
12/04/2018,20.74,,,,,
12/03/2018,16.44,,,,,
11/30/2018,18.07,,,,,
11/29/2018,18.79,,,,,
11/28/2018,18.49,,,,,
11/27/2018,19.02,,,,,
11/26/2018,18.9,,,,,
11/23/2018,21.52,,,,,
11/21/2018,20.8,,,,,
11/20/2018,22.48,,,,,
11/19/2018,20.1,,,,,
11/16/2018,18.14,,,,,
11/15/2018,19.98,,,,,
11/14/2018,21.25,,,,,
11/13/2018,20.02,,,,,
11/12/2018,20.45,,,,,
11/09/2018,17.36,,,,,
11/08/2018,16.72,,,,,
11/07/2018,16.36,,,,,
11/06/2018,19.91,,,,,
11/05/2018,19.96,,,,,
11/02/2018,19.51,,,,,
11/01/2018,19.34,,,,,
10/31/2018,21.23,,,,,
10/30/2018,23.35,,,,,
10/29/2018,24.7,,,,,
10/26/2018,24.16,,,,,
10/25/2018,24.22,,,,,
10/24/2018,25.23,,,,,
10/23/2018,20.71,,,,,
10/22/2018,19.64,,,,,
10/19/2018,19.89,,,,,
10/18/2018,20.06,,,,,
10/17/2018,17.4,,,,,
10/16/2018,17.62,,,,,
10/15/2018,21.3,,,,,
10/12/2018,21.31,,,,,
10/11/2018,24.98,,,,,
10/10/2018,22.96,,,,,
10/09/2018,15.95,,,,,
10/08/2018,15.69,,,,,
10/05/2018,14.82,,,,,
10/04/2018,14.22,,,,,
10/03/2018,11.61,,,,,
10/02/2018,12.05,,,,,
10/01/2018,12.0,,,,,
09/28/2018,12.12,,,,,
09/27/2018,12.41,,,,,
09/26/2018,12.89,,,,,
09/25/2018,12.42,,,,,
09/24/2018,12.2,,,,,
09/21/2018,11.68,,,,,
09/20/2018,11.8,,,,,
09/19/2018,11.75,,,,,
09/18/2018,12.79,,,,,
09/17/2018,13.68,,,,,
09/14/2018,12.07,,,,,
09/13/2018,12.37,,,,,
09/12/2018,13.14,,,,,
09/11/2018,13.22,,,,,
09/10/2018,14.16,,,,,
09/07/2018,14.88,,,,,
09/06/2018,14.65,,,,,
09/05/2018,13.91,,,,,
09/04/2018,13.16,,,,,
08/31/2018,12.86,,,,,
08/30/2018,13.53,,,,,
08/29/2018,12.25,,,,,
08/28/2018,12.5,,,,,
08/27/2018,12.16,,,,,
08/24/2018,11.99,,,,,
08/23/2018,12.41,,,,,
08/22/2018,12.25,,,,,
08/21/2018,12.86,,,,,
08/20/2018,12.49,,,,,
08/17/2018,12.64,,,,,
08/16/2018,13.45,,,,,
08/15/2018,14.64,,,,,
08/14/2018,13.31,,,,,
08/13/2018,14.78,,,,,
08/10/2018,13.16,,,,,
08/09/2018,11.27,,,,,
08/08/2018,10.85,,,,,
08/07/2018,10.93,,,,,
08/06/2018,11.27,,,,,
08/03/2018,11.64,,,,,
08/02/2018,12.19,,,,,
08/01/2018,13.15,,,,,
07/31/2018,12.83,,,,,
07/30/2018,14.26,,,,,
07/27/2018,13.03,,,,,
07/26/2018,12.14,,,,,
07/25/2018,12.29,,,,,
07/24/2018,12.41,,,,,
07/23/2018,12.62,,,,,
07/20/2018,12.86,,,,,
07/19/2018,12.87,,,,,
07/18/2018,12.1,,,,,
07/17/2018,12.06,,,,,
07/16/2018,12.83,,,,,
07/13/2018,12.18,,,,,
07/12/2018,12.58,,,,,
07/11/2018,13.63,,,,,
07/10/2018,12.64,,,,,
07/09/2018,12.69,,,,,
07/06/2018,13.37,,,,,
07/05/2018,14.97,,,,,
07/03/2018,16.14,,,,,
07/02/2018,15.6,,,,,
06/29/2018,16.09,,,,,
06/28/2018,16.85,,,,,
06/27/2018,17.91,,,,,
06/26/2018,15.92,,,,,
06/25/2018,17.33,,,,,
06/22/2018,13.77,,,,,
06/21/2018,14.64,,,,,
06/20/2018,12.79,,,,,
06/19/2018,13.35,,,,,
06/18/2018,12.31,,,,,
06/15/2018,11.98,,,,,
06/14/2018,12.12,,,,,
06/13/2018,12.94,,,,,
06/12/2018,12.34,,,,,
06/11/2018,12.35,,,,,
06/08/2018,12.18,,,,,
06/07/2018,12.13,,,,,
06/06/2018,11.64,,,,,
06/05/2018,12.4,,,,,
06/04/2018,12.74,,,,,
06/01/2018,13.46,,,,,
05/31/2018,15.43,,,,,
05/30/2018,14.94,,,,,
05/29/2018,17.02,,,,,
05/25/2018,13.22,,,,,
05/24/2018,12.53,,,,,
05/23/2018,12.58,,,,,
05/22/2018,13.22,,,,,
05/21/2018,13.08,,,,,
05/18/2018,13.42,,,,,
05/17/2018,13.43,,,,,
05/16/2018,13.42,,,,,
05/15/2018,14.63,,,,,
05/14/2018,12.93,,,,,
05/11/2018,12.65,,,,,
05/10/2018,13.23,,,,,
05/09/2018,13.42,,,,,
05/08/2018,14.71,,,,,
05/07/2018,14.75,,,,,
05/04/2018,14.77,,,,,
05/03/2018,15.9,,,,,
05/02/2018,15.97,,,,,
05/01/2018,15.49,,,,,
04/30/2018,15.93,,,,,
04/27/2018,15.41,,,,,
04/26/2018,16.24,,,,,
04/25/2018,17.84,,,,,
04/24/2018,18.02,,,,,
04/23/2018,16.34,,,,,
04/20/2018,16.88,,,,,
04/19/2018,15.96,,,,,
04/18/2018,15.6,,,,,
04/17/2018,15.25,,,,,
04/16/2018,16.56,,,,,
04/13/2018,17.41,,,,,
04/12/2018,18.49,,,,,
04/11/2018,20.24,,,,,
04/10/2018,20.47,,,,,
04/09/2018,21.77,,,,,
04/06/2018,21.49,,,,,
04/05/2018,18.94,,,,,
04/04/2018,20.06,,,,,
04/03/2018,21.1,,,,,
04/02/2018,23.62,,,,,
03/29/2018,19.97,,,,,
03/28/2018,22.87,,,,,
03/27/2018,22.5,,,,,
03/26/2018,21.03,,,,,
03/23/2018,24.87,,,,,
03/22/2018,23.34,,,,,
03/21/2018,17.86,,,,,
03/20/2018,18.2,,,,,
03/19/2018,19.02,,,,,
03/16/2018,15.8,,,,,
03/15/2018,16.59,,,,,
03/14/2018,17.23,,,,,
03/13/2018,16.35,,,,,
03/12/2018,15.78,,,,,
03/09/2018,14.64,,,,,
03/08/2018,16.54,,,,,
03/07/2018,17.76,,,,,
03/06/2018,18.36,,,,,
03/05/2018,18.73,,,,,
03/02/2018,19.59,,,,,
03/01/2018,22.47,,,,,
02/28/2018,19.85,,,,,
02/27/2018,18.59,,,,,
02/26/2018,15.8,,,,,
02/23/2018,16.49,,,,,
02/22/2018,18.72,,,,,
02/21/2018,20.02,,,,,
02/20/2018,20.6,,,,,
02/16/2018,19.46,,,,,
02/15/2018,19.13,,,,,
02/14/2018,19.26,,,,,
02/13/2018,24.97,,,,,
02/12/2018,25.61,,,,,
02/09/2018,29.06,,,,,
02/08/2018,33.46,,,,,
02/07/2018,27.73,,,,,
02/06/2018,29.98,,,,,
02/05/2018,37.32,,,,,
02/02/2018,17.31,,,,,
02/01/2018,13.47,,,,,
01/31/2018,13.54,,,,,
01/30/2018,14.79,,,,,
01/29/2018,13.84,,,,,
01/26/2018,11.08,,,,,
01/25/2018,11.58,,,,,
01/24/2018,11.47,,,,,
01/23/2018,11.1,,,,,
01/22/2018,11.03,,,,,
01/19/2018,11.27,,,,,
01/18/2018,12.22,,,,,
01/17/2018,11.91,,,,,
01/16/2018,11.66,,,,,
01/12/2018,10.16,,,,,
01/11/2018,9.88,,,,,
01/10/2018,9.82,,,,,
01/09/2018,10.08,,,,,
01/08/2018,9.52,,,,,
01/05/2018,9.22,,,,,
01/04/2018,9.22,,,,,
01/03/2018,9.15,,,,,
01/02/2018,9.77,,,,,
12/29/2017,11.04,,,,,
12/28/2017,10.18,,,,,
12/27/2017,10.47,,,,,
12/26/2017,10.25,,,,,
12/22/2017,9.9,,,,,
12/21/2017,9.62,,,,,
12/20/2017,9.72,,,,,
12/19/2017,10.03,,,,,
12/18/2017,9.53,,,,,
12/15/2017,9.42,,,,,
12/14/2017,10.49,,,,,
12/13/2017,10.18,,,,,
12/12/2017,9.92,,,,,
12/11/2017,9.34,,,,,
12/08/2017,9.58,,,,,
12/07/2017,10.16,,,,,
12/06/2017,11.02,,,,,
12/05/2017,11.33,,,,,
12/04/2017,11.68,,,,,
12/01/2017,11.43,,,,,
11/30/2017,11.28,,,,,
11/29/2017,10.7,,,,,
11/28/2017,10.03,,,,,
11/27/2017,9.87,,,,,
11/24/2017,9.67,,,,,
11/22/2017,9.88,,,,,
11/21/2017,9.73,,,,,
11/20/2017,10.65,,,,,
11/17/2017,11.43,,,,,
11/16/2017,11.76,,,,,
11/15/2017,13.13,,,,,
11/14/2017,11.59,,,,,
11/13/2017,11.5,,,,,
11/10/2017,11.29,,,,,
11/09/2017,10.5,,,,,
11/08/2017,9.78,,,,,
11/07/2017,9.89,,,,,
11/06/2017,9.4,,,,,
11/03/2017,9.14,,,,,
11/02/2017,9.93,,,,,
11/01/2017,10.2,,,,,
10/31/2017,10.18,,,,,
10/30/2017,10.5,,,,,
10/27/2017,9.8,,,,,
10/26/2017,11.3,,,,,
10/25/2017,11.23,,,,,
10/24/2017,11.16,,,,,
10/23/2017,11.07,,,,,
10/20/2017,9.97,,,,,
10/19/2017,10.05,,,,,
10/18/2017,10.07,,,,,
10/17/2017,10.31,,,,,
10/16/2017,9.91,,,,,
10/13/2017,9.61,,,,,
10/12/2017,9.91,,,,,
10/11/2017,9.85,,,,,
10/10/2017,10.08,,,,,
10/09/2017,10.33,,,,,
10/06/2017,9.65,,,,,
10/05/2017,9.19,,,,,
10/04/2017,9.63,,,,,
10/03/2017,9.51,,,,,
10/02/2017,9.45,,,,,
09/29/2017,9.51,,,,,
09/28/2017,9.55,,,,,
09/27/2017,9.87,,,,,
09/26/2017,10.17,,,,,
09/25/2017,10.21,,,,,
09/22/2017,9.59,,,,,
09/21/2017,9.67,,,,,
09/20/2017,9.78,,,,,
09/19/2017,10.18,,,,,
09/18/2017,10.15,,,,,
09/15/2017,10.17,,,,,
09/14/2017,10.44,,,,,
09/13/2017,10.5,,,,,
09/12/2017,10.58,,,,,
09/11/2017,10.73,,,,,
09/08/2017,12.12,,,,,
09/07/2017,11.55,,,,,
09/06/2017,11.63,,,,,
09/05/2017,12.23,,,,,
09/01/2017,10.13,,,,,
08/31/2017,10.59,,,,,
08/30/2017,11.22,,,,,
08/29/2017,11.7,,,,,
08/28/2017,11.32,,,,,
08/25/2017,11.28,,,,,
08/24/2017,12.23,,,,,
08/23/2017,12.25,,,,,
08/22/2017,11.35,,,,,
08/21/2017,13.19,,,,,
08/18/2017,14.26,,,,,
08/17/2017,15.55,,,,,
08/16/2017,11.74,,,,,
08/15/2017,12.04,,,,,
08/14/2017,12.33,,,,,
08/11/2017,15.51,,,,,
08/10/2017,16.04,,,,,
08/09/2017,11.11,,,,,
08/08/2017,10.96,,,,,
08/07/2017,9.93,,,,,
08/04/2017,10.03,,,,,
08/03/2017,10.44,,,,,
08/02/2017,10.28,,,,,
08/01/2017,10.09,,,,,
07/31/2017,10.26,,,,,
07/28/2017,10.29,,,,,
07/27/2017,10.11,,,,,
07/26/2017,9.6,,,,,
07/25/2017,9.43,,,,,
07/24/2017,9.43,,,,,
07/21/2017,9.36,,,,,
07/20/2017,9.58,,,,,
07/19/2017,9.79,,,,,
07/18/2017,9.89,,,,,
07/17/2017,9.82,,,,,
07/14/2017,9.51,,,,,
07/13/2017,9.9,,,,,
07/12/2017,10.3,,,,,
07/11/2017,10.89,,,,,
07/10/2017,11.11,,,,,
07/07/2017,11.19,,,,,
07/06/2017,12.54,,,,,
07/05/2017,11.07,,,,,
07/03/2017,11.22,,,,,
06/30/2017,11.18,,,,,
06/29/2017,11.44,,,,,
06/28/2017,10.03,,,,,
06/27/2017,11.06,,,,,
06/26/2017,9.9,,,,,
06/23/2017,10.02,,,,,
06/22/2017,10.48,,,,,
06/21/2017,10.75,,,,,
06/20/2017,10.86,,,,,
06/19/2017,10.37,,,,,
06/16/2017,10.38,,,,,
06/15/2017,10.9,,,,,
06/14/2017,10.64,,,,,
06/13/2017,10.42,,,,,
06/12/2017,11.46,,,,,
06/09/2017,10.7,,,,,
06/08/2017,10.16,,,,,
06/07/2017,10.39,,,,,
06/06/2017,10.45,,,,,
06/05/2017,10.07,,,,,
06/02/2017,9.75,,,,,
06/01/2017,9.89,,,,,
05/31/2017,10.41,,,,,
05/30/2017,10.38,,,,,
05/26/2017,9.81,,,,,
05/25/2017,9.99,,,,,
05/24/2017,10.02,,,,,
05/23/2017,10.72,,,,,
05/22/2017,10.93,,,,,
05/19/2017,12.04,,,,,
05/18/2017,14.66,,,,,
05/17/2017,15.59,,,,,
05/16/2017,10.65,,,,,
05/15/2017,10.42,,,,,
05/12/2017,10.4,,,,,
05/11/2017,10.6,,,,,
05/10/2017,10.21,,,,,
05/09/2017,9.96,,,,,
05/08/2017,9.77,,,,,
05/05/2017,10.57,,,,,
05/04/2017,10.46,,,,,
05/03/2017,10.68,,,,,
05/02/2017,10.59,,,,,
05/01/2017,10.11,,,,,
04/28/2017,10.82,,,,,
04/27/2017,10.36,,,,,
04/26/2017,10.85,,,,,
04/25/2017,10.76,,,,,
04/24/2017,10.84,,,,,
04/21/2017,14.63,,,,,
04/20/2017,14.15,,,,,
04/19/2017,14.93,,,,,
04/18/2017,14.42,,,,,
04/17/2017,14.66,,,,,
04/13/2017,15.96,,,,,
04/12/2017,15.77,,,,,
04/11/2017,15.07,,,,,
04/10/2017,14.05,,,,,
04/07/2017,12.87,,,,,
04/06/2017,12.39,,,,,
04/05/2017,12.89,,,,,
04/04/2017,11.79,,,,,
04/03/2017,12.38,,,,,
03/31/2017,12.37,,,,,
03/30/2017,11.54,,,,,
03/29/2017,11.42,,,,,
03/28/2017,11.53,,,,,
03/27/2017,12.5,,,,,
03/24/2017,12.96,,,,,
03/23/2017,13.12,,,,,
03/22/2017,12.81,,,,,
03/21/2017,12.47,,,,,
03/20/2017,11.34,,,,,
03/17/2017,11.28,,,,,
03/16/2017,11.21,,,,,
03/15/2017,11.63,,,,,
03/14/2017,12.3,,,,,
03/13/2017,11.35,,,,,
03/10/2017,11.66,,,,,
03/09/2017,12.3,,,,,
03/08/2017,11.86,,,,,
03/07/2017,11.45,,,,,
03/06/2017,11.24,,,,,
03/03/2017,10.96,,,,,
03/02/2017,11.81,,,,,
03/01/2017,12.54,,,,,
02/28/2017,12.92,,,,,
02/27/2017,12.09,,,,,
02/24/2017,11.47,,,,,
02/23/2017,11.71,,,,,
02/22/2017,11.74,,,,,
02/21/2017,11.57,,,,,
02/17/2017,11.49,,,,,
02/16/2017,11.76,,,,,
02/15/2017,11.97,,,,,
02/14/2017,10.74,,,,,
02/13/2017,11.07,,,,,
02/10/2017,10.85,,,,,
02/09/2017,10.88,,,,,
02/08/2017,11.45,,,,,
02/07/2017,11.29,,,,,
02/06/2017,11.37,,,,,
02/03/2017,10.97,,,,,
02/02/2017,11.93,,,,,
02/01/2017,11.81,,,,,
01/31/2017,11.99,,,,,
01/30/2017,11.88,,,,,
01/27/2017,10.58,,,,,
01/26/2017,10.63,,,,,
01/25/2017,10.81,,,,,
01/24/2017,11.07,,,,,
01/23/2017,11.77,,,,,
01/20/2017,11.54,,,,,
01/19/2017,12.78,,,,,
01/18/2017,12.48,,,,,
01/17/2017,11.87,,,,,
01/13/2017,11.23,,,,,
01/12/2017,11.54,,,,,
01/11/2017,11.26,,,,,
01/10/2017,11.49,,,,,
01/09/2017,11.56,,,,,
01/06/2017,11.32,,,,,
01/05/2017,11.67,,,,,
01/04/2017,11.85,,,,,
01/03/2017,12.85,,,,,
12/30/2016,14.04,,,,,
12/29/2016,13.37,,,,,
12/28/2016,12.95,,,,,
12/27/2016,11.99,,,,,
12/23/2016,11.44,,,,,
12/22/2016,11.43,,,,,
12/21/2016,11.27,,,,,
12/20/2016,11.45,,,,,
12/19/2016,11.71,,,,,
12/16/2016,12.2,,,,,
12/15/2016,12.79,,,,,
12/14/2016,13.19,,,,,
12/13/2016,12.72,,,,,
12/12/2016,12.64,,,,,
12/09/2016,11.75,,,,,
12/08/2016,12.64,,,,,
12/07/2016,12.22,,,,,
12/06/2016,11.79,,,,,
12/05/2016,12.14,,,,,
12/02/2016,14.12,,,,,
12/01/2016,14.07,,,,,
11/30/2016,13.33,,,,,
11/29/2016,12.9,,,,,
11/28/2016,13.15,,,,,
11/25/2016,12.34,,,,,
11/23/2016,12.43,,,,,
11/22/2016,12.41,,,,,
11/21/2016,12.42,,,,,
11/18/2016,12.85,,,,,
11/17/2016,13.35,,,,,
11/16/2016,13.72,,,,,
11/15/2016,13.37,,,,,
11/14/2016,14.48,,,,,
11/11/2016,14.17,,,,,
11/10/2016,14.74,,,,,
11/09/2016,14.38,,,,,
11/08/2016,18.74,,,,,
11/07/2016,18.71,,,,,
11/04/2016,22.51,,,,,
11/03/2016,22.08,,,,,
11/02/2016,19.32,,,,,
11/01/2016,18.56,,,,,
10/31/2016,17.06,,,,,
10/28/2016,16.19,,,,,
10/27/2016,15.36,,,,,
10/26/2016,14.24,,,,,
10/25/2016,13.46,,,,,
10/24/2016,13.02,,,,,
10/21/2016,13.34,,,,,
10/20/2016,13.75,,,,,
10/19/2016,14.41,,,,,
10/18/2016,15.28,,,,,
10/17/2016,16.21,,,,,
10/14/2016,16.12,,,,,
10/13/2016,16.69,,,,,
10/12/2016,15.91,,,,,
10/11/2016,15.36,,,,,
10/10/2016,13.38,,,,,
10/07/2016,13.48,,,,,
10/06/2016,12.84,,,,,
10/05/2016,12.99,,,,,
10/04/2016,13.63,,,,,
10/03/2016,13.57,,,,,
09/30/2016,13.29,,,,,
09/29/2016,14.02,,,,,
09/28/2016,12.39,,,,,
09/27/2016,13.1,,,,,
09/26/2016,14.5,,,,,
09/23/2016,12.29,,,,,
09/22/2016,12.02,,,,,
09/21/2016,13.3,,,,,
09/20/2016,15.92,,,,,
09/19/2016,15.53,,,,,
09/16/2016,15.37,,,,,
09/15/2016,16.3,,,,,
09/14/2016,18.14,,,,,
09/13/2016,17.85,,,,,
09/12/2016,15.16,,,,,
09/09/2016,17.5,,,,,
09/08/2016,12.51,,,,,
09/07/2016,11.94,,,,,
09/06/2016,12.02,,,,,
09/02/2016,11.98,,,,,
09/01/2016,13.48,,,,,
08/31/2016,13.42,,,,,
08/30/2016,13.12,,,,,
08/29/2016,12.94,,,,,
08/26/2016,13.65,,,,,
08/25/2016,13.63,,,,,
08/24/2016,13.45,,,,,
08/23/2016,12.38,,,,,
08/22/2016,12.27,,,,,
08/19/2016,11.34,,,,,
08/18/2016,11.43,,,,,
08/17/2016,12.19,,,,,
08/16/2016,12.64,,,,,
08/15/2016,11.81,,,,,
08/12/2016,11.55,,,,,
08/11/2016,11.68,,,,,
08/10/2016,12.05,,,,,
08/09/2016,11.66,,,,,
08/08/2016,11.5,,,,,
08/05/2016,11.39,,,,,
08/04/2016,12.42,,,,,
08/03/2016,12.86,,,,,
08/02/2016,13.37,,,,,
08/01/2016,12.44,,,,,
07/29/2016,11.87,,,,,
07/28/2016,12.72,,,,,
07/27/2016,12.83,,,,,
07/26/2016,13.05,,,,,
07/25/2016,12.87,,,,,
07/22/2016,12.02,,,,,
07/21/2016,12.74,,,,,
07/20/2016,11.77,,,,,
07/19/2016,11.97,,,,,
07/18/2016,12.44,,,,,
07/15/2016,12.67,,,,,
07/14/2016,12.82,,,,,
07/13/2016,13.04,,,,,
07/12/2016,13.55,,,,,
07/11/2016,13.54,,,,,
07/08/2016,13.2,,,,,
07/07/2016,14.76,,,,,
07/06/2016,14.96,,,,,
07/05/2016,15.58,,,,,
07/01/2016,14.77,,,,,
06/30/2016,15.63,,,,,
06/29/2016,16.64,,,,,
06/28/2016,18.75,,,,,
06/27/2016,23.85,,,,,
06/24/2016,25.76,,,,,
06/23/2016,17.25,,,,,
06/22/2016,21.17,,,,,
06/21/2016,18.48,,,,,
06/20/2016,18.37,,,,,
06/17/2016,19.41,,,,,
06/16/2016,19.37,,,,,
06/15/2016,20.14,,,,,
06/14/2016,20.5,,,,,
06/13/2016,20.97,,,,,
06/10/2016,17.03,,,,,
06/09/2016,14.64,,,,,
06/08/2016,14.08,,,,,
06/07/2016,14.05,,,,,
06/06/2016,13.65,,,,,
06/03/2016,13.47,,,,,
06/02/2016,13.63,,,,,
06/01/2016,14.2,,,,,
05/31/2016,14.19,,,,,
05/27/2016,13.12,,,,,
05/26/2016,13.43,,,,,
05/25/2016,13.9,,,,,
05/24/2016,14.42,,,,,
05/23/2016,15.82,,,,,
05/20/2016,15.2,,,,,
05/19/2016,16.33,,,,,
05/18/2016,15.95,,,,,
05/17/2016,15.57,,,,,
05/16/2016,14.68,,,,,
05/13/2016,15.04,,,,,
05/12/2016,14.41,,,,,
05/11/2016,14.69,,,,,
05/10/2016,13.63,,,,,
05/09/2016,14.57,,,,,
05/06/2016,14.72,,,,,
05/05/2016,15.91,,,,,
05/04/2016,16.05,,,,,
05/03/2016,15.6,,,,,
05/02/2016,14.68,,,,,
04/29/2016,15.7,,,,,
04/28/2016,15.22,,,,,
04/27/2016,13.77,,,,,
04/26/2016,13.96,,,,,
04/25/2016,14.08,,,,,
04/22/2016,13.22,,,,,
04/21/2016,13.95,,,,,
04/20/2016,13.28,,,,,
04/19/2016,13.24,,,,,
04/18/2016,13.35,,,,,
04/15/2016,13.62,,,,,
04/14/2016,13.72,,,,,
04/13/2016,13.84,,,,,
04/12/2016,14.85,,,,,
04/11/2016,16.26,,,,,
04/08/2016,15.36,,,,,
04/07/2016,16.16,,,,,
04/06/2016,14.09,,,,,
04/05/2016,15.42,,,,,
04/04/2016,14.12,,,,,
04/01/2016,13.1,,,,,
03/31/2016,13.95,,,,,
03/30/2016,13.56,,,,,
03/29/2016,13.82,,,,,
03/28/2016,15.24,,,,,
03/24/2016,14.74,,,,,
03/23/2016,14.94,,,,,
03/22/2016,14.17,,,,,
03/21/2016,13.79,,,,,
03/18/2016,14.02,,,,,
03/17/2016,14.44,,,,,
03/16/2016,14.99,,,,,
03/15/2016,16.84,,,,,
03/14/2016,16.92,,,,,
03/11/2016,16.5,,,,,
03/10/2016,18.05,,,,,
03/09/2016,18.34,,,,,
03/08/2016,18.67,,,,,
03/07/2016,17.35,,,,,
03/04/2016,16.86,,,,,
03/03/2016,16.7,,,,,
03/02/2016,17.09,,,,,
03/01/2016,17.7,,,,,
02/29/2016,20.55,,,,,
02/26/2016,19.81,,,,,
02/25/2016,19.11,,,,,
02/24/2016,20.72,,,,,
02/23/2016,20.98,,,,,
02/22/2016,19.38,,,,,
02/19/2016,20.53,,,,,
02/18/2016,21.64,,,,,
02/17/2016,22.31,,,,,
02/16/2016,24.11,,,,,
02/12/2016,25.4,,,,,
02/11/2016,28.14,,,,,
02/10/2016,26.29,,,,,
02/09/2016,26.54,,,,,
02/08/2016,26.0,,,,,
02/05/2016,23.38,,,,,
02/04/2016,21.84,,,,,
02/03/2016,21.65,,,,,
02/02/2016,21.98,,,,,
02/01/2016,19.98,,,,,
01/29/2016,20.2,,,,,
01/28/2016,22.42,,,,,
01/27/2016,23.11,,,,,
01/26/2016,22.5,,,,,
01/25/2016,24.15,,,,,
01/22/2016,22.34,,,,,
01/21/2016,26.69,,,,,
01/20/2016,27.59,,,,,
01/19/2016,26.05,,,,,
01/15/2016,27.02,,,,,
01/14/2016,23.95,,,,,
01/13/2016,25.22,,,,,
01/12/2016,22.47,,,,,
01/11/2016,24.3,,,,,
01/08/2016,27.01,,,,,
01/07/2016,24.99,,,,,
01/06/2016,20.59,,,,,
01/05/2016,19.34,,,,,
01/04/2016,20.7,,,,,
12/31/2015,18.21,,,,,
12/30/2015,17.29,,,,,
12/29/2015,16.08,,,,,
12/28/2015,16.91,,,,,
12/24/2015,15.74,,,,,
12/23/2015,15.57,,,,,
12/22/2015,16.6,,,,,
12/21/2015,18.7,,,,,
12/18/2015,20.7,,,,,
12/17/2015,18.94,,,,,
12/16/2015,17.86,,,,,
12/15/2015,20.95,,,,,
12/14/2015,22.73,,,,,
12/11/2015,24.39,,,,,
12/10/2015,19.34,,,,,
12/09/2015,19.61,,,,,
12/08/2015,17.6,,,,,
12/07/2015,15.84,,,,,
12/04/2015,14.81,,,,,
12/03/2015,18.11,,,,,
12/02/2015,15.91,,,,,
12/01/2015,14.67,,,,,
11/30/2015,16.13,,,,,
11/27/2015,15.12,,,,,
11/25/2015,15.19,,,,,
11/24/2015,15.93,,,,,
11/23/2015,15.62,,,,,
11/20/2015,15.47,,,,,
11/19/2015,16.99,,,,,
11/18/2015,16.85,,,,,
11/17/2015,18.84,,,,,
11/16/2015,18.16,,,,,
11/13/2015,20.08,,,,,
11/12/2015,18.37,,,,,
11/11/2015,16.06,,,,,
11/10/2015,15.29,,,,,
11/09/2015,16.52,,,,,
11/06/2015,14.33,,,,,
11/05/2015,15.05,,,,,
11/04/2015,15.51,,,,,
11/03/2015,14.54,,,,,
11/02/2015,14.15,,,,,
10/30/2015,15.07,,,,,
10/29/2015,14.61,,,,,
10/28/2015,14.33,,,,,
10/27/2015,15.43,,,,,
10/26/2015,15.29,,,,,
10/23/2015,14.46,,,,,
10/22/2015,14.45,,,,,
10/21/2015,16.7,,,,,
10/20/2015,15.75,,,,,
10/19/2015,14.98,,,,,
10/16/2015,15.05,,,,,
10/15/2015,16.05,,,,,
10/14/2015,18.03,,,,,
10/13/2015,17.67,,,,,
10/12/2015,16.17,,,,,
10/09/2015,17.08,,,,,
10/08/2015,17.42,,,,,
10/07/2015,18.4,,,,,
10/06/2015,19.4,,,,,
10/05/2015,19.54,,,,,
10/02/2015,20.94,,,,,
10/01/2015,22.55,,,,,
09/30/2015,24.5,,,,,
09/29/2015,26.83,,,,,
09/28/2015,27.63,,,,,
09/25/2015,23.62,,,,,
09/24/2015,23.47,,,,,
09/23/2015,22.13,,,,,
09/22/2015,22.44,,,,,
09/21/2015,20.14,,,,,
09/18/2015,22.28,,,,,
09/17/2015,21.14,,,,,
09/16/2015,21.35,,,,,
09/15/2015,22.54,,,,,
09/14/2015,24.25,,,,,
09/11/2015,23.2,,,,,
09/10/2015,24.37,,,,,
09/09/2015,26.23,,,,,
09/08/2015,24.9,,,,,
09/04/2015,27.8,,,,,
09/03/2015,25.61,,,,,
09/02/2015,26.09,,,,,
09/01/2015,31.4,,,,,
08/31/2015,28.43,,,,,
08/28/2015,26.05,,,,,
08/27/2015,26.1,,,,,
08/26/2015,30.32,,,,,
08/25/2015,36.02,,,,,
08/24/2015,40.74,,,,,
08/21/2015,28.03,,,,,
08/20/2015,19.14,,,,,
08/19/2015,15.25,,,,,
08/18/2015,13.79,,,,,
08/17/2015,13.02,,,,,
08/14/2015,12.83,,,,,
08/13/2015,13.49,,,,,
08/12/2015,13.61,,,,,
08/11/2015,13.71,,,,,
08/10/2015,12.23,,,,,
08/07/2015,13.39,,,,,
08/06/2015,13.77,,,,,
08/05/2015,12.51,,,,,
08/04/2015,13.0,,,,,
08/03/2015,12.56,,,,,
07/31/2015,12.12,,,,,
07/30/2015,12.13,,,,,
07/29/2015,12.5,,,,,
07/28/2015,13.44,,,,,
07/27/2015,15.6,,,,,
07/24/2015,13.74,,,,,
07/23/2015,12.64,,,,,
07/22/2015,12.12,,,,,
07/21/2015,12.22,,,,,
07/20/2015,12.25,,,,,
07/17/2015,11.95,,,,,
07/16/2015,12.11,,,,,
07/15/2015,13.23,,,,,
07/14/2015,13.37,,,,,
07/13/2015,13.9,,,,,
07/10/2015,16.83,,,,,
07/09/2015,19.97,,,,,
07/08/2015,19.66,,,,,
07/07/2015,16.09,,,,,
07/06/2015,17.01,,,,,
07/02/2015,16.79,,,,,
07/01/2015,16.09,,,,,
06/30/2015,18.23,,,,,
06/29/2015,18.85,,,,,
06/26/2015,14.02,,,,,
06/25/2015,14.01,,,,,
06/24/2015,13.26,,,,,
06/23/2015,12.11,,,,,
06/22/2015,12.74,,,,,
06/19/2015,13.96,,,,,
06/18/2015,13.19,,,,,
06/17/2015,14.5,,,,,
06/16/2015,14.81,,,,,
06/15/2015,15.39,,,,,
06/12/2015,13.78,,,,,
06/11/2015,12.85,,,,,
06/10/2015,13.22,,,,,
06/09/2015,14.47,,,,,
06/08/2015,15.29,,,,,
06/05/2015,14.21,,,,,
06/04/2015,14.71,,,,,
06/03/2015,13.66,,,,,
06/02/2015,14.24,,,,,
06/01/2015,13.97,,,,,
05/29/2015,13.84,,,,,
05/28/2015,13.31,,,,,
05/27/2015,13.27,,,,,
05/26/2015,14.06,,,,,
05/22/2015,12.13,,,,,
05/21/2015,12.11,,,,,
05/20/2015,12.88,,,,,
05/19/2015,12.85,,,,,
05/18/2015,12.73,,,,,
05/15/2015,12.38,,,,,
05/14/2015,12.74,,,,,
05/13/2015,13.76,,,,,
05/12/2015,13.86,,,,,
05/11/2015,13.85,,,,,
05/08/2015,12.86,,,,,
05/07/2015,15.13,,,,,
05/06/2015,15.15,,,,,
05/05/2015,14.31,,,,,
05/04/2015,12.85,,,,,
05/01/2015,12.7,,,,,
04/30/2015,14.55,,,,,
04/29/2015,13.39,,,,,
04/28/2015,12.41,,,,,
04/27/2015,13.12,,,,,
04/24/2015,12.29,,,,,
04/23/2015,12.48,,,,,
04/22/2015,12.71,,,,,
04/21/2015,13.25,,,,,
04/20/2015,13.3,,,,,
04/17/2015,13.89,,,,,
04/16/2015,12.6,,,,,
04/15/2015,12.84,,,,,
04/14/2015,13.67,,,,,
04/13/2015,13.94,,,,,
04/10/2015,12.58,,,,,
04/09/2015,13.09,,,,,
04/08/2015,13.98,,,,,
04/07/2015,14.78,,,,,
04/06/2015,14.74,,,,,
04/02/2015,14.67,,,,,
04/01/2015,15.11,,,,,
03/31/2015,15.29,,,,,
03/30/2015,14.51,,,,,
03/27/2015,15.07,,,,,
03/26/2015,15.8,,,,,
03/25/2015,15.44,,,,,
03/24/2015,13.62,,,,,
03/23/2015,13.41,,,,,
03/20/2015,13.02,,,,,
03/19/2015,14.07,,,,,
03/18/2015,13.97,,,,,
03/17/2015,15.66,,,,,
03/16/2015,15.61,,,,,
03/13/2015,16.0,,,,,
03/12/2015,15.42,,,,,
03/11/2015,16.87,,,,,
03/10/2015,16.69,,,,,
03/09/2015,15.06,,,,,
03/06/2015,15.2,,,,,
03/05/2015,14.04,,,,,
03/04/2015,14.23,,,,,
03/03/2015,13.86,,,,,
03/02/2015,13.04,,,,,
02/27/2015,13.34,,,,,
02/26/2015,13.91,,,,,
02/25/2015,13.84,,,,,
02/24/2015,13.69,,,,,
02/23/2015,14.56,,,,,
02/20/2015,14.3,,,,,
02/19/2015,15.29,,,,,
02/18/2015,15.45,,,,,
02/17/2015,15.8,,,,,
02/13/2015,14.69,,,,,
02/12/2015,15.34,,,,,
02/11/2015,16.96,,,,,
02/10/2015,17.23,,,,,
02/09/2015,18.55,,,,,
02/06/2015,17.29,,,,,
02/05/2015,16.85,,,,,
02/04/2015,18.33,,,,,
02/03/2015,17.33,,,,,
02/02/2015,19.43,,,,,
01/30/2015,20.97,,,,,
01/29/2015,18.76,,,,,
01/28/2015,20.44,,,,,
01/27/2015,17.22,,,,,
01/26/2015,15.52,,,,,
01/23/2015,16.66,,,,,
01/22/2015,16.4,,,,,
01/21/2015,18.85,,,,,
01/20/2015,19.89,,,,,
01/16/2015,20.95,,,,,
01/15/2015,22.39,,,,,
01/14/2015,21.48,,,,,
01/13/2015,20.56,,,,,
01/12/2015,19.6,,,,,
01/09/2015,17.55,,,,,
01/08/2015,17.01,,,,,
01/07/2015,19.31,,,,,
01/06/2015,21.12,,,,,
01/05/2015,19.92,,,,,
01/02/2015,17.79,,,,,
12/31/2014,19.2,,,,,
12/30/2014,15.92,,,,,
12/29/2014,15.06,,,,,
12/26/2014,14.5,,,,,
12/24/2014,14.37,,,,,
12/23/2014,14.8,,,,,
12/22/2014,15.25,,,,,
12/19/2014,16.49,,,,,
12/18/2014,16.81,,,,,
12/17/2014,19.44,,,,,
12/16/2014,23.57,,,,,
12/15/2014,20.42,,,,,
12/12/2014,21.08,,,,,
12/11/2014,20.08,,,,,
12/10/2014,18.53,,,,,
12/09/2014,14.89,,,,,
12/08/2014,14.21,,,,,
12/05/2014,11.82,,,,,
12/04/2014,12.38,,,,,
12/03/2014,12.47,,,,,
12/02/2014,12.85,,,,,
12/01/2014,14.29,,,,,
11/28/2014,13.33,,,,,
11/26/2014,12.07,,,,,
11/25/2014,12.25,,,,,
11/24/2014,12.62,,,,,
11/21/2014,12.9,,,,,
11/20/2014,13.58,,,,,
11/19/2014,13.96,,,,,
11/18/2014,13.86,,,,,
11/17/2014,13.99,,,,,
11/14/2014,13.31,,,,,
11/13/2014,13.79,,,,,
11/12/2014,13.02,,,,,
11/11/2014,12.92,,,,,
11/10/2014,12.67,,,,,
11/07/2014,13.12,,,,,
11/06/2014,13.67,,,,,
11/05/2014,14.17,,,,,
11/04/2014,14.89,,,,,
11/03/2014,14.73,,,,,
10/31/2014,14.03,,,,,
10/30/2014,14.52,,,,,
10/29/2014,15.15,,,,,
10/28/2014,14.39,,,,,
10/27/2014,16.04,,,,,
10/24/2014,16.11,,,,,
10/23/2014,16.53,,,,,
10/22/2014,17.87,,,,,
10/21/2014,16.08,,,,,
10/20/2014,18.57,,,,,
10/17/2014,21.99,,,,,
10/16/2014,25.2,,,,,
10/15/2014,26.25,,,,,
10/14/2014,22.79,,,,,
10/13/2014,24.64,,,,,
10/10/2014,21.24,,,,,
10/09/2014,18.76,,,,,
10/08/2014,15.11,,,,,
10/07/2014,17.2,,,,,
10/06/2014,15.46,,,,,
10/03/2014,14.55,,,,,
10/02/2014,16.16,,,,,
10/01/2014,16.71,,,,,
09/30/2014,16.31,,,,,
09/29/2014,15.98,,,,,
09/26/2014,14.85,,,,,
09/25/2014,15.64,,,,,
09/24/2014,13.27,,,,,
09/23/2014,14.93,,,,,
09/22/2014,13.69,,,,,
09/19/2014,12.11,,,,,
09/18/2014,12.03,,,,,
09/17/2014,12.65,,,,,
09/16/2014,12.73,,,,,
09/15/2014,14.12,,,,,
09/12/2014,13.31,,,,,
09/11/2014,12.8,,,,,
09/10/2014,12.88,,,,,
09/09/2014,13.5,,,,,
09/08/2014,12.66,,,,,
09/05/2014,12.09,,,,,
09/04/2014,12.64,,,,,
09/03/2014,12.36,,,,,
09/02/2014,12.25,,,,,
08/29/2014,11.98,,,,,
08/28/2014,12.05,,,,,
08/27/2014,11.78,,,,,
08/26/2014,11.63,,,,,
08/25/2014,11.7,,,,,
08/22/2014,11.47,,,,,
08/21/2014,11.76,,,,,
08/20/2014,11.78,,,,,
08/19/2014,12.21,,,,,
08/18/2014,12.32,,,,,
08/15/2014,13.15,,,,,
08/14/2014,12.42,,,,,
08/13/2014,12.9,,,,,
08/12/2014,14.13,,,,,
08/11/2014,14.23,,,,,
08/08/2014,15.77,,,,,
08/07/2014,16.66,,,,,
08/06/2014,16.37,,,,,
08/05/2014,16.87,,,,,
08/04/2014,15.12,,,,,
08/01/2014,17.03,,,,,
07/31/2014,16.95,,,,,
07/30/2014,13.33,,,,,
07/29/2014,13.28,,,,,
07/28/2014,12.56,,,,,
07/25/2014,12.69,,,,,
07/24/2014,11.84,,,,,
07/23/2014,11.52,,,,,
07/22/2014,12.24,,,,,
07/21/2014,12.81,,,,,
07/18/2014,12.06,,,,,
07/17/2014,14.54,,,,,
07/16/2014,11.0,,,,,
07/15/2014,11.96,,,,,
07/14/2014,11.82,,,,,
07/11/2014,12.08,,,,,
07/10/2014,12.59,,,,,
07/09/2014,11.65,,,,,
07/08/2014,11.98,,,,,
07/07/2014,11.33,,,,,
07/03/2014,10.32,,,,,
07/02/2014,10.82,,,,,
07/01/2014,11.15,,,,,
06/30/2014,11.57,,,,,
06/27/2014,11.26,,,,,
06/26/2014,11.63,,,,,
06/25/2014,11.59,,,,,
06/24/2014,12.13,,,,,
06/23/2014,10.98,,,,,
06/20/2014,10.85,,,,,
06/19/2014,10.62,,,,,
06/18/2014,10.61,,,,,
06/17/2014,12.06,,,,,
06/16/2014,12.65,,,,,
06/13/2014,12.18,,,,,
06/12/2014,12.56,,,,,
06/11/2014,11.6,,,,,
06/10/2014,10.99,,,,,
06/09/2014,11.15,,,,,
06/06/2014,10.73,,,,,
06/05/2014,11.68,,,,,
06/04/2014,12.08,,,,,
06/03/2014,11.87,,,,,
06/02/2014,11.58,,,,,
05/30/2014,11.4,,,,,
05/29/2014,11.57,,,,,
05/28/2014,11.68,,,,,
05/27/2014,11.51,,,,,
05/23/2014,11.36,,,,,
05/22/2014,12.03,,,,,
05/21/2014,11.91,,,,,
05/20/2014,12.96,,,,,
05/19/2014,12.42,,,,,
05/16/2014,12.44,,,,,
05/15/2014,13.17,,,,,
05/14/2014,12.17,,,,,
05/13/2014,12.13,,,,,
05/12/2014,12.23,,,,,
05/09/2014,12.92,,,,,
05/08/2014,13.43,,,,,
05/07/2014,13.4,,,,,
05/06/2014,13.8,,,,,
05/05/2014,13.29,,,,,
05/02/2014,12.91,,,,,
05/01/2014,13.25,,,,,
04/30/2014,13.41,,,,,
04/29/2014,13.71,,,,,
04/28/2014,13.97,,,,,
04/25/2014,14.06,,,,,
04/24/2014,13.32,,,,,
04/23/2014,13.27,,,,,
04/22/2014,13.19,,,,,
04/21/2014,13.25,,,,,
04/17/2014,13.36,,,,,
04/16/2014,14.18,,,,,
04/15/2014,15.61,,,,,
04/14/2014,16.11,,,,,
04/11/2014,17.03,,,,,
04/10/2014,15.89,,,,,
04/09/2014,13.82,,,,,
04/08/2014,14.89,,,,,
04/07/2014,15.57,,,,,
04/04/2014,13.96,,,,,
04/03/2014,13.37,,,,,
04/02/2014,13.09,,,,,
04/01/2014,13.1,,,,,
03/31/2014,13.88,,,,,
03/28/2014,14.41,,,,,
03/27/2014,14.62,,,,,
03/26/2014,14.93,,,,,
03/25/2014,14.02,,,,,
03/24/2014,15.09,,,,,
03/21/2014,15.0,,,,,
03/20/2014,14.52,,,,,
03/19/2014,15.12,,,,,
03/18/2014,14.52,,,,,
03/17/2014,15.64,,,,,
03/14/2014,17.82,,,,,
03/13/2014,16.22,,,,,
03/12/2014,14.47,,,,,
03/11/2014,14.8,,,,,
03/10/2014,14.2,,,,,
03/07/2014,14.11,,,,,
03/06/2014,14.21,,,,,
03/05/2014,13.89,,,,,
03/04/2014,14.1,,,,,
03/03/2014,16.0,,,,,
02/28/2014,14.0,,,,,
02/27/2014,14.04,,,,,
02/26/2014,14.35,,,,,
02/25/2014,13.67,,,,,
02/24/2014,14.23,,,,,
02/21/2014,14.68,,,,,
02/20/2014,14.79,,,,,
02/19/2014,15.5,,,,,
02/18/2014,13.87,,,,,
02/14/2014,13.57,,,,,
02/13/2014,14.14,,,,,
02/12/2014,14.3,,,,,
02/11/2014,14.51,,,,,
02/10/2014,15.26,,,,,
02/07/2014,15.29,,,,,
02/06/2014,17.23,,,,,
02/05/2014,19.95,,,,,
02/04/2014,19.11,,,,,
02/03/2014,21.44,,,,,
01/31/2014,18.41,,,,,
01/30/2014,17.29,,,,,
01/29/2014,17.35,,,,,
01/28/2014,15.8,,,,,
01/27/2014,17.42,,,,,
01/24/2014,18.14,,,,,
01/23/2014,13.77,,,,,
01/22/2014,12.84,,,,,
01/21/2014,12.87,,,,,
01/17/2014,12.44,,,,,
01/16/2014,12.53,,,,,
01/15/2014,12.28,,,,,
01/14/2014,12.28,,,,,
01/13/2014,13.28,,,,,
01/10/2014,12.14,,,,,
01/09/2014,12.89,,,,,
01/08/2014,12.87,,,,,
01/07/2014,12.92,,,,,
01/06/2014,13.55,,,,,
01/03/2014,13.76,,,,,
01/02/2014,14.23,,,,,
12/31/2013,13.72,,,,,
12/30/2013,13.56,,,,,
12/27/2013,12.46,,,,,
12/26/2013,12.33,,,,,
12/24/2013,12.48,,,,,
12/23/2013,13.04,,,,,
12/20/2013,13.79,,,,,
12/19/2013,14.15,,,,,
12/18/2013,13.8,,,,,
12/17/2013,16.21,,,,,
12/16/2013,16.03,,,,,
12/13/2013,15.76,,,,,
12/12/2013,15.54,,,,,
12/11/2013,15.42,,,,,
12/10/2013,13.91,,,,,
12/09/2013,13.49,,,,,
12/06/2013,13.79,,,,,
12/05/2013,15.08,,,,,
12/04/2013,14.7,,,,,
12/03/2013,14.55,,,,,
12/02/2013,14.23,,,,,
11/29/2013,13.7,,,,,
11/27/2013,12.98,,,,,
11/26/2013,12.81,,,,,
11/25/2013,12.79,,,,,
11/22/2013,12.26,,,,,
11/21/2013,12.66,,,,,
11/20/2013,13.4,,,,,
11/19/2013,13.39,,,,,
11/18/2013,13.1,,,,,
11/15/2013,12.19,,,,,
11/14/2013,12.37,,,,,
11/13/2013,12.52,,,,,
11/12/2013,12.82,,,,,
11/11/2013,12.53,,,,,
11/08/2013,12.9,,,,,
11/07/2013,13.91,,,,,
11/06/2013,12.67,,,,,
11/05/2013,13.27,,,,,
11/04/2013,12.93,,,,,
11/01/2013,13.28,,,,,
10/31/2013,13.75,,,,,
10/30/2013,13.65,,,,,
10/29/2013,13.41,,,,,
10/28/2013,13.31,,,,,
10/25/2013,13.09,,,,,
10/24/2013,13.2,,,,,
10/23/2013,13.42,,,,,
10/22/2013,13.33,,,,,
10/21/2013,13.16,,,,,
10/18/2013,13.04,,,,,
10/17/2013,13.48,,,,,
10/16/2013,14.71,,,,,
10/15/2013,18.66,,,,,
10/14/2013,16.07,,,,,
10/11/2013,15.72,,,,,
10/10/2013,16.48,,,,,
10/09/2013,19.6,,,,,
10/08/2013,20.34,,,,,
10/07/2013,19.41,,,,,
10/04/2013,16.74,,,,,
10/03/2013,17.67,,,,,
10/02/2013,16.6,,,,,
10/01/2013,15.54,,,,,
09/30/2013,16.6,,,,,
09/27/2013,15.46,,,,,
09/26/2013,14.06,,,,,
09/25/2013,14.01,,,,,
09/24/2013,14.08,,,,,
09/23/2013,14.31,,,,,
09/20/2013,13.12,,,,,
09/19/2013,13.16,,,,,
09/18/2013,13.59,,,,,
09/17/2013,14.53,,,,,
09/16/2013,14.38,,,,,
09/13/2013,14.16,,,,,
09/12/2013,14.29,,,,,
09/11/2013,13.82,,,,,
09/10/2013,14.53,,,,,
09/09/2013,15.63,,,,,
09/06/2013,15.85,,,,,
09/05/2013,15.77,,,,,
09/04/2013,15.88,,,,,
09/03/2013,16.61,,,,,
08/30/2013,17.01,,,,,
08/29/2013,16.81,,,,,
08/28/2013,16.49,,,,,
08/27/2013,16.77,,,,,
08/26/2013,14.99,,,,,
08/23/2013,13.98,,,,,
08/22/2013,14.76,,,,,
08/21/2013,15.94,,,,,
08/20/2013,14.91,,,,,
08/19/2013,15.1,,,,,
08/16/2013,14.37,,,,,
08/15/2013,14.73,,,,,
08/14/2013,13.04,,,,,
08/13/2013,12.31,,,,,
08/12/2013,12.81,,,,,
08/09/2013,13.41,,,,,
08/08/2013,12.73,,,,,
08/07/2013,12.98,,,,,
08/06/2013,12.72,,,,,
08/05/2013,11.84,,,,,
08/02/2013,11.98,,,,,
08/01/2013,12.94,,,,,
07/31/2013,13.45,,,,,
07/30/2013,13.39,,,,,
07/29/2013,13.39,,,,,
07/26/2013,12.72,,,,,
07/25/2013,12.97,,,,,
07/24/2013,13.18,,,,,
07/23/2013,12.66,,,,,
07/22/2013,12.29,,,,,
07/19/2013,12.54,,,,,
07/18/2013,13.77,,,,,
07/17/2013,13.78,,,,,
07/16/2013,14.42,,,,,
07/15/2013,13.79,,,,,
07/12/2013,13.84,,,,,
07/11/2013,14.01,,,,,
07/10/2013,14.21,,,,,
07/09/2013,14.35,,,,,
07/08/2013,14.78,,,,,
07/05/2013,14.89,,,,,
07/03/2013,16.2,,,,,
07/02/2013,16.44,,,,,
07/01/2013,16.37,,,,,
06/28/2013,16.86,,,,,
06/27/2013,16.86,,,,,
06/26/2013,17.21,,,,,
06/25/2013,18.47,,,,,
06/24/2013,20.11,,,,,
06/21/2013,18.9,,,,,
06/20/2013,20.49,,,,,
06/19/2013,16.64,,,,,
06/18/2013,16.61,,,,,
06/17/2013,16.8,,,,,
06/14/2013,17.15,,,,,
06/13/2013,16.41,,,,,
06/12/2013,18.59,,,,,
06/11/2013,17.07,,,,,
06/10/2013,15.44,,,,,
06/07/2013,15.14,,,,,
06/06/2013,16.63,,,,,
06/05/2013,17.5,,,,,
06/04/2013,16.27,,,,,
06/03/2013,16.28,,,,,
05/31/2013,16.3,,,,,
05/30/2013,14.53,,,,,
05/29/2013,14.83,,,,,
05/28/2013,14.48,,,,,
05/24/2013,13.99,,,,,
05/23/2013,14.07,,,,,
05/22/2013,13.82,,,,,
05/21/2013,13.37,,,,,
05/20/2013,13.02,,,,,
05/17/2013,12.45,,,,,
05/16/2013,13.07,,,,,
05/15/2013,12.81,,,,,
05/14/2013,12.77,,,,,
05/13/2013,12.55,,,,,
05/10/2013,12.59,,,,,
05/09/2013,13.13,,,,,
05/08/2013,12.66,,,,,
05/07/2013,12.83,,,,,
05/06/2013,12.66,,,,,
05/03/2013,12.85,,,,,
05/02/2013,13.59,,,,,
05/01/2013,14.49,,,,,
04/30/2013,13.52,,,,,
04/29/2013,13.71,,,,,
04/26/2013,13.61,,,,,
04/25/2013,13.62,,,,,
04/24/2013,13.61,,,,,
04/23/2013,13.48,,,,,
04/22/2013,14.39,,,,,
04/19/2013,14.97,,,,,
04/18/2013,17.56,,,,,
04/17/2013,16.51,,,,,
04/16/2013,13.96,,,,,
04/15/2013,17.27,,,,,
04/12/2013,12.06,,,,,
04/11/2013,12.24,,,,,
04/10/2013,12.36,,,,,
04/09/2013,12.84,,,,,
04/08/2013,13.19,,,,,
04/05/2013,13.92,,,,,
04/04/2013,13.89,,,,,
04/03/2013,14.21,,,,,
04/02/2013,12.78,,,,,
04/01/2013,13.58,,,,,
03/28/2013,12.7,,,,,
03/27/2013,13.15,,,,,
03/26/2013,12.77,,,,,
03/25/2013,13.74,,,,,
03/22/2013,13.57,,,,,
03/21/2013,13.99,,,,,
03/20/2013,12.67,,,,,
03/19/2013,14.39,,,,,
03/18/2013,13.36,,,,,
03/15/2013,11.3,,,,,
03/14/2013,11.3,,,,,
03/13/2013,11.83,,,,,
03/12/2013,12.27,,,,,
03/11/2013,11.56,,,,,
03/08/2013,12.59,,,,,
03/07/2013,13.06,,,,,
03/06/2013,13.53,,,,,
03/05/2013,13.48,,,,,
03/04/2013,14.01,,,,,
03/01/2013,15.36,,,,,
02/28/2013,15.51,,,,,
02/27/2013,14.73,,,,,
02/26/2013,16.87,,,,,
02/25/2013,18.99,,,,,
02/22/2013,14.17,,,,,
02/21/2013,15.22,,,,,
02/20/2013,14.68,,,,,
02/19/2013,12.31,,,,,
02/15/2013,12.46,,,,,
02/14/2013,12.66,,,,,
02/13/2013,12.98,,,,,
02/12/2013,12.64,,,,,
02/11/2013,12.94,,,,,
02/08/2013,13.02,,,,,
02/07/2013,13.5,,,,,
02/06/2013,13.41,,,,,
02/05/2013,13.72,,,,,
02/04/2013,14.67,,,,,
02/01/2013,12.9,,,,,
01/31/2013,14.28,,,,,
01/30/2013,14.32,,,,,
01/29/2013,13.31,,,,,
01/28/2013,13.57,,,,,
01/25/2013,12.89,,,,,
01/24/2013,12.69,,,,,
01/23/2013,12.46,,,,,
01/22/2013,12.43,,,,,
01/18/2013,12.46,,,,,
01/17/2013,13.57,,,,,
01/16/2013,13.42,,,,,
01/15/2013,13.55,,,,,
01/14/2013,13.52,,,,,
01/11/2013,13.36,,,,,
01/10/2013,13.49,,,,,
01/09/2013,13.81,,,,,
01/08/2013,13.62,,,,,
01/07/2013,13.79,,,,,
01/04/2013,13.83,,,,,
01/03/2013,14.56,,,,,
01/02/2013,14.68,,,,,
12/31/2012,18.02,,,,,
12/28/2012,22.72,,,,,
12/27/2012,19.47,,,,,
12/26/2012,19.48,,,,,
12/24/2012,18.59,,,,,
12/21/2012,17.84,,,,,
12/20/2012,17.67,,,,,
12/19/2012,17.36,,,,,
12/18/2012,15.57,,,,,
12/17/2012,16.34,,,,,
12/14/2012,17.0,,,,,
12/13/2012,16.56,,,,,
12/12/2012,15.95,,,,,
12/11/2012,15.57,,,,,
12/10/2012,16.05,,,,,
12/07/2012,15.9,,,,,
12/06/2012,16.58,,,,,
12/05/2012,16.46,,,,,
12/04/2012,17.12,,,,,
12/03/2012,16.64,,,,,
11/30/2012,15.87,,,,,
11/29/2012,15.06,,,,,
11/28/2012,15.51,,,,,
11/27/2012,15.92,,,,,
11/26/2012,15.5,,,,,
11/23/2012,15.14,,,,,
11/21/2012,15.31,,,,,
11/20/2012,15.08,,,,,
11/19/2012,15.24,,,,,
11/16/2012,16.41,,,,,
11/15/2012,17.99,,,,,
11/14/2012,17.92,,,,,
11/13/2012,16.65,,,,,
11/12/2012,16.68,,,,,
11/09/2012,18.61,,,,,
11/08/2012,18.49,,,,,
11/07/2012,19.08,,,,,
11/06/2012,17.58,,,,,
11/05/2012,18.42,,,,,
11/02/2012,17.59,,,,,
11/01/2012,16.69,,,,,
10/31/2012,18.6,,,,,
10/26/2012,17.81,,,,,
10/25/2012,18.12,,,,,
10/24/2012,18.33,,,,,
10/23/2012,18.83,,,,,
10/22/2012,16.62,,,,,
10/19/2012,17.06,,,,,
10/18/2012,15.03,,,,,
10/17/2012,15.07,,,,,
10/16/2012,15.22,,,,,
10/15/2012,15.27,,,,,
10/12/2012,16.14,,,,,
10/11/2012,15.59,,,,,
10/10/2012,16.29,,,,,
10/09/2012,16.37,,,,,
10/08/2012,15.11,,,,,
10/05/2012,14.33,,,,,
10/04/2012,14.55,,,,,
10/03/2012,15.43,,,,,
10/02/2012,15.71,,,,,
10/01/2012,16.32,,,,,
09/28/2012,15.73,,,,,
09/27/2012,14.84,,,,,
09/26/2012,16.81,,,,,
09/25/2012,15.43,,,,,
09/24/2012,14.15,,,,,
09/21/2012,13.98,,,,,
09/20/2012,14.07,,,,,
09/19/2012,13.88,,,,,
09/18/2012,14.18,,,,,
09/17/2012,14.59,,,,,
09/14/2012,14.51,,,,,
09/13/2012,14.05,,,,,
09/12/2012,15.8,,,,,
09/11/2012,16.41,,,,,
09/10/2012,16.28,,,,,
09/07/2012,14.38,,,,,
09/06/2012,15.6,,,,,
09/05/2012,17.74,,,,,
09/04/2012,17.98,,,,,
08/31/2012,17.47,,,,,
08/30/2012,17.83,,,,,
08/29/2012,17.06,,,,,
08/28/2012,16.49,,,,,
08/27/2012,16.35,,,,,
08/24/2012,15.18,,,,,
08/23/2012,15.96,,,,,
08/22/2012,15.11,,,,,
08/21/2012,15.02,,,,,
08/20/2012,14.02,,,,,
08/17/2012,13.45,,,,,
08/16/2012,14.29,,,,,
08/15/2012,14.63,,,,,
08/14/2012,14.85,,,,,
08/13/2012,13.7,,,,,
08/10/2012,14.74,,,,,
08/09/2012,15.28,,,,,
08/08/2012,15.32,,,,,
08/07/2012,15.99,,,,,
08/06/2012,15.95,,,,,
08/03/2012,15.64,,,,,
08/02/2012,17.57,,,,,
08/01/2012,18.96,,,,,
07/31/2012,18.93,,,,,
07/30/2012,18.03,,,,,
07/27/2012,16.7,,,,,
07/26/2012,17.53,,,,,
07/25/2012,19.34,,,,,
07/24/2012,20.47,,,,,
07/23/2012,18.62,,,,,
07/20/2012,16.27,,,,,
07/19/2012,15.45,,,,,
07/18/2012,16.16,,,,,
07/17/2012,16.48,,,,,
07/16/2012,17.11,,,,,
07/13/2012,16.74,,,,,
07/12/2012,18.33,,,,,
07/11/2012,17.95,,,,,
07/10/2012,18.72,,,,,
07/09/2012,17.98,,,,,
07/06/2012,17.1,,,,,
07/05/2012,17.5,,,,,
07/03/2012,16.66,,,,,
07/02/2012,16.74,,,,,
06/29/2012,17.08,,,,,
06/28/2012,19.71,,,,,
06/27/2012,19.45,,,,,
06/26/2012,19.72,,,,,
06/25/2012,20.38,,,,,
06/22/2012,18.11,,,,,
06/21/2012,20.08,,,,,
06/20/2012,17.24,,,,,
06/19/2012,18.38,,,,,
06/18/2012,18.32,,,,,
06/15/2012,21.11,,,,,
06/14/2012,21.68,,,,,
06/13/2012,24.27,,,,,
06/12/2012,22.09,,,,,
06/11/2012,23.56,,,,,
06/08/2012,21.23,,,,,
06/07/2012,21.72,,,,,
06/06/2012,22.16,,,,,
06/05/2012,24.68,,,,,
06/04/2012,26.12,,,,,
06/01/2012,26.66,,,,,
05/31/2012,24.06,,,,,
05/30/2012,24.14,,,,,
05/29/2012,21.03,,,,,
05/25/2012,21.76,,,,,
05/24/2012,21.54,,,,,
05/23/2012,22.33,,,,,
05/22/2012,22.48,,,,,
05/21/2012,22.01,,,,,
05/18/2012,25.1,,,,,
05/17/2012,24.49,,,,,
05/16/2012,22.27,,,,,
05/15/2012,21.97,,,,,
05/14/2012,21.87,,,,,
05/11/2012,19.89,,,,,
05/10/2012,18.83,,,,,
05/09/2012,20.08,,,,,
05/08/2012,19.05,,,,,
05/07/2012,18.94,,,,,
05/04/2012,19.16,,,,,
05/03/2012,17.56,,,,,
05/02/2012,16.88,,,,,
05/01/2012,16.6,,,,,
04/30/2012,17.15,,,,,
04/27/2012,16.32,,,,,
04/26/2012,16.24,,,,,
04/25/2012,16.82,,,,,
04/24/2012,18.1,,,,,
04/23/2012,18.97,,,,,
04/20/2012,17.44,,,,,
04/19/2012,18.36,,,,,
04/18/2012,18.64,,,,,
04/17/2012,18.46,,,,,
04/16/2012,19.55,,,,,
04/13/2012,19.55,,,,,
04/12/2012,17.2,,,,,
04/11/2012,20.02,,,,,
04/10/2012,20.39,,,,,
04/09/2012,18.81,,,,,
04/05/2012,16.7,,,,,
04/04/2012,16.44,,,,,
04/03/2012,15.66,,,,,
04/02/2012,15.64,,,,,
03/30/2012,15.5,,,,,
03/29/2012,15.48,,,,,
03/28/2012,15.47,,,,,
03/27/2012,15.59,,,,,
03/26/2012,14.26,,,,,
03/23/2012,14.82,,,,,
03/22/2012,15.57,,,,,
03/21/2012,15.13,,,,,
03/20/2012,15.58,,,,,
03/19/2012,15.04,,,,,
03/16/2012,14.47,,,,,
03/15/2012,15.42,,,,,
03/14/2012,15.31,,,,,
03/13/2012,14.8,,,,,
03/12/2012,15.64,,,,,
03/09/2012,17.11,,,,,
03/08/2012,17.95,,,,,
03/07/2012,19.07,,,,,
03/06/2012,20.87,,,,,
03/05/2012,18.05,,,,,
03/02/2012,17.29,,,,,
03/01/2012,17.26,,,,,
02/29/2012,18.43,,,,,
02/28/2012,17.96,,,,,
02/27/2012,18.19,,,,,
02/24/2012,17.31,,,,,
02/23/2012,16.8,,,,,
02/22/2012,18.19,,,,,
02/21/2012,18.19,,,,,
02/17/2012,17.78,,,,,
02/16/2012,19.22,,,,,
02/15/2012,21.14,,,,,
02/14/2012,19.54,,,,,
02/13/2012,19.04,,,,,
02/10/2012,20.79,,,,,
02/09/2012,18.63,,,,,
02/08/2012,18.16,,,,,
02/07/2012,17.65,,,,,
02/06/2012,17.76,,,,,
02/03/2012,17.1,,,,,
02/02/2012,17.98,,,,,
02/01/2012,18.55,,,,,
01/31/2012,19.44,,,,,
01/30/2012,19.4,,,,,
01/27/2012,18.53,,,,,
01/26/2012,18.57,,,,,
01/25/2012,18.31,,,,,
01/24/2012,18.91,,,,,
01/23/2012,18.67,,,,,
01/20/2012,18.28,,,,,
01/19/2012,19.87,,,,,
01/18/2012,20.89,,,,,
01/17/2012,22.2,,,,,
01/13/2012,20.91,,,,,
01/12/2012,20.47,,,,,
01/11/2012,21.05,,,,,
01/10/2012,20.69,,,,,
01/09/2012,21.07,,,,,
01/06/2012,20.63,,,,,
01/05/2012,21.48,,,,,
01/04/2012,22.22,,,,,
01/03/2012,22.97,,,,,
12/30/2011,23.4,,,,,
12/29/2011,22.65,,,,,
12/28/2011,23.52,,,,,
12/27/2011,21.91,,,,,
12/23/2011,20.73,,,,,
12/22/2011,21.16,,,,,
12/21/2011,21.43,,,,,
12/20/2011,23.22,,,,,
12/19/2011,24.92,,,,,
12/16/2011,24.29,,,,,
12/15/2011,25.11,,,,,
12/14/2011,26.04,,,,,
12/13/2011,25.41,,,,,
12/12/2011,25.67,,,,,
12/09/2011,26.38,,,,,
12/08/2011,30.59,,,,,
12/07/2011,28.67,,,,,
12/06/2011,28.13,,,,,
12/05/2011,27.84,,,,,
12/02/2011,27.52,,,,,
12/01/2011,27.41,,,,,
11/30/2011,27.8,,,,,
11/29/2011,30.64,,,,,
11/28/2011,32.13,,,,,
11/25/2011,34.47,,,,,
11/23/2011,33.98,,,,,
11/22/2011,31.97,,,,,
11/21/2011,32.91,,,,,
11/18/2011,32.0,,,,,
11/17/2011,34.51,,,,,
11/16/2011,33.51,,,,,
11/15/2011,31.22,,,,,
11/14/2011,31.13,,,,,
11/11/2011,30.04,,,,,
11/10/2011,32.81,,,,,
11/09/2011,36.16,,,,,
11/08/2011,27.48,,,,,
11/07/2011,29.85,,,,,
11/04/2011,30.16,,,,,
11/03/2011,30.5,,,,,
11/02/2011,32.74,,,,,
11/01/2011,34.77,,,,,
10/31/2011,29.96,,,,,
10/28/2011,24.53,,,,,
10/27/2011,25.46,,,,,
10/26/2011,29.86,,,,,
10/25/2011,32.22,,,,,
10/24/2011,29.26,,,,,
10/21/2011,31.32,,,,,
10/20/2011,34.78,,,,,
10/19/2011,34.44,,,,,
10/18/2011,31.56,,,,,
10/17/2011,33.39,,,,,
10/14/2011,28.24,,,,,
10/13/2011,30.7,,,,,
10/12/2011,31.26,,,,,
10/11/2011,32.86,,,,,
10/10/2011,33.02,,,,,
10/07/2011,36.2,,,,,
10/06/2011,36.27,,,,,
10/05/2011,37.81,,,,,
10/04/2011,40.82,,,,,
10/03/2011,45.45,,,,,
09/30/2011,42.96,,,,,
09/29/2011,38.84,,,,,
09/28/2011,41.08,,,,,
09/27/2011,37.71,,,,,
09/26/2011,39.02,,,,,
09/23/2011,41.25,,,,,
09/22/2011,41.35,,,,,
09/21/2011,37.32,,,,,
09/20/2011,32.86,,,,,
09/19/2011,32.73,,,,,
09/16/2011,30.98,,,,,
09/15/2011,31.97,,,,,
09/14/2011,34.6,,,,,
09/13/2011,36.91,,,,,
09/12/2011,38.59,,,,,
09/09/2011,38.52,,,,,
09/08/2011,34.32,,,,,
09/07/2011,33.38,,,,,
09/06/2011,37.0,,,,,
09/02/2011,33.92,,,,,
09/01/2011,31.82,,,,,
08/31/2011,31.62,,,,,
08/30/2011,32.89,,,,,
08/29/2011,32.28,,,,,
08/26/2011,35.59,,,,,
08/25/2011,39.76,,,,,
08/24/2011,35.9,,,,,
08/23/2011,36.27,,,,,
08/22/2011,42.44,,,,,
08/19/2011,43.05,,,,,
08/18/2011,42.67,,,,,
08/17/2011,31.58,,,,,
08/16/2011,32.85,,,,,
08/15/2011,31.87,,,,,
08/12/2011,36.36,,,,,
08/11/2011,39.0,,,,,
08/10/2011,42.99,,,,,
08/09/2011,35.06,,,,,
08/08/2011,48.0,,,,,
08/05/2011,32.0,,,,,
08/04/2011,31.66,,,,,
08/03/2011,23.38,,,,,
08/02/2011,24.79,,,,,
08/01/2011,23.66,,,,,
07/29/2011,25.25,,,,,
07/28/2011,23.74,,,,,
07/27/2011,22.98,,,,,
07/26/2011,20.23,,,,,
07/25/2011,19.35,,,,,
07/22/2011,17.52,,,,,
07/21/2011,17.56,,,,,
07/20/2011,19.09,,,,,
07/19/2011,19.21,,,,,
07/18/2011,20.95,,,,,
07/15/2011,19.53,,,,,
07/14/2011,20.8,,,,,
07/13/2011,19.91,,,,,
07/12/2011,19.87,,,,,
07/11/2011,18.39,,,,,
07/08/2011,15.95,,,,,
07/07/2011,15.95,,,,,
07/06/2011,16.34,,,,,
07/05/2011,16.06,,,,,
07/01/2011,15.87,,,,,
06/30/2011,16.52,,,,,
06/29/2011,17.27,,,,,
06/28/2011,19.17,,,,,
06/27/2011,20.56,,,,,
06/24/2011,21.1,,,,,
06/23/2011,19.29,,,,,
06/22/2011,18.52,,,,,
06/21/2011,18.86,,,,,
06/20/2011,19.99,,,,,
06/17/2011,21.85,,,,,
06/16/2011,22.73,,,,,
06/15/2011,21.32,,,,,
06/14/2011,18.26,,,,,
06/13/2011,19.61,,,,,
06/10/2011,18.86,,,,,
06/09/2011,17.77,,,,,
06/08/2011,18.79,,,,,
06/07/2011,18.07,,,,,
06/06/2011,18.49,,,,,
06/03/2011,17.95,,,,,
06/02/2011,18.09,,,,,
06/01/2011,18.3,,,,,
05/31/2011,15.45,,,,,
05/27/2011,15.98,,,,,
05/26/2011,16.09,,,,,
05/25/2011,17.07,,,,,
05/24/2011,17.82,,,,,
05/23/2011,18.27,,,,,
05/20/2011,17.43,,,,,
05/19/2011,15.52,,,,,
05/18/2011,16.23,,,,,
05/17/2011,17.55,,,,,
05/16/2011,18.24,,,,,
05/13/2011,17.07,,,,,
05/12/2011,16.03,,,,,
05/11/2011,16.95,,,,,
05/10/2011,15.91,,,,,
05/09/2011,17.16,,,,,
05/06/2011,18.4,,,,,
05/05/2011,18.2,,,,,
05/04/2011,17.08,,,,,
05/03/2011,16.7,,,,,
05/02/2011,15.99,,,,,
04/29/2011,14.75,,,,,
04/28/2011,14.62,,,,,
04/27/2011,15.35,,,,,
04/26/2011,15.62,,,,,
04/25/2011,15.77,,,,,
04/21/2011,14.69,,,,,
04/20/2011,15.07,,,,,
04/19/2011,15.83,,,,,
04/18/2011,16.96,,,,,
04/15/2011,15.32,,,,,
04/14/2011,16.27,,,,,
04/13/2011,16.92,,,,,
04/12/2011,17.09,,,,,
04/11/2011,16.59,,,,,
04/08/2011,17.87,,,,,
04/07/2011,17.11,,,,,
04/06/2011,16.9,,,,,
04/05/2011,17.25,,,,,
04/04/2011,17.5,,,,,
04/01/2011,17.4,,,,,
03/31/2011,17.74,,,,,
03/30/2011,17.71,,,,,
03/29/2011,18.16,,,,,
03/28/2011,19.44,,,,,
03/25/2011,17.91,,,,,
03/24/2011,18.0,,,,,
03/23/2011,19.17,,,,,
03/22/2011,20.21,,,,,
03/21/2011,20.61,,,,,
03/18/2011,24.44,,,,,
03/17/2011,26.37,,,,,
03/16/2011,29.4,,,,,
03/15/2011,24.32,,,,,
03/14/2011,21.13,,,,,
03/11/2011,20.08,,,,,
03/10/2011,21.88,,,,,
03/09/2011,20.22,,,,,
03/08/2011,19.82,,,,,
03/07/2011,20.66,,,,,
03/04/2011,19.06,,,,,
03/03/2011,18.6,,,,,
03/02/2011,20.7,,,,,
03/01/2011,21.01,,,,,
02/28/2011,18.35,,,,,
02/25/2011,19.22,,,,,
02/24/2011,21.32,,,,,
02/23/2011,22.13,,,,,
02/22/2011,20.8,,,,,
02/18/2011,16.43,,,,,
02/17/2011,16.59,,,,,
02/16/2011,16.72,,,,,
02/15/2011,16.37,,,,,
02/14/2011,15.95,,,,,
02/11/2011,15.69,,,,,
02/10/2011,16.09,,,,,
02/09/2011,15.87,,,,,
02/08/2011,15.81,,,,,
02/07/2011,16.28,,,,,
02/04/2011,15.93,,,,,
02/03/2011,16.69,,,,,
02/02/2011,17.3,,,,,
02/01/2011,17.63,,,,,
01/31/2011,19.53,,,,,
01/28/2011,20.04,,,,,
01/27/2011,16.15,,,,,
01/26/2011,16.64,,,,,
01/25/2011,17.59,,,,,
01/24/2011,17.65,,,,,
01/21/2011,18.47,,,,,
01/20/2011,17.99,,,,,
01/19/2011,17.31,,,,,
01/18/2011,15.87,,,,,
01/14/2011,15.46,,,,,
01/13/2011,16.39,,,,,
01/12/2011,16.24,,,,,
01/11/2011,16.89,,,,,
01/10/2011,17.54,,,,,
01/07/2011,17.14,,,,,
01/06/2011,17.4,,,,,
01/05/2011,17.02,,,,,
01/04/2011,17.38,,,,,
01/03/2011,17.61,,,,,
12/31/2010,17.75,,,,,
12/30/2010,17.52,,,,,
12/29/2010,17.28,,,,,
12/28/2010,17.52,,,,,
12/27/2010,17.67,,,,,
12/23/2010,16.47,,,,,
12/22/2010,15.45,,,,,
12/21/2010,16.49,,,,,
12/20/2010,16.41,,,,,
12/17/2010,16.11,,,,,
12/16/2010,17.39,,,,,
12/15/2010,17.94,,,,,
12/14/2010,17.61,,,,,
12/13/2010,17.55,,,,,
12/10/2010,17.61,,,,,
12/09/2010,17.25,,,,,
12/08/2010,17.74,,,,,
12/07/2010,17.99,,,,,
12/06/2010,18.02,,,,,
12/03/2010,18.01,,,,,
12/02/2010,19.39,,,,,
12/01/2010,21.36,,,,,
11/30/2010,23.54,,,,,
11/29/2010,21.53,,,,,
11/26/2010,22.22,,,,,
11/24/2010,19.56,,,,,
11/23/2010,20.63,,,,,
11/22/2010,18.37,,,,,
11/19/2010,18.04,,,,,
11/18/2010,18.75,,,,,
11/17/2010,21.76,,,,,
11/16/2010,22.58,,,,,
11/15/2010,20.2,,,,,
11/12/2010,20.61,,,,,
11/11/2010,18.64,,,,,
11/10/2010,18.47,,,,,
11/09/2010,19.08,,,,,
11/08/2010,18.29,,,,,
11/05/2010,18.26,,,,,
11/04/2010,18.52,,,,,
11/03/2010,19.56,,,,,
11/02/2010,21.57,,,,,
11/01/2010,21.83,,,,,
10/29/2010,21.2,,,,,
10/28/2010,20.88,,,,,
10/27/2010,20.71,,,,,
10/26/2010,20.22,,,,,
10/25/2010,19.85,,,,,
10/22/2010,18.78,,,,,
10/21/2010,19.27,,,,,
10/20/2010,19.79,,,,,
10/19/2010,20.63,,,,,
10/18/2010,19.09,,,,,
10/15/2010,19.03,,,,,
10/14/2010,19.88,,,,,
10/13/2010,19.07,,,,,
10/12/2010,18.93,,,,,
10/11/2010,18.96,,,,,
10/08/2010,20.71,,,,,
10/07/2010,21.56,,,,,
10/06/2010,21.49,,,,,
10/05/2010,21.76,,,,,
10/04/2010,23.53,,,,,
10/01/2010,22.5,,,,,
09/30/2010,23.7,,,,,
09/29/2010,23.25,,,,,
09/28/2010,22.6,,,,,
09/27/2010,22.54,,,,,
09/24/2010,21.71,,,,,
09/23/2010,23.87,,,,,
09/22/2010,22.51,,,,,
09/21/2010,22.35,,,,,
09/20/2010,21.5,,,,,
09/17/2010,22.01,,,,,
09/16/2010,21.72,,,,,
09/15/2010,22.1,,,,,
09/14/2010,21.56,,,,,
09/13/2010,21.21,,,,,
09/10/2010,21.99,,,,,
09/09/2010,22.81,,,,,
09/08/2010,23.25,,,,,
09/07/2010,23.8,,,,,
09/03/2010,21.31,,,,,
09/02/2010,23.19,,,,,
09/01/2010,23.89,,,,,
08/31/2010,26.05,,,,,
08/30/2010,27.21,,,,,
08/27/2010,24.45,,,,,
08/26/2010,27.37,,,,,
08/25/2010,26.7,,,,,
08/24/2010,27.46,,,,,
08/23/2010,25.66,,,,,
08/20/2010,25.49,,,,,
08/19/2010,26.44,,,,,
08/18/2010,24.59,,,,,
08/17/2010,24.33,,,,,
08/16/2010,26.1,,,,,
08/13/2010,26.24,,,,,
08/12/2010,25.73,,,,,
08/11/2010,25.39,,,,,
08/10/2010,22.37,,,,,
08/09/2010,22.14,,,,,
08/06/2010,21.74,,,,,
08/05/2010,22.1,,,,,
08/04/2010,22.21,,,,,
08/03/2010,22.63,,,,,
08/02/2010,22.01,,,,,
07/30/2010,23.5,,,,,
07/29/2010,24.13,,,,,
07/28/2010,24.25,,,,,
07/27/2010,23.19,,,,,
07/26/2010,22.73,,,,,
07/23/2010,23.47,,,,,
07/22/2010,24.63,,,,,
07/21/2010,25.64,,,,,
07/20/2010,23.93,,,,,
07/19/2010,25.97,,,,,
07/16/2010,26.25,,,,,
07/15/2010,25.14,,,,,
07/14/2010,24.89,,,,,
07/13/2010,24.56,,,,,
07/12/2010,24.43,,,,,
07/09/2010,24.98,,,,,
07/08/2010,25.71,,,,,
07/07/2010,26.84,,,,,
07/06/2010,29.65,,,,,
07/02/2010,30.12,,,,,
07/01/2010,32.86,,,,,
06/30/2010,34.54,,,,,
06/29/2010,34.13,,,,,
06/28/2010,29.0,,,,,
06/25/2010,28.53,,,,,
06/24/2010,29.74,,,,,
06/23/2010,26.91,,,,,
06/22/2010,27.05,,,,,
06/21/2010,24.88,,,,,
06/18/2010,23.95,,,,,
06/17/2010,25.05,,,,,
06/16/2010,25.92,,,,,
06/15/2010,25.87,,,,,
06/14/2010,28.58,,,,,
06/11/2010,28.79,,,,,
06/10/2010,30.57,,,,,
06/09/2010,33.73,,,,,
06/08/2010,33.7,,,,,
06/07/2010,36.57,,,,,
06/04/2010,35.48,,,,,
06/03/2010,29.46,,,,,
06/02/2010,30.17,,,,,
06/01/2010,35.54,,,,,
05/28/2010,32.07,,,,,
05/27/2010,29.68,,,,,
05/26/2010,35.02,,,,,
05/25/2010,34.61,,,,,
05/24/2010,38.32,,,,,
05/21/2010,40.1,,,,,
05/20/2010,45.79,,,,,
05/19/2010,35.32,,,,,
05/18/2010,33.55,,,,,
05/17/2010,30.84,,,,,
05/14/2010,31.24,,,,,
05/13/2010,26.68,,,,,
05/12/2010,25.52,,,,,
05/11/2010,28.32,,,,,
05/10/2010,28.84,,,,,
05/07/2010,40.95,,,,,
05/06/2010,32.8,,,,,
05/05/2010,24.91,,,,,
05/04/2010,23.84,,,,,
05/03/2010,20.19,,,,,
04/30/2010,22.05,,,,,
04/29/2010,18.44,,,,,
04/28/2010,21.08,,,,,
04/27/2010,22.81,,,,,
04/26/2010,17.47,,,,,
04/23/2010,16.62,,,,,
04/22/2010,16.47,,,,,
04/21/2010,16.32,,,,,
04/20/2010,15.73,,,,,
04/19/2010,17.34,,,,,
04/16/2010,18.36,,,,,
04/15/2010,15.89,,,,,
04/14/2010,15.59,,,,,
04/13/2010,16.2,,,,,
04/12/2010,15.58,,,,,
04/09/2010,16.14,,,,,
04/08/2010,16.48,,,,,
04/07/2010,16.62,,,,,
04/06/2010,16.23,,,,,
04/05/2010,17.02,,,,,
04/01/2010,17.47,,,,,
03/31/2010,17.59,,,,,
03/30/2010,17.13,,,,,
03/29/2010,17.59,,,,,
03/26/2010,17.77,,,,,
03/25/2010,18.4,,,,,
03/24/2010,17.55,,,,,
03/23/2010,16.35,,,,,
03/22/2010,16.87,,,,,
03/19/2010,16.97,,,,,
03/18/2010,16.62,,,,,
03/17/2010,16.91,,,,,
03/16/2010,17.69,,,,,
03/15/2010,18.0,,,,,
03/12/2010,17.58,,,,,
03/11/2010,18.06,,,,,
03/10/2010,18.57,,,,,
03/09/2010,17.92,,,,,
03/08/2010,17.79,,,,,
03/05/2010,17.42,,,,,
03/04/2010,18.72,,,,,
03/03/2010,18.83,,,,,
03/02/2010,19.06,,,,,
03/01/2010,19.26,,,,,
02/26/2010,19.5,,,,,
02/25/2010,20.1,,,,,
02/24/2010,20.27,,,,,
02/23/2010,21.37,,,,,
02/22/2010,19.94,,,,,
02/19/2010,20.02,,,,,
02/18/2010,20.63,,,,,
02/17/2010,21.72,,,,,
02/16/2010,22.25,,,,,
02/12/2010,22.73,,,,,
02/11/2010,23.96,,,,,
02/10/2010,25.4,,,,,
02/09/2010,26.0,,,,,
02/08/2010,26.51,,,,,
02/05/2010,26.11,,,,,
02/04/2010,26.08,,,,,
02/03/2010,21.6,,,,,
02/02/2010,21.48,,,,,
02/01/2010,22.59,,,,,
01/29/2010,24.62,,,,,
01/28/2010,23.73,,,,,
01/27/2010,23.14,,,,,
01/26/2010,24.55,,,,,
01/25/2010,25.41,,,,,
01/22/2010,27.31,,,,,
01/21/2010,22.27,,,,,
01/20/2010,18.68,,,,,
01/19/2010,17.58,,,,,
01/15/2010,17.91,,,,,
01/14/2010,17.63,,,,,
01/13/2010,17.85,,,,,
01/12/2010,18.25,,,,,
01/11/2010,17.55,,,,,
01/08/2010,18.13,,,,,
01/07/2010,19.06,,,,,
01/06/2010,19.16,,,,,
01/05/2010,19.35,,,,,
01/04/2010,20.04,,,,,
12/31/2009,21.68,,,,,
12/30/2009,19.96,,,,,
12/29/2009,20.01,,,,,
12/28/2009,19.93,,,,,
12/24/2009,19.47,,,,,
12/23/2009,19.71,,,,,
12/22/2009,19.54,,,,,
12/21/2009,20.49,,,,,
12/18/2009,21.68,,,,,
12/17/2009,22.51,,,,,
12/16/2009,20.54,,,,,
12/15/2009,21.49,,,,,
12/14/2009,21.15,,,,,
12/11/2009,21.59,,,,,
12/10/2009,22.32,,,,,
12/09/2009,22.66,,,,,
12/08/2009,23.69,,,,,
12/07/2009,22.1,,,,,
12/04/2009,21.25,,,,,
12/03/2009,22.46,,,,,
12/02/2009,21.12,,,,,
12/01/2009,21.92,,,,,
11/30/2009,24.51,,,,,
11/27/2009,24.74,,,,,
11/25/2009,20.48,,,,,
11/24/2009,20.47,,,,,
11/23/2009,21.16,,,,,
11/20/2009,22.19,,,,,
11/19/2009,22.63,,,,,
11/18/2009,21.63,,,,,
11/17/2009,22.41,,,,,
11/16/2009,22.89,,,,,
11/13/2009,23.36,,,,,
11/12/2009,24.24,,,,,
11/11/2009,23.04,,,,,
11/10/2009,22.84,,,,,
11/09/2009,23.15,,,,,
11/06/2009,24.19,,,,,
11/05/2009,25.43,,,,,
11/04/2009,27.72,,,,,
11/03/2009,28.81,,,,,
11/02/2009,29.78,,,,,
10/30/2009,30.69,,,,,
10/29/2009,24.76,,,,,
10/28/2009,27.91,,,,,
10/27/2009,24.83,,,,,
10/26/2009,24.31,,,,,
10/23/2009,22.27,,,,,
10/22/2009,20.69,,,,,
10/21/2009,22.22,,,,,
10/20/2009,20.9,,,,,
10/19/2009,21.49,,,,,
10/16/2009,21.43,,,,,
10/15/2009,21.72,,,,,
10/14/2009,22.86,,,,,
10/13/2009,22.99,,,,,
10/12/2009,23.01,,,,,
10/09/2009,23.12,,,,,
10/08/2009,24.18,,,,,
10/07/2009,24.68,,,,,
10/06/2009,25.7,,,,,
10/05/2009,26.84,,,,,
10/02/2009,28.68,,,,,
10/01/2009,28.27,,,,,
09/30/2009,25.61,,,,,
09/29/2009,25.19,,,,,
09/28/2009,24.88,,,,,
09/25/2009,25.61,,,,,
09/24/2009,24.95,,,,,
09/23/2009,23.49,,,,,
09/22/2009,23.08,,,,,
09/21/2009,24.06,,,,,
09/18/2009,23.92,,,,,
09/17/2009,23.65,,,,,
09/16/2009,23.69,,,,,
09/15/2009,23.42,,,,,
09/14/2009,23.86,,,,,
09/11/2009,24.15,,,,,
09/10/2009,23.55,,,,,
09/09/2009,24.32,,,,,
09/08/2009,25.62,,,,,
09/04/2009,25.26,,,,,
09/03/2009,27.1,,,,,
09/02/2009,28.9,,,,,
09/01/2009,29.15,,,,,
08/31/2009,26.01,,,,,
08/28/2009,24.76,,,,,
08/27/2009,24.68,,,,,
08/26/2009,24.95,,,,,
08/25/2009,24.92,,,,,
08/24/2009,25.14,,,,,
08/21/2009,25.01,,,,,
08/20/2009,25.09,,,,,
08/19/2009,26.26,,,,,
08/18/2009,26.18,,,,,
08/17/2009,27.89,,,,,
08/14/2009,24.27,,,,,
08/13/2009,24.71,,,,,
08/12/2009,25.45,,,,,
08/11/2009,25.99,,,,,
08/10/2009,24.99,,,,,
08/07/2009,24.76,,,,,
08/06/2009,25.67,,,,,
08/05/2009,24.9,,,,,
08/04/2009,24.89,,,,,
08/03/2009,25.56,,,,,
07/31/2009,25.92,,,,,
07/30/2009,25.4,,,,,
07/29/2009,25.61,,,,,
07/28/2009,25.01,,,,,
07/27/2009,24.28,,,,,
07/24/2009,23.09,,,,,
07/23/2009,23.43,,,,,
07/22/2009,23.47,,,,,
07/21/2009,23.87,,,,,
07/20/2009,24.4,,,,,
07/17/2009,24.34,,,,,
07/16/2009,25.42,,,,,
07/15/2009,25.89,,,,,
07/14/2009,25.02,,,,,
07/13/2009,26.31,,,,,
07/10/2009,29.02,,,,,
07/09/2009,29.78,,,,,
07/08/2009,31.3,,,,,
07/07/2009,30.85,,,,,
07/06/2009,29.0,,,,,
07/02/2009,27.95,,,,,
07/01/2009,26.22,,,,,
06/30/2009,26.35,,,,,
06/29/2009,25.35,,,,,
06/26/2009,25.93,,,,,
06/25/2009,26.36,,,,,
06/24/2009,29.05,,,,,
06/23/2009,30.58,,,,,
06/22/2009,31.17,,,,,
06/19/2009,27.99,,,,,
06/18/2009,30.03,,,,,
06/17/2009,31.54,,,,,
06/16/2009,32.68,,,,,
06/15/2009,30.81,,,,,
06/12/2009,28.15,,,,,
06/11/2009,28.11,,,,,
06/10/2009,28.46,,,,,
06/09/2009,28.27,,,,,
06/08/2009,29.77,,,,,
06/05/2009,29.62,,,,,
06/04/2009,30.18,,,,,
06/03/2009,31.02,,,,,
06/02/2009,29.63,,,,,
06/01/2009,30.04,,,,,
05/29/2009,28.92,,,,,
05/28/2009,31.67,,,,,
05/27/2009,32.36,,,,,
05/26/2009,30.62,,,,,
05/22/2009,32.63,,,,,
05/21/2009,31.35,,,,,
05/20/2009,29.03,,,,,
05/19/2009,28.8,,,,,
05/18/2009,30.24,,,,,
05/15/2009,33.12,,,,,
05/14/2009,31.37,,,,,
05/13/2009,33.65,,,,,
05/12/2009,31.8,,,,,
05/11/2009,32.87,,,,,
05/08/2009,32.05,,,,,
05/07/2009,33.44,,,,,
05/06/2009,32.45,,,,,
05/05/2009,33.36,,,,,
05/04/2009,34.53,,,,,
05/01/2009,35.3,,,,,
04/30/2009,36.5,,,,,
04/29/2009,36.08,,,,,
04/28/2009,37.95,,,,,
04/27/2009,38.32,,,,,
04/24/2009,36.82,,,,,
04/23/2009,37.15,,,,,
04/22/2009,38.1,,,,,
04/21/2009,37.14,,,,,
04/20/2009,39.18,,,,,
04/17/2009,33.94,,,,,
04/16/2009,35.79,,,,,
04/15/2009,36.17,,,,,
04/14/2009,37.67,,,,,
04/13/2009,37.81,,,,,
04/09/2009,36.53,,,,,
04/08/2009,38.85,,,,,
04/07/2009,40.39,,,,,
04/06/2009,40.93,,,,,
04/03/2009,39.7,,,,,
04/02/2009,42.04,,,,,
04/01/2009,42.28,,,,,
03/31/2009,44.14,,,,,
03/30/2009,45.54,,,,,
03/27/2009,41.04,,,,,
03/26/2009,40.36,,,,,
03/25/2009,42.25,,,,,
03/24/2009,42.93,,,,,
03/23/2009,43.23,,,,,
03/20/2009,45.89,,,,,
03/19/2009,43.68,,,,,
03/18/2009,40.06,,,,,
03/17/2009,40.8,,,,,
03/16/2009,43.74,,,,,
03/13/2009,42.36,,,,,
03/12/2009,41.18,,,,,
03/11/2009,43.61,,,,,
03/10/2009,44.37,,,,,
03/09/2009,49.68,,,,,
03/06/2009,49.33,,,,,
03/05/2009,50.17,,,,,
03/04/2009,47.56,,,,,
03/03/2009,50.93,,,,,
03/02/2009,52.65,,,,,
02/27/2009,46.35,,,,,
02/26/2009,44.66,,,,,
02/25/2009,44.67,,,,,
02/24/2009,45.49,,,,,
02/23/2009,52.62,,,,,
02/20/2009,49.3,,,,,
02/19/2009,47.08,,,,,
02/18/2009,48.46,,,,,
02/17/2009,48.66,,,,,
02/13/2009,42.93,,,,,
02/12/2009,41.25,,,,,
02/11/2009,44.53,,,,,
02/10/2009,46.67,,,,,
02/09/2009,43.64,,,,,
02/06/2009,43.37,,,,,
02/05/2009,43.73,,,,,
02/04/2009,43.85,,,,,
02/03/2009,43.06,,,,,
02/02/2009,45.52,,,,,
01/30/2009,44.84,,,,,
01/29/2009,42.63,,,,,
01/28/2009,39.66,,,,,
01/27/2009,42.25,,,,,
01/26/2009,45.69,,,,,
01/23/2009,47.27,,,,,
01/22/2009,47.29,,,,,
01/21/2009,46.42,,,,,
01/20/2009,56.65,,,,,
01/16/2009,46.11,,,,,
01/15/2009,51.0,,,,,
01/14/2009,49.14,,,,,
01/13/2009,43.27,,,,,
01/12/2009,45.84,,,,,
01/09/2009,42.82,,,,,
01/08/2009,42.56,,,,,
01/07/2009,43.39,,,,,
01/06/2009,38.56,,,,,
01/05/2009,39.08,,,,,
01/02/2009,39.19,,,,,
12/31/2008,40.0,,,,,
12/30/2008,41.63,,,,,
12/29/2008,43.9,,,,,
12/26/2008,43.38,,,,,
12/24/2008,44.21,,,,,
12/23/2008,45.02,,,,,
12/22/2008,44.56,,,,,
12/19/2008,44.93,,,,,
12/18/2008,47.34,,,,,
12/17/2008,49.84,,,,,
12/16/2008,52.37,,,,,
12/15/2008,56.76,,,,,
12/12/2008,54.28,,,,,
12/11/2008,55.78,,,,,
12/10/2008,55.73,,,,,
12/09/2008,58.91,,,,,
12/08/2008,58.49,,,,,
12/05/2008,59.93,,,,,
12/04/2008,63.64,,,,,
12/03/2008,60.72,,,,,
12/02/2008,62.98,,,,,
12/01/2008,68.51,,,,,
11/28/2008,55.28,,,,,
11/26/2008,54.92,,,,,
11/25/2008,60.9,,,,,
11/24/2008,64.7,,,,,
11/21/2008,72.67,,,,,
11/20/2008,80.86,,,,,
11/19/2008,74.26,,,,,
11/18/2008,67.64,,,,,
11/17/2008,69.15,,,,,
11/14/2008,66.31,,,,,
11/13/2008,59.83,,,,,
11/12/2008,66.46,,,,,
11/11/2008,61.44,,,,,
11/10/2008,59.98,,,,,
11/07/2008,56.1,,,,,
11/06/2008,63.68,,,,,
11/05/2008,54.56,,,,,
11/04/2008,47.73,,,,,
11/03/2008,53.68,,,,,
10/31/2008,59.89,,,,,
10/30/2008,62.9,,,,,
10/29/2008,69.96,,,,,
10/28/2008,66.96,,,,,
10/27/2008,80.06,,,,,
10/24/2008,79.13,,,,,
10/23/2008,67.8,,,,,
10/22/2008,69.65,,,,,
10/21/2008,53.11,,,,,
10/20/2008,52.97,,,,,
10/17/2008,70.33,,,,,
10/16/2008,67.61,,,,,
10/15/2008,69.25,,,,,
10/14/2008,55.13,,,,,
10/13/2008,54.99,,,,,
10/10/2008,69.95,,,,,
10/09/2008,63.92,,,,,
10/08/2008,57.53,,,,,
10/07/2008,53.68,,,,,
10/06/2008,52.05,,,,,
10/03/2008,45.14,,,,,
10/02/2008,45.26,,,,,
10/01/2008,39.81,,,,,
09/30/2008,39.39,,,,,
09/29/2008,46.72,,,,,
09/26/2008,34.74,,,,,
09/25/2008,32.82,,,,,
09/24/2008,35.19,,,,,
09/23/2008,35.72,,,,,
09/22/2008,33.85,,,,,
09/19/2008,32.07,,,,,
09/18/2008,33.1,,,,,
09/17/2008,36.22,,,,,
09/16/2008,30.3,,,,,
09/15/2008,31.7,,,,,
09/12/2008,25.66,,,,,
09/11/2008,24.39,,,,,
09/10/2008,24.52,,,,,
09/09/2008,25.47,,,,,
09/08/2008,22.64,,,,,
09/05/2008,23.06,,,,,
09/04/2008,24.03,,,,,
09/03/2008,21.43,,,,,
09/02/2008,21.99,,,,,
08/29/2008,20.65,,,,,
08/28/2008,19.43,,,,,
08/27/2008,19.76,,,,,
08/26/2008,20.49,,,,,
08/25/2008,20.97,,,,,
08/22/2008,18.81,,,,,
08/21/2008,19.82,,,,,
08/20/2008,20.42,,,,,
08/19/2008,21.28,,,,,
08/18/2008,20.98,,,,,
08/15/2008,19.58,,,,,
08/14/2008,20.34,,,,,
08/13/2008,21.55,,,,,
08/12/2008,21.17,,,,,
08/11/2008,20.12,,,,,
08/08/2008,20.66,,,,,
08/07/2008,21.15,,,,,
08/06/2008,20.23,,,,,
08/05/2008,21.14,,,,,
08/04/2008,23.49,,,,,
08/01/2008,22.57,,,,,
07/31/2008,22.94,,,,,
07/30/2008,21.21,,,,,
07/29/2008,22.03,,,,,
07/28/2008,24.23,,,,,
07/25/2008,22.91,,,,,
07/24/2008,23.44,,,,,
07/23/2008,21.31,,,,,
07/22/2008,21.18,,,,,
07/21/2008,23.05,,,,,
07/18/2008,24.05,,,,,
07/17/2008,25.01,,,,,
07/16/2008,25.1,,,,,
07/15/2008,28.54,,,,,
07/14/2008,28.48,,,,,
07/11/2008,27.49,,,,,
07/10/2008,25.59,,,,,
07/09/2008,25.23,,,,,
07/08/2008,23.15,,,,,
07/07/2008,25.78,,,,,
07/03/2008,24.78,,,,,
07/02/2008,25.92,,,,,
07/01/2008,23.65,,,,,
06/30/2008,23.95,,,,,
06/27/2008,23.44,,,,,
06/26/2008,23.93,,,,,
06/25/2008,21.14,,,,,
06/24/2008,22.42,,,,,
06/23/2008,22.64,,,,,
06/20/2008,22.87,,,,,
06/19/2008,21.58,,,,,
06/18/2008,22.24,,,,,
06/17/2008,21.13,,,,,
06/16/2008,20.95,,,,,
06/13/2008,21.22,,,,,
06/12/2008,23.33,,,,,
06/11/2008,24.12,,,,,
06/10/2008,23.18,,,,,
06/09/2008,23.12,,,,,
06/06/2008,23.56,,,,,
06/05/2008,18.63,,,,,
06/04/2008,20.8,,,,,
06/03/2008,20.24,,,,,
06/02/2008,19.83,,,,,
05/30/2008,17.83,,,,,
05/29/2008,18.14,,,,,
05/28/2008,19.07,,,,,
05/27/2008,19.64,,,,,
05/23/2008,19.55,,,,,
05/22/2008,18.05,,,,,
05/21/2008,18.59,,,,,
05/20/2008,17.58,,,,,
05/19/2008,17.01,,,,,
05/16/2008,16.47,,,,,
05/15/2008,16.3,,,,,
05/14/2008,17.66,,,,,
05/13/2008,17.98,,,,,
05/12/2008,17.79,,,,,
05/09/2008,19.41,,,,,
05/08/2008,19.4,,,,,
05/07/2008,19.73,,,,,
05/06/2008,18.21,,,,,
05/05/2008,18.9,,,,,
05/02/2008,18.18,,,,,
05/01/2008,18.88,,,,,
04/30/2008,20.79,,,,,
04/29/2008,20.24,,,,,
04/28/2008,19.64,,,,,
04/25/2008,19.59,,,,,
04/24/2008,20.06,,,,,
04/23/2008,20.26,,,,,
04/22/2008,20.87,,,,,
04/21/2008,20.5,,,,,
04/18/2008,20.13,,,,,
04/17/2008,20.37,,,,,
04/16/2008,20.53,,,,,
04/15/2008,22.78,,,,,
04/14/2008,23.82,,,,,
04/11/2008,23.46,,,,,
04/10/2008,21.98,,,,,
04/09/2008,22.81,,,,,
04/08/2008,22.36,,,,,
04/07/2008,22.42,,,,,
04/04/2008,22.45,,,,,
04/03/2008,23.21,,,,,
04/02/2008,23.43,,,,,
04/01/2008,22.68,,,,,
03/31/2008,25.61,,,,,
03/28/2008,25.71,,,,,
03/27/2008,25.88,,,,,
03/26/2008,26.08,,,,,
03/25/2008,25.72,,,,,
03/24/2008,25.73,,,,,
03/20/2008,26.62,,,,,
03/19/2008,29.84,,,,,
03/18/2008,25.79,,,,,
03/17/2008,32.24,,,,,
03/14/2008,31.16,,,,,
03/13/2008,27.29,,,,,
03/12/2008,27.22,,,,,
03/11/2008,26.36,,,,,
03/10/2008,29.38,,,,,
03/07/2008,27.49,,,,,
03/06/2008,27.55,,,,,
03/05/2008,24.6,,,,,
03/04/2008,25.52,,,,,
03/03/2008,26.28,,,,,
02/29/2008,26.54,,,,,
02/28/2008,23.53,,,,,
02/27/2008,22.69,,,,,
02/26/2008,21.9,,,,,
02/25/2008,23.03,,,,,
02/22/2008,24.06,,,,,
02/21/2008,25.12,,,,,
02/20/2008,24.4,,,,,
02/19/2008,25.59,,,,,
02/15/2008,25.02,,,,,
02/14/2008,25.54,,,,,
02/13/2008,24.88,,,,,
02/12/2008,26.33,,,,,
02/11/2008,27.6,,,,,
02/08/2008,28.01,,,,,
02/07/2008,27.66,,,,,
02/06/2008,28.97,,,,,
02/05/2008,28.24,,,,,
02/04/2008,25.99,,,,,
02/01/2008,24.02,,,,,
01/31/2008,26.2,,,,,
01/30/2008,27.62,,,,,
01/29/2008,27.32,,,,,
01/28/2008,27.78,,,,,
01/25/2008,29.08,,,,,
01/24/2008,27.78,,,,,
01/23/2008,29.02,,,,,
01/22/2008,31.01,,,,,
01/18/2008,27.18,,,,,
01/17/2008,28.46,,,,,
01/16/2008,24.38,,,,,
01/15/2008,23.34,,,,,
01/14/2008,22.9,,,,,
01/11/2008,23.68,,,,,
01/10/2008,23.45,,,,,
01/09/2008,24.12,,,,,
01/08/2008,25.43,,,,,
01/07/2008,23.79,,,,,
01/04/2008,23.94,,,,,
01/03/2008,22.49,,,,,
01/02/2008,23.17,,,,,
12/31/2007,22.5,,,,,
03/25/2026,25.33,,,,,
03/26/2026,27.44,,,,,
03/27/2026,31.05,,,,,
03/30/2026,30.61,,,,,
03/31/2026,25.25,,,,,
04/01/2026,24.54,,,,,
04/02/2026,23.87,,,,,
04/06/2026,24.17,,,,,
04/07/2026,25.78,,,,,
04/08/2026,21.04,,,,,
04/09/2026,19.49,,,,,
04/10/2026,19.23,,,,,
04/13/2026,19.12,,,,,
04/14/2026,18.36,,,,,
04/15/2026,18.17,,,,,
04/16/2026,17.94,,,,,
04/17/2026,17.48,,,,,
04/20/2026,18.87,,,,,
04/21/2026,19.5,,,,,
04/22/2026,18.92,,,,,
04/23/2026,19.31,,,,,
04/24/2026,18.71,,,,,
04/27/2026,18.02,,,,,
04/28/2026,17.83,,,,,
04/29/2026,18.81,,,,,
04/30/2026,16.89,,,,,
05/01/2026,16.99,,,,,
05/04/2026,18.29,,,,,
05/05/2026,17.38,,,,,
05/06/2026,17.39,,,,,
05/07/2026,17.08,,,,,
05/08/2026,17.19,,,,,
05/11/2026,18.38,,,,,
05/12/2026,17.99,,,,,
05/13/2026,17.87,,,,,
05/14/2026,17.26,,,,,
05/15/2026,18.43,,,,,
05/18/2026,17.82,,,,,
05/19/2026,18.06,,,,,
05/20/2026,17.44,,,,,
05/21/2026,16.76,,,,,
05/22/2026,16.7,,,,,
05/25/2026,16.59,,,,,
05/26/2026,17.01,,,,,
05/27/2026,16.29,,,,,
05/28/2026,15.74,,,,,
05/29/2026,15.32,,,,,
06/01/2026,16.05,,,,,
06/02/2026,15.77,,,,,
06/03/2026,16.06,,,,,
06/04/2026,15.4,,,,,
06/05/2026,21.51,,,,,
