Date,Price
01/01/2026,5.756
12/31/2025,5.682
12/30/2025,5.7815
12/29/2025,5.537
12/26/2025,5.8395
12/25/2025,5.6892
12/24/2025,5.575
12/23/2025,5.552
12/22/2025,5.5095
12/19/2025,5.51
12/18/2025,5.4375
12/17/2025,5.4355
12/16/2025,5.359
12/15/2025,5.412
12/12/2025,5.359
12/11/2025,5.5015
12/10/2025,5.3535
12/09/2025,5.32
12/08/2025,5.4445
12/05/2025,5.462
12/04/2025,5.3735
12/03/2025,5.389
12/02/2025,5.243
12/01/2025,5.303
11/28/2025,5.272
11/27/2025,5.1677
11/26/2025,5.194
11/25/2025,5.0625
11/24/2025,5.026
11/21/2025,5.096
11/20/2025,5.0485
11/19/2025,5.097
11/18/2025,5.0505
11/17/2025,5.0865
11/14/2025,5.063
11/13/2025,5.102
11/12/2025,5.1055
11/11/2025,5.066
11/10/2025,5.106
11/07/2025,4.957
11/06/2025,4.9675
11/05/2025,4.986
11/04/2025,4.9485
11/03/2025,5.069
10/31/2025,5.089
10/30/2025,5.104
10/29/2025,5.237
10/28/2025,5.145
10/27/2025,5.146
10/24/2025,5.1225
10/23/2025,5.1105
10/22/2025,4.9955
10/21/2025,4.966
10/20/2025,5.036
10/17/2025,4.9695
10/16/2025,4.999
10/15/2025,5.0145
10/14/2025,5.023
10/13/2025,5.144
10/10/2025,4.894
10/09/2025,5.123
10/08/2025,5.0945
10/07/2025,5.0975
10/06/2025,5.038
10/03/2025,5.109
10/02/2025,4.9495
10/01/2025,4.8825
09/30/2025,4.8565
09/29/2025,4.892
09/26/2025,4.746
09/25/2025,4.7325
09/24/2025,4.7885
09/23/2025,4.6195
09/22/2025,4.6075
09/19/2025,4.6275
09/18/2025,4.6005
09/17/2025,4.632
09/16/2025,4.694
09/15/2025,4.7175
09/12/2025,4.652
09/11/2025,4.658
09/10/2025,4.618
09/09/2025,4.5695
09/08/2025,4.5595
09/05/2025,4.551
09/04/2025,4.5585
09/03/2025,4.63
09/02/2025,4.641
09/01/2025,4.5825
08/31/2025,4.5853
08/29/2025,4.5905
08/28/2025,4.539
08/27/2025,4.4715
08/26/2025,4.51
08/25/2025,4.5265
08/22/2025,4.5275
08/21/2025,4.5115
08/20/2025,4.5105
08/19/2025,4.4885
08/18/2025,4.536
08/15/2025,4.4925
08/14/2025,4.4795
08/13/2025,4.4975
08/12/2025,4.5255
08/11/2025,4.44
08/08/2025,4.4715
08/07/2025,4.3985
08/06/2025,4.413
08/05/2025,4.386
08/04/2025,4.4375
08/01/2025,4.4355
07/31/2025,4.3545
07/30/2025,5.586
07/29/2025,5.607
07/28/2025,5.5975
07/25/2025,5.785
07/24/2025,5.8015
07/23/2025,5.8195
07/22/2025,5.7215
07/21/2025,5.6375
07/18/2025,5.6045
07/17/2025,5.5125
07/16/2025,5.526
07/15/2025,5.5775
07/14/2025,5.5505
07/11/2025,5.6045
07/10/2025,5.591
07/09/2025,5.4865
07/08/2025,5.6855
07/07/2025,5.026
07/04/2025,5.0625
07/03/2025,5.1415
07/02/2025,5.1975
07/01/2025,5.0995
06/30/2025,5.0825
06/27/2025,5.123
06/26/2025,5.0925
06/25/2025,4.913
06/24/2025,4.867
06/23/2025,4.843
06/20/2025,4.8335
06/19/2025,4.8135
06/18/2025,4.853
06/17/2025,4.809
06/16/2025,4.836
06/13/2025,4.8145
06/12/2025,4.8355
06/11/2025,4.8145
06/10/2025,4.9
06/09/2025,4.925
06/06/2025,4.848
06/05/2025,4.933
06/04/2025,4.8865
06/03/2025,4.834
06/02/2025,4.8585
05/30/2025,4.6775
05/29/2025,4.6755
05/28/2025,4.6505
05/27/2025,4.715
05/26/2025,4.8333
05/25/2025,4.8518
05/23/2025,4.8365
05/22/2025,4.6795
05/21/2025,4.672
05/20/2025,4.654
05/19/2025,4.6705
05/16/2025,4.5935
05/15/2025,4.6835
05/14/2025,4.6505
05/13/2025,4.723
05/12/2025,4.621
05/09/2025,4.653
05/08/2025,4.604
05/07/2025,4.6595
05/06/2025,4.778
05/05/2025,4.699
05/02/2025,4.673
05/01/2025,4.628
04/30/2025,4.609
04/29/2025,4.8725
04/28/2025,4.8645
04/25/2025,4.895
04/24/2025,4.9105
04/23/2025,4.895
04/22/2025,4.928
04/21/2025,4.78
04/17/2025,4.739
04/16/2025,4.6855
04/15/2025,4.626
04/14/2025,4.6255
04/11/2025,4.523
04/10/2025,4.3365
04/09/2025,4.1925
04/08/2025,4.144
04/07/2025,4.186
04/04/2025,4.402
04/03/2025,4.8285
04/02/2025,5.0405
04/01/2025,5.035
03/31/2025,5.034
03/28/2025,5.13
03/27/2025,5.0985
03/26/2025,5.2185
03/25/2025,5.185
03/24/2025,5.0925
03/21/2025,5.1135
03/20/2025,5.112
03/19/2025,5.1
03/18/2025,5.0165
03/17/2025,4.959
03/14/2025,4.896
03/13/2025,4.9255
03/12/2025,4.8495
03/11/2025,4.766
03/10/2025,4.6665
03/07/2025,4.71
03/06/2025,4.8075
03/05/2025,4.794
03/04/2025,4.5565
03/03/2025,4.607
02/28/2025,4.548
02/27/2025,4.6185
02/26/2025,4.5615
02/25/2025,4.5035
02/24/2025,4.5635
02/21/2025,4.6155
02/20/2025,4.666
02/19/2025,4.614
02/18/2025,4.6425
02/14/2025,4.6645
02/13/2025,4.778
02/12/2025,4.7045
02/11/2025,4.601
02/10/2025,4.707
02/07/2025,4.589
02/06/2025,4.461
02/05/2025,4.444
02/04/2025,4.3535
02/03/2025,4.3055
01/31/2025,4.279
01/30/2025,4.3075
01/29/2025,4.2605
01/28/2025,4.2245
01/27/2025,4.208
01/24/2025,4.2965
01/23/2025,4.3055
01/22/2025,4.301
01/21/2025,4.341
01/17/2025,4.3685
01/16/2025,4.441
01/15/2025,4.389
01/14/2025,4.3425
01/13/2025,4.3255
01/10/2025,4.304
01/09/2025,4.3095
01/08/2025,4.2585
01/07/2025,4.1955
01/06/2025,4.1615
01/03/2025,4.0735
01/02/2025,4.026
12/31/2024,4.0265
12/30/2024,4.093
12/27/2024,4.1005
12/26/2024,4.108
12/24/2024,4.089
12/23/2024,4.0635
12/20/2024,4.079
12/19/2024,4.0555
12/18/2024,4.1355
12/17/2024,4.125
12/16/2024,4.1705
12/13/2024,4.177
12/12/2024,4.225
12/11/2024,4.245
12/10/2024,4.2535
12/09/2024,4.258
12/06/2024,4.1785
12/05/2024,4.1745
12/04/2024,4.183
12/03/2024,4.1845
12/02/2024,4.1135
11/29/2024,4.1225
11/27/2024,4.117
11/26/2024,4.075
11/25/2024,4.1215
11/22/2024,4.102
11/21/2024,4.138
11/20/2024,4.164
11/19/2024,4.153
11/18/2024,4.1335
11/15/2024,4.076
11/14/2024,4.105
11/13/2024,4.102
11/12/2024,4.154
11/11/2024,4.243
11/08/2024,4.3185
11/07/2024,4.44
11/06/2024,4.2595
11/05/2024,4.481
11/04/2024,4.4375
11/01/2024,4.382
10/31/2024,4.3515
10/30/2024,4.36
10/29/2024,4.3605
10/28/2024,4.3625
10/25/2024,4.3705
10/24/2024,4.3515
10/23/2024,4.3365
10/22/2024,4.3805
10/21/2024,4.3595
10/18/2024,4.3845
10/17/2024,4.325
10/16/2024,4.3675
10/15/2024,4.3375
10/14/2024,4.406
10/11/2024,4.4935
10/10/2024,4.4275
10/09/2024,4.3995
10/08/2024,4.4565
10/07/2024,4.5665
10/04/2024,4.574
10/03/2024,4.553
10/02/2024,4.649
10/01/2024,4.589
09/30/2024,4.553
09/27/2024,4.5995
09/26/2024,4.61
09/25/2024,4.4605
09/24/2024,4.462
09/23/2024,4.3195
09/20/2024,4.316
09/19/2024,4.321
09/18/2024,4.273
09/17/2024,4.2495
09/16/2024,4.2505
09/13/2024,4.213
09/12/2024,4.172
09/11/2024,4.12
09/10/2024,4.0765
09/09/2024,4.123
09/06/2024,4.0525
09/05/2024,4.1155
09/04/2024,4.058
09/03/2024,4.0715
09/02/2024,4.1837
09/01/2024,4.2188
08/30/2024,4.189
08/29/2024,4.1985
08/28/2024,4.1725
08/27/2024,4.2575
08/26/2024,4.235
08/23/2024,4.211
08/22/2024,4.1545
08/21/2024,4.197
08/20/2024,4.168
08/19/2024,4.1885
08/16/2024,4.149
08/15/2024,4.153
08/14/2024,4.046
08/13/2024,4.056
08/12/2024,4.075
08/09/2024,4.002
08/08/2024,3.97
08/07/2024,3.9635
08/06/2024,4.036
08/05/2024,4.0105
08/02/2024,4.115
08/01/2024,4.095
07/31/2024,4.1875
07/30/2024,4.098
07/29/2024,4.0845
07/26/2024,4.124
07/25/2024,4.1255
07/24/2024,4.109
07/23/2024,4.1605
07/22/2024,4.1975
07/19/2024,4.2365
07/18/2024,4.2795
07/17/2024,4.4085
07/16/2024,4.4495
07/15/2024,4.5265
07/12/2024,4.593
07/11/2024,4.5065
07/10/2024,4.6085
07/09/2024,4.5775
07/08/2024,4.618
07/05/2024,4.652
07/04/2024,4.561
07/03/2024,4.5335
07/02/2024,4.419
07/01/2024,4.418
06/28/2024,4.3915
06/27/2024,4.3485
06/26/2024,4.3635
06/25/2024,4.3655
06/24/2024,4.425
06/21/2024,4.4265
06/20/2024,4.521
06/19/2024,4.5023
06/18/2024,4.447
06/17/2024,4.4275
06/14/2024,4.4705
06/13/2024,4.472
06/12/2024,4.555
06/11/2024,4.4935
06/10/2024,4.5395
06/07/2024,4.477
06/06/2024,4.667
06/05/2024,4.5865
06/04/2024,4.5375
06/03/2024,4.6655
05/31/2024,4.6035
05/30/2024,4.6595
05/29/2024,4.791
05/28/2024,4.855
05/27/2024,4.8232
05/26/2024,4.7672
05/24/2024,4.7535
05/23/2024,4.7925
05/22/2024,4.8485
05/21/2024,5.106
05/20/2024,5.079
05/17/2024,5.05
05/16/2024,4.877
05/15/2024,4.9245
05/14/2024,4.895
05/13/2024,4.766
05/10/2024,4.6625
05/09/2024,4.585
05/08/2024,4.5425
05/07/2024,4.6055
05/06/2024,4.615
05/03/2024,4.557
05/02/2024,4.4845
05/01/2024,4.546
04/30/2024,4.5645
04/29/2024,4.6765
04/26/2024,4.569
04/25/2024,4.5315
04/24/2024,4.4765
04/23/2024,4.4495
04/22/2024,4.4935
04/19/2024,4.514
04/18/2024,4.4535
04/17/2024,4.352
04/16/2024,4.3205
04/15/2024,4.3925
04/12/2024,4.276
04/11/2024,4.2665
04/10/2024,4.289
04/09/2024,4.295
04/08/2024,4.288
04/05/2024,4.253
04/04/2024,4.266
04/03/2024,4.211
04/02/2024,4.089
04/01/2024,4.0665
03/29/2024,4.0115
03/28/2024,4.025
03/27/2024,4.0175
03/26/2024,4.0085
03/25/2024,4.016
03/22/2024,4.0075
03/21/2024,4.0585
03/20/2024,4.0515
03/19/2024,4.0745
03/18/2024,4.13
03/15/2024,4.1245
03/14/2024,4.0455
03/13/2024,4.06
03/12/2024,3.932
03/11/2024,3.9285
03/08/2024,3.8915
03/07/2024,3.926
03/06/2024,3.875
03/05/2024,3.847
03/04/2024,3.857
03/01/2024,3.8615
02/29/2024,3.847
02/28/2024,3.8405
02/27/2024,3.841
02/26/2024,3.8255
02/23/2024,3.891
02/22/2024,3.9065
02/21/2024,3.8805
02/20/2024,3.87
02/19/2024,3.811
02/18/2024,3.8167
02/16/2024,3.8435
02/15/2024,3.7635
02/14/2024,3.7075
02/13/2024,3.718
02/12/2024,3.7335
02/09/2024,3.6925
02/08/2024,3.7145
02/07/2024,3.7505
02/06/2024,3.7965
02/05/2024,3.788
02/02/2024,3.836
02/01/2024,3.8665
01/31/2024,3.917
01/30/2024,3.9215
01/29/2024,3.879
01/26/2024,3.852
01/25/2024,3.869
01/24/2024,3.886
01/23/2024,3.7935
01/22/2024,3.7635
01/19/2024,3.7865
01/18/2024,3.745
01/17/2024,3.733
01/16/2024,3.7665
01/15/2024,3.7782
01/14/2024,3.7503
01/12/2024,3.7405
01/11/2024,3.7765
01/10/2024,3.781
01/09/2024,3.7585
01/08/2024,3.81
01/05/2024,3.806
01/04/2024,3.844
01/03/2024,3.8615
01/02/2024,3.8805
01/01/2024,3.8988
12/29/2023,3.8905
12/28/2023,3.9245
12/27/2023,3.953
12/26/2023,3.894
12/25/2023,3.9082
12/22/2023,3.8975
12/21/2023,3.9105
12/20/2023,3.9025
12/19/2023,3.8945
12/18/2023,3.849
12/15/2023,3.8875
12/14/2023,3.89
12/13/2023,3.785
12/12/2023,3.7865
12/11/2023,3.778
12/08/2023,3.824
12/07/2023,3.79
12/06/2023,3.726
12/05/2023,3.776
12/04/2023,3.826
12/01/2023,3.9205
11/30/2023,3.842
11/29/2023,3.816
11/28/2023,3.8185
11/27/2023,3.7745
11/24/2023,3.8055
11/23/2023,3.7743
11/22/2023,3.7815
11/21/2023,3.827
11/20/2023,3.8225
11/17/2023,3.753
11/16/2023,3.7195
11/15/2023,3.736
11/14/2023,3.7025
11/13/2023,3.6835
11/10/2023,3.608
11/09/2023,3.6625
11/08/2023,3.6585
11/07/2023,3.698
11/06/2023,3.7345
11/03/2023,3.697
11/02/2023,3.6875
11/01/2023,3.6655
10/31/2023,3.6635
10/30/2023,3.6735
10/27/2023,3.646
10/26/2023,3.5845
10/25/2023,3.591
10/24/2023,3.624
10/23/2023,3.5865
10/20/2023,3.563
10/19/2023,3.601
10/18/2023,3.587
10/17/2023,3.5785
10/16/2023,3.582
10/13/2023,3.571
10/12/2023,3.591
10/11/2023,3.612
10/10/2023,3.634
10/09/2023,3.646
10/06/2023,3.6275
10/05/2023,3.552
10/04/2023,3.589
10/03/2023,3.621
10/02/2023,3.6415
09/29/2023,3.7375
09/28/2023,3.708
09/27/2023,3.6295
09/26/2023,3.6355
09/25/2023,3.6595
09/22/2023,3.682
09/21/2023,3.6835
09/20/2023,3.762
09/19/2023,3.734
09/18/2023,3.7645
09/15/2023,3.7875
09/14/2023,3.8075
09/13/2023,3.78
09/12/2023,3.7785
09/11/2023,3.7965
09/08/2023,3.7065
09/07/2023,3.752
09/06/2023,3.7755
09/05/2023,3.838
09/04/2023,3.832
09/03/2023,3.855
09/01/2023,3.841
08/31/2023,3.809
08/30/2023,3.831
08/29/2023,3.818
08/28/2023,3.777
08/25/2023,3.774
08/24/2023,3.782
08/23/2023,3.824
08/22/2023,3.7755
08/21/2023,3.7385
08/18/2023,3.726
08/17/2023,3.711
08/16/2023,3.6765
08/15/2023,3.6855
08/14/2023,3.7395
08/11/2023,3.7375
08/10/2023,3.7805
08/09/2023,3.798
08/08/2023,3.782
08/07/2023,3.848
08/04/2023,3.8785
08/03/2023,3.91
08/02/2023,3.8535
08/01/2023,3.9165
07/31/2023,4.014
07/28/2023,3.9355
07/27/2023,3.8755
07/26/2023,3.902
07/25/2023,3.9155
07/24/2023,3.8555
07/21/2023,3.818
07/20/2023,3.8345
07/19/2023,3.814
07/18/2023,3.8295
07/17/2023,3.844
07/14/2023,3.933
07/13/2023,3.94
07/12/2023,3.853
07/11/2023,3.766
07/10/2023,3.7845
07/07/2023,3.782
07/06/2023,3.7345
07/05/2023,3.7685
07/04/2023,3.7843
07/03/2023,3.794
06/30/2023,3.7595
06/29/2023,3.699
06/28/2023,3.736
06/27/2023,3.7795
06/26/2023,3.794
06/23/2023,3.809
06/22/2023,3.896
06/21/2023,3.91
06/20/2023,3.889
06/19/2023,3.8643
06/18/2023,3.8738
06/16/2023,3.8935
06/15/2023,3.9
06/14/2023,3.8725
06/13/2023,3.8355
06/12/2023,3.7595
06/09/2023,3.7945
06/08/2023,3.7995
06/07/2023,3.7605
06/06/2023,3.7745
06/05/2023,3.774
06/02/2023,3.7345
06/01/2023,3.7185
05/31/2023,3.6455
05/30/2023,3.6695
05/29/2023,3.6717
05/28/2023,3.675
05/26/2023,3.682
05/25/2023,3.588
05/24/2023,3.5615
05/23/2023,3.6545
05/22/2023,3.685
05/19/2023,3.732
05/18/2023,3.6895
05/17/2023,3.7545
05/16/2023,3.667
05/15/2023,3.751
05/12/2023,3.7285
05/11/2023,3.71
05/10/2023,3.841
05/09/2023,3.9015
05/08/2023,3.9295
05/05/2023,3.883
05/04/2023,3.863
05/03/2023,3.845
05/02/2023,3.8625
05/01/2023,3.934
04/28/2023,3.8905
04/27/2023,3.884
04/26/2023,3.8605
04/25/2023,3.8585
04/24/2023,3.961
04/21/2023,3.983
04/20/2023,4.0295
04/19/2023,4.079
04/18/2023,4.094
04/17/2023,4.0675
04/14/2023,4.1035
04/13/2023,4.119
04/12/2023,4.0805
04/11/2023,4.0225
04/10/2023,3.9795
04/06/2023,4.0175
04/05/2023,3.989
04/04/2023,3.975
04/03/2023,4.0495
03/31/2023,4.0985
03/30/2023,4.0955
03/29/2023,4.0865
03/28/2023,4.0855
03/27/2023,4.0785
03/24/2023,4.075
03/23/2023,4.1235
03/22/2023,4.0445
03/21/2023,3.994
03/20/2023,3.9515
03/17/2023,3.8925
03/16/2023,3.8645
03/15/2023,3.843
03/14/2023,4.003
03/13/2023,4.0535
03/10/2023,4.0305
03/09/2023,4.039
03/08/2023,4.027
03/07/2023,3.975
03/06/2023,4.0885
03/03/2023,4.067
03/02/2023,4.076
03/01/2023,4.16
02/28/2023,4.0895
02/27/2023,4.011
02/24/2023,3.9545
02/23/2023,4.0555
02/22/2023,4.186
02/21/2023,4.2165
02/20/2023,4.1807
02/19/2023,4.1195
02/17/2023,4.106
02/16/2023,4.125
02/15/2023,4.0165
02/14/2023,4.0835
02/13/2023,4.0655
02/10/2023,4.0245
02/09/2023,4.103
02/08/2023,4.043
02/07/2023,4.088
02/06/2023,4.043
02/03/2023,4.0635
02/02/2023,4.098
02/01/2023,4.117
01/31/2023,4.2295
01/30/2023,4.2065
01/27/2023,4.2225
01/26/2023,4.2675
01/25/2023,4.2445
01/24/2023,4.2485
01/23/2023,4.2565
01/20/2023,4.2515
01/19/2023,4.2315
01/18/2023,4.2345
01/17/2023,4.223
01/16/2023,4.1433
01/15/2023,4.206
01/13/2023,4.216
01/12/2023,4.1965
01/11/2023,4.166
01/10/2023,4.0775
01/09/2023,4.0265
01/06/2023,3.911
01/05/2023,3.821
01/04/2023,3.7405
01/03/2023,3.7665
01/02/2023,3.8403
12/30/2022,3.8105
12/29/2022,3.824
12/28/2022,3.842
12/27/2022,3.84
12/26/2022,3.8575
12/23/2022,3.8085
12/22/2022,3.7575
12/21/2022,3.811
12/20/2022,3.7995
12/19/2022,3.7845
12/16/2022,3.763
12/15/2022,3.7645
12/14/2022,3.8785
12/13/2022,3.8425
12/12/2022,3.8015
12/09/2022,3.8795
12/08/2022,3.885
12/07/2022,3.861
12/06/2022,3.818
12/05/2022,3.795
12/02/2022,3.852
12/01/2022,3.819
11/30/2022,3.7395
11/29/2022,3.6405
11/28/2022,3.616
11/25/2022,3.6325
11/24/2022,3.6395
11/23/2022,3.621
11/22/2022,3.6175
11/21/2022,3.577
11/18/2022,3.6395
11/17/2022,3.693
11/16/2022,3.7755
11/15/2022,3.8215
11/14/2022,3.835
11/11/2022,3.9125
11/10/2022,3.758
11/09/2022,3.7005
11/08/2022,3.684
11/07/2022,3.607
11/04/2022,3.684
11/03/2022,3.4275
11/02/2022,3.4655
11/01/2022,3.4685
10/31/2022,3.372
10/28/2022,3.426
10/27/2022,3.5195
10/26/2022,3.545
10/25/2022,3.397
10/24/2022,3.4305
10/21/2022,3.4745
10/20/2022,3.4105
10/19/2022,3.318
10/18/2022,3.362
10/17/2022,3.4155
10/14/2022,3.4235
10/13/2022,3.4405
10/12/2022,3.425
10/11/2022,3.462
10/10/2022,3.4305
10/07/2022,3.3865
10/06/2022,3.446
10/05/2022,3.5005
10/04/2022,3.49
10/03/2022,3.41
09/30/2022,3.4125
09/29/2022,3.418
09/28/2022,3.3725
09/27/2022,3.295
09/26/2022,3.305
09/23/2022,3.357
09/22/2022,3.482
09/21/2022,3.4805
09/20/2022,3.516
09/19/2022,3.5255
09/16/2022,3.531
09/15/2022,3.501
09/14/2022,3.5295
09/13/2022,3.566
09/12/2022,3.6155
09/09/2022,3.573
09/08/2022,3.5305
09/07/2022,3.434
09/06/2022,3.4645
09/05/2022,3.4535
09/04/2022,3.3887
09/02/2022,3.417
09/01/2022,3.4085
08/31/2022,3.519
08/30/2022,3.5495
08/29/2022,3.6085
08/26/2022,3.697
08/25/2022,3.6985
08/24/2022,3.648
08/23/2022,3.696
08/22/2022,3.653
08/19/2022,3.6685
08/18/2022,3.6335
08/17/2022,3.587
08/16/2022,3.6265
08/15/2022,3.6215
08/12/2022,3.6735
08/11/2022,3.7115
08/10/2022,3.6555
08/09/2022,3.5925
08/08/2022,3.593
08/05/2022,3.559
08/04/2022,3.488
08/03/2022,3.472
08/02/2022,3.5225
08/01/2022,3.547
07/29/2022,3.575
07/28/2022,3.481
07/27/2022,3.43
07/26/2022,3.3845
07/25/2022,3.3545
07/22/2022,3.3495
07/21/2022,3.2985
07/20/2022,3.325
07/19/2022,3.291
07/18/2022,3.346
07/15/2022,3.234
07/14/2022,3.2115
07/13/2022,3.3225
07/12/2022,3.288
07/11/2022,3.4305
07/08/2022,3.522
07/07/2022,3.572
07/06/2022,3.408
07/05/2022,3.415
07/04/2022,3.584
07/03/2022,3.6115
07/01/2022,3.604
06/30/2022,3.71
06/29/2022,3.7805
06/28/2022,3.7785
06/27/2022,3.764
06/24/2022,3.744
06/23/2022,3.7425
06/22/2022,3.947
06/21/2022,4.0445
06/20/2022,4.011
06/19/2022,4.0375
06/17/2022,4.022
06/16/2022,4.118
06/15/2022,4.1735
06/14/2022,4.1665
06/13/2022,4.2195
06/10/2022,4.3025
06/09/2022,4.386
06/08/2022,4.4545
06/07/2022,4.4395
06/06/2022,4.439
06/03/2022,4.4765
06/02/2022,4.555
06/01/2022,4.3295
05/31/2022,4.299
05/30/2022,4.334
05/29/2022,4.3232
05/27/2022,4.3065
05/26/2022,4.259
05/25/2022,4.2545
05/24/2022,4.305
05/23/2022,4.3455
05/20/2022,4.275
05/19/2022,4.283
05/18/2022,4.1785
05/17/2022,4.239
05/16/2022,4.1915
05/13/2022,4.175
05/12/2022,4.1005
05/11/2022,4.209
05/10/2022,4.1545
05/09/2022,4.1935
05/06/2022,4.267
05/05/2022,4.2915
05/04/2022,4.338
05/03/2022,4.283
05/02/2022,4.268
04/29/2022,4.4085
04/28/2022,4.4335
04/27/2022,4.467
04/26/2022,4.4535
04/25/2022,4.462
04/22/2022,4.5925
04/21/2022,4.7135
04/20/2022,4.6645
04/19/2022,4.7295
04/18/2022,4.812
04/15/2022,4.7205
04/14/2022,4.732
04/13/2022,4.7215
04/12/2022,4.7195
04/11/2022,4.641
04/08/2022,4.7315
04/07/2022,4.704
04/06/2022,4.741
04/05/2022,4.7965
04/04/2022,4.7825
04/01/2022,4.6905
03/31/2022,4.752
03/30/2022,4.7525
03/29/2022,4.731
03/28/2022,4.7255
03/25/2022,4.6985
03/24/2022,4.7425
03/23/2022,4.7765
03/22/2022,4.7
03/21/2022,4.7105
03/18/2022,4.7395
03/17/2022,4.702
03/16/2022,4.6005
03/15/2022,4.513
03/14/2022,4.523
03/11/2022,4.6255
03/10/2022,4.6525
03/09/2022,4.5725
03/08/2022,4.71
03/07/2022,4.731
03/04/2022,4.9375
03/03/2022,4.7815
03/02/2022,4.6655
03/01/2022,4.5965
02/28/2022,4.4545
02/25/2022,4.485
02/24/2022,4.458
02/23/2022,4.4855
02/22/2022,4.5145
02/21/2022,4.4805
02/20/2022,4.5205
02/18/2022,4.524
02/17/2022,4.5265
02/16/2022,4.5395
02/15/2022,4.5345
02/14/2022,4.507
02/11/2022,4.5085
02/10/2022,4.658
02/09/2022,4.602
02/08/2022,4.4645
02/07/2022,4.4675
02/04/2022,4.49
02/03/2022,4.472
02/02/2022,4.4935
02/01/2022,4.4315
01/31/2022,4.3265
01/28/2022,4.3125
01/27/2022,4.4235
01/26/2022,4.515
01/25/2022,4.45
01/24/2022,4.4125
01/21/2022,4.524
01/20/2022,4.5825
01/19/2022,4.47
01/18/2022,4.3825
01/17/2022,4.4335
01/16/2022,4.4435
01/14/2022,4.4205
01/13/2022,4.546
01/12/2022,4.5765
01/11/2022,4.429
01/10/2022,4.352
01/07/2022,4.41
01/06/2022,4.3545
01/05/2022,4.4135
01/04/2022,4.475
01/03/2022,4.4215
12/31/2021,4.4635
12/30/2021,4.3925
12/29/2021,4.41
12/28/2021,4.4295
12/27/2021,4.4695
12/24/2021,4.405
12/23/2021,4.3895
12/22/2021,4.389
12/21/2021,4.3425
12/20/2021,4.29
12/17/2021,4.2925
12/16/2021,4.3025
12/15/2021,4.1805
12/14/2021,4.255
12/13/2021,4.2815
12/10/2021,4.285
12/09/2021,4.332
12/08/2021,4.3925
12/07/2021,4.339
12/06/2021,4.3375
12/03/2021,4.266
12/02/2021,4.2995
12/01/2021,4.247
11/30/2021,4.2805
11/29/2021,4.3415
11/26/2021,4.2875
11/25/2021,4.44
11/24/2021,4.4645
11/23/2021,4.4235
11/22/2021,4.3975
11/19/2021,4.4
11/18/2021,4.305
11/17/2021,4.268
11/16/2021,4.3545
11/15/2021,4.4005
11/12/2021,4.447
11/11/2021,4.398
11/10/2021,4.323
11/09/2021,4.3725
11/08/2021,4.3945
11/05/2021,4.3355
11/04/2021,4.309
11/03/2021,4.309
11/02/2021,4.3515
11/01/2021,4.379
10/29/2021,4.359
10/28/2021,4.4275
10/27/2021,4.3895
10/26/2021,4.486
10/25/2021,4.528
10/22/2021,4.498
10/21/2021,4.5585
10/20/2021,4.7345
10/19/2021,4.703
10/18/2021,4.7255
10/15/2021,4.7295
10/14/2021,4.6315
10/13/2021,4.516
10/12/2021,4.3255
10/11/2021,4.3665
10/08/2021,4.2755
10/07/2021,4.2435
10/06/2021,4.1475
10/05/2021,4.1925
10/04/2021,4.2385
10/01/2021,4.1885
09/30/2021,4.089
09/29/2021,4.199
09/28/2021,4.2485
09/27/2021,4.291
09/24/2021,4.2845
09/23/2021,4.231
09/22/2021,4.252
09/21/2021,4.126
09/20/2021,4.1135
09/17/2021,4.2445
09/16/2021,4.28
09/15/2021,4.404
09/14/2021,4.319
09/13/2021,4.365
09/10/2021,4.45
09/09/2021,4.284
09/08/2021,4.2325
09/07/2021,4.2795
09/06/2021,4.332
09/05/2021,4.3325
09/03/2021,4.331
09/02/2021,4.2995
09/01/2021,4.274
08/31/2021,4.37
08/30/2021,4.371
08/27/2021,4.3235
08/26/2021,4.252
08/25/2021,4.27
08/24/2021,4.26
08/23/2021,4.221
08/20/2021,4.1255
08/19/2021,4.0405
08/18/2021,4.117
08/17/2021,4.2015
08/16/2021,4.32
08/13/2021,4.3825
08/12/2021,4.35
08/11/2021,4.36
08/10/2021,4.346
08/09/2021,4.282
08/06/2021,4.339
08/05/2021,4.334
08/04/2021,4.3215
08/03/2021,4.3755
08/02/2021,4.418
07/30/2021,4.4655
07/29/2021,4.5075
07/28/2021,4.482
07/27/2021,4.5445
07/26/2021,4.585
07/23/2021,4.4
07/22/2021,4.3375
07/21/2021,4.272
07/20/2021,4.263
07/19/2021,4.2015
07/16/2021,4.323
07/15/2021,4.323
07/14/2021,4.2675
07/13/2021,4.307
07/12/2021,4.316
07/09/2021,4.3455
07/08/2021,4.2645
07/07/2021,4.3225
07/06/2021,4.251
07/05/2021,4.344
07/02/2021,4.276
07/01/2021,4.236
06/30/2021,4.289
06/29/2021,4.2645
06/28/2021,4.28
06/25/2021,4.2905
06/24/2021,4.307
06/23/2021,4.3265
06/22/2021,4.2245
06/21/2021,4.1845
06/18/2021,4.1615
06/17/2021,4.1825
06/16/2021,4.3885
06/15/2021,4.3375
06/14/2021,4.531
06/11/2021,4.5415
06/10/2021,4.489
06/09/2021,4.5345
06/08/2021,4.559
06/07/2021,4.5295
06/04/2021,4.5315
06/03/2021,4.4665
06/02/2021,4.595
06/01/2021,4.6565
05/31/2021,4.681
05/30/2021,4.6937
05/28/2021,4.681
05/27/2021,4.666
05/26/2021,4.5295
05/25/2021,4.5065
05/24/2021,4.5255
05/21/2021,4.481
05/20/2021,4.568
05/19/2021,4.5765
05/18/2021,4.7255
05/17/2021,4.7115
05/14/2021,4.6545
05/13/2021,4.6905
05/12/2021,4.736
05/11/2021,4.762
05/10/2021,4.716
05/07/2021,4.7485
05/06/2021,4.6025
05/05/2021,4.524
05/04/2021,4.5215
05/03/2021,4.5285
04/30/2021,4.468
04/29/2021,4.4865
04/28/2021,4.498
04/27/2021,4.487
04/26/2021,4.443
04/23/2021,4.34
04/22/2021,4.278
04/21/2021,4.2845
04/20/2021,4.219
04/19/2021,4.243
04/16/2021,4.172
04/15/2021,4.223
04/14/2021,4.1315
04/13/2021,4.0365
04/12/2021,4.0225
04/09/2021,4.0445
04/08/2021,4.099
04/07/2021,4.0575
04/06/2021,4.118
04/05/2021,4.1395
04/01/2021,3.994
03/31/2021,4.0
03/30/2021,3.982
03/29/2021,4.0345
03/26/2021,4.068
03/25/2021,3.978
03/24/2021,4.064
03/23/2021,4.0795
03/22/2021,4.1395
03/19/2021,4.113
03/18/2021,4.108
03/17/2021,4.119
03/16/2021,4.0715
03/15/2021,4.1405
03/12/2021,4.14
03/11/2021,4.139
03/10/2021,4.0325
03/09/2021,4.0085
03/08/2021,4.093
03/05/2021,4.0755
03/04/2021,3.9785
03/03/2021,4.142
03/02/2021,4.222
03/01/2021,4.113
02/26/2021,4.0925
02/25/2021,4.2635
02/24/2021,4.3015
02/23/2021,4.185
02/22/2021,4.1465
02/19/2021,4.077
02/18/2021,3.905
02/17/2021,3.8235
02/16/2021,3.8345
02/15/2021,3.8218
02/14/2021,3.8003
02/12/2021,3.7875
02/11/2021,3.7735
02/10/2021,3.773
02/09/2021,3.719
02/08/2021,3.6665
02/05/2021,3.627
02/04/2021,3.555
02/03/2021,3.5655
02/02/2021,3.5245
02/01/2021,3.5455
01/29/2021,3.558
01/28/2021,3.58
01/27/2021,3.5575
01/26/2021,3.6195
01/25/2021,3.6295
01/22/2021,3.626
01/21/2021,3.6475
01/20/2021,3.6415
01/19/2021,3.6335
01/18/2021,3.6168
01/17/2021,3.576
01/15/2021,3.602
01/14/2021,3.6645
01/13/2021,3.617
01/12/2021,3.6055
01/11/2021,3.5645
01/08/2021,3.6735
01/07/2021,3.696
01/06/2021,3.6505
01/05/2021,3.6395
01/04/2021,3.5545
01/01/2021,3.52
12/31/2020,3.519
12/30/2020,3.549
12/29/2020,3.5535
12/28/2020,3.57
12/24/2020,3.5615
12/23/2020,3.555
12/22/2020,3.519
12/21/2020,3.5755
12/18/2020,3.63
12/17/2020,3.6
12/16/2020,3.5575
12/15/2020,3.542
12/14/2020,3.524
12/11/2020,3.526
12/10/2020,3.5725
12/09/2020,3.5105
12/08/2020,3.4965
12/07/2020,3.514
12/04/2020,3.521
12/03/2020,3.4865
12/02/2020,3.4845
12/01/2020,3.48
11/30/2020,3.4335
11/27/2020,3.412
11/26/2020,3.3478
11/25/2020,3.318
11/24/2020,3.3075
11/23/2020,3.265
11/20/2020,3.2975
11/19/2020,3.2085
11/18/2020,3.2035
11/17/2020,3.203
11/16/2020,3.225
11/13/2020,3.1805
11/12/2020,3.148
11/11/2020,3.1375
11/10/2020,3.1595
11/09/2020,3.1595
11/06/2020,3.157
11/05/2020,3.1135
11/04/2020,3.1095
11/03/2020,3.0935
11/02/2020,3.081
10/30/2020,3.0515
10/29/2020,3.06
10/28/2020,3.064
10/27/2020,3.0935
10/26/2020,3.0895
10/23/2020,3.129
10/22/2020,3.1535
10/21/2020,3.1985
10/20/2020,3.148
10/19/2020,3.086
10/16/2020,3.0675
10/15/2020,3.0855
10/14/2020,3.0505
10/13/2020,3.0445
10/12/2020,3.064
10/09/2020,3.0825
10/08/2020,3.042
10/07/2020,3.033
10/06/2020,2.9635
10/05/2020,2.963
10/02/2020,2.9775
10/01/2020,2.8655
09/30/2020,3.0325
09/29/2020,2.99
09/28/2020,2.988
09/25/2020,2.9715
09/24/2020,2.9675
09/23/2020,2.9925
09/22/2020,3.06
09/21/2020,3.0315
09/18/2020,3.114
09/17/2020,3.0685
09/16/2020,3.0585
09/15/2020,3.061
09/14/2020,3.065
09/11/2020,3.036
09/10/2020,2.9925
09/09/2020,3.046
09/08/2020,3.02
09/07/2020,3.0697
09/06/2020,3.0745
09/04/2020,3.056
09/03/2020,2.9695
09/02/2020,3.015
09/01/2020,3.0225
08/31/2020,3.0555
08/28/2020,3.012
08/27/2020,2.9755
08/26/2020,2.9685
08/25/2020,2.9415
08/24/2020,2.9325
08/21/2020,2.924
08/20/2020,2.981
08/19/2020,3.028
08/18/2020,2.9805
08/17/2020,2.909
08/14/2020,2.868
08/13/2020,2.816
08/12/2020,2.899
08/11/2020,2.884
08/10/2020,2.8705
08/07/2020,2.802
08/06/2020,2.919
08/05/2020,2.925
08/04/2020,2.903
08/03/2020,2.9205
07/31/2020,2.877
07/30/2020,2.922
07/29/2020,2.919
07/28/2020,2.9175
07/27/2020,2.8975
07/24/2020,2.8925
07/23/2020,2.9385
07/22/2020,2.9245
07/21/2020,2.958
07/20/2020,2.9155
07/17/2020,2.9045
07/16/2020,2.9015
07/15/2020,2.885
07/14/2020,2.9325
07/13/2020,2.955
07/10/2020,2.8975
07/09/2020,2.8385
07/08/2020,2.824
07/07/2020,2.797
07/06/2020,2.7745
07/03/2020,2.699
07/02/2020,2.7485
07/01/2020,2.734
06/30/2020,2.7285
06/29/2020,2.6925
06/26/2020,2.6715
06/25/2020,2.6725
06/24/2020,2.654
06/23/2020,2.664
06/22/2020,2.6575
06/19/2020,2.621
06/18/2020,2.6015
06/17/2020,2.601
06/16/2020,2.577
06/15/2020,2.5785
06/12/2020,2.6105
06/11/2020,2.5955
06/10/2020,2.6655
06/09/2020,2.607
06/08/2020,2.574
06/05/2020,2.563
06/04/2020,2.4965
06/03/2020,2.495
06/02/2020,2.4985
06/01/2020,2.478
05/29/2020,2.4345
05/28/2020,2.4215
05/27/2020,2.382
05/26/2020,2.4185
05/25/2020,2.406
05/24/2020,2.397
05/22/2020,2.3865
05/21/2020,2.432
05/20/2020,2.46
05/19/2020,2.418
05/18/2020,2.404
05/15/2020,2.3305
05/14/2020,2.346
05/13/2020,2.346
05/12/2020,2.359
05/11/2020,2.38
05/08/2020,2.406
05/07/2020,2.3805
05/06/2020,2.347
05/05/2020,2.3325
05/04/2020,2.3125
05/01/2020,2.312
04/30/2020,2.344
04/29/2020,2.3705
04/28/2020,2.348
04/27/2020,2.3475
04/24/2020,2.3375
04/23/2020,2.3145
04/22/2020,2.3015
04/21/2020,2.249
04/20/2020,2.328
04/17/2020,2.354
04/16/2020,2.302
04/15/2020,2.304
04/14/2020,2.338
04/13/2020,2.3125
04/10/2020,2.27
04/09/2020,2.268
04/08/2020,2.2665
04/07/2020,2.277
04/06/2020,2.221
04/03/2020,2.1955
04/02/2020,2.222
04/01/2020,2.179
03/31/2020,2.232
03/30/2020,2.1605
03/27/2020,2.172
03/26/2020,2.178
03/25/2020,2.204
03/24/2020,2.18
03/23/2020,2.1005
03/20/2020,2.1715
03/19/2020,2.1855
03/18/2020,2.151
03/17/2020,2.3135
03/16/2020,2.3925
03/13/2020,2.464
03/12/2020,2.4725
03/11/2020,2.502
03/10/2020,2.5215
03/09/2020,2.5105
03/06/2020,2.5605
03/05/2020,2.573
03/04/2020,2.586
03/03/2020,2.573
03/02/2020,2.595
02/28/2020,2.54
02/27/2020,2.5715
02/26/2020,2.5735
02/25/2020,2.5805
02/24/2020,2.5815
02/21/2020,2.6125
02/20/2020,2.5925
02/19/2020,2.6105
02/18/2020,2.6085
02/17/2020,2.62
02/16/2020,2.607
02/14/2020,2.604
02/13/2020,2.6175
02/12/2020,2.6055
02/11/2020,2.5875
02/10/2020,2.5545
02/07/2020,2.557
02/06/2020,2.5965
02/05/2020,2.5785
02/04/2020,2.5455
02/03/2020,2.5105
01/31/2020,2.52
01/30/2020,2.5275
01/29/2020,2.554
01/28/2020,2.5795
01/27/2020,2.5965
01/24/2020,2.684
01/23/2020,2.726
01/22/2020,2.765
01/21/2020,2.7935
01/20/2020,2.844
01/19/2020,2.851
01/17/2020,2.8455
01/16/2020,2.847
01/15/2020,2.866
01/14/2020,2.8735
01/13/2020,2.861
01/10/2020,2.8135
01/09/2020,2.802
01/08/2020,2.812
01/07/2020,2.7935
01/06/2020,2.79
01/03/2020,2.787
01/02/2020,2.825
01/01/2020,2.806
12/31/2019,2.797
12/30/2019,2.8335
12/27/2019,2.8275
12/26/2019,2.8475
12/25/2019,2.838
12/24/2019,2.8265
12/23/2019,2.8095
12/20/2019,2.805
12/19/2019,2.8265
12/18/2019,2.811
12/17/2019,2.8125
12/16/2019,2.809
12/13/2019,2.7775
12/12/2019,2.7925
12/11/2019,2.7855
12/10/2019,2.7615
12/09/2019,2.754
12/06/2019,2.7205
12/05/2019,2.6585
12/04/2019,2.6545
12/03/2019,2.618
12/02/2019,2.6455
11/29/2019,2.656
11/28/2019,2.67
11/27/2019,2.6905
11/26/2019,2.686
11/25/2019,2.6535
11/22/2019,2.6515
11/21/2019,2.6275
11/20/2019,2.652
11/19/2019,2.659
11/18/2019,2.6245
11/15/2019,2.6425
11/14/2019,2.6265
11/13/2019,2.6435
11/12/2019,2.65
11/11/2019,2.668
11/08/2019,2.686
11/07/2019,2.732
11/06/2019,2.6695
11/05/2019,2.705
11/04/2019,2.6755
11/01/2019,2.6575
10/31/2019,2.6425
10/30/2019,2.6905
10/29/2019,2.6915
10/28/2019,2.683
10/25/2019,2.6755
10/24/2019,2.668
10/23/2019,2.6715
10/22/2019,2.633
10/21/2019,2.6465
10/18/2019,2.636
10/17/2019,2.5975
10/16/2019,2.5895
10/15/2019,2.614
10/14/2019,2.634
10/11/2019,2.628
10/10/2019,2.6135
10/09/2019,2.568
10/08/2019,2.5685
10/07/2019,2.577
10/04/2019,2.5625
10/03/2019,2.5535
10/02/2019,2.5705
10/01/2019,2.5605
09/30/2019,2.5785
09/27/2019,2.5975
09/26/2019,2.571
09/25/2019,2.606
09/24/2019,2.6015
09/23/2019,2.6065
09/20/2019,2.6015
09/19/2019,2.603
09/18/2019,2.6075
09/17/2019,2.6215
09/16/2019,2.634
09/13/2019,2.6935
09/12/2019,2.635
09/11/2019,2.609
09/10/2019,2.6225
09/09/2019,2.6215
09/06/2019,2.6285
09/05/2019,2.6365
09/04/2019,2.59
09/03/2019,2.5235
09/02/2019,2.532
09/01/2019,2.552
08/30/2019,2.547
08/29/2019,2.5735
08/28/2019,2.559
08/27/2019,2.55
08/26/2019,2.5465
08/23/2019,2.5345
08/22/2019,2.5615
08/21/2019,2.589
08/20/2019,2.5815
08/19/2019,2.605
08/16/2019,2.5985
08/15/2019,2.5985
08/14/2019,2.5955
08/13/2019,2.6335
08/12/2019,2.588
08/09/2019,2.5925
08/08/2019,2.6105
08/07/2019,2.575
08/06/2019,2.5615
08/05/2019,2.549
08/02/2019,2.5775
08/01/2019,2.6705
07/31/2019,2.6715
07/30/2019,2.683
07/29/2019,2.7175
07/26/2019,2.685
07/25/2019,2.7035
07/24/2019,2.712
07/23/2019,2.7
07/22/2019,2.722
07/19/2019,2.7525
07/18/2019,2.71
07/17/2019,2.716
07/16/2019,2.7
07/15/2019,2.711
07/12/2019,2.694
07/11/2019,2.6875
07/10/2019,2.694
07/09/2019,2.625
07/08/2019,2.659
07/05/2019,2.661
07/04/2019,2.68
07/03/2019,2.683
07/02/2019,2.664
07/01/2019,2.688
06/28/2019,2.7135
06/27/2019,2.7165
06/26/2019,2.7155
06/25/2019,2.7365
06/24/2019,2.7065
06/21/2019,2.7055
06/20/2019,2.7125
06/19/2019,2.6805
06/18/2019,2.7025
06/17/2019,2.6455
06/14/2019,2.631
06/13/2019,2.658
06/12/2019,2.655
06/11/2019,2.673
06/10/2019,2.6625
06/07/2019,2.6295
06/06/2019,2.6515
06/05/2019,2.6245
06/04/2019,2.67
06/03/2019,2.651
05/31/2019,2.6405
05/30/2019,2.6565
05/29/2019,2.664
05/28/2019,2.696
05/27/2019,2.713
05/26/2019,2.701
05/24/2019,2.6995
05/23/2019,2.6805
05/22/2019,2.678
05/21/2019,2.715
05/20/2019,2.726
05/17/2019,2.7385
05/16/2019,2.748
05/15/2019,2.743
05/14/2019,2.725
05/13/2019,2.719
05/10/2019,2.7745
05/09/2019,2.7715
05/08/2019,2.7745
05/07/2019,2.7855
05/06/2019,2.8295
05/03/2019,2.819
05/02/2019,2.7795
05/01/2019,2.8015
04/30/2019,2.904
04/29/2019,2.897
04/26/2019,2.8915
04/25/2019,2.865
04/24/2019,2.9135
04/23/2019,2.898
04/22/2019,2.905
04/19/2019,2.918
04/18/2019,2.923
04/17/2019,2.97
04/16/2019,2.9345
04/15/2019,2.9385
04/12/2019,2.9495
04/11/2019,2.892
04/10/2019,2.9305
04/09/2019,2.9385
04/08/2019,2.937
04/05/2019,2.9
04/04/2019,2.915
04/03/2019,2.9525
04/02/2019,2.9105
04/01/2019,2.9285
03/29/2019,2.9395
03/28/2019,2.877
03/27/2019,2.863
03/26/2019,2.854
03/25/2019,2.8565
03/22/2019,2.8425
03/21/2019,2.906
03/20/2019,2.921
03/19/2019,2.923
03/18/2019,2.909
03/15/2019,2.906
03/14/2019,2.8915
03/13/2019,2.9355
03/12/2019,2.9285
03/11/2019,2.901
03/08/2019,2.8935
03/07/2019,2.9105
03/06/2019,2.9185
03/05/2019,2.9335
03/04/2019,2.909
03/01/2019,2.932
02/28/2019,2.948
02/27/2019,2.9625
02/26/2019,2.948
02/25/2019,2.947
02/22/2019,2.949
02/21/2019,2.8975
02/20/2019,2.92
02/19/2019,2.8775
02/18/2019,2.838
02/17/2019,2.816
02/15/2019,2.8025
02/14/2019,2.7785
02/13/2019,2.776
02/12/2019,2.775
02/11/2019,2.793
02/08/2019,2.814
02/07/2019,2.832
02/06/2019,2.84
02/05/2019,2.8205
02/04/2019,2.7975
02/01/2019,2.7775
01/31/2019,2.789
01/30/2019,2.772
01/29/2019,2.725
01/28/2019,2.68
01/25/2019,2.729
01/24/2019,2.6445
01/23/2019,2.6545
01/22/2019,2.6595
01/21/2019,2.682
01/20/2019,2.709
01/18/2019,2.719
01/17/2019,2.68
01/16/2019,2.6735
01/15/2019,2.6345
01/14/2019,2.635
01/11/2019,2.662
01/10/2019,2.6375
01/09/2019,2.657
01/08/2019,2.656
01/07/2019,2.637
01/04/2019,2.6475
01/03/2019,2.568
01/02/2019,2.623
01/01/2019,2.652
12/31/2018,2.631
12/28/2018,2.6815
12/27/2018,2.671
12/26/2018,2.7045
12/25/2018,2.661
12/24/2018,2.666
12/21/2018,2.6765
12/20/2018,2.7005
12/19/2018,2.7195
12/18/2018,2.665
12/17/2018,2.7545
12/14/2018,2.7615
12/13/2018,2.7665
12/12/2018,2.7715
12/11/2018,2.768
12/10/2018,2.72
12/07/2018,2.7595
12/06/2018,2.744
12/05/2018,2.775
12/04/2018,2.757
12/03/2018,2.8085
11/30/2018,2.7865
11/29/2018,2.788
11/28/2018,2.805
11/27/2018,2.716
11/26/2018,2.7635
11/23/2018,2.774
11/22/2018,2.798
11/21/2018,2.8005
11/20/2018,2.7715
11/19/2018,2.8035
11/16/2018,2.8035
11/15/2018,2.754
11/14/2018,2.718
11/13/2018,2.695
11/12/2018,2.6845
11/09/2018,2.691
11/08/2018,2.7425
11/07/2018,2.761
11/06/2018,2.7395
11/05/2018,2.764
11/02/2018,2.813
11/01/2018,2.7285
10/31/2018,2.667
10/30/2018,2.6725
10/29/2018,2.7405
10/26/2018,2.741
10/25/2018,2.7545
10/24/2018,2.7575
10/23/2018,2.758
10/22/2018,2.7855
10/19/2018,2.778
10/18/2018,2.7465
10/17/2018,2.778
10/16/2018,2.7795
10/15/2018,2.7885
10/12/2018,2.8005
10/11/2018,2.803
10/10/2018,2.7805
10/09/2018,2.8065
10/08/2018,2.767
10/05/2018,2.763
10/04/2018,2.7775
10/03/2018,2.834
10/02/2018,2.8065
10/01/2018,2.7875
09/28/2018,2.805
09/27/2018,2.783
09/26/2018,2.8185
09/25/2018,2.8145
09/24/2018,2.827
09/21/2018,2.848
09/20/2018,2.7315
09/19/2018,2.7215
09/18/2018,2.723
09/17/2018,2.6435
09/14/2018,2.638
09/13/2018,2.676
09/12/2018,2.669
09/11/2018,2.615
09/10/2018,2.6215
09/07/2018,2.616
09/06/2018,2.63
09/05/2018,2.604
09/04/2018,2.5965
08/31/2018,2.6645
08/30/2018,2.7095
08/29/2018,2.7195
08/28/2018,2.745
08/27/2018,2.717
08/24/2018,2.7085
08/23/2018,2.662
08/22/2018,2.68
08/21/2018,2.7005
08/20/2018,2.6745
08/17/2018,2.635
08/16/2018,2.623
08/15/2018,2.568
08/14/2018,2.69
08/13/2018,2.738
08/10/2018,2.75
08/09/2018,2.7725
08/08/2018,2.7575
08/07/2018,2.759
08/06/2018,2.7385
08/03/2018,2.7715
08/02/2018,2.7455
08/01/2018,2.757
07/31/2018,2.8405
07/30/2018,2.801
07/27/2018,2.802
07/26/2018,2.818
07/25/2018,2.8175
07/24/2018,2.8105
07/23/2018,2.7465
07/20/2018,2.756
07/19/2018,2.6955
07/18/2018,2.76
07/17/2018,2.747
07/16/2018,2.7645
07/13/2018,2.7755
07/12/2018,2.777
07/11/2018,2.7435
07/10/2018,2.8395
07/09/2018,2.85
07/06/2018,2.824
07/05/2018,2.826
07/03/2018,2.917
07/02/2018,2.944
06/29/2018,2.966
06/28/2018,2.9715
06/27/2018,2.9975
06/26/2018,3.005
06/25/2018,2.9985
06/22/2018,3.038
06/21/2018,3.0325
06/20/2018,3.051
06/19/2018,3.058
06/18/2018,3.1175
06/15/2018,3.1555
06/14/2018,3.232
06/13/2018,3.2635
06/12/2018,3.2595
06/11/2018,3.2665
06/08/2018,3.31
06/07/2018,3.2845
06/06/2018,3.272
06/05/2018,3.208
06/04/2018,3.144
06/01/2018,3.1085
05/31/2018,3.075
05/30/2018,3.0795
05/29/2018,3.0625
05/25/2018,3.0775
05/24/2018,3.096
05/23/2018,3.0705
05/22/2018,3.132
05/21/2018,3.0985
05/18/2018,3.0635
05/17/2018,3.089
05/16/2018,3.0705
05/15/2018,3.056
05/14/2018,3.093
05/11/2018,3.1115
05/10/2018,3.11
05/09/2018,3.0575
05/08/2018,3.059
05/07/2018,3.079
05/04/2018,3.0855
05/03/2018,3.0805
05/02/2018,3.0685
05/01/2018,3.0375
04/30/2018,3.074
04/27/2018,3.0695
04/26/2018,3.1265
04/25/2018,3.146
04/24/2018,3.1525
04/23/2018,3.1205
04/20/2018,3.145
04/19/2018,3.1425
04/18/2018,3.17
04/17/2018,3.0915
04/16/2018,3.1065
04/13/2018,3.082
04/12/2018,3.074
04/11/2018,3.1265
04/10/2018,3.146
04/09/2018,3.0865
04/06/2018,3.069
04/05/2018,3.085
04/04/2018,3.021
04/03/2018,3.0745
04/02/2018,3.061
03/29/2018,3.037
03/28/2018,3.0135
03/27/2018,3.0005
03/26/2018,2.97
03/23/2018,2.993
03/22/2018,3.02
03/21/2018,3.0585
03/20/2018,3.038
03/19/2018,3.082
03/16/2018,3.1075
03/15/2018,3.1275
03/14/2018,3.1585
03/13/2018,3.138
03/12/2018,3.124
03/09/2018,3.136
03/08/2018,3.079
03/07/2018,3.136
03/06/2018,3.159
03/05/2018,3.128
03/02/2018,3.1245
03/01/2018,3.123
02/28/2018,3.1325
02/27/2018,3.1865
02/26/2018,3.2115
02/23/2018,3.223
02/22/2018,3.2505
02/21/2018,3.226
02/20/2018,3.2015
02/16/2018,3.258
02/15/2018,3.2545
02/14/2018,3.245
02/13/2018,3.1715
02/12/2018,3.0965
02/09/2018,3.0435
02/08/2018,3.092
02/07/2018,3.098
02/06/2018,3.2
02/05/2018,3.2315
02/02/2018,3.198
02/01/2018,3.22
01/31/2018,3.2065
01/30/2018,3.1995
01/29/2018,3.194
01/26/2018,3.199
01/25/2018,3.2165
01/24/2018,3.2285
01/23/2018,3.111
01/22/2018,3.1985
01/19/2018,3.1875
01/18/2018,3.199
01/17/2018,3.189
01/16/2018,3.2195
01/12/2018,3.2185
01/11/2018,3.233
01/10/2018,3.2355
01/09/2018,3.216
01/08/2018,3.224
01/05/2018,3.2295
01/04/2018,3.263
01/03/2018,3.2575
01/02/2018,3.278
12/29/2017,3.3005
12/28/2017,3.3085
12/27/2017,3.274
12/26/2017,3.2715
12/22/2017,3.2295
12/21/2017,3.21
12/20/2017,3.187
12/19/2017,3.143
12/18/2017,3.1375
12/15/2017,3.125
12/14/2017,3.0635
12/13/2017,3.0445
12/12/2017,3.0145
12/11/2017,3.0035
12/08/2017,2.9705
12/07/2017,2.956
12/06/2017,2.9535
12/05/2017,2.9375
12/04/2017,3.081
12/01/2017,3.084
11/30/2017,3.0555
11/29/2017,3.06
11/28/2017,3.0815
11/27/2017,3.142
11/24/2017,3.1765
11/22/2017,3.144
11/21/2017,3.1355
11/20/2017,3.1005
11/17/2017,3.0755
11/16/2017,3.056
11/15/2017,3.062
11/14/2017,3.073
11/13/2017,3.124
11/10/2017,3.0835
11/09/2017,3.0935
11/08/2017,3.1065
11/07/2017,3.097
11/06/2017,3.165
11/03/2017,3.125
11/02/2017,3.1505
11/01/2017,3.1495
10/31/2017,3.108
10/30/2017,3.119
10/27/2017,3.1035
10/26/2017,3.1775
10/25/2017,3.183
10/24/2017,3.198
10/23/2017,3.188
10/20/2017,3.1655
10/19/2017,3.1675
10/18/2017,3.178
10/17/2017,3.1955
10/16/2017,3.239
10/13/2017,3.1335
10/12/2017,3.12
10/11/2017,3.0955
10/10/2017,3.0605
10/09/2017,3.031
10/06/2017,3.029
10/05/2017,3.0465
10/04/2017,2.959
10/03/2017,2.9635
10/02/2017,2.9555
09/29/2017,2.955
09/28/2017,2.995
09/27/2017,2.9365
09/26/2017,2.926
09/25/2017,2.9445
09/22/2017,2.9515
09/21/2017,2.9415
09/20/2017,2.976
09/19/2017,2.976
09/18/2017,2.976
09/15/2017,2.956
09/14/2017,2.9645
09/13/2017,2.988
09/12/2017,3.043
09/11/2017,3.073
09/08/2017,3.0485
09/07/2017,3.1505
09/06/2017,3.1585
09/05/2017,3.1345
09/01/2017,3.1245
08/31/2017,3.106
08/30/2017,3.0945
08/29/2017,3.1045
08/28/2017,3.086
08/25/2017,3.0565
08/24/2017,3.0565
08/23/2017,3.003
08/22/2017,3.0075
08/21/2017,3.0015
08/18/2017,2.9615
08/17/2017,2.961
08/16/2017,2.976
08/15/2017,2.906
08/14/2017,2.927
08/11/2017,2.933
08/10/2017,2.911
08/09/2017,2.9345
08/08/2017,2.95
08/07/2017,2.915
08/04/2017,2.8925
08/03/2017,2.885
08/02/2017,2.8915
08/01/2017,2.889
07/31/2017,2.9
07/28/2017,2.8825
07/27/2017,2.8775
07/26/2017,2.872
07/25/2017,2.8465
07/24/2017,2.7365
07/21/2017,2.7225
07/20/2017,2.716
07/19/2017,2.7105
07/18/2017,2.7305
07/17/2017,2.724
07/14/2017,2.691
07/13/2017,2.6615
07/12/2017,2.684
07/11/2017,2.672
07/10/2017,2.6475
07/07/2017,2.647
07/06/2017,2.6615
07/05/2017,2.66
07/03/2017,2.693
06/30/2017,2.711
06/29/2017,2.6955
06/28/2017,2.6685
06/27/2017,2.6545
06/26/2017,2.6325
06/23/2017,2.6295
06/22/2017,2.604
06/21/2017,2.6085
06/20/2017,2.564
06/19/2017,2.598
06/16/2017,2.5715
06/15/2017,2.5805
06/14/2017,2.5875
06/13/2017,2.609
06/12/2017,2.627
06/09/2017,2.6585
06/08/2017,2.6195
06/07/2017,2.564
06/06/2017,2.5595
06/05/2017,2.57
06/02/2017,2.5865
06/01/2017,2.599
05/31/2017,2.593
05/30/2017,2.578
05/26/2017,2.573
05/25/2017,2.6035
05/24/2017,2.59
05/23/2017,2.6025
05/22/2017,2.602
05/19/2017,2.588
05/18/2017,2.538
05/17/2017,2.553
05/16/2017,2.5565
05/15/2017,2.5445
05/12/2017,2.5295
05/11/2017,2.5135
05/10/2017,2.5
05/09/2017,2.504
05/08/2017,2.5
05/05/2017,2.5355
05/04/2017,2.5185
05/03/2017,2.55
05/02/2017,2.631
05/01/2017,2.656
04/28/2017,2.6025
04/27/2017,2.593
04/26/2017,2.5955
04/25/2017,2.5855
04/24/2017,2.5595
04/21/2017,2.5455
04/20/2017,2.5505
04/19/2017,2.5425
04/18/2017,2.5345
04/17/2017,2.604
04/13/2017,2.5785
04/12/2017,2.5535
04/11/2017,2.6155
04/10/2017,2.611
04/07/2017,2.6545
04/06/2017,2.666
04/05/2017,2.6885
04/04/2017,2.621
04/03/2017,2.612
03/31/2017,2.66
03/30/2017,2.6785
03/29/2017,2.6775
03/28/2017,2.676
03/27/2017,2.632
03/24/2017,2.631
03/23/2017,2.6445
03/22/2017,2.6305
03/21/2017,2.6185
03/20/2017,2.667
03/17/2017,2.6915
03/16/2017,2.6775
03/15/2017,2.6565
03/14/2017,2.635
03/13/2017,2.6255
03/10/2017,2.595
03/09/2017,2.58
03/08/2017,2.6005
03/07/2017,2.6185
03/06/2017,2.652
03/03/2017,2.6965
03/02/2017,2.6905
03/01/2017,2.736
02/28/2017,2.714
02/27/2017,2.698
02/24/2017,2.6885
02/23/2017,2.6515
02/22/2017,2.74
02/21/2017,2.7515
02/17/2017,2.714
02/16/2017,2.728
02/15/2017,2.752
02/14/2017,2.746
02/13/2017,2.79
02/10/2017,2.775
02/09/2017,2.6605
02/08/2017,2.6735
02/07/2017,2.6395
02/06/2017,2.658
02/03/2017,2.6225
02/02/2017,2.6925
02/01/2017,2.7175
01/31/2017,2.7335
01/30/2017,2.661
01/27/2017,2.6895
01/26/2017,2.673
01/25/2017,2.71
01/24/2017,2.7085
01/23/2017,2.6475
01/20/2017,2.625
01/19/2017,2.6105
01/18/2017,2.6165
01/17/2017,2.625
01/13/2017,2.69
01/12/2017,2.6715
01/11/2017,2.6105
01/10/2017,2.6125
01/09/2017,2.5385
01/06/2017,2.546
01/05/2017,2.5375
01/04/2017,2.5565
01/03/2017,2.489
12/30/2016,2.5055
12/29/2016,2.488
12/28/2016,2.497
12/27/2016,2.5125
12/23/2016,2.476
12/22/2016,2.497
12/21/2016,2.494
12/20/2016,2.4995
12/19/2016,2.4965
12/16/2016,2.561
12/15/2016,2.597
12/14/2016,2.6015
12/13/2016,2.595
12/12/2016,2.616
12/09/2016,2.645
12/08/2016,2.6235
12/07/2016,2.6415
12/06/2016,2.677
12/05/2016,2.6945
12/02/2016,2.622
12/01/2016,2.639
11/30/2016,2.6295
11/29/2016,2.6065
11/28/2016,2.661
11/25/2016,2.673
11/23/2016,2.6095
11/22/2016,2.548
11/21/2016,2.5195
11/18/2016,2.47
11/17/2016,2.4935
11/16/2016,2.4705
11/15/2016,2.5075
11/14/2016,2.5235
11/11/2016,2.5125
11/10/2016,2.554
11/09/2016,2.4615
11/08/2016,2.383
11/07/2016,2.3135
11/04/2016,2.2685
11/03/2016,2.252
11/02/2016,2.2335
11/01/2016,2.2315
10/31/2016,2.208
10/28/2016,2.197
10/27/2016,2.1635
10/26/2016,2.1455
10/25/2016,2.1385
10/24/2016,2.093
10/21/2016,2.0885
10/20/2016,2.096
10/19/2016,2.1035
10/18/2016,2.1055
10/17/2016,2.107
10/14/2016,2.1105
10/13/2016,2.122
10/12/2016,2.1765
10/11/2016,2.1855
10/10/2016,2.1975
10/07/2016,2.1635
10/06/2016,2.1555
10/05/2016,2.1645
10/04/2016,2.167
10/03/2016,2.192
09/30/2016,2.2105
09/29/2016,2.19
09/28/2016,2.1845
09/27/2016,2.1675
09/26/2016,2.1955
09/23/2016,2.1975
09/22/2016,2.1925
09/21/2016,2.151
09/20/2016,2.1615
09/19/2016,2.1545
09/16/2016,2.157
09/15/2016,2.157
09/14/2016,2.1535
09/13/2016,2.1
09/12/2016,2.0995
09/09/2016,2.092
09/08/2016,2.0995
09/07/2016,2.097
09/06/2016,2.088
09/02/2016,2.076
09/01/2016,2.0735
08/31/2016,2.075
08/30/2016,2.0745
08/29/2016,2.0765
08/26/2016,2.0815
08/25/2016,2.079
08/24/2016,2.08
08/23/2016,2.12
08/22/2016,2.1455
08/19/2016,2.1715
08/18/2016,2.1725
08/17/2016,2.157
08/16/2016,2.176
08/15/2016,2.156
08/12/2016,2.144
08/11/2016,2.194
08/10/2016,2.175
08/09/2016,2.1545
08/08/2016,2.17
08/05/2016,2.16
08/04/2016,2.18
08/03/2016,2.2035
08/02/2016,2.214
08/01/2016,2.2045
07/29/2016,2.225
07/28/2016,2.2125
07/27/2016,2.185
07/26/2016,2.2255
07/25/2016,2.217
07/22/2016,2.2355
07/21/2016,2.2585
07/20/2016,2.254
07/19/2016,2.263
07/18/2016,2.237
07/15/2016,2.2335
07/14/2016,2.243
07/13/2016,2.24
07/12/2016,2.213
07/11/2016,2.1475
07/08/2016,2.119
07/07/2016,2.1235
07/06/2016,2.1535
07/05/2016,2.1835
07/01/2016,2.217
06/30/2016,2.1955
06/29/2016,2.186
06/28/2016,2.173
06/27/2016,2.1235
06/24/2016,2.113
06/23/2016,2.1635
06/22/2016,2.135
06/21/2016,2.1165
06/20/2016,2.0945
06/17/2016,2.0535
06/16/2016,2.0505
06/15/2016,2.092
06/14/2016,2.042
06/13/2016,2.055
06/10/2016,2.033
06/09/2016,2.042
06/08/2016,2.065
06/07/2016,2.0545
06/06/2016,2.121
06/03/2016,2.1155
06/02/2016,2.074
06/01/2016,2.0775
05/31/2016,2.1
05/27/2016,2.119
05/26/2016,2.1025
05/25/2016,2.1015
05/24/2016,2.0665
05/23/2016,2.055
05/20/2016,2.0555
05/19/2016,2.061
05/18/2016,2.0785
05/17/2016,2.089
05/16/2016,2.089
05/13/2016,2.074
05/12/2016,2.0745
05/11/2016,2.1035
05/10/2016,2.0925
05/09/2016,2.1065
05/06/2016,2.154
05/05/2016,2.154
05/04/2016,2.1865
05/03/2016,2.219
05/02/2016,2.2665
04/29/2016,2.2835
04/28/2016,2.2315
04/27/2016,2.2205
04/26/2016,2.243
04/25/2016,2.254
04/22/2016,2.2665
04/21/2016,2.253
04/20/2016,2.2415
04/19/2016,2.228
04/18/2016,2.1695
04/15/2016,2.1575
04/14/2016,2.1755
04/13/2016,2.1725
04/12/2016,2.1505
04/11/2016,2.095
04/08/2016,2.093
04/07/2016,2.084
04/06/2016,2.15
04/05/2016,2.144
04/04/2016,2.146
04/01/2016,2.1685
03/31/2016,2.188
03/30/2016,2.195
03/29/2016,2.214
03/28/2016,2.246
03/24/2016,2.229
03/23/2016,2.2355
03/22/2016,2.2895
03/21/2016,2.2925
03/18/2016,2.2825
03/17/2016,2.2925
03/16/2016,2.234
03/15/2016,2.2335
03/14/2016,2.2395
03/11/2016,2.241
03/10/2016,2.22
03/09/2016,2.2325
03/08/2016,2.222
03/07/2016,2.2835
03/04/2016,2.2745
03/03/2016,2.2085
03/02/2016,2.181
03/01/2016,2.1455
02/29/2016,2.1325
02/26/2016,2.125
02/25/2016,2.07
02/24/2016,2.098
02/23/2016,2.107
02/22/2016,2.116
02/19/2016,2.0775
02/18/2016,2.0745
02/17/2016,2.077
02/16/2016,2.054
02/12/2016,2.031
02/11/2016,2.0085
02/10/2016,2.029
02/09/2016,2.0415
02/08/2016,2.0915
02/05/2016,2.105
02/04/2016,2.134
02/03/2016,2.0975
02/02/2016,2.0585
02/01/2016,2.059
01/29/2016,2.0705
01/28/2016,2.0555
01/27/2016,2.064
01/26/2016,2.0375
01/25/2016,1.998
01/22/2016,2.0025
01/21/2016,1.9965
01/20/2016,1.9595
01/19/2016,1.9775
01/15/2016,1.9435
01/14/2016,1.976
01/13/2016,1.956
01/12/2016,1.959
01/11/2016,1.9725
01/08/2016,2.022
01/07/2016,2.022
01/06/2016,2.088
01/05/2016,2.0955
01/04/2016,2.0795
12/31/2015,2.135
12/30/2015,2.1465
12/29/2015,2.132
12/28/2015,2.0755
12/24/2015,2.1205
12/23/2015,2.121
12/22/2015,2.106
12/21/2015,2.1375
12/18/2015,2.11
12/17/2015,2.041
12/16/2015,2.069
12/15/2015,2.054
12/14/2015,2.109
12/11/2015,2.1135
12/10/2015,2.0705
12/09/2015,2.0645
12/08/2015,2.0525
12/07/2015,2.049
12/04/2015,2.0775
12/03/2015,2.0605
12/02/2015,2.0325
12/01/2015,2.0715
11/30/2015,2.046
11/27/2015,2.0555
11/25/2015,2.0505
11/24/2015,2.062
11/23/2015,2.021
11/20/2015,2.058
11/19/2015,2.082
11/18/2015,2.0825
11/17/2015,2.1095
11/16/2015,2.1225
11/13/2015,2.174
11/12/2015,2.179
11/11/2015,2.224
11/10/2015,2.223
11/09/2015,2.2375
11/06/2015,2.25
11/05/2015,2.262
11/04/2015,2.328
11/03/2015,2.336
11/02/2015,2.324
10/30/2015,2.3235
10/29/2015,2.3265
10/28/2015,2.3625
10/27/2015,2.362
10/26/2015,2.357
10/23/2015,2.35
10/22/2015,2.3835
10/21/2015,2.3605
10/20/2015,2.3655
10/19/2015,2.3675
10/16/2015,2.4035
10/15/2015,2.423
10/14/2015,2.4155
10/13/2015,2.3875
10/12/2015,2.4155
10/09/2015,2.414
10/08/2015,2.343
10/07/2015,2.367
10/06/2015,2.355
10/05/2015,2.3555
10/02/2015,2.3255
10/01/2015,2.3045
09/30/2015,2.341
09/29/2015,2.2515
09/28/2015,2.252
09/25/2015,2.2855
09/24/2015,2.304
09/23/2015,2.297
09/22/2015,2.299
09/21/2015,2.3895
09/18/2015,2.3875
09/17/2015,2.453
09/16/2015,2.453
09/15/2015,2.4285
09/14/2015,2.4075
09/11/2015,2.4545
09/10/2015,2.448
09/09/2015,2.4375
09/08/2015,2.433
09/04/2015,2.3125
09/03/2015,2.385
09/02/2015,2.3315
09/01/2015,2.3025
08/31/2015,2.3385
08/28/2015,2.346
08/27/2015,2.334
08/26/2015,2.244
08/25/2015,2.308
08/24/2015,2.2545
08/21/2015,2.302
08/20/2015,2.3195
08/19/2015,2.2775
08/18/2015,2.286
08/17/2015,2.3215
08/14/2015,2.3515
08/13/2015,2.354
08/12/2015,2.352
08/11/2015,2.335
08/10/2015,2.405
08/07/2015,2.337
08/06/2015,2.345
08/05/2015,2.354
08/04/2015,2.3675
08/03/2015,2.352
07/31/2015,2.369
07/30/2015,2.382
07/29/2015,2.4075
07/28/2015,2.4025
07/27/2015,2.3535
07/24/2015,2.3825
07/23/2015,2.3855
07/22/2015,2.428
07/21/2015,2.4745
07/20/2015,2.4815
07/17/2015,2.496
07/16/2015,2.523
07/15/2015,2.5215
07/14/2015,2.535
07/13/2015,2.5445
07/10/2015,2.5375
07/09/2015,2.5515
07/08/2015,2.497
07/07/2015,2.4465
07/06/2015,2.538
07/02/2015,2.631
07/01/2015,2.6305
06/30/2015,2.615
06/29/2015,2.6335
06/26/2015,2.6395
06/25/2015,2.621
06/24/2015,2.6255
06/23/2015,2.6165
06/22/2015,2.572
06/19/2015,2.575
06/18/2015,2.611
06/17/2015,2.608
06/16/2015,2.6195
06/15/2015,2.65
06/12/2015,2.683
06/11/2015,2.674
06/10/2015,2.752
06/09/2015,2.718
06/08/2015,2.7005
06/05/2015,2.696
06/04/2015,2.691
06/03/2015,2.73
06/02/2015,2.74
06/01/2015,2.725
05/29/2015,2.733
05/28/2015,2.772
05/27/2015,2.7685
05/26/2015,2.778
05/22/2015,2.811
05/21/2015,2.8485
05/20/2015,2.829
05/19/2015,2.8375
05/18/2015,2.9065
05/15/2015,2.9245
05/14/2015,2.9235
05/13/2015,2.929
05/12/2015,2.9315
05/11/2015,2.903
05/08/2015,2.9205
05/07/2015,2.918
05/06/2015,2.926
05/05/2015,2.935
05/04/2015,2.9205
05/01/2015,2.9295
04/30/2015,2.8865
04/29/2015,2.799
04/28/2015,2.784
04/27/2015,2.775
04/24/2015,2.752
04/23/2015,2.7
04/22/2015,2.6735
04/21/2015,2.705
04/20/2015,2.733
04/17/2015,2.7725
04/16/2015,2.772
04/15/2015,2.7125
04/14/2015,2.7025
04/13/2015,2.721
04/10/2015,2.7365
04/09/2015,2.7305
04/08/2015,2.7335
04/07/2015,2.7645
04/06/2015,2.719
04/03/2015,2.736
04/02/2015,2.736
04/01/2015,2.75
03/31/2015,2.741
03/30/2015,2.7825
03/27/2015,2.7675
03/26/2015,2.811
03/25/2015,2.792
03/24/2015,2.803
03/23/2015,2.7895
03/20/2015,2.761
03/19/2015,2.66
03/18/2015,2.5705
03/17/2015,2.633
03/16/2015,2.6675
03/13/2015,2.6635
03/12/2015,2.6585
03/11/2015,2.606
03/10/2015,2.624
03/09/2015,2.6705
03/06/2015,2.609
03/05/2015,2.6525
03/04/2015,2.6595
03/03/2015,2.6565
03/02/2015,2.6975
02/27/2015,2.6915
02/26/2015,2.6945
02/25/2015,2.657
02/24/2015,2.648
02/23/2015,2.594
02/20/2015,2.598
02/19/2015,2.623
02/18/2015,2.6165
02/17/2015,2.586
02/13/2015,2.611
02/12/2015,2.6045
02/11/2015,2.544
02/10/2015,2.557
02/09/2015,2.584
02/06/2015,2.588
02/05/2015,2.596
02/04/2015,2.5915
02/03/2015,2.583
02/02/2015,2.4925
01/30/2015,2.4955
01/29/2015,2.4545
01/28/2015,2.4795
01/27/2015,2.4625
01/26/2015,2.543
01/23/2015,2.5015
01/22/2015,2.5785
01/21/2015,2.6125
01/20/2015,2.594
01/16/2015,2.617
01/15/2015,2.558
01/14/2015,2.5055
01/13/2015,2.644
01/12/2015,2.7255
01/09/2015,2.7545
01/08/2015,2.7695
01/07/2015,2.7585
01/06/2015,2.767
01/05/2015,2.766
01/02/2015,2.8175
12/31/2014,2.8255
12/30/2014,2.854
12/29/2014,2.8295
12/26/2014,2.8235
12/24/2014,2.8635
12/23/2014,2.8755
12/22/2014,2.881
12/19/2014,2.8925
12/18/2014,2.86
12/17/2014,2.877
12/16/2014,2.867
12/15/2014,2.8875
12/12/2014,2.9415
12/11/2014,2.9305
12/10/2014,2.9025
12/09/2014,2.9355
12/08/2014,2.8955
12/05/2014,2.9135
12/04/2014,2.9235
12/03/2014,2.881
12/02/2014,2.9025
12/01/2014,2.9105
11/28/2014,2.856
11/26/2014,2.963
11/25/2014,2.9735
11/24/2014,3.008
11/21/2014,3.0335
11/20/2014,3.0195
11/19/2014,3.042
11/18/2014,3.001
11/17/2014,3.038
11/14/2014,3.0445
11/13/2014,2.9955
11/12/2014,3.026
11/11/2014,3.035
11/10/2014,3.0205
11/07/2014,3.037
11/06/2014,3.016
11/05/2014,3.0075
11/04/2014,3.0185
11/03/2014,3.0655
10/31/2014,3.047
10/30/2014,3.061
10/29/2014,3.1045
10/28/2014,3.093
10/27/2014,3.064
10/24/2014,3.041
10/23/2014,3.04
10/22/2014,3.0175
10/21/2014,3.028
10/20/2014,2.988
10/17/2014,3.0035
10/16/2014,2.9815
10/15/2014,3.009
10/14/2014,3.09
10/13/2014,3.0405
10/10/2014,3.035
10/09/2014,3.03
10/08/2014,3.0035
10/07/2014,3.039
10/06/2014,3.0355
10/03/2014,2.9985
10/02/2014,2.9985
10/01/2014,3.036
09/30/2014,3.0075
09/29/2014,3.0565
09/26/2014,3.034
09/25/2014,3.03
09/24/2014,3.053
09/23/2014,3.0345
09/22/2014,3.038
09/19/2014,3.091
09/18/2014,3.0935
09/17/2014,3.142
09/16/2014,3.1635
09/15/2014,3.0845
09/12/2014,3.105
09/11/2014,3.0905
09/10/2014,3.1085
09/09/2014,3.0995
09/08/2014,3.1655
09/05/2014,3.167
09/04/2014,3.1485
09/03/2014,3.1245
09/02/2014,3.15
08/29/2014,3.153
08/28/2014,3.144
08/27/2014,3.1855
08/26/2014,3.1975
08/25/2014,3.226
08/22/2014,3.212
08/21/2014,3.183
08/20/2014,3.1845
08/19/2014,3.102
08/18/2014,3.12
08/15/2014,3.113
08/14/2014,3.101
08/13/2014,3.1215
08/12/2014,3.162
08/11/2014,3.1805
08/08/2014,3.1795
08/07/2014,3.1815
08/06/2014,3.171
08/05/2014,3.2105
08/04/2014,3.25
08/01/2014,3.2205
07/31/2014,3.236
07/30/2014,3.246
07/29/2014,3.219
07/28/2014,3.2435
07/25/2014,3.2405
07/24/2014,3.2665
07/23/2014,3.207
07/22/2014,3.208
07/21/2014,3.199
07/18/2014,3.1845
07/17/2014,3.2205
07/16/2014,3.2145
07/15/2014,3.2495
07/14/2014,3.249
07/11/2014,3.269
07/10/2014,3.267
07/09/2014,3.248
07/08/2014,3.257
07/07/2014,3.261
07/03/2014,3.2795
07/02/2014,3.265
07/01/2014,3.204
06/30/2014,3.2035
06/27/2014,3.168
06/26/2014,3.1685
06/25/2014,3.1655
06/24/2014,3.1455
06/23/2014,3.1435
06/20/2014,3.1145
06/19/2014,3.0755
06/18/2014,3.061
06/17/2014,3.0605
06/16/2014,3.047
06/13/2014,3.029
06/12/2014,3.0175
06/11/2014,3.04
06/10/2014,3.052
06/09/2014,3.042
06/06/2014,3.0505
06/05/2014,3.0895
06/04/2014,3.091
06/03/2014,3.135
06/02/2014,3.168
05/30/2014,3.1205
05/29/2014,3.1415
05/28/2014,3.1735
05/27/2014,3.1775
05/23/2014,3.1675
05/22/2014,3.142
05/21/2014,3.123
05/20/2014,3.145
05/19/2014,3.167
05/16/2014,3.147
05/15/2014,3.1445
05/14/2014,3.16
05/13/2014,3.1355
05/12/2014,3.1495
05/09/2014,3.083
05/08/2014,3.0625
05/07/2014,3.0325
05/06/2014,3.057
05/05/2014,3.0535
05/02/2014,3.07
05/01/2014,3.0215
04/30/2014,3.0275
04/29/2014,3.073
04/28/2014,3.104
04/25/2014,3.108
04/24/2014,3.1035
04/23/2014,3.051
04/22/2014,3.047
04/21/2014,3.0405
04/17/2014,3.043
04/16/2014,3.0225
04/15/2014,2.9875
04/14/2014,3.0465
04/11/2014,3.0405
04/10/2014,3.0415
04/09/2014,3.0315
04/08/2014,3.0455
04/07/2014,3.0385
04/04/2014,3.022
04/03/2014,3.027
04/02/2014,3.0445
04/01/2014,3.0335
03/31/2014,3.0245
03/28/2014,3.0395
03/27/2014,2.993
03/26/2014,2.9655
03/25/2014,3.0055
03/24/2014,2.9455
03/21/2014,2.9505
03/20/2014,2.9285
03/19/2014,2.987
03/18/2014,2.9515
03/17/2014,2.952
03/14/2014,2.9505
03/13/2014,2.923
03/12/2014,2.962
03/11/2014,2.952
03/10/2014,3.0315
03/07/2014,3.0825
03/06/2014,3.218
03/05/2014,3.2025
03/04/2014,3.2145
03/03/2014,3.172
02/28/2014,3.1875
02/27/2014,3.201
02/26/2014,3.232
02/25/2014,3.2445
02/24/2014,3.257
02/21/2014,3.276
02/20/2014,3.274
02/19/2014,3.283
02/18/2014,3.2845
02/14/2014,3.2655
02/13/2014,3.25
02/12/2014,3.2555
02/11/2014,3.2155
02/10/2014,3.2255
02/07/2014,3.237
02/06/2014,3.228
02/05/2014,3.189
02/04/2014,3.193
02/03/2014,3.187
01/31/2014,3.2
01/30/2014,3.229
01/29/2014,3.2405
01/28/2014,3.253
01/27/2014,3.259
01/24/2014,3.2715
01/23/2014,3.2855
01/22/2014,3.337
01/21/2014,3.351
01/17/2014,3.3445
01/16/2014,3.3425
01/15/2014,3.358
01/14/2014,3.336
01/13/2014,3.3465
01/10/2014,3.3415
01/09/2014,3.299
01/08/2014,3.3425
01/07/2014,3.3595
01/06/2014,3.3595
01/03/2014,3.355
01/02/2014,3.3815
12/31/2013,3.3965
12/30/2013,3.3825
12/27/2013,3.3975
12/26/2013,3.4115
12/24/2013,3.3835
12/23/2013,3.318
12/20/2013,3.315
12/19/2013,3.3035
12/18/2013,3.3265
12/17/2013,3.333
12/16/2013,3.3415
12/13/2013,3.3225
12/12/2013,3.304
12/11/2013,3.306
12/10/2013,3.2775
12/09/2013,3.268
12/06/2013,3.2565
12/05/2013,3.238
12/04/2013,3.257
12/03/2013,3.1825
12/02/2013,3.1925
11/29/2013,3.2155
11/27/2013,3.193
11/26/2013,3.218
11/25/2013,3.2285
11/22/2013,3.2185
11/21/2013,3.1965
11/20/2013,3.165
11/19/2013,3.1625
11/18/2013,3.1555
11/15/2013,3.1775
11/14/2013,3.167
11/13/2013,3.166
11/12/2013,3.24
11/11/2013,3.265
11/08/2013,3.2595
11/07/2013,3.254
11/06/2013,3.2425
11/05/2013,3.264
11/04/2013,3.258
11/01/2013,3.303
10/31/2013,3.3045
10/30/2013,3.328
10/29/2013,3.278
10/28/2013,3.269
10/25/2013,3.269
10/24/2013,3.2635
10/23/2013,3.2675
10/22/2013,3.3355
10/21/2013,3.3035
10/18/2013,3.299
10/17/2013,3.297
10/16/2013,3.308
10/15/2013,3.3075
10/14/2013,3.303
10/11/2013,3.269
10/10/2013,3.2485
10/09/2013,3.231
10/08/2013,3.2925
10/07/2013,3.2965
10/04/2013,3.301
10/03/2013,3.2685
10/02/2013,3.316
10/01/2013,3.274
09/30/2013,3.323
09/27/2013,3.3295
09/26/2013,3.305
09/25/2013,3.271
09/24/2013,3.2555
09/23/2013,3.2975
09/20/2013,3.319
09/19/2013,3.346
09/18/2013,3.2785
09/17/2013,3.223
09/16/2013,3.222
09/13/2013,3.2035
09/12/2013,3.21
09/11/2013,3.2555
09/10/2013,3.261
09/09/2013,3.276
09/06/2013,3.2585
09/05/2013,3.242
09/04/2013,3.239
09/03/2013,3.3015
08/30/2013,3.2305
08/29/2013,3.257
08/28/2013,3.3055
08/27/2013,3.3305
08/26/2013,3.322
08/23/2013,3.351
08/22/2013,3.331
08/21/2013,3.308
08/20/2013,3.338
08/19/2013,3.332
08/16/2013,3.3645
08/15/2013,3.3385
08/14/2013,3.34
08/13/2013,3.318
08/12/2013,3.3045
08/09/2013,3.3085
08/08/2013,3.2725
08/07/2013,3.177
08/06/2013,3.1775
08/05/2013,3.1735
08/02/2013,3.178
08/01/2013,3.171
07/31/2013,3.125
07/30/2013,3.0485
07/29/2013,3.1075
07/26/2013,3.1055
07/25/2013,3.1855
07/24/2013,3.179
07/23/2013,3.198
07/22/2013,3.185
07/19/2013,3.14
07/18/2013,3.1315
07/17/2013,3.1285
07/16/2013,3.1865
07/15/2013,3.1445
07/12/2013,3.155
07/11/2013,3.1775
07/10/2013,3.091
07/09/2013,3.0645
07/08/2013,3.0995
07/05/2013,3.065
07/03/2013,3.1745
07/02/2013,3.143
07/01/2013,3.157
06/28/2013,3.0575
06/27/2013,3.0595
06/26/2013,3.039
06/25/2013,3.0725
06/24/2013,3.025
06/21/2013,3.0965
06/20/2013,3.0665
06/19/2013,3.146
06/18/2013,3.161
06/17/2013,3.203
06/14/2013,3.208
06/13/2013,3.1915
06/12/2013,3.2325
06/11/2013,3.202
06/10/2013,3.248
06/07/2013,3.275
06/06/2013,3.3255
06/05/2013,3.3785
06/04/2013,3.376
06/03/2013,3.3375
05/31/2013,3.3
05/30/2013,3.323
05/29/2013,3.297
05/28/2013,3.315
05/24/2013,3.2955
05/23/2013,3.304
05/22/2013,3.3805
05/21/2013,3.3435
05/20/2013,3.36
05/17/2013,3.323
05/16/2013,3.2945
05/15/2013,3.265
05/14/2013,3.288
05/13/2013,3.3595
05/10/2013,3.353
05/09/2013,3.3405
05/08/2013,3.3705
05/07/2013,3.3025
05/06/2013,3.3105
05/03/2013,3.3145
05/02/2013,3.1045
05/01/2013,3.08
04/30/2013,3.1875
04/29/2013,3.2265
04/26/2013,3.182
04/25/2013,3.239
04/24/2013,3.1605
04/23/2013,3.0975
04/22/2013,3.137
04/19/2013,3.156
04/18/2013,3.212
04/17/2013,3.1955
04/16/2013,3.315
04/15/2013,3.2825
04/12/2013,3.3605
04/11/2013,3.4445
04/10/2013,3.4285
04/09/2013,3.4515
04/08/2013,3.381
04/05/2013,3.354
04/04/2013,3.3615
04/03/2013,3.343
04/02/2013,3.389
04/01/2013,3.385
03/28/2013,3.4125
03/27/2013,3.4535
03/26/2013,3.4425
03/25/2013,3.445
03/22/2013,3.466
03/21/2013,3.435
03/20/2013,3.4465
03/19/2013,3.4055
03/18/2013,3.428
03/15/2013,3.5205
03/14/2013,3.5365
03/13/2013,3.525
03/12/2013,3.5545
03/11/2013,3.517
03/08/2013,3.509
03/07/2013,3.5205
03/06/2013,3.493
03/05/2013,3.515
03/04/2013,3.5015
03/01/2013,3.501
02/28/2013,3.5475
02/27/2013,3.567
02/26/2013,3.5745
02/25/2013,3.552
02/22/2013,3.5425
02/21/2013,3.562
02/20/2013,3.617
02/19/2013,3.659
02/15/2013,3.746
02/14/2013,3.7455
02/13/2013,3.7515
02/12/2013,3.753
02/11/2013,3.7315
02/08/2013,3.7685
02/07/2013,3.736
02/06/2013,3.7485
02/05/2013,3.7775
02/04/2013,3.7755
02/03/2013,3.776
02/01/2013,3.7915
01/31/2013,3.7395
01/30/2013,3.758
01/29/2013,3.6915
01/28/2013,3.6615
01/27/2013,3.639
01/25/2013,3.652
01/24/2013,3.6765
01/23/2013,3.6845
01/22/2013,3.705
01/20/2013,3.663
01/18/2013,3.679
01/17/2013,3.662
01/16/2013,3.6065
01/15/2013,3.6375
01/14/2013,3.634
01/13/2013,3.639
01/11/2013,3.654
01/10/2013,3.709
01/09/2013,3.6705
01/08/2013,3.672
01/07/2013,3.678
01/06/2013,3.679
01/04/2013,3.6935
01/03/2013,3.717
01/02/2013,3.736
12/31/2012,3.6525
12/28/2012,3.5895
12/27/2012,3.5965
12/26/2012,3.591
12/24/2012,3.541
12/21/2012,3.562
12/20/2012,3.5305
12/19/2012,3.6
12/18/2012,3.648
12/17/2012,3.6615
12/14/2012,3.678
12/13/2012,3.656
12/12/2012,3.712
12/11/2012,3.682
12/10/2012,3.7015
12/07/2012,3.658
12/06/2012,3.6395
12/05/2012,3.681
12/04/2012,3.6495
12/03/2012,3.6535
11/30/2012,3.645
11/29/2012,3.6015
11/28/2012,3.5315
11/27/2012,3.545
11/26/2012,3.543
11/23/2012,3.533
11/21/2012,3.501
11/20/2012,3.5215
11/19/2012,3.533
11/16/2012,3.4575
11/15/2012,3.469
11/14/2012,3.4605
11/13/2012,3.478
11/12/2012,3.4745
11/09/2012,3.452
11/08/2012,3.4755
11/07/2012,3.4475
11/06/2012,3.512
11/05/2012,3.4755
11/02/2012,3.487
11/01/2012,3.5575
10/31/2012,3.523
10/30/2012,3.5115
10/29/2012,3.4945
10/26/2012,3.55
10/25/2012,3.5505
10/24/2012,3.568
10/23/2012,3.5695
10/22/2012,3.622
10/19/2012,3.6375
10/18/2012,3.743
10/17/2012,3.748
10/16/2012,3.7
10/15/2012,3.7015
10/12/2012,3.703
10/11/2012,3.7515
10/10/2012,3.718
10/09/2012,3.718
10/08/2012,3.718
10/05/2012,3.778
10/04/2012,3.786
10/03/2012,3.784
10/02/2012,3.801
10/01/2012,3.7855
09/28/2012,3.758
09/27/2012,3.744
09/26/2012,3.712
09/25/2012,3.762
09/24/2012,3.7355
09/21/2012,3.793
09/20/2012,3.763
09/19/2012,3.818
09/18/2012,3.7915
09/17/2012,3.7965
09/14/2012,3.837
09/13/2012,3.713
09/12/2012,3.6965
09/11/2012,3.7005
09/10/2012,3.6915
09/07/2012,3.6475
09/06/2012,3.518
09/05/2012,3.5295
09/04/2012,3.4695
08/31/2012,3.4575
08/30/2012,3.4465
08/29/2012,3.448
08/28/2012,3.467
08/27/2012,3.479
08/24/2012,3.486
08/23/2012,3.495
08/22/2012,3.458
08/21/2012,3.457
08/20/2012,3.375
08/17/2012,3.4235
08/16/2012,3.3875
08/15/2012,3.3545
08/14/2012,3.3645
08/13/2012,3.359
08/10/2012,3.398
08/09/2012,3.4295
08/08/2012,3.426
08/07/2012,3.445
08/06/2012,3.394
08/03/2012,3.3725
08/02/2012,3.296
08/01/2012,3.3805
07/31/2012,3.4235
07/30/2012,3.4225
07/27/2012,3.426
07/26/2012,3.3935
07/25/2012,3.3745
07/24/2012,3.353
07/23/2012,3.38
07/20/2012,3.448
07/19/2012,3.5345
07/18/2012,3.474
07/17/2012,3.4555
07/16/2012,3.485
07/13/2012,3.504
07/12/2012,3.415
07/11/2012,3.4475
07/10/2012,3.398
07/09/2012,3.4315
07/06/2012,3.4095
07/05/2012,3.493
07/03/2012,3.54
07/02/2012,3.469
06/29/2012,3.4965
06/28/2012,3.3315
06/27/2012,3.355
06/26/2012,3.319
06/25/2012,3.323
06/22/2012,3.3125
06/21/2012,3.3035
06/20/2012,3.393
06/19/2012,3.438
06/18/2012,3.3995
06/15/2012,3.3875
06/14/2012,3.359
06/13/2012,3.3445
06/12/2012,3.341
06/11/2012,3.3485
06/08/2012,3.291
06/07/2012,3.3765
06/06/2012,3.3845
06/05/2012,3.295
06/04/2012,3.3135
06/01/2012,3.32
05/31/2012,3.3705
05/30/2012,3.3945
05/29/2012,3.462
05/25/2012,3.448
05/24/2012,3.4285
05/23/2012,3.396
05/22/2012,3.487
05/21/2012,3.502
05/18/2012,3.4685
05/17/2012,3.479
05/16/2012,3.478
05/15/2012,3.5175
05/14/2012,3.554
05/11/2012,3.648
05/10/2012,3.6905
05/09/2012,3.6595
05/08/2012,3.6775
05/07/2012,3.7735
05/04/2012,3.721
05/03/2012,3.736
05/02/2012,3.787
05/01/2012,3.8435
04/30/2012,3.8295
04/27/2012,3.825
04/26/2012,3.771
04/25/2012,3.705
04/24/2012,3.678
04/23/2012,3.631
04/20/2012,3.703
04/19/2012,3.633
04/18/2012,3.6355
04/17/2012,3.6515
04/16/2012,3.633
04/13/2012,3.6315
04/12/2012,3.7245
04/11/2012,3.644
04/10/2012,3.6545
04/09/2012,3.725
04/05/2012,3.801
04/04/2012,3.796
04/03/2012,3.924
04/02/2012,3.925
03/30/2012,3.8295
03/29/2012,3.8015
03/28/2012,3.7925
03/27/2012,3.88
03/26/2012,3.8875
03/23/2012,3.8085
03/22/2012,3.7655
03/21/2012,3.8455
03/20/2012,3.8305
03/19/2012,3.909
03/16/2012,3.878
03/15/2012,3.8975
03/14/2012,3.848
03/13/2012,3.9025
03/12/2012,3.8375
03/09/2012,3.8585
03/08/2012,3.7915
03/07/2012,3.767
03/06/2012,3.7375
03/05/2012,3.8595
03/02/2012,3.903
03/01/2012,3.9315
02/29/2012,3.8795
02/28/2012,3.9215
02/27/2012,3.887
02/24/2012,3.8675
02/23/2012,3.811
02/22/2012,3.8395
02/21/2012,3.842
02/17/2012,3.7135
02/16/2012,3.796
02/15/2012,3.807
02/14/2012,3.8205
02/13/2012,3.844
02/10/2012,3.866
02/09/2012,3.982
02/08/2012,3.915
02/07/2012,3.8825
02/06/2012,3.8715
02/03/2012,3.9085
02/02/2012,3.7885
02/01/2012,3.849
01/31/2012,3.797
01/30/2012,3.8335
01/27/2012,3.889
01/26/2012,3.9015
01/25/2012,3.8295
01/24/2012,3.8075
01/23/2012,3.7985
01/20/2012,3.745
01/19/2012,3.8005
01/18/2012,3.7525
01/17/2012,3.7295
01/13/2012,3.637
01/12/2012,3.649
01/11/2012,3.546
01/10/2012,3.513
01/09/2012,3.416
01/06/2012,3.435
01/05/2012,3.4265
01/04/2012,3.4345
01/03/2012,3.5285
12/30/2011,3.436
12/29/2011,3.37
12/28/2011,3.364
12/27/2011,3.407
12/23/2011,3.467
12/22/2011,3.413
12/21/2011,3.393
12/20/2011,3.3675
12/19/2011,3.307
12/16/2011,3.33
12/15/2011,3.266
12/14/2011,3.278
12/13/2011,3.44
12/12/2011,3.4625
12/09/2011,3.555
12/08/2011,3.498
12/07/2011,3.554
12/06/2011,3.5735
12/05/2011,3.614
12/02/2011,3.5825
12/01/2011,3.5325
11/30/2011,3.5735
11/29/2011,3.3885
11/28/2011,3.3655
11/25/2011,3.278
11/23/2011,3.2865
11/22/2011,3.341
11/21/2011,3.312
11/18/2011,3.412
11/17/2011,3.3925
11/16/2011,3.494
11/15/2011,3.511
11/14/2011,3.4975
11/11/2011,3.4735
11/10/2011,3.3845
11/09/2011,3.4515
11/08/2011,3.544
11/07/2011,3.546
11/04/2011,3.5745
11/03/2011,3.5975
11/02/2011,3.5895
11/01/2011,3.512
10/31/2011,3.642
10/28/2011,3.7165
10/27/2011,3.692
10/26/2011,3.49
10/25/2011,3.4205
10/24/2011,3.449
10/21/2011,3.223
10/20/2011,3.0575
10/19/2011,3.258
10/18/2011,3.36
10/17/2011,3.378
10/14/2011,3.4085
10/13/2011,3.307
10/12/2011,3.3935
10/11/2011,3.2905
10/10/2011,3.368
10/07/2011,3.2735
10/06/2011,3.2465
10/05/2011,3.106
10/04/2011,3.1035
10/03/2011,3.1505
09/30/2011,3.152
09/29/2011,3.246
09/28/2011,3.243
09/27/2011,3.436
09/26/2011,3.279
09/23/2011,3.276
09/22/2011,3.484
09/21/2011,3.7595
09/20/2011,3.7215
09/19/2011,3.7775
09/16/2011,3.927
09/15/2011,3.9525
09/14/2011,3.894
09/13/2011,3.966
09/12/2011,3.9625
09/09/2011,3.998
09/08/2011,4.1385
09/07/2011,4.127
09/06/2011,4.0505
09/02/2011,4.1195
09/01/2011,4.1555
08/31/2011,4.1995
08/30/2011,4.136
08/29/2011,4.098
08/26/2011,4.107
08/25/2011,4.087
08/24/2011,4.005
08/23/2011,4.004
08/22/2011,3.9635
08/19/2011,3.991
08/18/2011,3.975
08/17/2011,4.0415
08/16/2011,4.003
08/15/2011,4.041
08/12/2011,4.021
08/11/2011,4.018
08/10/2011,3.8985
08/09/2011,3.98
08/08/2011,3.9715
08/05/2011,4.127
08/04/2011,4.246
08/03/2011,4.3365
08/02/2011,4.405
08/01/2011,4.42
07/29/2011,4.4895
07/28/2011,4.479
07/27/2011,4.4465
07/26/2011,4.478
07/25/2011,4.4065
07/22/2011,4.41
07/21/2011,4.3835
07/20/2011,4.436
07/19/2011,4.468
07/18/2011,4.403
07/15/2011,4.413
07/14/2011,4.38
07/13/2011,4.4035
07/12/2011,4.3915
07/11/2011,4.368
07/08/2011,4.412
07/07/2011,4.442
07/06/2011,4.335
07/05/2011,4.3475
07/01/2011,4.3025
06/30/2011,4.2825
06/29/2011,4.224
06/28/2011,4.1015
06/27/2011,4.0615
06/24/2011,4.109
06/23/2011,4.05
06/22/2011,4.1
06/21/2011,4.1
06/20/2011,4.085
06/17/2011,4.1135
06/16/2011,4.129
06/15/2011,4.1325
06/14/2011,4.166
06/13/2011,4.046
06/10/2011,4.0665
06/09/2011,4.118
06/08/2011,4.1185
06/07/2011,4.16
06/06/2011,4.1515
06/03/2011,4.1445
06/02/2011,4.0945
06/01/2011,4.1165
05/31/2011,4.1875
05/27/2011,4.1955
05/26/2011,4.111
05/25/2011,4.107
05/24/2011,4.013
05/23/2011,3.9915
05/20/2011,4.1215
05/19/2011,4.0525
05/18/2011,4.105
05/17/2011,3.9985
05/16/2011,3.9905
05/13/2011,3.9835
05/12/2011,3.9705
05/11/2011,3.9135
05/10/2011,4.042
05/09/2011,4.0165
05/06/2011,3.9755
05/05/2011,3.998
05/04/2011,4.134
05/03/2011,4.253
05/02/2011,4.196
04/29/2011,4.179
04/28/2011,4.2615
04/27/2011,4.2375
04/26/2011,4.33
04/25/2011,4.314
04/21/2011,4.41
04/20/2011,4.35
04/19/2011,4.24
04/18/2011,4.2085
04/15/2011,4.2685
04/14/2011,4.2945
04/13/2011,4.3055
04/12/2011,4.394
04/11/2011,4.4695
04/08/2011,4.511
04/07/2011,4.4255
04/06/2011,4.379
04/05/2011,4.274
04/04/2011,4.2645
04/01/2011,4.2675
03/31/2011,4.317
03/30/2011,4.2835
03/29/2011,4.3465
03/28/2011,4.35
03/25/2011,4.419
03/24/2011,4.4245
03/23/2011,4.4285
03/22/2011,4.313
03/21/2011,4.286
03/18/2011,4.339
03/17/2011,4.344
03/16/2011,4.1975
03/15/2011,4.137
03/14/2011,4.1865
03/11/2011,4.2075
03/10/2011,4.1975
03/09/2011,4.2125
03/08/2011,4.3385
03/07/2011,4.327
03/04/2011,4.4855
03/03/2011,4.49
03/02/2011,4.498
03/01/2011,4.5095
02/28/2011,4.4965
02/25/2011,4.455
02/24/2011,4.3355
02/23/2011,4.284
02/22/2011,4.3555
02/18/2011,4.489
02/17/2011,4.491
02/16/2011,4.476
02/15/2011,4.541
02/14/2011,4.6325
02/11/2011,4.5415
02/10/2011,4.549
02/09/2011,4.53
02/08/2011,4.58
02/07/2011,4.581
02/04/2011,4.585
02/03/2011,4.55
02/02/2011,4.549
02/01/2011,4.551
01/31/2011,4.4635
01/28/2011,4.378
01/27/2011,4.3385
01/26/2011,4.267
01/25/2011,4.226
01/24/2011,4.3485
01/21/2011,4.309
01/20/2011,4.272
01/19/2011,4.37
01/18/2011,4.428
01/14/2011,4.412
01/13/2011,4.377
01/12/2011,4.4115
01/11/2011,4.349
01/10/2011,4.2645
01/07/2011,4.2825
01/06/2011,4.3295
01/05/2011,4.408
01/04/2011,4.369
01/03/2011,4.4575
12/31/2010,4.447
12/30/2010,4.3625
12/29/2010,4.31
12/28/2010,4.326
12/27/2010,4.278
12/23/2010,4.2565
12/22/2010,4.273
12/21/2010,4.2745
12/20/2010,4.2045
12/17/2010,4.1575
12/16/2010,4.1155
12/15/2010,4.1305
12/14/2010,4.206
12/13/2010,4.2045
12/10/2010,4.1105
12/09/2010,4.086
12/08/2010,4.0995
12/07/2010,4.0495
12/06/2010,4.008
12/03/2010,3.999
12/02/2010,3.979
12/01/2010,3.9475
11/30/2010,3.8255
11/29/2010,3.7655
11/26/2010,3.7565
11/24/2010,3.7595
11/23/2010,3.7045
11/22/2010,3.7555
11/19/2010,3.837
11/18/2010,3.8335
11/17/2010,3.7295
11/16/2010,3.727
11/15/2010,3.9235
11/12/2010,3.895
11/11/2010,4.0245
11/10/2010,3.973
11/09/2010,4.047
11/08/2010,3.961
11/05/2010,3.9535
11/04/2010,3.917
11/03/2010,3.7905
11/02/2010,3.844
11/01/2010,3.7905
10/29/2010,3.739
10/28/2010,3.7925
10/27/2010,3.7755
10/26/2010,3.869
10/25/2010,3.863
10/22/2010,3.797
10/21/2010,3.7815
10/20/2010,3.7935
10/19/2010,3.7575
10/18/2010,3.855
10/15/2010,3.839
10/14/2010,3.8155
10/13/2010,3.8205
10/12/2010,3.7895
10/11/2010,3.7895
10/08/2010,3.7745
10/07/2010,3.6795
10/06/2010,3.753
10/05/2010,3.7265
10/04/2010,3.664
10/01/2010,3.6905
09/30/2010,3.6515
09/29/2010,3.6615
09/28/2010,3.636
09/27/2010,3.5965
09/24/2010,3.617
09/23/2010,3.589
09/22/2010,3.563
09/21/2010,3.4805
09/20/2010,3.5035
09/17/2010,3.522
09/16/2010,3.4925
09/15/2010,3.465
09/14/2010,3.4665
09/13/2010,3.4775
09/10/2010,3.4035
09/09/2010,3.4405
09/08/2010,3.497
09/07/2010,3.469
09/03/2010,3.4985
09/02/2010,3.4935
09/01/2010,3.4755
08/31/2010,3.3685
08/30/2010,3.4255
08/27/2010,3.374
08/26/2010,3.3145
08/25/2010,3.2205
08/24/2010,3.251
08/23/2010,3.3005
08/20/2010,3.2995
08/19/2010,3.3275
08/18/2010,3.358
08/17/2010,3.3465
08/16/2010,3.288
08/13/2010,3.2605
08/12/2010,3.293
08/11/2010,3.263
08/10/2010,3.3215
08/09/2010,3.3625
08/06/2010,3.3515
08/05/2010,3.3615
08/04/2010,3.4125
08/03/2010,3.3665
08/02/2010,3.398
07/30/2010,3.32
07/29/2010,3.299
07/28/2010,3.2455
07/27/2010,3.2065
07/26/2010,3.223
07/23/2010,3.185
07/22/2010,3.1645
07/21/2010,3.093
07/20/2010,3.0015
07/19/2010,2.938
07/16/2010,2.9295
07/15/2010,3.012
07/14/2010,3.0085
07/13/2010,3.0175
07/12/2010,3.009
07/09/2010,3.0535
07/08/2010,3.0155
07/07/2010,3.015
07/06/2010,2.971
07/02/2010,2.916
07/01/2010,2.877
06/30/2010,2.9505
06/29/2010,2.9305
06/28/2010,3.0805
06/25/2010,3.1035
06/24/2010,3.016
06/23/2010,2.9465
06/22/2010,3.002
06/21/2010,2.9515
06/18/2010,2.893
06/17/2010,2.9155
06/16/2010,3.0055
06/15/2010,3.015
06/14/2010,3.003
06/11/2010,2.9145
06/10/2010,2.8725
06/09/2010,2.86
06/08/2010,2.79
06/07/2010,2.7765
06/04/2010,2.8295
06/03/2010,2.9565
06/02/2010,3.0505
06/01/2010,3.073
05/28/2010,3.115
05/27/2010,3.169
05/26/2010,3.0805
05/25/2010,3.042
05/24/2010,3.1475
05/21/2010,3.061
05/20/2010,2.9445
05/19/2010,2.9595
05/18/2010,3.031
05/17/2010,2.932
05/14/2010,3.134
05/13/2010,3.2315
05/12/2010,3.188
05/11/2010,3.2065
05/10/2010,3.228
05/07/2010,3.1445
05/06/2010,3.117
05/05/2010,3.1515
05/04/2010,3.1785
05/03/2010,3.2935
04/30/2010,3.3535
04/29/2010,3.3505
04/28/2010,3.3775
04/27/2010,3.3735
04/26/2010,3.5385
04/23/2010,3.5215
04/22/2010,3.497
04/21/2010,3.547
04/20/2010,3.525
04/19/2010,3.508
04/16/2010,3.5255
04/15/2010,3.6115
04/14/2010,3.6205
04/13/2010,3.611
04/12/2010,3.5755
04/09/2010,3.6005
04/08/2010,3.5975
04/07/2010,3.608
04/06/2010,3.6275
04/05/2010,3.642
04/01/2010,3.5935
03/31/2010,3.563
03/30/2010,3.572
03/29/2010,3.5355
03/26/2010,3.403
03/25/2010,3.3805
03/24/2010,3.3455
03/23/2010,3.379
03/22/2010,3.3805
03/19/2010,3.3725
03/18/2010,3.3955
03/17/2010,3.418
03/16/2010,3.365
03/15/2010,3.315
03/12/2010,3.38
03/11/2010,3.377
03/10/2010,3.368
03/09/2010,3.4115
03/08/2010,3.4105
03/05/2010,3.4175
03/04/2010,3.3755
03/03/2010,3.435
03/02/2010,3.4115
03/01/2010,3.35
02/26/2010,3.284
02/25/2010,3.21
02/24/2010,3.246
02/23/2010,3.226
02/22/2010,3.3195
02/19/2010,3.3695
02/18/2010,3.2965
02/17/2010,3.2495
02/16/2010,3.231
02/12/2010,3.0925
02/11/2010,3.143
02/10/2010,2.999
02/09/2010,2.9965
02/08/2010,2.922
02/05/2010,2.866
02/04/2010,2.8865
02/03/2010,2.9805
02/02/2010,3.0965
02/01/2010,3.091
01/29/2010,3.0595
01/28/2010,3.106
01/27/2010,3.2225
01/26/2010,3.3395
01/25/2010,3.393
01/22/2010,3.347
01/21/2010,3.295
01/20/2010,3.355
01/19/2010,3.447
01/15/2010,3.366
01/14/2010,3.3875
01/13/2010,3.4
01/12/2010,3.3495
01/11/2010,3.441
01/08/2010,3.4005
01/07/2010,3.427
01/06/2010,3.4945
01/05/2010,3.4135
01/04/2010,3.406
12/31/2009,3.3465
12/30/2009,3.345
12/29/2009,3.3055
12/28/2009,3.328
12/24/2009,3.283
12/23/2009,3.1965
12/22/2009,3.131
12/21/2009,3.1515
12/18/2009,3.1315
12/17/2009,3.121
12/16/2009,3.198
12/15/2009,3.1335
12/14/2009,3.1435
12/11/2009,3.1245
12/10/2009,3.0945
12/09/2009,3.114
12/08/2009,3.156
12/07/2009,3.2005
12/04/2009,3.2285
12/03/2009,3.2365
12/02/2009,3.2495
12/01/2009,3.222
11/30/2009,3.168
11/27/2009,3.1165
11/25/2009,3.1795
11/24/2009,3.1265
11/23/2009,3.1455
11/20/2009,3.119
11/19/2009,3.0915
11/18/2009,3.121
11/17/2009,3.1185
11/16/2009,3.114
11/13/2009,2.983
11/12/2009,2.957
11/11/2009,2.975
11/10/2009,2.97
11/09/2009,2.976
11/06/2009,2.961
11/05/2009,2.964
11/04/2009,2.9995
11/03/2009,2.9625
11/02/2009,2.9505
10/30/2009,2.9605
10/29/2009,3.034
10/28/2009,2.9305
10/27/2009,2.999
10/26/2009,3.011
10/23/2009,3.0345
10/22/2009,2.998
10/21/2009,3.036
10/20/2009,2.932
10/19/2009,2.9665
10/16/2009,2.8455
10/15/2009,2.859
10/14/2009,2.8445
10/13/2009,2.7945
10/12/2009,2.857
10/09/2009,2.838
10/08/2009,2.8985
10/07/2009,2.7795
10/06/2009,2.7845
10/05/2009,2.727
10/02/2009,2.6815
10/01/2009,2.737
09/30/2009,2.819
09/29/2009,2.729
09/28/2009,2.7205
09/25/2009,2.7345
09/24/2009,2.7035
09/23/2009,2.802
09/22/2009,2.8585
09/21/2009,2.7995
09/18/2009,2.7785
09/17/2009,2.8895
09/16/2009,2.93
09/15/2009,2.838
09/14/2009,2.7975
09/11/2009,2.84
09/10/2009,2.87
09/09/2009,2.918
09/08/2009,2.95
09/04/2009,2.8605
09/03/2009,2.8585
09/02/2009,2.8195
09/01/2009,2.812
08/31/2009,2.821
08/28/2009,2.944
08/27/2009,2.857
08/26/2009,2.8645
08/25/2009,2.862
08/24/2009,2.92
08/21/2009,2.8845
08/20/2009,2.7445
08/19/2009,2.7615
08/18/2009,2.765
08/17/2009,2.7745
08/14/2009,2.84
08/13/2009,2.918
08/12/2009,2.827
08/11/2009,2.741
08/10/2009,2.775
08/07/2009,2.7895
08/06/2009,2.7555
08/05/2009,2.8155
08/04/2009,2.7985
08/03/2009,2.7415
07/31/2009,2.6245
07/30/2009,2.566
07/29/2009,2.4775
07/28/2009,2.5205
07/27/2009,2.545
07/24/2009,2.522
07/23/2009,2.524
07/22/2009,2.5255
07/21/2009,2.451
07/20/2009,2.469
07/17/2009,2.423
07/16/2009,2.3895
07/15/2009,2.392
07/14/2009,2.299
07/13/2009,2.223
07/10/2009,2.2115
07/09/2009,2.2375
07/08/2009,2.159
07/07/2009,2.2255
07/06/2009,2.2625
07/02/2009,2.3055
07/01/2009,2.3305
06/30/2009,2.272
06/29/2009,2.326
06/26/2009,2.3025
06/25/2009,2.3095
06/24/2009,2.274
06/23/2009,2.205
06/22/2009,2.138
06/19/2009,2.2565
06/18/2009,2.2765
06/17/2009,2.264
06/16/2009,2.261
06/15/2009,2.2905
06/12/2009,2.3785
06/11/2009,2.45
06/10/2009,2.372
06/09/2009,2.371
06/08/2009,2.259
06/05/2009,2.29
06/04/2009,2.3065
06/03/2009,2.217
06/02/2009,2.3015
06/01/2009,2.3225
05/29/2009,2.1995
05/28/2009,2.1405
05/27/2009,2.121
05/26/2009,2.141
05/22/2009,2.0975
05/21/2009,2.051
05/20/2009,2.1065
05/19/2009,2.0695
05/18/2009,2.072
05/15/2009,2.0175
05/14/2009,2.027
05/13/2009,2.031
05/12/2009,2.086
05/11/2009,2.0885
05/08/2009,2.1455
05/07/2009,2.1645
05/06/2009,2.187
05/05/2009,2.0825
05/04/2009,2.144
05/01/2009,2.101
04/30/2009,2.0475
04/29/2009,2.005
04/28/2009,1.9175
04/27/2009,1.987
04/24/2009,2.0515
04/23/2009,1.993
04/22/2009,2.0605
04/21/2009,2.083
04/20/2009,2.1035
04/17/2009,2.196
04/16/2009,2.1745
04/15/2009,2.204
04/14/2009,2.122
04/13/2009,2.1325
04/09/2009,2.0775
04/08/2009,2.0055
04/07/2009,1.9965
04/06/2009,1.963
04/03/2009,2.006
04/02/2009,1.894
04/01/2009,1.8525
03/31/2009,1.849
03/30/2009,1.7705
03/27/2009,1.836
03/26/2009,1.855
03/25/2009,1.803
03/24/2009,1.806
03/23/2009,1.841
03/20/2009,1.796
03/19/2009,1.8075
03/18/2009,1.7165
03/17/2009,1.724
03/16/2009,1.747
03/13/2009,1.6645
03/12/2009,1.6245
03/11/2009,1.6255
03/10/2009,1.6845
03/09/2009,1.6395
03/06/2009,1.689
03/05/2009,1.6535
03/04/2009,1.694
03/03/2009,1.6045
03/02/2009,1.516
02/27/2009,1.5385
02/26/2009,1.579
02/25/2009,1.531
02/24/2009,1.494
02/23/2009,1.444
02/20/2009,1.425
02/19/2009,1.4805
02/18/2009,1.446
02/17/2009,1.433
02/13/2009,1.5475
02/12/2009,1.5425
02/11/2009,1.5465
02/10/2009,1.5815
02/09/2009,1.62
02/06/2009,1.636
02/05/2009,1.507
02/04/2009,1.538
02/03/2009,1.529
02/02/2009,1.439
01/30/2009,1.4755
01/29/2009,1.4645
01/28/2009,1.496
01/27/2009,1.4845
01/26/2009,1.5865
01/23/2009,1.472
01/22/2009,1.396
01/21/2009,1.4335
01/20/2009,1.5045
01/16/2009,1.5275
01/15/2009,1.4535
01/14/2009,1.4875
01/13/2009,1.547
01/12/2009,1.4885
01/09/2009,1.5595
01/08/2009,1.479
01/07/2009,1.5115
01/06/2009,1.583
01/05/2009,1.459
01/02/2009,1.461
12/31/2008,1.41
12/30/2008,1.3205
12/29/2008,1.3045
12/26/2008,1.295
12/24/2008,1.2655
12/23/2008,1.273
12/22/2008,1.339
12/19/2008,1.3215
12/18/2008,1.2945
12/17/2008,1.3665
12/16/2008,1.374
12/15/2008,1.4035
12/12/2008,1.425
12/11/2008,1.5065
12/10/2008,1.49
12/09/2008,1.4405
12/08/2008,1.4935
12/05/2008,1.3735
12/04/2008,1.471
12/03/2008,1.5545
12/02/2008,1.6
12/01/2008,1.6235
11/28/2008,1.644
11/26/2008,1.686
11/25/2008,1.653
11/24/2008,1.6725
11/21/2008,1.579
11/20/2008,1.576
11/19/2008,1.604
11/18/2008,1.665
11/17/2008,1.66
11/14/2008,1.7105
11/13/2008,1.6255
11/12/2008,1.6585
11/11/2008,1.6505
11/10/2008,1.7555
11/07/2008,1.6995
11/06/2008,1.7225
11/05/2008,1.819
11/04/2008,1.961
11/03/2008,1.844
10/31/2008,1.8345
10/30/2008,1.8955
10/29/2008,2.088
10/28/2008,1.8585
10/27/2008,1.805
10/24/2008,1.6865
10/23/2008,1.8045
10/22/2008,1.8655
10/21/2008,2.007
10/20/2008,2.1165
10/17/2008,2.1795
10/16/2008,2.0855
10/15/2008,2.2105
10/14/2008,2.3945
10/13/2008,2.3125
10/10/2008,2.1445
10/09/2008,2.406
10/08/2008,2.355
10/07/2008,2.5345
10/06/2008,2.493
10/03/2008,2.69
10/02/2008,2.6275
10/01/2008,2.7895
09/30/2008,2.879
09/29/2008,2.9065
09/26/2008,3.079
09/25/2008,3.14
09/24/2008,3.1115
09/23/2008,3.157
09/22/2008,3.259
09/19/2008,3.1795
09/18/2008,3.077
09/17/2008,3.0525
09/16/2008,3.096
09/15/2008,3.1465
09/12/2008,3.198
09/11/2008,3.131
09/10/2008,3.121
09/09/2008,3.095
09/08/2008,3.1045
09/05/2008,3.111
09/04/2008,3.279
09/03/2008,3.328
09/02/2008,3.289
08/29/2008,3.3995
08/28/2008,3.4105
08/27/2008,3.465
08/26/2008,3.434
08/25/2008,3.479
08/22/2008,3.4705
08/21/2008,3.546
08/20/2008,3.4005
08/19/2008,3.4305
08/18/2008,3.314
08/15/2008,3.3215
08/14/2008,3.305
08/13/2008,3.35
08/12/2008,3.228
08/11/2008,3.293
08/08/2008,3.334
08/07/2008,3.418
08/06/2008,3.4225
08/05/2008,3.4145
08/04/2008,3.4385
08/01/2008,3.5735
07/31/2008,3.656
07/30/2008,3.64
07/29/2008,3.5905
07/28/2008,3.612
07/25/2008,3.605
07/24/2008,3.577
07/23/2008,3.6575
07/22/2008,3.6905
07/21/2008,3.681
07/18/2008,3.669
07/17/2008,3.715
07/16/2008,3.6505
07/15/2008,3.7
07/14/2008,3.752
07/11/2008,3.74
07/10/2008,3.7185
07/09/2008,3.739
07/08/2008,3.6965
07/07/2008,3.849
07/03/2008,3.949
07/02/2008,4.0635
07/01/2008,3.9105
06/30/2008,3.8825
06/27/2008,3.878
06/26/2008,3.829
06/25/2008,3.7755
06/24/2008,3.7875
06/23/2008,3.809
06/20/2008,3.8315
06/19/2008,3.779
06/18/2008,3.7475
06/17/2008,3.65
06/16/2008,3.665
06/13/2008,3.59
06/12/2008,3.539
06/11/2008,3.58
06/10/2008,3.562
06/09/2008,3.614
06/06/2008,3.6245
06/05/2008,3.5445
06/04/2008,3.5455
06/03/2008,3.5795
06/02/2008,3.598
05/30/2008,3.606
05/29/2008,3.56
05/28/2008,3.695
05/27/2008,3.716
05/23/2008,3.736
05/22/2008,3.7125
05/21/2008,3.7445
05/20/2008,3.7765
05/19/2008,3.7755
05/16/2008,3.8265
05/15/2008,3.7385
05/14/2008,3.681
05/13/2008,3.7315
05/12/2008,3.7495
05/09/2008,3.7165
05/08/2008,3.7875
05/07/2008,3.834
05/06/2008,3.8785
05/05/2008,3.9475
05/02/2008,3.8205
05/01/2008,3.6945
04/30/2008,3.9045
04/29/2008,3.881
04/28/2008,3.934
04/25/2008,3.915
04/24/2008,3.876
04/23/2008,3.903
04/22/2008,3.9605
04/21/2008,3.8665
04/18/2008,3.8905
04/17/2008,3.913
04/16/2008,3.9555
04/15/2008,3.859
04/14/2008,3.8965
04/11/2008,3.9435
04/10/2008,3.919
04/09/2008,3.994
04/08/2008,3.887
04/07/2008,3.974
04/04/2008,3.9515
04/03/2008,3.894
04/02/2008,3.875
04/01/2008,3.804
03/31/2008,3.827
03/28/2008,3.8275
03/27/2008,3.873
03/26/2008,3.725
03/25/2008,3.6785
03/24/2008,3.6225
03/20/2008,3.5735
03/19/2008,3.6335
03/18/2008,3.7465
03/17/2008,3.685
03/14/2008,3.828
03/13/2008,3.825
03/12/2008,3.837
03/11/2008,3.7855
03/10/2008,3.795
03/07/2008,3.9215
03/06/2008,3.9035
03/05/2008,3.982
03/04/2008,3.8215
03/03/2008,3.9285
02/29/2008,3.855
02/28/2008,3.878
02/27/2008,3.8465
02/26/2008,3.787
02/25/2008,3.748
02/22/2008,3.7975
02/21/2008,3.817
02/20/2008,3.714
02/19/2008,3.7265
02/15/2008,3.531
02/14/2008,3.4945
02/13/2008,3.537
02/12/2008,3.5655
02/11/2008,3.562
02/08/2008,3.5345
02/07/2008,3.4615
02/06/2008,3.319
02/05/2008,3.2235
02/04/2008,3.31
02/01/2008,3.2835
01/31/2008,3.307
01/30/2008,3.236
01/29/2008,3.299
01/28/2008,3.1895
01/25/2008,3.184
01/24/2008,3.1715
01/23/2008,3.072
01/22/2008,3.1965
01/18/2008,3.2345
01/17/2008,3.182
01/16/2008,3.1725
01/15/2008,3.2415
01/14/2008,3.339
01/11/2008,3.304
01/10/2008,3.2815
01/09/2008,3.2835
01/08/2008,3.2985
01/07/2008,3.141
01/04/2008,3.1575
01/03/2008,3.188
01/02/2008,3.064
12/31/2007,3.041
12/28/2007,3.072
12/27/2007,3.12
12/26/2007,3.165
12/24/2007,3.151
12/21/2007,3.096
12/20/2007,2.9645
12/19/2007,2.9555
12/18/2007,2.8825
12/17/2007,2.888
12/14/2007,2.9565
12/13/2007,2.9595
12/12/2007,3.0335
12/11/2007,3.083
12/10/2007,3.086
12/07/2007,3.1175
12/06/2007,3.0415
12/05/2007,3.037
12/04/2007,3.02
12/03/2007,3.0745
11/30/2007,3.1785
11/29/2007,3.088
11/28/2007,3.017
11/27/2007,2.9775
11/26/2007,3.0365
11/23/2007,3.0095
11/21/2007,2.907
11/20/2007,3.0435
11/19/2007,2.9995
11/16/2007,3.1755
11/15/2007,3.0955
11/14/2007,3.311
11/13/2007,3.123
11/12/2007,3.123
11/09/2007,3.1585
11/08/2007,3.2155
11/07/2007,3.2695
11/06/2007,3.3505
11/05/2007,3.3115
11/02/2007,3.3325
11/01/2007,3.37
10/31/2007,3.4795
10/30/2007,3.4885
10/29/2007,3.521
10/26/2007,3.5375
10/25/2007,3.486
10/24/2007,3.4525
10/23/2007,3.5135
10/22/2007,3.4865
10/19/2007,3.5515
10/18/2007,3.5415
10/17/2007,3.596
10/16/2007,3.641
10/15/2007,3.686
10/12/2007,3.6525
10/11/2007,3.669
10/10/2007,3.694
10/09/2007,3.6175
10/08/2007,3.613
10/05/2007,3.7255
10/04/2007,3.738
10/03/2007,3.7635
10/02/2007,3.711
10/01/2007,3.6915
09/28/2007,3.64
09/27/2007,3.648
09/26/2007,3.612
09/25/2007,3.624
09/24/2007,3.64
09/21/2007,3.586
09/20/2007,3.591
09/19/2007,3.5755
09/18/2007,3.4475
09/17/2007,3.4195
09/14/2007,3.3905
09/13/2007,3.3965
09/12/2007,3.36
09/11/2007,3.3875
09/10/2007,3.256
09/07/2007,3.2515
09/06/2007,3.3065
09/05/2007,3.2695
09/04/2007,3.3135
08/31/2007,3.403
08/30/2007,3.352
08/29/2007,3.351
08/28/2007,3.3165
08/27/2007,3.361
08/24/2007,3.3495
08/23/2007,3.2755
08/22/2007,3.22
08/21/2007,3.1585
08/20/2007,3.1655
08/17/2007,3.1495
08/16/2007,3.0925
08/15/2007,3.326
08/14/2007,3.364
08/13/2007,3.4365
08/10/2007,3.3555
08/09/2007,3.3595
08/08/2007,3.439
08/07/2007,3.5075
08/06/2007,3.4735
08/03/2007,3.48
08/02/2007,3.57
08/01/2007,3.5805
07/31/2007,3.642
07/30/2007,3.5845
07/27/2007,3.547
07/26/2007,3.5225
07/25/2007,3.5555
07/24/2007,3.6195
07/23/2007,3.6565
07/20/2007,3.7055
07/19/2007,3.662
07/18/2007,3.563
07/17/2007,3.5525
07/16/2007,3.562
07/13/2007,3.593
07/12/2007,3.581
07/11/2007,3.6215
07/10/2007,3.61
07/09/2007,3.6295
07/06/2007,3.5945
07/05/2007,3.5935
07/03/2007,3.545
07/02/2007,3.527
06/29/2007,3.4505
06/28/2007,3.4275
06/27/2007,3.3595
06/26/2007,3.3185
06/25/2007,3.401
06/22/2007,3.3865
06/21/2007,3.4045
06/20/2007,3.444
06/19/2007,3.3995
06/18/2007,3.4215
06/15/2007,3.425
06/14/2007,3.392
06/13/2007,3.317
06/12/2007,3.287
06/11/2007,3.3555
06/08/2007,3.2575
06/07/2007,3.3785
06/06/2007,3.404
06/05/2007,3.44
06/04/2007,3.465
06/01/2007,3.401
05/31/2007,3.3915
05/30/2007,3.3
05/29/2007,3.32
05/25/2007,3.3205
05/24/2007,3.1805
05/23/2007,3.3005
05/22/2007,3.3025
05/21/2007,3.4005
05/18/2007,3.3235
05/17/2007,3.3065
05/16/2007,3.4225
05/15/2007,3.5375
05/14/2007,3.497
05/11/2007,3.604
05/10/2007,3.5665
05/09/2007,3.679
05/08/2007,3.7225
05/07/2007,3.7155
05/04/2007,3.7585
05/03/2007,3.7265
05/02/2007,3.6445
05/01/2007,3.6345
04/30/2007,3.5565
04/27/2007,3.5325
04/26/2007,3.5005
04/25/2007,3.6005
04/24/2007,3.5605
04/23/2007,3.6415
04/20/2007,3.617
04/19/2007,3.5915
04/18/2007,3.6215
04/17/2007,3.6785
04/16/2007,3.5415
04/13/2007,3.535
04/12/2007,3.503
04/11/2007,3.586
04/10/2007,3.528
04/09/2007,3.5075
04/05/2007,3.375
04/04/2007,3.3835
04/03/2007,3.3095
04/02/2007,3.1765
03/30/2007,3.144
03/29/2007,3.086
03/28/2007,3.0625
03/27/2007,3.0575
03/26/2007,3.1385
03/23/2007,3.069
03/22/2007,3.073
03/21/2007,3.019
03/20/2007,3.034
03/19/2007,3.0215
03/16/2007,3.011
03/15/2007,2.988
03/14/2007,2.826
03/13/2007,2.8245
03/12/2007,2.849
03/09/2007,2.784
03/08/2007,2.8335
03/07/2007,2.782
03/06/2007,2.7135
03/05/2007,2.6705
03/02/2007,2.707
03/01/2007,2.7545
02/28/2007,2.752
02/27/2007,2.825
02/26/2007,2.8665
02/23/2007,2.849
02/22/2007,2.774
02/21/2007,2.6625
02/20/2007,2.5955
02/16/2007,2.6545
02/15/2007,2.6745
02/14/2007,2.587
02/13/2007,2.595
02/12/2007,2.489
02/09/2007,2.5275
02/08/2007,2.459
02/07/2007,2.462
02/06/2007,2.502
02/05/2007,2.4235
02/02/2007,2.432
02/01/2007,2.5395
01/31/2007,2.6015
01/30/2007,2.5705
01/29/2007,2.542
01/26/2007,2.637
01/25/2007,2.6545
01/24/2007,2.6015
01/23/2007,2.5795
01/22/2007,2.5295
01/19/2007,2.517
01/18/2007,2.492
01/17/2007,2.5695
01/16/2007,2.5775
01/12/2007,2.603
01/11/2007,2.659
01/10/2007,2.664
01/09/2007,2.556
01/08/2007,2.528
01/05/2007,2.535
01/04/2007,2.602
01/03/2007,2.649
01/02/2007,2.871
12/29/2006,2.871
12/28/2006,2.895
12/27/2006,2.9045
12/26/2006,2.873
12/22/2006,2.854
12/21/2006,2.8805
12/20/2006,2.9575
12/19/2006,3.0175
12/18/2006,3.0295
12/15/2006,3.0165
12/14/2006,3.0575
12/13/2006,3.033
12/12/2006,3.0945
12/11/2006,3.131
12/08/2006,3.117
12/07/2006,3.107
12/06/2006,3.1565
12/05/2006,3.2425
12/04/2006,3.1695
12/01/2006,3.1655
11/30/2006,3.189
11/29/2006,3.1485
11/28/2006,3.1505
11/27/2006,3.1995
11/24/2006,3.122
11/23/2006,3.141
11/22/2006,3.122
11/21/2006,3.1295
11/20/2006,3.0565
11/17/2006,3.071
11/16/2006,3.054
11/15/2006,3.105
11/14/2006,3.1
11/13/2006,3.0885
11/10/2006,3.1
11/09/2006,3.319
11/08/2006,3.254
11/07/2006,3.3725
11/06/2006,3.342
11/03/2006,3.3275
11/02/2006,3.2985
11/01/2006,3.2435
10/31/2006,3.349
10/30/2006,3.3605
10/27/2006,3.405
10/26/2006,3.4
10/25/2006,3.4045
10/24/2006,3.418
10/23/2006,3.451
10/20/2006,3.462
10/19/2006,3.5095
10/18/2006,3.496
10/17/2006,3.496
10/16/2006,3.581
10/13/2006,3.4135
10/12/2006,3.3865
10/11/2006,3.41
10/10/2006,3.378
10/09/2006,3.413
10/06/2006,3.3885
10/05/2006,3.3
10/04/2006,3.2055
10/03/2006,3.2825
10/02/2006,3.4295
09/29/2006,3.4605
09/28/2006,3.428
09/27/2006,3.4855
09/26/2006,3.4685
09/25/2006,3.45
09/22/2006,3.4435
09/21/2006,3.4285
09/20/2006,3.374
09/19/2006,3.3765
09/18/2006,3.416
09/15/2006,3.3135
09/14/2006,3.378
09/13/2006,3.39
09/12/2006,3.383
09/11/2006,3.4275
09/08/2006,3.5735
09/07/2006,3.656
09/06/2006,3.6865
09/05/2006,3.6345
09/01/2006,3.469
08/31/2006,3.461
08/30/2006,3.3575
08/29/2006,3.389
08/28/2006,3.457
08/25/2006,3.4425
08/24/2006,3.4285
08/23/2006,3.469
08/22/2006,3.493
08/21/2006,3.5145
08/18/2006,3.4245
08/17/2006,3.3425
08/16/2006,3.455
08/15/2006,3.5165
08/14/2006,3.527
08/11/2006,3.4605
08/10/2006,3.61
08/09/2006,3.692
08/08/2006,3.5875
08/07/2006,3.5945
08/04/2006,3.6145
08/03/2006,3.4705
08/02/2006,3.572
08/01/2006,3.573
07/31/2006,3.55
07/28/2006,3.5275
07/27/2006,3.4785
07/26/2006,3.4495
07/25/2006,3.461
07/24/2006,3.382
07/21/2006,3.323
07/20/2006,3.4095
07/19/2006,3.5935
07/18/2006,3.5745
07/17/2006,3.5995
07/14/2006,3.7125
07/13/2006,3.6765
07/12/2006,3.665
07/11/2006,3.635
07/10/2006,3.5825
07/07/2006,3.5475
07/06/2006,3.617
07/05/2006,3.404
07/03/2006,3.355
06/30/2006,3.355
06/29/2006,3.321
06/28/2006,3.242
06/27/2006,3.133
06/26/2006,3.283
06/23/2006,3.2035
06/22/2006,3.0965
06/21/2006,3.155
06/20/2006,3.134
06/19/2006,3.1265
06/16/2006,3.2615
06/15/2006,3.175
06/14/2006,3.021
06/13/2006,2.9895
06/12/2006,3.2135
06/09/2006,3.2525
06/08/2006,3.342
06/07/2006,3.567
06/06/2006,3.4675
06/05/2006,3.586
06/02/2006,3.5695
06/01/2006,3.454
05/31/2006,3.6065
05/30/2006,3.656
05/26/2006,3.815
05/25/2006,3.7075
05/24/2006,3.639
05/23/2006,3.8855
05/22/2006,3.4615
05/19/2006,3.469
05/18/2006,3.711
05/17/2006,3.6715
05/16/2006,3.842
05/15/2006,3.7465
05/12/2006,3.864
05/11/2006,3.923
05/10/2006,3.688
05/09/2006,3.596
05/08/2006,3.5015
05/05/2006,3.4935
05/04/2006,3.4795
05/03/2006,3.305
05/02/2006,3.2765
05/01/2006,3.3205
04/28/2006,3.2205
04/27/2006,3.181
04/26/2006,3.361
04/25/2006,3.3025
04/24/2006,3.104
04/21/2006,3.133
04/20/2006,2.9515
04/19/2006,2.9495
04/18/2006,2.964
04/17/2006,2.893
04/13/2006,2.8115
04/12/2006,2.7695
04/11/2006,2.7205
04/10/2006,2.708
04/07/2006,2.639
04/06/2006,2.644
04/05/2006,2.593
04/04/2006,2.5315
04/03/2006,2.5435
03/31/2006,2.459
03/30/2006,2.4785
03/29/2006,2.4385
03/28/2006,2.4285
03/27/2006,2.43
03/24/2006,2.3945
03/23/2006,2.398
03/22/2006,2.339
03/21/2006,2.324
03/20/2006,2.334
03/17/2006,2.36
03/16/2006,2.2655
03/15/2006,2.2505
03/14/2006,2.254
03/13/2006,2.2455
03/10/2006,2.21
03/09/2006,2.1955
03/08/2006,2.1635
03/07/2006,2.177
03/06/2006,2.1965
03/03/2006,2.264
03/02/2006,2.2675
03/01/2006,2.2355
02/28/2006,2.1785
02/27/2006,2.1305
02/24/2006,2.2105
02/23/2006,2.2045
02/22/2006,2.2625
02/21/2006,2.2685
02/17/2006,2.1935
02/16/2006,2.2115
02/15/2006,2.178
02/14/2006,2.2565
02/13/2006,2.226
02/10/2006,2.2145
02/09/2006,2.294
02/08/2006,2.264
02/07/2006,2.2685
02/06/2006,2.319
02/03/2006,2.2955
02/02/2006,2.2955
02/01/2006,2.238
01/31/2006,2.2155
01/30/2006,2.2165
01/27/2006,2.233
01/26/2006,2.2015
01/25/2006,2.2035
01/24/2006,2.1525
01/23/2006,2.1195
01/20/2006,2.09
01/19/2006,2.111
01/18/2006,2.12
01/17/2006,2.111
01/13/2006,2.1125
01/12/2006,2.0875
01/11/2006,2.095
01/10/2006,2.107
01/09/2006,2.097
01/06/2006,2.086
01/05/2006,2.0605
01/04/2006,2.0975
01/03/2006,2.0485
12/30/2005,2.042
12/29/2005,2.0455
12/28/2005,2.129
12/27/2005,2.1275
12/23/2005,2.1045
12/22/2005,2.071
12/21/2005,2.06
12/20/2005,2.062
12/19/2005,2.054
12/16/2005,2.0695
12/15/2005,2.041
12/14/2005,2.0095
12/13/2005,2.0665
12/12/2005,2.026
12/09/2005,2.07
12/08/2005,2.067
12/07/2005,2.0715
12/06/2005,2.022
12/05/2005,2.0455
12/02/2005,2.021
12/01/2005,2.0395
11/30/2005,1.9655
11/29/2005,1.95
11/28/2005,1.983
11/23/2005,1.929
11/22/2005,1.8995
11/21/2005,1.961
11/18/2005,1.964
11/17/2005,1.931
11/16/2005,1.922
11/15/2005,1.919
11/14/2005,1.9005
11/11/2005,1.89
11/10/2005,1.855
11/09/2005,1.8155
11/08/2005,1.822
11/07/2005,1.8315
11/04/2005,1.829
11/03/2005,1.81
11/02/2005,1.8125
11/01/2005,1.799
10/31/2005,1.792
10/28/2005,1.802
10/27/2005,1.804
10/26/2005,1.818
10/25/2005,1.8245
10/24/2005,1.7845
10/21/2005,1.793
10/20/2005,1.793
10/19/2005,1.806
10/18/2005,1.8255
10/17/2005,1.821
10/14/2005,1.7565
10/13/2005,1.765
10/12/2005,1.7935
10/11/2005,1.835
10/10/2005,1.806
10/07/2005,1.8085
10/06/2005,1.783
10/05/2005,1.7865
10/04/2005,1.766
10/03/2005,1.759
09/30/2005,1.7275
09/29/2005,1.7395
09/28/2005,1.783
09/27/2005,1.762
09/26/2005,1.7705
09/23/2005,1.7305
09/22/2005,1.742
09/21/2005,1.7365
09/20/2005,1.696
09/19/2005,1.6855
09/16/2005,1.622
09/15/2005,1.6315
09/14/2005,1.637
09/13/2005,1.6525
09/12/2005,1.671
09/09/2005,1.626
09/08/2005,1.6445
09/07/2005,1.673
09/06/2005,1.6865
09/02/2005,1.7
09/01/2005,1.674
08/31/2005,1.668
08/30/2005,1.668
08/29/2005,1.6635
08/26/2005,1.683
08/25/2005,1.639
08/24/2005,1.656
08/23/2005,1.678
08/22/2005,1.672
08/19/2005,1.6405
08/18/2005,1.6415
08/17/2005,1.639
08/16/2005,1.6925
08/15/2005,1.685
08/12/2005,1.6545
08/11/2005,1.629
08/10/2005,1.6185
08/09/2005,1.5925
08/08/2005,1.6285
08/05/2005,1.631
08/04/2005,1.6335
08/03/2005,1.6505
08/02/2005,1.6415
08/01/2005,1.642
07/29/2005,1.6225
07/28/2005,1.623
07/27/2005,1.627
07/26/2005,1.606
07/25/2005,1.618
07/22/2005,1.6035
07/21/2005,1.57
07/20/2005,1.5915
07/19/2005,1.5865
07/18/2005,1.5665
07/15/2005,1.562
07/14/2005,1.547
07/13/2005,1.5495
07/12/2005,1.539
07/11/2005,1.561
07/08/2005,1.556
07/07/2005,1.5355
07/06/2005,1.53
07/05/2005,1.509
07/01/2005,1.4735
06/30/2005,1.51
06/29/2005,1.562
06/28/2005,1.578
06/27/2005,1.587
06/24/2005,1.5805
06/23/2005,1.56
06/22/2005,1.5685
06/21/2005,1.5805
06/20/2005,1.5715
06/17/2005,1.582
06/16/2005,1.549
06/15/2005,1.5285
06/14/2005,1.508
06/13/2005,1.517
06/10/2005,1.5335
06/09/2005,1.517
06/08/2005,1.519
06/07/2005,1.516
06/06/2005,1.529
06/03/2005,1.5225
06/02/2005,1.4835
06/01/2005,1.4495
05/31/2005,1.4225
05/27/2005,1.4165
05/26/2005,1.4495
05/25/2005,1.4195
05/24/2005,1.405
05/23/2005,1.3885
05/20/2005,1.375
05/19/2005,1.363
05/18/2005,1.376
05/17/2005,1.3485
05/16/2005,1.346
05/13/2005,1.3525
05/12/2005,1.376
05/11/2005,1.4425
05/10/2005,1.457
05/09/2005,1.4465
05/06/2005,1.441
05/05/2005,1.43
05/04/2005,1.429
05/03/2005,1.4435
05/02/2005,1.455
04/29/2005,1.464
04/28/2005,1.444
04/27/2005,1.4545
04/26/2005,1.465
04/25/2005,1.488
04/22/2005,1.487
04/21/2005,1.4825
04/20/2005,1.5075
04/19/2005,1.4705
04/18/2005,1.444
04/15/2005,1.444
04/14/2005,1.4275
04/13/2005,1.4575
04/12/2005,1.492
04/11/2005,1.5205
04/08/2005,1.504
04/07/2005,1.503
04/06/2005,1.504
04/05/2005,1.4805
04/04/2005,1.491
04/01/2005,1.4805
03/31/2005,1.497
03/30/2005,1.487
03/29/2005,1.4705
03/28/2005,1.4545
03/24/2005,1.4535
03/23/2005,1.4445
03/22/2005,1.4975
03/21/2005,1.489
03/18/2005,1.507
03/17/2005,1.5045
03/16/2005,1.506
03/15/2005,1.4905
03/14/2005,1.4705
03/11/2005,1.479
03/10/2005,1.496
03/09/2005,1.5035
03/08/2005,1.4995
03/07/2005,1.4965
03/04/2005,1.494
03/03/2005,1.476
03/02/2005,1.477
03/01/2005,1.4645
02/28/2005,1.4985
02/25/2005,1.486
02/24/2005,1.484
02/23/2005,1.498
02/22/2005,1.491
02/18/2005,1.4905
02/17/2005,1.49
02/16/2005,1.4445
02/15/2005,1.453
02/14/2005,1.4345
02/11/2005,1.4175
02/10/2005,1.42
02/09/2005,1.382
02/08/2005,1.383
02/07/2005,1.382
02/04/2005,1.3685
02/03/2005,1.3805
02/02/2005,1.3845
02/01/2005,1.4055
01/31/2005,1.421
01/28/2005,1.423
01/27/2005,1.427
01/26/2005,1.4355
01/25/2005,1.429
01/24/2005,1.43
01/21/2005,1.4345
01/20/2005,1.415
01/19/2005,1.4095
01/18/2005,1.4015
01/14/2005,1.399
01/13/2005,1.381
01/12/2005,1.404
01/11/2005,1.397
01/10/2005,1.3695
01/07/2005,1.37
01/06/2005,1.375
01/05/2005,1.375
01/04/2005,1.343
01/03/2005,1.4735
12/30/2004,1.4525
12/29/2004,1.445
12/28/2004,1.472
12/27/2004,1.4565
12/23/2004,1.4375
12/22/2004,1.4245
12/21/2004,1.4575
12/20/2004,1.4325
12/17/2004,1.4115
12/16/2004,1.402
12/15/2004,1.3995
12/14/2004,1.378
12/13/2004,1.369
12/10/2004,1.339
12/09/2004,1.3295
12/08/2004,1.3275
12/07/2004,1.364
12/06/2004,1.394
12/03/2004,1.401
12/02/2004,1.3875
12/01/2004,1.447
11/30/2004,1.439
11/29/2004,1.4435
11/24/2004,1.436
11/23/2004,1.4175
11/22/2004,1.409
11/19/2004,1.424
11/18/2004,1.417
11/17/2004,1.4
11/16/2004,1.362
11/15/2004,1.3845
11/12/2004,1.3925
11/11/2004,1.3685
11/10/2004,1.358
11/09/2004,1.3705
11/08/2004,1.3565
11/05/2004,1.3575
11/04/2004,1.3415
11/03/2004,1.325
11/02/2004,1.3155
11/01/2004,1.3025
10/29/2004,1.3325
10/28/2004,1.2485
10/27/2004,1.288
10/26/2004,1.2815
10/25/2004,1.2765
10/22/2004,1.3055
10/21/2004,1.3135
10/20/2004,1.3015
10/19/2004,1.297
10/18/2004,1.284
10/15/2004,1.309
10/14/2004,1.2695
10/13/2004,1.288
10/12/2004,1.448
10/11/2004,1.4685
10/08/2004,1.4695
10/07/2004,1.4275
10/06/2004,1.423
10/05/2004,1.4015
10/04/2004,1.397
10/01/2004,1.404
09/30/2004,1.396
09/29/2004,1.393
09/28/2004,1.371
09/27/2004,1.379
09/24/2004,1.3575
09/23/2004,1.359
09/22/2004,1.3705
09/21/2004,1.3415
09/20/2004,1.319
09/17/2004,1.301
09/16/2004,1.3
09/15/2004,1.27
09/14/2004,1.2795
09/13/2004,1.285
09/10/2004,1.2805
09/09/2004,1.2645
09/08/2004,1.257
09/07/2004,1.272
09/03/2004,1.2395
09/02/2004,1.248
09/01/2004,1.277
08/31/2004,1.2815
08/30/2004,1.265
08/27/2004,1.261
08/26/2004,1.252
08/25/2004,1.2415
08/24/2004,1.241
08/23/2004,1.2415
08/20/2004,1.2665
08/19/2004,1.2895
08/18/2004,1.2685
08/17/2004,1.303
08/16/2004,1.31
08/13/2004,1.312
08/12/2004,1.264
08/11/2004,1.269
08/10/2004,1.254
08/09/2004,1.2385
08/06/2004,1.272
08/05/2004,1.271
08/04/2004,1.2855
08/03/2004,1.293
08/02/2004,1.2915
07/30/2004,1.298
07/29/2004,1.282
07/28/2004,1.271
07/27/2004,1.221
07/26/2004,1.25
07/23/2004,1.248
07/22/2004,1.287
07/21/2004,1.275
07/20/2004,1.2855
07/19/2004,1.305
07/16/2004,1.3105
07/15/2004,1.2875
07/14/2004,1.277
07/13/2004,1.278
07/12/2004,1.2775
07/09/2004,1.281
07/08/2004,1.251
07/07/2004,1.255
07/06/2004,1.218
07/02/2004,1.22
07/01/2004,1.222
06/30/2004,1.208
06/29/2004,1.175
06/28/2004,1.2105
06/25/2004,1.2105
06/24/2004,1.2245
06/23/2004,1.196
06/22/2004,1.166
06/21/2004,1.198
06/18/2004,1.1955
06/17/2004,1.2015
06/16/2004,1.181
06/15/2004,1.1925
06/14/2004,1.155
06/10/2004,1.174
06/09/2004,1.165
06/08/2004,1.2375
06/07/2004,1.264
06/04/2004,1.229
06/03/2004,1.2435
06/02/2004,1.2455
06/01/2004,1.29
05/28/2004,1.2745
05/27/2004,1.2665
05/26/2004,1.2315
05/25/2004,1.234
05/24/2004,1.234
05/21/2004,1.222
05/20/2004,1.1865
05/19/2004,1.1965
05/18/2004,1.1535
05/17/2004,1.1445
05/14/2004,1.178
05/13/2004,1.179
05/12/2004,1.1875
05/11/2004,1.194
05/10/2004,1.1675
05/07/2004,1.1905
05/06/2004,1.237
05/05/2004,1.242
05/04/2004,1.2285
05/03/2004,1.2255
04/30/2004,1.2075
04/29/2004,1.1925
04/28/2004,1.1775
04/27/2004,1.2375
04/26/2004,1.2435
04/23/2004,1.244
04/22/2004,1.228
04/21/2004,1.2295
04/20/2004,1.311
04/19/2004,1.357
04/16/2004,1.34
04/15/2004,1.2905
04/14/2004,1.2965
04/13/2004,1.2825
04/12/2004,1.29
04/08/2004,1.307
04/07/2004,1.311
04/06/2004,1.318
04/05/2004,1.3095
04/02/2004,1.347
04/01/2004,1.371
03/31/2004,1.358
03/30/2004,1.3385
03/29/2004,1.358
03/26/2004,1.3485
03/25/2004,1.3435
03/24/2004,1.3545
03/23/2004,1.359
03/22/2004,1.353
03/19/2004,1.378
03/18/2004,1.371
03/17/2004,1.3505
03/16/2004,1.366
03/15/2004,1.349
03/12/2004,1.3135
03/11/2004,1.339
03/10/2004,1.287
03/09/2004,1.272
03/08/2004,1.297
03/05/2004,1.343
03/04/2004,1.3225
03/03/2004,1.3065
03/02/2004,1.376
03/01/2004,1.3985
02/27/2004,1.346
02/26/2004,1.354
02/25/2004,1.311
02/24/2004,1.3275
02/23/2004,1.3125
02/20/2004,1.3055
02/19/2004,1.325
02/18/2004,1.2945
02/17/2004,1.293
02/13/2004,1.236
02/12/2004,1.2345
02/11/2004,1.211
02/10/2004,1.1745
02/09/2004,1.1825
02/06/2004,1.1765
02/05/2004,1.1705
02/04/2004,1.171
02/03/2004,1.165
02/02/2004,1.1405
01/30/2004,1.142
01/29/2004,1.1195
01/28/2004,1.1325
01/27/2004,1.114
01/26/2004,1.1165
01/23/2004,1.1245
01/22/2004,1.12
01/21/2004,1.1175
01/20/2004,1.1175
01/16/2004,1.094
01/15/2004,1.084
01/14/2004,1.094
01/13/2004,1.0855
01/12/2004,1.0825
01/09/2004,1.1035
01/08/2004,1.1085
01/07/2004,1.0665
01/06/2004,1.0705
01/05/2004,1.087
03/24/2026,5.523
03/23/2026,5.4725
03/20/2026,5.3745
03/19/2026,5.469
03/18/2026,5.594
03/17/2026,5.767
03/16/2026,5.8315
03/13/2026,5.757
03/12/2026,5.868
03/11/2026,5.8915
03/10/2026,5.952
03/09/2026,5.8485
03/06/2026,5.807
03/05/2026,5.8045
03/04/2026,5.9075
03/03/2026,5.826
03/02/2026,5.948
02/27/2026,6.0595
02/26/2026,6.005
02/25/2026,6.0155
02/24/2026,5.961
02/23/2026,5.8105
02/20/2026,5.8995
02/19/2026,5.7985
02/18/2026,5.863
02/17/2026,5.704
02/16/2026,5.7593
02/15/2026,5.7778
02/13/2026,5.803
02/12/2026,5.7855
02/11/2026,5.9655
02/10/2026,5.9135
02/09/2026,5.9625
02/06/2026,5.882
02/05/2026,5.821
02/04/2026,5.85
02/03/2026,6.0865
02/02/2026,5.8255
01/30/2026,5.924
01/29/2026,6.2035
01/28/2026,5.898
01/27/2026,5.8335
01/26/2026,5.991
01/23/2026,5.9475
01/22/2026,5.779
01/21/2026,5.768
01/20/2026,5.8125
01/19/2026,5.8965
01/18/2026,5.8993
01/16/2026,5.831
01/15/2026,5.9915
01/14/2026,6.0555
01/13/2026,6.016
01/12/2026,6.0315
01/09/2026,5.9025
01/08/2026,5.7965
01/07/2026,5.8605
01/06/2026,6.0625
01/05/2026,5.9755
01/02/2026,5.6915
03/25/2026,5.529
03/26/2026,5.4465
03/27/2026,5.467
03/30/2026,5.476
03/31/2026,5.5875
04/01/2026,5.624
04/02/2026,5.563
04/06/2026,5.5835
04/07/2026,5.5445
04/08/2026,5.7595
04/09/2026,5.748
04/10/2026,5.8705
04/13/2026,5.976
04/14/2026,6.0705
04/15/2026,6.072
04/16/2026,6.0665
04/17/2026,6.1035
04/20/2026,6.036
04/21/2026,6.0015
04/22/2026,6.12
04/23/2026,6.0755
04/24/2026,6.0235
04/27/2026,6.018
04/28/2026,5.9145
04/29/2026,5.8785
04/30/2026,5.926
05/01/2026,5.932
05/04/2026,5.795
05/05/2026,5.943
05/06/2026,6.1365
05/07/2026,6.1275
05/08/2026,6.249
05/11/2026,6.4135
05/12/2026,6.485
05/13/2026,6.6355
05/14/2026,6.5675
05/15/2026,6.2515
05/18/2026,6.272
05/19/2026,6.165
05/20/2026,6.2905
05/21/2026,6.257
05/22/2026,6.342
05/26/2026,6.361
05/27/2026,6.305
05/28/2026,6.396
05/29/2026,6.3595
06/01/2026,6.524
06/02/2026,6.6495
06/03/2026,6.481
06/04/2026,6.511
06/05/2026,6.2635
