Date,Price,High,Low,Open
01/03/2000,"1,137.58","1,142.94","1,125.43","1,125.43"
01/04/2000,"1,121.94","1,137.47","1,121.94","1,137.47"
01/05/2000,"1,124.19","1,124.19","1,117.05","1,122.05"
01/06/2000,"1,120.59","1,124.19","1,116.49","1,124.19"
01/07/2000,"1,127.57","1,127.57","1,120.29","1,120.70"
01/10/2000,"1,146.92","1,146.92","1,127.79","1,127.79"
01/11/2000,"1,142.08","1,147.15","1,138.59","1,147.15"
01/12/2000,"1,153.56","1,153.56","1,107.36","1,142.43"
01/13/2000,"1,196.10","1,202.31","1,153.68","1,153.68"
01/14/2000,"1,214.33","1,214.33","1,196.11","1,196.11"
01/17/2000,"1,229.52","1,229.52","1,199.15","1,214.45"
01/18/2000,"1,216.58","1,237.80","1,216.58","1,229.65"
01/19/2000,"1,210.84","1,217.49","1,210.84","1,217.49"
01/20/2000,"1,210.73","1,210.85","1,209.07","1,210.85"
01/21/2000,"1,208.25","1,210.96","1,205.77","1,210.96"
01/24/2000,"1,180.68","1,208.38","1,180.68","1,208.38"
01/25/2000,"1,166.50","1,180.80","1,162.72","1,180.80"
01/26/2000,"1,166.16","1,170.62","1,166.16","1,166.51"
01/27/2000,"1,161.55","1,166.17","1,158.79","1,166.17"
01/28/2000,"1,163.13","1,163.97","1,161.67","1,161.67"
01/31/2000,"1,151.42","1,163.25","1,147.39","1,163.25"
02/01/2000,"1,151.31","1,151.31","1,146.51","1,150.08"
02/02/2000,"1,165.15","1,165.15","1,151.43","1,151.43"
02/03/2000,"1,186.08","1,186.08","1,166.06","1,166.06"
02/04/2000,"1,214.21","1,214.21","1,186.20","1,186.20"
02/07/2000,"1,213.65","1,214.34","1,206.03","1,214.34"
02/08/2000,"1,232.44","1,232.44","1,213.89","1,213.89"
02/09/2000,"1,225.92","1,232.57","1,225.92","1,232.57"
02/10/2000,"1,218.15","1,226.04","1,215.70","1,226.04"
02/11/2000,"1,223.44","1,223.44","1,218.28","1,218.28"
02/14/2000,"1,201.72","1,223.57","1,201.72","1,223.57"
02/15/2000,"1,190.25","1,201.40","1,189.56","1,201.40"
02/16/2000,"1,172.24","1,190.37","1,172.24","1,190.37"
02/17/2000,"1,164.03","1,172.25","1,161.15","1,172.25"
02/18/2000,"1,135.89","1,164.03","1,135.89","1,164.03"
02/21/2000,"1,133.87","1,135.79","1,131.26","1,135.79"
02/22/2000,"1,106.07","1,133.87","1,106.07","1,133.87"
02/23/2000,"1,110.01","1,110.01","1,105.78","1,106.19"
02/24/2000,"1,093.24","1,112.92","1,093.24","1,107.65"
02/25/2000,"1,077.94","1,093.36","1,077.94","1,093.36"
02/28/2000,"1,079.63","1,079.63","1,071.27","1,077.94"
02/29/2000,"1,106.18","1,106.18","1,079.85","1,079.85"
03/01/2000,"1,131.62","1,131.62","1,102.73","1,104.05"
03/02/2000,"1,132.18","1,132.18","1,126.65","1,128.58"
03/03/2000,"1,145.01","1,145.01","1,132.30","1,132.30"
03/06/2000,"1,136.12","1,145.13","1,131.38","1,145.13"
03/07/2000,"1,118.56","1,136.24","1,118.18","1,136.24"
03/08/2000,"1,138.48","1,138.48","1,117.55","1,117.55"
03/09/2000,"1,121.83","1,138.71","1,121.83","1,138.71"
03/10/2000,"1,123.18","1,124.05","1,121.83","1,121.83"
03/13/2000,"1,107.20","1,123.29","1,107.13","1,123.29"
03/14/2000,"1,101.80","1,106.19","1,098.64","1,106.19"
03/15/2000,"1,105.85","1,105.85","1,095.18","1,101.12"
03/16/2000,"1,109.00","1,109.00","1,105.67","1,105.96"
03/17/2000,"1,121.15","1,121.15","1,108.37","1,114.85"
03/20/2000,"1,124.30","1,124.61","1,121.18","1,122.39"
03/21/2000,"1,130.72","1,130.72","1,121.96","1,124.98"
03/22/2000,"1,128.80","1,139.37","1,128.80","1,134.21"
03/23/2000,"1,133.30","1,133.30","1,123.86","1,128.92"
03/24/2000,"1,149.17","1,149.17","1,131.96","1,131.96"
03/27/2000,"1,155.59","1,155.59","1,148.30","1,149.29"
03/28/2000,"1,143.99","1,158.52","1,143.99","1,158.52"
03/29/2000,"1,135.55","1,144.11","1,135.55","1,144.11"
03/30/2000,"1,121.60","1,137.25","1,115.93","1,137.25"
03/31/2000,"1,128.58","1,128.58","1,121.72","1,121.72"
04/03/2000,"1,119.35","1,129.93","1,117.73","1,129.93"
04/04/2000,"1,102.81","1,128.47","1,102.81","1,128.47"
04/05/2000,"1,120.48","1,120.48","1,099.24","1,102.92"
04/06/2000,"1,129.03","1,132.90","1,119.08","1,121.15"
04/07/2000,"1,155.25","1,155.25","1,130.50","1,130.50"
04/10/2000,"1,146.70","1,155.37","1,145.62","1,155.37"
04/11/2000,"1,141.97","1,146.70","1,141.04","1,146.70"
04/12/2000,"1,126.89","1,141.86","1,126.89","1,141.86"
04/13/2000,"1,111.81","1,127.01","1,111.81","1,127.01"
04/14/2000,"1,092.12","1,111.81","1,089.99","1,111.81"
04/17/2000,"1,080.64","1,092.01","1,066.20","1,092.01"
04/18/2000,"1,083.12","1,096.41","1,077.70","1,080.75"
04/19/2000,"1,083.23","1,083.68","1,080.22","1,083.68"
04/20/2000,"1,093.81","1,093.81","1,082.55","1,082.55"
04/24/2000,"1,078.84","1,094.26","1,078.26","1,094.26"
04/25/2000,"1,098.87","1,098.87","1,078.95","1,078.95"
04/26/2000,"1,097.97","1,098.20","1,096.63","1,098.20"
04/27/2000,"1,091.44","1,098.08","1,088.82","1,098.08"
04/28/2000,"1,075.01","1,092.01","1,075.01","1,092.01"
05/02/2000,"1,079.74","1,079.74","1,075.31","1,076.02"
05/03/2000,"1,064.21","1,082.10","1,064.21","1,082.10"
05/04/2000,"1,064.32","1,065.56","1,058.91","1,065.56"
05/05/2000,"1,082.67","1,082.67","1,067.25","1,067.25"
05/08/2000,"1,074.34","1,082.78","1,073.64","1,082.78"
05/09/2000,"1,078.05","1,078.05","1,071.07","1,074.34"
05/10/2000,"1,070.96","1,077.94","1,070.96","1,077.94"
05/11/2000,"1,082.67","1,082.67","1,071.75","1,071.75"
05/12/2000,"1,124.86","1,124.86","1,082.78","1,082.78"
05/15/2000,"1,166.16","1,166.16","1,125.32","1,125.32"
05/16/2000,"1,165.15","1,178.76","1,165.09","1,166.28"
05/17/2000,"1,150.41","1,165.38","1,145.36","1,165.38"
05/18/2000,"1,149.51","1,150.64","1,141.60","1,150.64"
05/19/2000,"1,147.48","1,151.87","1,136.56","1,149.63"
05/22/2000,"1,128.92","1,147.83","1,128.92","1,147.83"
05/23/2000,"1,127.00","1,130.27","1,127.00","1,130.27"
05/24/2000,"1,130.83","1,130.83","1,121.85","1,130.16"
05/25/2000,"1,117.55","1,131.62","1,117.55","1,131.62"
05/26/2000,"1,105.51","1,117.67","1,105.51","1,117.67"
05/29/2000,"1,106.18","1,107.70","1,099.20","1,105.62"
05/30/2000,"1,117.10","1,117.10","1,106.30","1,106.30"
05/31/2000,"1,124.19","1,124.19","1,116.38","1,117.44"
06/01/2000,"1,130.38","1,130.38","1,124.31","1,124.31"
06/02/2000,"1,134.20","1,135.10","1,133.65","1,133.65"
06/05/2000,"1,118.56","1,134.32","1,118.56","1,134.32"
06/06/2000,"1,117.66","1,118.90","1,110.02","1,118.90"
06/07/2000,"1,116.31","1,117.78","1,109.69","1,117.78"
06/08/2000,"1,114.29","1,115.87","1,103.86","1,115.87"
06/09/2000,"1,121.94","1,121.94","1,114.04","1,114.40"
06/12/2000,"1,108.55","1,123.29","1,108.55","1,123.29"
06/13/2000,"1,111.02","1,111.02","1,103.66","1,108.66"
06/14/2000,"1,112.37","1,112.66","1,103.66","1,111.14"
06/15/2000,"1,106.86","1,112.49","1,103.10","1,112.49"
06/16/2000,"1,109.11","1,109.11","1,101.54","1,105.85"
06/20/2000,"1,096.84","1,109.56","1,096.84","1,109.56"
06/21/2000,"1,099.99","1,099.99","1,091.16","1,097.30"
06/22/2000,"1,099.99","1,099.99","1,091.16","1,097.30"
06/23/2000,"1,094.82","1,096.62","1,089.26","1,096.62"
06/27/2000,"1,100.11","1,100.11","1,091.50","1,094.93"
06/28/2000,"1,099.21","1,101.15","1,093.17","1,100.45"
06/29/2000,"1,101.01","1,101.01","1,093.73","1,099.32"
06/30/2000,"1,108.66","1,108.66","1,101.12","1,101.12"
07/03/2000,"1,112.04","1,112.04","1,108.77","1,108.77"
07/04/2000,"1,112.15","1,112.77","1,104.66","1,112.15"
07/05/2000,"1,120.93","1,120.93","1,111.70","1,111.70"
07/06/2000,"1,115.86","1,121.04","1,112.48","1,121.04"
07/07/2000,"1,121.60","1,121.60","1,113.93","1,115.98"
07/10/2000,"1,127.90","1,127.90","1,121.49","1,121.49"
07/11/2000,"1,131.28","1,142.94","1,127.32","1,128.02"
07/12/2000,"1,130.38","1,131.60","1,126.31","1,131.40"
07/13/2000,"1,112.37","1,130.50","1,112.37","1,130.50"
07/14/2000,"1,110.01","1,112.26","1,106.45","1,112.26"
07/17/2000,"1,114.40","1,114.40","1,106.23","1,110.13"
07/18/2000,"1,109.79","1,114.51","1,107.23","1,114.51"
07/19/2000,"1,106.18","1,109.90","1,101.20","1,109.90"
07/20/2000,"1,117.66","1,117.66","1,107.54","1,107.54"
07/21/2000,"1,123.51","1,123.51","1,116.16","1,118.12"
07/24/2000,"1,123.18","1,125.29","1,117.94","1,123.74"
07/25/2000,"1,108.77","1,123.18","1,108.77","1,123.18"
07/26/2000,"1,099.88","1,107.99","1,096.08","1,107.99"
07/27/2000,"1,096.28","1,099.10","1,092.95","1,099.10"
07/28/2000,"1,076.70","1,096.40","1,076.70","1,096.40"
07/31/2000,"1,074.79","1,076.81","1,069.69","1,076.81"
08/01/2000,"1,101.01","1,101.01","1,075.01","1,075.01"
08/02/2000,"1,107.08","1,107.08","1,100.09","1,101.12"
08/03/2000,"1,113.05","1,113.05","1,102.40","1,107.20"
08/04/2000,"1,115.07","1,115.48","1,109.13","1,113.39"
08/07/2000,"1,114.06","1,115.64","1,106.67","1,115.64"
08/08/2000,"1,113.05","1,114.40","1,103.52","1,114.40"
08/10/2000,"1,122.16","1,122.16","1,119.24","1,119.24"
08/11/2000,"1,117.32","1,123.97","1,115.27","1,123.97"
08/14/2000,"1,115.52","1,117.44","1,112.14","1,117.44"
08/16/2000,"1,112.94","1,115.64","1,112.94","1,115.64"
08/17/2000,"1,117.44","1,117.44","1,108.57","1,113.16"
08/18/2000,"1,126.55","1,126.55","1,117.55","1,117.55"
08/21/2000,"1,123.29","1,127.12","1,118.72","1,127.12"
08/22/2000,"1,122.39","1,123.48","1,120.73","1,121.27"
08/23/2000,"1,119.13","1,122.05","1,112.70","1,122.05"
08/24/2000,"1,110.35","1,119.24","1,110.35","1,119.24"
08/25/2000,"1,101.91","1,109.68","1,100.31","1,109.68"
08/28/2000,"1,102.70","1,102.96","1,094.62","1,102.02"
08/29/2000,"1,120.14","1,120.14","1,102.81","1,102.81"
08/30/2000,"1,116.54","1,120.59","1,111.92","1,120.59"
08/31/2000,"1,123.29","1,123.29","1,116.65","1,116.65"
09/01/2000,"1,139.61","1,139.61","1,124.19","1,124.19"
09/05/2000,"1,131.50","1,139.39","1,130.33","1,139.39"
09/06/2000,"1,125.31","1,131.85","1,121.57","1,131.85"
09/07/2000,"1,128.35","1,130.70","1,120.96","1,128.47"
09/08/2000,"1,127.45","1,128.47","1,120.96","1,128.47"
09/11/2000,"1,127.11","1,127.57","1,120.40","1,127.57"
09/12/2000,"1,119.80","1,127.34","1,119.80","1,127.34"
09/13/2000,"1,120.93","1,120.93","1,112.14","1,119.92"
09/14/2000,"1,129.48","1,129.48","1,121.04","1,121.04"
09/15/2000,"1,140.17","1,140.17","1,129.60","1,129.60"
09/20/2000,"1,130.72","1,140.29","1,130.72","1,140.29"
09/21/2000,"1,125.54","1,131.51","1,123.63","1,131.51"
09/22/2000,"1,123.40","1,125.66","1,116.38","1,125.66"
09/25/2000,"1,115.64","1,123.63","1,115.38","1,123.63"
09/26/2000,"1,099.21","1,115.98","1,099.21","1,115.98"
09/27/2000,"1,096.39","1,098.65","1,095.18","1,098.65"
09/28/2000,"1,103.60","1,103.60","1,095.85","1,097.86"
09/29/2000,"1,109.79","1,109.79","1,100.76","1,104.50"
10/02/2000,"1,102.36","1,109.90","1,101.99","1,109.90"
10/03/2000,"1,091.67","1,102.47","1,091.67","1,102.47"
10/04/2000,"1,089.30","1,091.89","1,086.81","1,091.89"
10/05/2000,"1,094.37","1,094.37","1,088.15","1,089.42"
10/06/2000,"1,094.26","1,095.85","1,094.26","1,094.48"
10/10/2000,"1,085.70","1,094.37","1,085.14","1,094.37"
10/11/2000,"1,074.23","1,090.49","1,074.23","1,085.48"
10/13/2000,"1,054.87","1,054.87","1,041.16","1,044.40"
10/16/2000,"1,055.88","1,055.88","1,048.53","1,054.98"
10/17/2000,"1,034.05","1,055.99","1,034.05","1,055.99"
10/18/2000,"1,010.76","1,034.16","1,003.95","1,034.16"
10/19/2000,"1,020.21","1,020.21","1,010.27","1,010.86"
10/20/2000,"1,018.30","1,020.54","1,018.30","1,020.54"
10/23/2000,"1,024.82","1,024.82","1,018.74","1,018.74"
10/24/2000,"1,032.93","1,032.93","1,025.04","1,025.04"
10/25/2000,"1,033.04","1,033.04","1,030.12","1,033.03"
10/26/2000,"1,023.36","1,033.15","1,022.33","1,033.15"
10/27/2000,"1,049.24","1,049.24","1,022.90","1,023.47"
10/30/2000,"1,041.37","1,049.58","1,040.37","1,049.58"
10/31/2000,"1,060.72","1,060.72","1,041.47","1,041.47"
11/02/2000,"1,067.92","1,067.92","1,060.94","1,060.94"
11/03/2000,"1,100.56","1,100.56","1,066.99","1,068.15"
11/06/2000,"1,117.66","1,117.66","1,100.67","1,100.67"
11/07/2000,"1,121.49","1,128.54","1,117.78","1,117.78"
11/08/2000,"1,115.19","1,120.37","1,113.78","1,120.37"
11/09/2000,"1,103.93","1,115.53","1,103.93","1,115.53"
11/10/2000,"1,105.06","1,105.06","1,097.97","1,104.05"
11/13/2000,"1,095.27","1,105.06","1,091.34","1,105.06"
11/14/2000,"1,097.52","1,097.52","1,093.62","1,095.27"
11/15/2000,"1,097.74","1,097.74","1,094.29","1,097.63"
11/16/2000,"1,094.71","1,097.86","1,088.82","1,097.86"
11/17/2000,"1,100.33","1,100.33","1,091.38","1,094.82"
11/20/2000,"1,095.27","1,099.10","1,089.82","1,099.10"
11/21/2000,"1,104.61","1,104.61","1,095.38","1,095.38"
11/22/2000,"1,097.29","1,104.84","1,096.85","1,104.84"
11/23/2000,"1,100.22","1,100.22","1,093.39","1,097.30"
11/24/2000,"1,103.37","1,103.37","1,098.08","1,100.33"
11/27/2000,"1,103.15","1,103.82","1,100.31","1,103.82"
11/28/2000,"1,093.13","1,103.15","1,093.13","1,103.15"
11/29/2000,"1,091.10","1,093.13","1,085.58","1,093.13"
11/30/2000,"1,086.49","1,090.88","1,081.68","1,090.88"
12/01/2000,"1,088.29","1,088.29","1,081.99","1,081.99"
12/04/2000,"1,087.73","1,089.43","1,084.47","1,087.73"
12/05/2000,"1,094.82","1,094.82","1,087.28","1,087.28"
12/06/2000,"1,092.46","1,096.62","1,090.94","1,096.62"
12/07/2000,"1,088.40","1,092.46","1,087.51","1,092.46"
12/11/2000,"1,090.54","1,090.54","1,081.45","1,089.64"
12/12/2000,"1,102.13","1,102.13","1,090.54","1,090.54"
12/13/2000,"1,103.82","1,103.82","1,097.30","1,102.36"
12/14/2000,"1,105.06","1,105.06","1,095.85","1,104.05"
12/15/2000,"1,094.59","1,105.06","1,094.59","1,105.06"
12/18/2000,"1,088.97","1,094.93","1,087.37","1,094.93"
12/19/2000,"1,090.09","1,090.09","1,087.50","1,087.50"
12/20/2000,"1,072.42","1,090.09","1,072.29","1,090.09"
12/21/2000,"1,073.10","1,073.10","1,067.61","1,072.54"
12/22/2000,"1,066.69","1,073.21","1,065.16","1,073.21"
12/26/2000,"1,059.03","1,066.80","1,057.40","1,066.80"
12/27/2000,"1,065.00","1,065.00","1,057.24","1,058.81"
12/28/2000,"1,083.90","1,083.90","1,065.11","1,065.11"
12/29/2000,"1,084.47","1,084.47","1,084.47","1,084.47"
01/02/2001,"1,077.74","1,084.47","1,075.90","1,084.47"
01/03/2001,"1,083.71","1,083.71","1,067.98","1,077.74"
01/04/2001,"1,093.03","1,097.70","1,082.73","1,084.14"
01/05/2001,"1,098.02","1,109.30","1,092.71","1,093.25"
01/08/2001,"1,094.44","1,098.78","1,091.62","1,098.02"
01/09/2001,"1,091.62","1,099.43","1,090.76","1,094.44"
01/10/2001,"1,094.98","1,094.98","1,087.72","1,091.62"
01/11/2001,"1,101.71","1,103.23","1,094.33","1,095.20"
01/12/2001,"1,102.25","1,110.28","1,101.71","1,101.71"
01/15/2001,"1,107.56","1,107.67","1,101.93","1,102.25"
01/16/2001,"1,109.73","1,110.71","1,103.34","1,107.56"
01/17/2001,"1,118.41","1,122.53","1,109.73","1,109.73"
01/18/2001,"1,133.81","1,139.23","1,117.98","1,118.52"
01/19/2001,"1,134.35","1,144.44","1,129.58","1,133.92"
01/22/2001,"1,141.40","1,141.40","1,130.34","1,134.46"
01/23/2001,"1,143.68","1,144.33","1,138.80","1,141.29"
01/24/2001,"1,136.41","1,147.80","1,135.87","1,143.68"
01/25/2001,"1,133.59","1,136.85","1,130.23","1,136.19"
01/26/2001,"1,131.21","1,133.70","1,127.95","1,133.70"
01/29/2001,"1,129.04","1,131.31","1,125.57","1,130.99"
01/30/2001,"1,131.75","1,133.92","1,126.22","1,128.28"
01/31/2001,"1,138.47","1,144.00","1,131.86","1,131.86"
02/01/2001,"1,134.89","1,142.38","1,134.46","1,138.47"
02/02/2001,"1,130.56","1,135.00","1,129.36","1,134.89"
02/05/2001,"1,124.37","1,134.03","1,122.31","1,130.45"
02/06/2001,"1,118.41","1,124.27","1,117.32","1,124.27"
02/07/2001,"1,106.48","1,118.41","1,106.15","1,118.41"
02/08/2001,"1,108.43","1,108.43","1,105.50","1,106.48"
02/09/2001,"1,109.08","1,109.08","1,107.13","1,108.43"
02/12/2001,"1,101.06","1,109.19","1,101.06","1,109.08"
02/13/2001,"1,105.07","1,108.22","1,099.21","1,103.88"
02/14/2001,"1,098.35","1,105.07","1,097.59","1,105.07"
02/15/2001,"1,104.75","1,104.75","1,098.35","1,098.35"
02/16/2001,"1,098.67","1,104.85","1,098.46","1,104.53"
02/19/2001,"1,100.08","1,100.62","1,098.78","1,099.11"
02/20/2001,"1,101.93","1,105.18","1,100.08","1,100.08"
02/21/2001,"1,095.09","1,102.03","1,093.90","1,102.03"
02/22/2001,"1,093.79","1,097.70","1,091.30","1,094.66"
02/23/2001,"1,089.13","1,094.01","1,089.13","1,093.79"
02/26/2001,"1,090.97","1,091.95","1,089.13","1,089.13"
02/27/2001,"1,092.06","1,093.25","1,090.00","1,090.97"
02/28/2001,"1,096.50","1,097.70","1,092.06","1,092.06"
03/01/2001,"1,089.67","1,096.50","1,088.04","1,096.29"
03/02/2001,"1,094.77","1,094.98","1,089.24","1,089.24"
03/05/2001,"1,090.76","1,103.77","1,090.76","1,098.67"
03/06/2001,"1,100.84","1,103.66","1,090.65","1,091.84"
03/07/2001,"1,111.69","1,118.52","1,100.84","1,100.84"
03/08/2001,"1,110.93","1,118.84","1,110.60","1,111.03"
03/09/2001,"1,105.72","1,117.11","1,105.50","1,110.93"
03/12/2001,"1,084.25","1,105.94","1,083.38","1,105.72"
03/13/2001,"1,080.89","1,085.66","1,079.80","1,085.01"
03/14/2001,"1,062.45","1,074.38",999.44,"1,074.38"
03/15/2001,"1,062.99","1,068.31","1,061.04","1,061.04"
03/16/2001,"1,062.23","1,065.49","1,058.44","1,063.97"
03/19/2001,"1,061.91","1,063.86","1,057.57","1,063.86"
03/20/2001,"1,058.98","1,065.16","1,058.98","1,062.45"
03/21/2001,"1,050.09","1,058.11","1,049.33","1,056.27"
03/22/2001,"1,033.82","1,054.21","1,032.74","1,051.71"
03/23/2001,"1,041.41","1,044.99","1,036.10","1,040.22"
03/26/2001,"1,048.14","1,053.45","1,042.61","1,042.71"
03/27/2001,"1,052.58","1,055.29","1,048.79","1,049.22"
03/28/2001,"1,049.65","1,052.15","1,046.08","1,052.15"
03/29/2001,"1,047.92","1,050.20","1,047.05","1,049.76"
03/30/2001,"1,062.67","1,065.27","1,052.80","1,054.10"
04/02/2001,"1,065.81","1,067.01","1,061.15","1,062.45"
04/03/2001,"1,052.58","1,066.25","1,049.44","1,066.25"
04/04/2001,"1,051.39","1,060.72","1,049.00","1,052.58"
04/05/2001,"1,061.37","1,062.99","1,052.91","1,052.91"
04/06/2001,"1,052.91","1,061.04","1,051.17","1,055.51"
04/09/2001,"1,055.51","1,068.96","1,051.61","1,053.23"
04/10/2001,"1,051.50","1,063.10","1,050.96","1,055.51"
04/11/2001,"1,052.91","1,060.50","1,051.06","1,052.15"
04/12/2001,"1,052.47","1,054.53","1,051.06","1,051.93"
04/16/2001,"1,050.20","1,052.69","1,048.90","1,052.47"
04/17/2001,"1,057.25","1,057.25","1,050.09","1,050.63"
04/18/2001,"1,073.84","1,077.31","1,057.25","1,057.25"
04/19/2001,"1,086.09","1,094.55","1,073.62","1,073.62"
04/20/2001,"1,083.16","1,088.26","1,083.16","1,087.29"
04/23/2001,"1,078.61","1,083.38","1,078.61","1,082.62"
04/24/2001,"1,072.32","1,078.61","1,069.93","1,078.61"
04/25/2001,"1,072.43","1,074.81","1,070.91","1,072.43"
04/26/2001,"1,084.03","1,087.07","1,072.10","1,072.10"
04/27/2001,"1,102.25","1,107.02","1,084.36","1,084.36"
04/30/2001,"1,105.61","1,109.84","1,102.47","1,102.47"
05/02/2001,"1,115.48","1,119.49","1,105.83","1,105.83"
05/03/2001,"1,110.60","1,115.70","1,105.94","1,115.48"
05/04/2001,"1,125.68","1,125.68","1,110.93","1,113.53"
05/07/2001,"1,133.59","1,134.68","1,127.52","1,129.47"
05/08/2001,"1,146.28","1,147.15","1,131.21","1,133.27"
05/09/2001,"1,145.30","1,146.93","1,139.99","1,146.50"
05/10/2001,"1,153.00","1,157.02","1,146.06","1,146.06"
05/11/2001,"1,157.56","1,157.99","1,150.29","1,154.85"
05/14/2001,"1,154.20","1,158.43","1,152.03","1,158.32"
05/15/2001,"1,150.40","1,158.97","1,148.99","1,153.65"
05/16/2001,"1,149.21","1,150.83","1,141.94","1,150.29"
05/17/2001,"1,155.82","1,161.14","1,146.71","1,161.14"
05/18/2001,"1,166.13","1,166.56","1,155.50","1,156.80"
05/22/2001,"1,168.95","1,176.65","1,165.48","1,167.21"
05/23/2001,"1,164.28","1,168.84","1,162.87","1,168.84"
05/24/2001,"1,169.70","1,169.70","1,162.66","1,164.17"
05/25/2001,"1,178.71","1,180.22","1,168.73","1,169.05"
05/28/2001,"1,180.98","1,183.04","1,178.49","1,179.57"
05/29/2001,"1,187.71","1,191.29","1,180.66","1,180.77"
05/30/2001,"1,192.37","1,193.13","1,185.65","1,189.12"
05/31/2001,"1,207.66","1,207.99","1,190.74","1,190.96"
06/01/2001,"1,204.52","1,213.63","1,202.89","1,208.31"
06/04/2001,"1,193.78","1,205.82","1,193.67","1,205.60"
06/05/2001,"1,185.65","1,196.17","1,182.28","1,193.67"
06/06/2001,"1,184.13","1,188.03","1,180.44","1,185.54"
06/07/2001,"1,188.47","1,189.77","1,183.91","1,184.13"
06/08/2001,"1,194.32","1,196.60","1,187.92","1,188.47"
06/12/2001,"1,188.36","1,194.32","1,184.67","1,194.32"
06/13/2001,"1,199.96","1,200.39","1,194.76","1,196.17"
06/14/2001,"1,207.99","1,208.09","1,199.96","1,200.61"
06/15/2001,"1,206.79","1,208.31","1,202.13","1,207.99"
06/18/2001,"1,187.38","1,207.99","1,187.16","1,206.79"
06/19/2001,"1,180.55","1,188.90","1,178.38","1,187.06"
06/20/2001,"1,171.55","1,180.33","1,169.70","1,180.22"
06/21/2001,"1,174.48","1,174.48","1,163.85","1,171.55"
06/22/2001,"1,181.74","1,181.74","1,174.69","1,174.69"
06/25/2001,"1,177.51","1,183.80","1,177.51","1,181.96"
06/26/2001,"1,168.84","1,177.51","1,167.86","1,177.51"
06/27/2001,"1,159.94","1,170.14","1,159.94","1,168.95"
06/28/2001,"1,164.72","1,167.21","1,159.94","1,159.94"
06/29/2001,"1,169.27","1,173.17","1,161.25","1,164.72"
07/03/2001,"1,168.73","1,173.72","1,168.51","1,169.27"
07/04/2001,"1,175.13","1,175.24","1,168.08","1,168.73"
07/05/2001,"1,185.21","1,185.75","1,174.04","1,175.34"
07/06/2001,"1,181.20","1,185.43","1,176.97","1,185.43"
07/09/2001,"1,179.46","1,185.10","1,178.27","1,185.10"
07/10/2001,"1,170.46","1,180.77","1,167.43","1,179.68"
07/11/2001,"1,166.23","1,172.96","1,158.97","1,172.31"
07/12/2001,"1,151.81","1,165.48","1,150.18","1,165.48"
07/13/2001,"1,151.59","1,153.98","1,148.88","1,152.57"
07/16/2001,"1,145.09","1,152.68","1,144.98","1,152.35"
07/17/2001,"1,157.88","1,159.94","1,144.98","1,145.09"
07/18/2001,"1,147.58","1,158.21","1,146.17","1,157.45"
07/19/2001,"1,144.65","1,148.34","1,143.46","1,147.47"
07/20/2001,"1,163.63","1,163.74","1,125.13","1,144.65"
07/23/2001,"1,173.39","1,174.91","1,163.74","1,163.74"
07/24/2001,"1,172.85","1,179.03","1,171.98","1,173.72"
07/25/2001,"1,185.10","1,185.43","1,168.84","1,173.17"
07/26/2001,"1,186.73","1,191.94","1,180.55","1,185.10"
07/27/2001,"1,192.15","1,192.15","1,184.45","1,186.73"
07/30/2001,"1,195.73","1,204.08","1,191.07","1,191.07"
07/31/2001,"1,201.26","1,207.66","1,195.73","1,195.73"
08/01/2001,"1,196.82","1,203.43","1,195.62","1,201.26"
08/02/2001,"1,203.32","1,205.06","1,196.49","1,205.06"
08/03/2001,"1,203.87","1,205.28","1,200.50","1,203.32"
08/06/2001,"1,201.05","1,204.41","1,200.83","1,203.87"
08/07/2001,"1,203.00","1,205.38","1,200.83","1,201.05"
08/08/2001,"1,213.08","1,213.08","1,200.29","1,203.00"
08/09/2001,"1,219.70","1,220.78","1,213.08","1,213.19"
08/10/2001,"1,229.35","1,233.90","1,220.13","1,220.13"
08/13/2001,"1,232.71","1,232.93","1,224.69","1,229.78"
08/14/2001,"1,244.10","1,246.81","1,233.47","1,233.47"
08/16/2001,"1,253.21","1,257.22","1,244.42","1,245.07"
08/17/2001,"1,237.16","1,252.67","1,236.40","1,252.67"
08/20/2001,"1,248.76","1,249.09","1,235.86","1,236.51"
08/21/2001,"1,249.41","1,256.68","1,248.98","1,248.98"
08/22/2001,"1,246.48","1,257.00","1,245.83","1,249.52"
08/23/2001,"1,231.74","1,246.81","1,230.76","1,246.59"
08/24/2001,"1,235.42","1,235.42","1,231.09","1,233.04"
08/27/2001,"1,231.74","1,238.79","1,230.54","1,235.31"
08/28/2001,"1,244.53","1,244.53","1,231.84","1,231.84"
08/29/2001,"1,246.48","1,252.67","1,243.45","1,244.42"
08/30/2001,"1,235.53","1,248.11","1,234.23","1,248.11"
08/31/2001,"1,239.65","1,239.65","1,231.84","1,235.42"
09/04/2001,"1,227.62","1,239.22","1,227.62","1,239.22"
09/05/2001,"1,233.04","1,233.47","1,227.62","1,228.05"
09/06/2001,"1,228.92","1,234.12","1,228.92","1,231.74"
09/07/2001,"1,222.84","1,229.89","1,221.11","1,228.37"
09/10/2001,"1,211.89","1,236.40","1,210.05","1,236.40"
09/11/2001,"1,177.95","1,211.89","1,177.95","1,211.89"
09/12/2001,"1,187.82","1,201.91","1,177.95","1,177.95"
09/13/2001,"1,164.72","1,185.86","1,155.61","1,185.86"
09/14/2001,"1,143.24","1,166.45","1,138.69","1,166.45"
09/17/2001,"1,164.07","1,164.07","1,142.05","1,144.65"
09/20/2001,"1,133.48","1,166.56","1,132.29","1,166.56"
09/21/2001,"1,105.07","1,132.51","1,104.96","1,132.51"
09/24/2001,"1,109.73","1,117.11","1,104.53","1,104.53"
09/25/2001,"1,102.03","1,110.93","1,100.95","1,109.41"
09/26/2001,"1,094.88","1,103.44","1,094.12","1,103.44"
09/27/2001,"1,081.75","1,092.60","1,080.02","1,092.60"
09/28/2001,"1,070.48","1,080.78","1,067.33","1,077.20"
10/01/2001,"1,066.68","1,072.54","1,064.51","1,071.34"
10/02/2001,"1,062.23","1,066.68","1,061.26","1,066.68"
10/03/2001,"1,057.57","1,062.78","1,056.05","1,062.78"
10/04/2001,"1,045.97","1,058.22","1,045.97","1,057.25"
10/05/2001,"1,034.80","1,044.12","1,033.06","1,044.01"
10/08/2001,"1,014.41","1,034.04","1,014.41","1,034.04"
10/09/2001,"1,022.76","1,024.49","1,006.71","1,013.98"
10/10/2001,"1,053.02","1,055.08","1,020.48","1,022.00"
10/11/2001,"1,076.44","1,089.89","1,056.27","1,056.27"
10/12/2001,"1,069.28","1,077.85","1,063.86","1,075.03"
10/16/2001,"1,087.18","1,088.15","1,070.15","1,071.67"
10/17/2001,"1,102.68","1,116.57","1,087.18","1,087.18"
10/18/2001,"1,102.90","1,107.24","1,096.94","1,102.79"
10/19/2001,"1,100.19","1,103.34","1,097.70","1,102.90"
10/22/2001,"1,114.29","1,114.72","1,099.97","1,100.19"
10/23/2001,"1,127.41","1,127.95","1,114.29","1,114.29"
10/24/2001,"1,131.31","1,132.72","1,127.30","1,127.41"
10/25/2001,"1,122.64","1,131.42","1,115.05","1,131.42"
10/26/2001,"1,137.06","1,140.42","1,122.64","1,122.64"
10/29/2001,"1,118.30","1,146.17","1,116.89","1,137.06"
10/30/2001,"1,118.41","1,118.52","1,111.58","1,117.11"
10/31/2001,"1,121.88","1,129.80","1,118.41","1,118.41"
11/02/2001,"1,115.16","1,124.81","1,112.12","1,121.88"
11/05/2001,"1,126.33","1,126.87","1,114.29","1,115.37"
11/06/2001,"1,139.88","1,142.48","1,126.33","1,126.33"
11/07/2001,"1,163.20","1,173.07","1,135.44","1,139.88"
11/08/2001,"1,177.73","1,187.92","1,163.20","1,163.20"
11/09/2001,"1,177.19","1,180.66","1,167.75","1,178.05"
11/12/2001,"1,179.57","1,192.04","1,168.08","1,177.19"
11/13/2001,"1,192.70","1,207.12","1,180.22","1,180.22"
11/14/2001,"1,199.85","1,207.66","1,192.70","1,192.70"
11/15/2001,"1,199.42","1,202.02","1,190.96","1,200.29"
11/16/2001,"1,215.25","1,216.99","1,199.42","1,199.42"
11/19/2001,"1,237.38","1,248.33","1,215.58","1,215.58"
11/20/2001,"1,222.30","1,237.81","1,222.19","1,237.38"
11/21/2001,"1,221.87","1,234.34","1,220.89","1,222.30"
11/22/2001,"1,226.10","1,226.31","1,221.00","1,221.98"
11/23/2001,"1,226.64","1,234.34","1,223.71","1,226.10"
11/26/2001,"1,223.82","1,228.05","1,215.25","1,227.83"
11/27/2001,"1,210.48","1,223.82","1,208.64","1,223.82"
11/28/2001,"1,188.68","1,213.30","1,188.36","1,210.48"
11/29/2001,"1,187.92","1,190.85","1,181.09","1,188.68"
11/30/2001,"1,192.15","1,196.27","1,187.92","1,187.92"
12/03/2001,"1,184.89","1,192.80","1,179.57","1,192.48"
12/04/2001,"1,186.19","1,192.04","1,184.78","1,184.89"
12/05/2001,"1,197.79","1,199.31","1,186.19","1,186.19"
12/06/2001,"1,192.04","1,199.42","1,190.53","1,197.79"
12/07/2001,"1,195.73","1,200.39","1,191.94","1,192.04"
12/10/2001,"1,191.50","1,195.73","1,186.62","1,195.73"
12/11/2001,"1,191.29","1,203.00","1,188.57","1,191.50"
12/12/2001,"1,178.27","1,192.04","1,177.73","1,191.29"
12/13/2001,"1,180.22","1,180.87","1,176.32","1,178.27"
12/14/2001,"1,189.12","1,189.55","1,179.90","1,180.66"
12/17/2001,"1,188.90","1,193.24","1,186.41","1,189.22"
12/18/2001,"1,195.73","1,200.18","1,185.97","1,188.90"
12/19/2001,"1,193.24","1,196.38","1,190.96","1,196.17"
12/20/2001,"1,175.78","1,193.67","1,175.56","1,193.67"
12/21/2001,"1,187.60","1,188.25","1,166.88","1,175.89"
12/24/2001,"1,190.31","1,191.72","1,185.75","1,187.60"
12/26/2001,"1,186.41","1,190.63","1,182.83","1,190.31"
12/27/2001,"1,187.38","1,190.31","1,184.56","1,187.16"
12/28/2001,"1,183.15","1,189.98","1,183.15","1,187.38"
01/02/2002,"1,185.75","1,188.48","1,183.15","1,183.15"
01/03/2002,"1,195.93","1,196.88","1,185.52","1,185.75"
01/04/2002,"1,203.38","1,211.19","1,195.10","1,195.93"
01/07/2002,"1,188.95","1,204.33","1,186.94","1,204.33"
01/08/2002,"1,168.01","1,190.13","1,167.89","1,188.95"
01/09/2002,"1,148.13","1,168.01","1,146.95","1,168.01"
01/10/2002,"1,152.04","1,155.23","1,137.60","1,148.49"
01/11/2002,"1,154.16","1,164.93","1,151.21","1,152.04"
01/14/2002,"1,140.32","1,154.28","1,140.32","1,154.16"
01/15/2002,"1,140.80","1,153.34","1,139.85","1,140.44"
01/16/2002,"1,137.96","1,143.75","1,137.72","1,140.80"
01/17/2002,"1,145.41","1,145.76","1,137.25","1,137.96"
01/18/2002,"1,142.21","1,147.66","1,139.49","1,145.29"
01/21/2002,"1,143.52","1,143.63","1,139.38","1,142.33"
01/22/2002,"1,143.87","1,146.00","1,141.27","1,143.52"
01/23/2002,"1,143.63","1,144.58","1,141.39","1,143.99"
01/24/2002,"1,157.71","1,159.84","1,143.63","1,143.63"
01/25/2002,"1,154.87","1,157.60","1,149.79","1,157.60"
01/28/2002,"1,152.15","1,156.41","1,151.33","1,154.99"
01/29/2002,"1,155.11","1,156.18","1,150.97","1,152.15"
01/30/2002,"1,149.31","1,155.11","1,146.83","1,155.11"
01/31/2002,"1,153.10","1,158.66","1,150.38","1,152.74"
02/01/2002,"1,156.77","1,158.78","1,153.93","1,154.05"
02/04/2002,"1,150.73","1,161.15","1,149.43","1,156.77"
02/05/2002,"1,136.89","1,150.85","1,134.64","1,150.73"
02/06/2002,"1,133.10","1,137.13","1,131.21","1,136.89"
02/07/2002,"1,132.39","1,134.05","1,130.15","1,132.99"
02/08/2002,"1,129.79","1,135.23","1,128.96","1,132.39"
02/11/2002,"1,124.59","1,129.79","1,123.40","1,129.79"
02/12/2002,"1,127.90","1,128.37","1,121.75","1,125.30"
02/13/2002,"1,138.55","1,139.85","1,126.24","1,127.90"
02/14/2002,"1,142.21","1,146.00","1,138.07","1,138.55"
02/15/2002,"1,144.11","1,144.34","1,139.26","1,142.21"
02/18/2002,"1,145.41","1,145.53","1,137.25","1,144.11"
02/19/2002,"1,133.46","1,145.41","1,131.57","1,145.41"
02/20/2002,"1,122.22","1,133.46","1,121.63","1,133.46"
02/21/2002,"1,127.78","1,128.85","1,122.22","1,122.22"
02/22/2002,"1,125.65","1,129.20","1,122.69","1,127.78"
02/25/2002,"1,136.18","1,137.84","1,123.64","1,125.41"
02/26/2002,"1,137.84","1,140.56","1,135.47","1,136.18"
02/27/2002,"1,138.43","1,144.46","1,137.96","1,137.96"
02/28/2002,"1,144.46","1,145.17","1,138.43","1,138.43"
03/01/2002,"1,156.77","1,158.07","1,144.11","1,144.11"
03/04/2002,"1,179.96","1,179.96","1,156.77","1,156.77"
03/05/2002,"1,179.48","1,190.25","1,177.12","1,179.96"
03/06/2002,"1,190.37","1,192.50","1,177.47","1,179.48"
03/07/2002,"1,201.25","1,209.65","1,190.37","1,190.37"
03/08/2002,"1,203.03","1,208.71","1,201.25","1,201.25"
03/11/2002,"1,191.67","1,204.33","1,189.90","1,203.03"
03/12/2002,"1,181.38","1,191.67","1,179.01","1,191.67"
03/13/2002,"1,185.75","1,190.96","1,183.63","1,183.74"
03/14/2002,"1,181.73","1,186.11","1,179.01","1,185.75"
03/15/2002,"1,187.77","1,188.48","1,180.43","1,181.38"
03/18/2002,"1,189.07","1,194.27","1,188.71","1,191.08"
03/19/2002,"1,181.14","1,189.07","1,178.18","1,189.07"
03/20/2002,"1,178.77","1,185.40","1,177.00","1,181.14"
03/21/2002,"1,193.21","1,193.80","1,178.54","1,178.77"
03/22/2002,"1,189.42","1,204.09","1,189.30","1,193.21"
03/25/2002,"1,181.97","1,189.66","1,181.14","1,189.42"
03/26/2002,"1,182.32","1,187.41","1,178.77","1,181.97"
03/27/2002,"1,159.13","1,183.86","1,156.29","1,182.32"
03/28/2002,"1,163.63","1,165.05","1,157.83","1,159.13"
04/01/2002,"1,151.33","1,164.58","1,149.91","1,163.63"
04/02/2002,"1,139.97","1,151.09","1,139.85","1,150.62"
04/03/2002,"1,146.36","1,146.71","1,139.73","1,139.97"
04/04/2002,"1,150.26","1,154.40","1,147.07","1,147.07"
04/05/2002,"1,151.80","1,154.52","1,148.84","1,150.26"
04/08/2002,"1,146.36","1,152.04","1,144.58","1,151.68"
04/09/2002,"1,154.64","1,156.53","1,145.41","1,146.36"
04/10/2002,"1,156.06","1,161.86","1,152.86","1,154.64"
04/11/2002,"1,149.31","1,156.06","1,147.54","1,156.06"
04/12/2002,"1,146.47","1,152.15","1,142.21","1,149.31"
04/15/2002,"1,139.38","1,146.47","1,139.38","1,146.47"
04/16/2002,"1,153.69","1,155.35","1,139.38","1,139.38"
04/17/2002,"1,152.74","1,154.05","1,150.97","1,153.57"
04/18/2002,"1,147.42","1,155.58","1,145.88","1,152.74"
04/19/2002,"1,150.73","1,152.98","1,146.71","1,147.42"
04/22/2002,"1,144.23","1,150.85","1,144.11","1,150.73"
04/23/2002,"1,139.49","1,145.41","1,139.26","1,144.23"
04/25/2002,"1,129.67","1,143.99","1,129.56","1,139.85"
04/26/2002,"1,130.62","1,134.76","1,127.66","1,129.67"
04/29/2002,"1,127.07","1,131.45","1,126.72","1,130.62"
04/30/2002,"1,137.84","1,139.85","1,127.19","1,127.43"
05/02/2002,"1,141.86","1,156.18","1,141.74","1,149.67"
05/03/2002,"1,140.91","1,146.95","1,139.14","1,146.95"
05/06/2002,"1,142.10","1,147.54","1,140.68","1,141.86"
05/07/2002,"1,143.40","1,145.29","1,141.15","1,142.10"
05/08/2002,"1,148.96","1,149.43","1,144.70","1,144.70"
05/09/2002,"1,145.88","1,150.62","1,145.53","1,148.96"
05/10/2002,"1,141.74","1,147.89","1,138.19","1,146.71"
05/13/2002,"1,136.89","1,145.41","1,134.76","1,141.74"
05/14/2002,"1,134.52","1,140.80","1,133.70","1,136.89"
05/15/2002,"1,129.20","1,134.64","1,128.14","1,134.64"
05/16/2002,"1,137.13","1,138.31","1,127.43","1,129.32"
05/17/2002,"1,138.43","1,141.15","1,134.29","1,137.13"
05/20/2002,"1,139.61","1,142.10","1,137.84","1,139.38"
05/22/2002,"1,131.92","1,140.56","1,131.92","1,140.20"
05/23/2002,"1,123.76","1,132.39","1,123.40","1,131.92"
05/24/2002,"1,125.89","1,125.89","1,122.81","1,124.11"
05/28/2002,"1,113.11","1,126.01","1,111.10","1,125.89"
05/29/2002,"1,101.28","1,113.94","1,099.15","1,112.99"
05/30/2002,"1,098.32","1,101.28","1,095.72","1,101.28"
05/31/2002,"1,099.74","1,105.18","1,096.66","1,098.32"
06/03/2002,"1,090.04","1,100.80","1,090.04","1,100.33"
06/04/2002,"1,080.34","1,090.04","1,080.34","1,090.04"
06/05/2002,"1,076.67","1,080.22","1,072.53","1,080.22"
06/06/2002,"1,069.81","1,078.09","1,069.33","1,076.67"
06/07/2002,"1,079.03","1,079.27","1,065.78","1,069.81"
06/10/2002,"1,078.32","1,080.69","1,075.84","1,079.03"
06/11/2002,"1,062.23","1,078.68","1,061.41","1,077.97"
06/12/2002,"1,053.83","1,065.43","1,046.97","1,062.12"
06/13/2002,"1,056.67","1,058.80","1,053.12","1,053.83"
06/14/2002,"1,063.54","1,064.72","1,048.75","1,055.25"
06/17/2002,"1,077.50","1,079.03","1,063.54","1,063.54"
06/18/2002,"1,076.43","1,086.73","1,076.43","1,077.50"
06/19/2002,"1,067.32","1,076.43","1,067.32","1,076.43"
06/20/2002,"1,055.49","1,067.32","1,055.49","1,067.32"
06/21/2002,"1,042.00","1,056.44","1,035.26","1,056.44"
06/24/2002,"1,050.64","1,052.41","1,036.91","1,043.19"
06/25/2002,"1,050.88","1,060.22","1,050.17","1,050.64"
06/26/2002,"1,031.47","1,050.88","1,029.22","1,050.88"
06/27/2002,"1,033.36","1,037.27","1,030.29","1,031.47"
06/28/2002,"1,031.95","1,040.23","1,031.35","1,033.36"
07/01/2002,"1,027.69","1,032.54","1,025.91","1,031.95"
07/02/2002,"1,024.02","1,031.12","1,023.54","1,027.69"
07/03/2002,"1,004.26","1,024.37","1,003.79","1,024.02"
07/04/2002,"1,008.99","1,010.06","1,004.26","1,004.26"
07/05/2002,"1,015.50","1,019.88","1,007.93","1,008.99"
07/08/2002,"1,008.05","1,018.93","1,007.45","1,015.50"
07/09/2002,"1,002.48","1,009.35","1,002.48","1,008.64"
07/10/2002,986.04,"1,003.08",985.68,"1,003.08"
07/11/2002,976.46,986.04,973.14,986.04
07/12/2002,981.9,984.86,978.7,978.7
07/15/2002,962.02,983.2,958.59,981.9
07/16/2002,953.15,962.14,952.44,962.02
07/17/2002,952.56,962.38,948.89,954.92
07/18/2002,967.23,967.35,950.66,952.56
07/19/2002,968.17,979.77,962.97,967.23
07/22/2002,950.66,968.17,950.66,968.17
07/23/2002,944.75,953.62,943.8,950.66
07/24/2002,963.8,964.03,937.06,942.85
07/25/2002,957.05,965.93,956.93,964.27
07/26/2002,974.33,980.48,954.8,957.05
07/29/2002,"1,002.13","1,003.55",974.33,974.33
07/30/2002,"1,030.29","1,030.76","1,000.47","1,002.13"
07/31/2002,"1,039.64","1,047.56","1,030.17","1,030.29"
08/01/2002,"1,021.77","1,039.64","1,019.29","1,039.64"
08/02/2002,"1,021.30","1,025.91","1,020.11","1,021.77"
08/05/2002,"1,001.30","1,022.60","1,001.30","1,021.30"
08/06/2002,"1,019.64","1,024.96","1,001.30","1,001.30"
08/07/2002,"1,045.43","1,047.21","1,019.64","1,019.64"
08/08/2002,"1,070.75","1,072.53","1,049.34","1,049.34"
08/09/2002,"1,052.18","1,070.99","1,052.18","1,070.75"
08/12/2002,"1,043.78","1,052.18","1,041.29","1,052.18"
08/13/2002,"1,041.06","1,052.06","1,040.11","1,043.78"
08/14/2002,"1,052.65","1,054.42","1,041.06","1,041.06"
08/16/2002,"1,057.38","1,057.62","1,048.63","1,052.65"
08/19/2002,"1,055.61","1,067.91","1,054.78","1,057.38"
08/20/2002,"1,037.27","1,055.61","1,035.85","1,055.61"
08/21/2002,"1,035.38","1,042.95","1,033.13","1,037.27"
08/22/2002,"1,043.66","1,043.89","1,035.02","1,035.38"
08/23/2002,"1,042.00","1,043.66","1,035.85","1,043.66"
08/26/2002,"1,041.29","1,043.42","1,036.56","1,042.12"
08/27/2002,"1,030.17","1,041.65","1,029.22","1,041.29"
08/28/2002,"1,015.03","1,030.76","1,014.55","1,030.29"
08/29/2002,"1,020.47","1,025.79","1,014.32","1,015.03"
08/30/2002,"1,022.36","1,028.04","1,019.40","1,021.53"
09/02/2002,"1,015.26","1,022.83","1,015.14","1,022.24"
09/03/2002,"1,006.15","1,015.50","1,005.68","1,015.26"
09/04/2002,"1,007.69","1,008.40","1,000.59","1,006.15"
09/05/2002,991.36,"1,007.69",989.82,"1,007.69"
09/06/2002,997.04,999.41,991.13,991.36
09/09/2002,"1,004.85","1,004.85",994.68,997.04
09/10/2002,"1,008.52","1,009.82","1,003.90","1,004.85"
09/11/2002,"1,015.50","1,022.95","1,005.09","1,008.52"
09/12/2002,"1,002.25","1,015.50","1,001.06","1,015.50"
09/13/2002,996.1,"1,001.18",995.98,"1,001.18"
09/16/2002,987.22,996.1,987.1,996.1
09/17/2002,985.57,994.91,985.57,987.22
09/20/2002,965.81,985.33,962.97,985.33
09/23/2002,948.65,965.81,946.52,965.81
09/24/2002,933.03,948.77,932.09,948.65
09/25/2002,942.62,944.51,933.27,933.27
09/26/2002,946.64,952.2,942.62,942.62
09/27/2002,937.17,946.64,937.17,946.64
09/30/2002,927.47,937.17,927.24,937.17
10/01/2002,943.09,943.21,924.04,925.34
10/02/2002,931.97,944.27,929.84,943.09
10/03/2002,935.4,936.58,931.38,931.97
10/04/2002,951.37,953.98,935.4,935.4
10/07/2002,925.34,951.37,923.33,951.37
10/08/2002,918.01,925.34,916.35,925.34
10/09/2002,894.82,918.01,893.87,918.01
10/10/2002,902.98,903.57,893.4,894.82
10/11/2002,910.32,915.64,902.98,902.98
10/14/2002,906.18,911.03,904.76,911.03
10/15/2002,899.67,913.98,898.37,906.18
10/16/2002,885.71,900.26,885.71,899.67
10/17/2002,898.6,898.6,885.83,885.94
10/18/2002,918.84,921.91,898.6,898.6
10/21/2002,917.18,922.74,916.23,918.84
10/22/2002,912.92,921.32,912.92,917.3
10/23/2002,916.47,917.18,908.9,912.92
10/24/2002,926.64,930.9,916.35,916.59
10/25/2002,930.19,932.32,926.64,926.64
10/28/2002,936.46,942.74,930.55,930.55
10/29/2002,932.92,936.46,921.56,936.46
10/30/2002,948.41,953.38,932.32,932.92
10/31/2002,958.59,965.22,947.47,948.41
11/04/2002,962.85,977.88,959.18,959.18
11/05/2002,971.01,971.01,961.43,962.85
11/06/2002,973.26,980.71,970.89,971.25
11/07/2002,956.11,973.26,954.8,973.26
11/08/2002,949.83,960.13,946.52,955.87
11/11/2002,942.03,952.79,942.03,949.83
11/12/2002,942.03,947.82,940.84,942.03
11/13/2002,948.41,965.22,941.32,942.14
11/14/2002,966.28,966.75,946.17,946.17
11/15/2002,974.44,977.52,965.81,966.28
11/18/2002,973.26,981.31,973.02,974.44
11/19/2002,966.04,974.09,964.86,973.26
11/20/2002,961.19,966.28,960.48,966.04
11/21/2002,965.93,969.95,961.19,961.19
11/22/2002,966.64,968.17,963.91,965.93
11/25/2002,954.09,967.23,954.09,966.64
11/26/2002,944.51,956.58,944.51,954.09
11/27/2002,950.07,951.37,944.51,944.51
11/28/2002,954.45,955.75,949.12,950.07
11/29/2002,960.36,961.67,953.98,954.45
12/02/2002,959.18,970.66,958.83,960.36
12/03/2002,958,963.07,957.29,960.36
12/04/2002,954.45,959.65,950.9,958.35
12/05/2002,959.65,959.89,952.32,954.33
12/06/2002,971.13,972.43,956.34,961.07
12/09/2002,962.38,971.13,962.38,971.13
12/10/2002,960.6,964.51,954.45,962.38
12/11/2002,966.04,975.98,958.83,959.3
12/12/2002,964.62,967.7,959.89,966.28
12/13/2002,965.33,971.13,962.38,965.22
12/16/2002,967.82,971.37,965.33,966.28
12/17/2002,974.56,978.47,968.65,968.65
12/18/2002,994.79,995.86,974.56,974.56
12/19/2002,"1,006.27","1,006.86",989.47,994.79
12/20/2002,"1,004.85","1,013.37","1,003.43","1,006.27"
12/23/2002,"1,007.34","1,010.06","1,004.97","1,004.97"
12/24/2002,996.1,"1,007.34",995.86,"1,007.34"
12/26/2002,996.92,998.46,993.37,996.1
12/27/2002,998.23,998.46,992.31,996.92
12/30/2002,"1,000.00","1,000.00","1,000.00","1,000.00"
01/02/2003,999.51,"1,001.39",998.46,"1,000.00"
01/03/2003,"1,008.46","1,008.71",999.73,999.73
01/06/2003,"1,020.19","1,020.19","1,007.49","1,009.61"
01/07/2003,"1,014.98","1,027.26","1,012.67","1,020.19"
01/08/2003,"1,005.77","1,015.07","1,003.17","1,014.98"
01/09/2003,"1,021.23","1,021.99","1,005.77","1,005.77"
01/10/2003,"1,030.20","1,030.20","1,018.39","1,022.07"
01/13/2003,"1,030.85","1,040.12","1,029.25","1,030.20"
01/14/2003,"1,035.68","1,036.09","1,026.42","1,030.74"
01/15/2003,"1,028.47","1,039.67","1,028.38","1,035.68"
01/16/2003,"1,018.85","1,029.68","1,018.85","1,027.73"
01/17/2003,"1,012.91","1,018.95","1,010.84","1,018.95"
01/20/2003,"1,017.96","1,018.94","1,011.18","1,012.94"
01/21/2003,"1,006.29","1,018.05","1,006.29","1,017.96"
01/22/2003,"1,004.04","1,006.29",998.33,"1,006.29"
01/23/2003,"1,003.89","1,008.32","1,002.29","1,004.11"
01/24/2003,994,"1,004.15",993.97,"1,003.96"
01/27/2003,982.17,994.18,982.06,994.17
01/28/2003,988.65,990.31,982.15,982.17
01/29/2003,984.43,988.65,978.97,988.65
01/30/2003,989.55,994.05,984.82,984.82
01/31/2003,"1,001.99","1,003.78",989.52,989.54
02/03/2003,"1,003.84","1,004.22","1,001.99","1,001.99"
02/04/2003,"1,004.77","1,004.91","1,000.00","1,003.84"
02/05/2003,"1,013.35","1,014.09","1,004.77","1,004.77"
02/06/2003,"1,010.52","1,013.46","1,007.67","1,013.35"
02/07/2003,"1,015.24","1,016.11","1,010.38","1,010.52"
02/10/2003,"1,013.89","1,016.72","1,010.22","1,016.72"
02/11/2003,"1,015.24","1,021.50","1,013.89","1,013.89"
02/12/2003,"1,017.42","1,018.55","1,012.77","1,016.29"
02/13/2003,"1,012.79","1,017.54","1,012.59","1,017.54"
02/14/2003,"1,011.29","1,014.38","1,009.52","1,012.79"
02/17/2003,"1,012.14","1,012.68","1,010.52","1,011.29"
02/18/2003,"1,009.84","1,012.14","1,005.36","1,012.14"
02/19/2003,"1,004.16","1,009.84","1,002.92","1,009.84"
02/20/2003,"1,005.54","1,006.90","1,003.38","1,004.16"
02/21/2003,"1,008.27","1,008.57","1,002.43","1,005.56"
02/24/2003,998.64,"1,008.35",997.16,"1,008.27"
02/25/2003,998.47,998.88,993.29,998.64
02/26/2003,998.63,"1,000.50",996.79,998.47
02/27/2003,"1,007.13","1,007.33",998.76,998.76
02/28/2003,"1,014.94","1,016.16","1,007.01","1,007.13"
03/03/2003,"1,013.78","1,017.21","1,012.64","1,016.38"
03/04/2003,"1,013.39","1,014.28","1,011.17","1,013.78"
03/05/2003,"1,013.38","1,013.57","1,010.49","1,013.57"
03/06/2003,"1,024.39","1,024.82","1,013.38","1,013.38"
03/07/2003,"1,035.26","1,035.47","1,024.25","1,024.39"
03/10/2003,"1,019.96","1,035.23","1,019.28","1,035.23"
03/11/2003,"1,012.79","1,020.47","1,010.65","1,019.96"
03/12/2003,"1,018.72","1,019.05","1,011.36","1,012.79"
03/13/2003,"1,019.18","1,024.98","1,014.75","1,018.72"
03/14/2003,"1,017.52","1,023.54","1,017.52","1,019.18"
03/17/2003,"1,014.05","1,018.56","1,010.90","1,018.56"
03/18/2003,"1,015.07","1,016.02","1,013.68","1,013.68"
03/19/2003,"1,017.13","1,021.81","1,015.04","1,015.04"
03/20/2003,"1,023.22","1,024.24","1,017.51","1,018.34"
03/21/2003,"1,022.98","1,032.79","1,022.83","1,023.24"
03/24/2003,"1,012.22","1,023.26","1,012.14","1,022.98"
03/25/2003,"1,011.27","1,015.62","1,011.27","1,012.22"
03/26/2003,"1,007.90","1,018.24","1,007.74","1,011.31"
03/27/2003,"1,003.92","1,008.03","1,003.60","1,007.90"
03/28/2003,"1,009.34","1,010.20","1,003.89","1,004.26"
03/31/2003,"1,009.13","1,010.26","1,006.58","1,009.34"
04/01/2003,"1,006.93","1,009.88","1,005.67","1,009.13"
04/02/2003,"1,013.12","1,014.94","1,006.93","1,006.93"
04/03/2003,"1,016.43","1,017.71","1,013.33","1,013.33"
04/04/2003,"1,018.79","1,019.91","1,016.20","1,016.42"
04/07/2003,"1,026.47","1,028.51","1,018.84","1,018.84"
04/08/2003,"1,025.55","1,027.27","1,023.44","1,026.47"
04/09/2003,"1,031.89","1,034.20","1,024.92","1,025.55"
04/10/2003,"1,043.98","1,043.98","1,032.29","1,032.55"
04/11/2003,"1,052.40","1,053.14","1,043.98","1,043.98"
04/14/2003,"1,063.60","1,064.68","1,052.13","1,052.40"
04/15/2003,"1,068.60","1,071.42","1,062.87","1,063.60"
04/16/2003,"1,075.03","1,076.46","1,068.60","1,068.60"
04/17/2003,"1,086.48","1,087.47","1,074.98","1,075.03"
04/21/2003,"1,089.38","1,091.18","1,086.34","1,086.50"
04/22/2003,"1,083.28","1,089.53","1,081.48","1,089.38"
04/23/2003,"1,103.15","1,103.15","1,083.28","1,083.28"
04/24/2003,"1,109.59","1,110.22","1,101.48","1,103.15"
04/25/2003,"1,109.69","1,110.40","1,105.14","1,109.93"
04/28/2003,"1,114.79","1,115.09","1,109.69","1,109.69"
04/29/2003,"1,138.79","1,138.82","1,114.79","1,114.79"
04/30/2003,"1,163.96","1,164.75","1,139.13","1,139.13"
05/02/2003,"1,184.18","1,188.04","1,166.62","1,166.99"
05/05/2003,"1,192.48","1,198.50","1,185.70","1,185.95"
05/06/2003,"1,176.75","1,192.27","1,176.03","1,192.00"
05/07/2003,"1,181.65","1,182.56","1,172.67","1,178.20"
05/08/2003,"1,178.27","1,182.30","1,176.04","1,182.30"
05/09/2003,"1,200.82","1,202.11","1,178.28","1,178.28"
05/12/2003,"1,209.10","1,213.32","1,201.07","1,202.90"
05/13/2003,"1,224.78","1,227.82","1,209.10","1,209.10"
05/14/2003,"1,225.03","1,228.74","1,224.52","1,224.78"
05/15/2003,"1,228.37","1,233.41","1,223.80","1,225.06"
05/16/2003,"1,206.53","1,229.05","1,205.75","1,228.42"
05/19/2003,"1,177.36","1,208.27","1,177.36","1,208.21"
05/20/2003,"1,160.38","1,178.27","1,156.04","1,177.36"
05/22/2003,"1,193.09","1,193.11","1,160.90","1,160.90"
05/23/2003,"1,197.06","1,200.33","1,191.94","1,194.04"
05/26/2003,"1,202.29","1,202.43","1,192.00","1,198.98"
05/27/2003,"1,205.09","1,205.09","1,192.23","1,202.29"
05/28/2003,"1,224.38","1,226.20","1,205.14","1,205.15"
05/29/2003,"1,229.82","1,244.79","1,224.38","1,224.38"
05/30/2003,"1,231.01","1,233.61","1,229.01","1,229.82"
06/02/2003,"1,242.04","1,245.57","1,230.77","1,231.63"
06/03/2003,"1,240.24","1,246.17","1,237.42","1,242.04"
06/04/2003,"1,247.19","1,247.19","1,238.97","1,239.92"
06/05/2003,"1,257.58","1,257.72","1,246.81","1,247.19"
06/06/2003,"1,270.85","1,272.53","1,255.49","1,257.58"
06/09/2003,"1,273.81","1,277.28","1,269.58","1,270.81"
06/10/2003,"1,275.06","1,278.19","1,269.97","1,273.81"
06/11/2003,"1,273.53","1,277.19","1,266.49","1,275.06"
06/12/2003,"1,280.31","1,282.69","1,273.48","1,273.53"
06/13/2003,"1,277.89","1,284.30","1,275.81","1,280.31"
06/17/2003,"1,282.59","1,287.14","1,277.13","1,277.89"
06/18/2003,"1,263.92","1,283.70","1,262.03","1,282.94"
06/19/2003,"1,253.57","1,263.92","1,250.93","1,263.92"
06/20/2003,"1,245.38","1,253.57","1,240.99","1,253.57"
06/23/2003,"1,225.51","1,246.41","1,221.95","1,245.41"
06/24/2003,"1,213.20","1,246.41","1,212.76","1,245.41"
06/25/2003,"1,224.17","1,228.38","1,209.82","1,213.20"
06/26/2003,"1,214.84","1,224.50","1,212.44","1,224.17"
06/27/2003,"1,228.08","1,228.08","1,214.62","1,214.84"
06/30/2003,"1,228.12","1,232.72","1,226.05","1,226.05"
07/01/2003,"1,253.98","1,253.99","1,228.12","1,228.12"
07/02/2003,"1,261.90","1,265.34","1,253.98","1,253.98"
07/03/2003,"1,257.07","1,261.94","1,256.64","1,261.04"
07/04/2003,"1,257.53","1,259.34","1,256.19","1,257.07"
07/07/2003,"1,262.93","1,264.52","1,257.53","1,257.53"
07/08/2003,"1,264.37","1,265.08","1,257.35","1,262.56"
07/09/2003,"1,253.13","1,265.71","1,253.01","1,264.37"
07/10/2003,"1,242.56","1,254.11","1,242.56","1,253.42"
07/11/2003,"1,256.70","1,256.82","1,242.56","1,242.56"
07/14/2003,"1,254.38","1,264.62","1,253.48","1,255.84"
07/15/2003,"1,253.15","1,254.39","1,245.82","1,254.38"
07/16/2003,"1,247.33","1,254.01","1,246.42","1,253.15"
07/17/2003,"1,238.74","1,248.37","1,235.87","1,247.33"
07/18/2003,"1,248.75","1,249.26","1,239.16","1,239.16"
07/21/2003,"1,246.35","1,248.77","1,243.31","1,248.77"
07/22/2003,"1,263.40","1,264.56","1,246.78","1,246.78"
07/23/2003,"1,275.81","1,279.24","1,263.17","1,263.28"
07/24/2003,"1,278.98","1,281.53","1,275.87","1,276.01"
07/25/2003,"1,301.84","1,301.86","1,280.29","1,280.29"
07/28/2003,"1,300.12","1,303.49","1,296.87","1,301.84"
07/29/2003,"1,302.26","1,306.37","1,300.12","1,300.12"
07/30/2003,"1,306.33","1,307.76","1,300.87","1,302.08"
07/31/2003,"1,321.38","1,321.38","1,307.07","1,307.07"
08/01/2003,"1,333.51","1,335.53","1,320.06","1,321.38"
08/04/2003,"1,319.24","1,334.72","1,316.76","1,333.51"
08/05/2003,"1,308.69","1,322.35","1,308.67","1,319.41"
08/06/2003,"1,323.28","1,323.28","1,308.69","1,308.69"
08/07/2003,"1,326.99","1,327.17","1,321.97","1,323.28"
08/08/2003,"1,335.45","1,335.76","1,326.99","1,326.99"
08/11/2003,"1,347.03","1,347.88","1,335.40","1,335.45"
08/12/2003,"1,357.63","1,363.66","1,346.49","1,347.03"
08/13/2003,"1,373.53","1,374.23","1,357.63","1,357.63"
08/14/2003,"1,398.51","1,401.40","1,373.45","1,373.53"
08/18/2003,"1,401.70","1,405.36","1,394.98","1,398.51"
08/19/2003,"1,395.24","1,402.91","1,395.06","1,401.70"
08/20/2003,"1,398.68","1,402.77","1,394.35","1,395.24"
08/21/2003,"1,389.70","1,401.11","1,388.59","1,398.68"
08/22/2003,"1,367.35","1,390.94","1,353.41","1,389.70"
08/25/2003,"1,354.34","1,370.76","1,354.34","1,367.35"
08/26/2003,"1,343.39","1,355.22","1,333.88","1,354.34"
08/27/2003,"1,363.48","1,363.65","1,343.04","1,343.39"
08/28/2003,"1,368.03","1,370.34","1,363.45","1,363.48"
08/29/2003,"1,369.62","1,370.65","1,366.88","1,368.03"
09/01/2003,"1,370.21","1,370.32","1,367.86","1,369.62"
09/02/2003,"1,363.82","1,371.40","1,362.47","1,370.21"
09/03/2003,"1,363.47","1,367.19","1,361.80","1,363.82"
09/04/2003,"1,348.49","1,363.47","1,346.63","1,363.47"
09/05/2003,"1,354.45","1,354.66","1,342.32","1,348.49"
09/08/2003,"1,368.36","1,370.06","1,354.45","1,354.45"
09/09/2003,"1,372.69","1,376.28","1,367.89","1,368.36"
09/10/2003,"1,372.18","1,376.31","1,371.35","1,372.69"
09/11/2003,"1,380.70","1,380.83","1,369.89","1,372.18"
09/12/2003,"1,364.71","1,385.87","1,364.21","1,380.70"
09/15/2003,"1,358.63","1,365.53","1,356.54","1,364.71"
09/16/2003,"1,366.55","1,370.37","1,358.63","1,358.63"
09/17/2003,"1,370.04","1,370.14","1,366.31","1,366.55"
09/22/2003,"1,359.18","1,370.04","1,357.27","1,370.04"
09/23/2003,"1,380.37","1,380.65","1,357.68","1,359.18"
09/24/2003,"1,378.36","1,381.98","1,376.22","1,380.37"
09/25/2003,"1,393.09","1,395.65","1,377.72","1,378.36"
09/26/2003,"1,415.20","1,419.56","1,393.09","1,393.09"
09/29/2003,"1,432.58","1,436.12","1,415.20","1,415.20"
09/30/2003,"1,430.49","1,433.92","1,424.50","1,432.58"
10/01/2003,"1,456.35","1,457.87","1,430.42","1,430.49"
10/02/2003,"1,458.66","1,467.68","1,453.88","1,456.35"
10/03/2003,"1,475.70","1,481.36","1,458.66","1,458.66"
10/06/2003,"1,483.92","1,489.29","1,475.91","1,475.70"
10/07/2003,"1,467.07","1,485.64","1,464.28","1,483.92"
10/08/2003,"1,487.25","1,487.25","1,467.07","1,467.07"
10/09/2003,"1,500.14","1,508.42","1,487.25","1,487.25"
10/10/2003,"1,519.15","1,520.78","1,486.24","1,500.14"
10/13/2003,"1,530.55","1,535.68","1,518.13","1,519.15"
10/14/2003,"1,559.87","1,565.64","1,530.55","1,530.55"
10/15/2003,"1,557.37","1,567.01","1,546.95","1,559.87"
10/16/2003,"1,565.71","1,568.65","1,554.28","1,557.37"
10/17/2003,"1,560.32","1,575.94","1,557.03","1,565.71"
10/20/2003,"1,575.89","1,576.46","1,561.05","1,560.32"
10/21/2003,"1,585.78","1,593.89","1,575.89","1,575.89"
10/22/2003,"1,584.43","1,586.54","1,572.99","1,585.78"
10/23/2003,"1,561.29","1,584.43","1,558.00","1,584.43"
10/24/2003,"1,551.21","1,561.48","1,545.78","1,561.29"
10/27/2003,"1,559.78","1,565.93","1,551.28","1,551.21"
10/28/2003,"1,554.21","1,561.03","1,547.96","1,559.78"
10/29/2003,"1,548.40","1,559.96","1,545.94","1,554.21"
10/30/2003,"1,531.82","1,551.00","1,519.80","1,548.40"
10/31/2003,"1,515.96","1,532.37","1,514.97","1,531.82"
11/03/2003,"1,505.32","1,518.59","1,500.02","1,515.96"
11/04/2003,"1,466.33","1,505.32","1,464.43","1,505.32"
11/05/2003,"1,443.76","1,477.14","1,438.12","1,466.33"
11/06/2003,"1,435.43","1,453.07","1,420.13","1,443.76"
11/07/2003,"1,419.83","1,445.38","1,419.21","1,435.43"
11/10/2003,"1,383.97","1,419.83","1,380.36","1,419.83"
11/11/2003,"1,407.42","1,413.27","1,372.07","1,383.97"
11/12/2003,"1,437.30","1,437.32","1,407.42","1,407.42"
11/13/2003,"1,458.03","1,458.27","1,437.07","1,437.30"
11/14/2003,"1,469.60","1,470.95","1,457.98","1,458.03"
11/17/2003,"1,447.07","1,469.76","1,444.02","1,469.60"
11/18/2003,"1,432.63","1,450.35","1,432.07","1,447.07"
11/19/2003,"1,421.68","1,434.37","1,418.50","1,432.63"
11/20/2003,"1,408.94","1,422.37","1,406.92","1,421.68"
11/21/2003,"1,414.19","1,415.48","1,408.94","1,408.94"
11/24/2003,"1,422.50","1,423.08","1,413.37","1,414.19"
11/25/2003,"1,423.02","1,430.72","1,422.50","1,422.50"
11/26/2003,"1,426.16","1,429.04","1,422.20","1,423.02"
11/27/2003,"1,436.77","1,438.70","1,425.89","1,426.16"
11/28/2003,"1,458.34","1,458.34","1,436.75","1,436.77"
12/01/2003,"1,486.05","1,488.49","1,458.34","1,458.34"
12/02/2003,"1,476.64","1,490.71","1,474.48","1,486.05"
12/03/2003,"1,469.28","1,476.85","1,466.41","1,476.64"
12/04/2003,"1,478.04","1,478.04","1,469.28","1,469.28"
12/05/2003,"1,485.62","1,485.74","1,478.90","1,478.04"
12/09/2003,"1,464.96","1,485.90","1,461.76","1,485.62"
12/10/2003,"1,453.13","1,466.75","1,450.54","1,464.96"
12/11/2003,"1,456.49","1,458.63","1,452.71","1,453.13"
12/12/2003,"1,464.85","1,471.75","1,456.49","1,456.49"
12/15/2003,"1,461.16","1,475.92","1,460.66","1,464.85"
12/16/2003,"1,439.16","1,461.16","1,437.56","1,461.16"
12/17/2003,"1,437.59","1,440.29","1,432.04","1,439.16"
12/18/2003,"1,449.13","1,449.13","1,437.56","1,437.59"
12/19/2003,"1,440.13","1,449.13","1,439.38","1,449.13"
12/22/2003,"1,449.15","1,451.53","1,435.93","1,440.13"
12/23/2003,"1,468.53","1,468.55","1,447.90","1,449.15"
12/24/2003,"1,469.44","1,471.78","1,466.61","1,468.53"
12/26/2003,"1,471.92","1,472.66","1,466.96","1,469.44"
12/29/2003,"1,478.61","1,481.67","1,472.38","1,471.92"
12/30/2003,"1,484.80","1,488.31","1,477.91","1,478.61"
01/02/2004,"1,484.60","1,491.16","1,476.68","1,484.80"
01/05/2004,"1,484.80","1,489.57","1,481.13","1,484.60"
01/06/2004,"1,466.77","1,485.42","1,421.79","1,484.80"
01/07/2004,"1,461.60","1,467.03","1,440.62","1,466.77"
01/08/2004,"1,462.85","1,468.58","1,458.29","1,461.60"
01/09/2004,"1,476.40","1,483.14","1,463.85","1,462.85"
01/12/2004,"1,475.81","1,482.30","1,475.06","1,476.40"
01/13/2004,"1,467.89","1,483.32","1,466.29","1,475.81"
01/14/2004,"1,481.69","1,482.88","1,457.86","1,467.89"
01/15/2004,"1,475.09","1,484.34","1,468.09","1,481.69"
01/16/2004,"1,459.48","1,475.94","1,459.45","1,475.09"
01/19/2004,"1,455.97","1,459.48","1,454.64","1,459.48"
01/20/2004,"1,453.98","1,458.48","1,446.13","1,455.97"
01/21/2004,"1,446.37","1,453.98","1,440.15","1,453.98"
01/22/2004,"1,451.02","1,452.44","1,442.09","1,446.37"
01/23/2004,"1,453.50","1,457.51","1,449.81","1,451.02"
01/26/2004,"1,438.92","1,453.95","1,438.88","1,453.50"
01/27/2004,"1,439.96","1,440.32","1,433.61","1,438.92"
01/28/2004,"1,432.74","1,443.94","1,432.38","1,439.96"
01/29/2004,"1,415.25","1,432.74","1,407.64","1,432.74"
01/30/2004,"1,408.86","1,432.28","1,405.65","1,415.25"
02/02/2004,"1,411.33","1,411.72","1,401.18","1,408.86"
02/03/2004,"1,416.47","1,418.96","1,411.11","1,411.33"
02/04/2004,"1,412.47","1,422.54","1,411.00","1,416.47"
02/05/2004,"1,426.19","1,426.54","1,412.47","1,412.47"
02/06/2004,"1,424.71","1,431.33","1,421.30","1,426.19"
02/09/2004,"1,427.29","1,427.56","1,417.34","1,424.71"
02/10/2004,"1,428.70","1,430.36","1,427.15","1,427.29"
02/11/2004,"1,432.95","1,433.89","1,427.95","1,428.70"
02/12/2004,"1,435.47","1,435.57","1,425.87","1,432.95"
02/13/2004,"1,445.45","1,448.74","1,435.44","1,435.47"
02/16/2004,"1,461.60","1,461.65","1,445.23","1,445.45"
02/17/2004,"1,487.43","1,487.56","1,461.60","1,461.60"
02/18/2004,"1,514.61","1,516.43","1,487.24","1,487.43"
02/19/2004,"1,506.62","1,524.32","1,506.08","1,514.61"
02/20/2004,"1,504.79","1,506.96","1,498.33","1,506.62"
02/23/2004,"1,533.40","1,534.56","1,504.27","1,504.79"
02/24/2004,"1,524.81","1,536.85","1,524.58","1,533.40"
02/25/2004,"1,531.23","1,532.43","1,520.56","1,524.81"
02/26/2004,"1,537.33","1,544.36","1,531.23","1,531.23"
02/27/2004,"1,543.08","1,544.57","1,535.29","1,537.33"
03/01/2004,"1,546.97","1,551.01","1,541.22","1,543.08"
03/02/2004,"1,567.81","1,570.16","1,546.97","1,546.97"
03/03/2004,"1,568.41","1,573.94","1,561.28","1,567.81"
03/04/2004,"1,554.09","1,571.52","1,546.91","1,568.41"
03/05/2004,"1,540.53","1,557.94","1,538.45","1,554.09"
03/08/2004,"1,493.64","1,540.65","1,493.19","1,540.53"
03/09/2004,"1,512.68","1,514.88","1,491.57","1,493.64"
03/10/2004,"1,512.69","1,522.72","1,511.08","1,512.68"
03/11/2004,"1,496.58","1,512.69","1,490.66","1,512.69"
03/12/2004,"1,484.66","1,496.66","1,480.93","1,496.58"
03/15/2004,"1,463.44","1,487.58","1,459.56","1,484.66"
03/16/2004,"1,474.68","1,479.19","1,463.44","1,463.44"
03/17/2004,"1,475.37","1,485.09","1,474.68","1,474.68"
03/18/2004,"1,460.97","1,475.58","1,453.50","1,475.37"
03/19/2004,"1,453.67","1,463.50","1,453.36","1,460.97"
03/22/2004,"1,424.24","1,453.67","1,418.43","1,453.67"
03/23/2004,"1,429.50","1,437.97","1,424.24","1,424.24"
03/24/2004,"1,418.01","1,429.50","1,416.72","1,429.50"
03/25/2004,"1,441.44","1,441.46","1,417.62","1,418.01"
03/26/2004,"1,433.87","1,443.78","1,425.59","1,441.44"
03/29/2004,"1,447.30","1,453.03","1,430.09","1,433.87"
03/30/2004,"1,449.62","1,449.69","1,443.35","1,447.30"
03/31/2004,"1,458.90","1,460.01","1,450.34","1,449.62"
04/01/2004,"1,480.31","1,482.49","1,454.88","1,458.90"
04/02/2004,"1,488.92","1,503.87","1,480.31","1,480.31"
04/05/2004,"1,507.66","1,509.18","1,489.55","1,488.92"
04/06/2004,"1,500.93","1,509.50","1,500.85","1,507.66"
04/07/2004,"1,496.30","1,503.73","1,494.37","1,500.93"
04/08/2004,"1,481.62","1,498.35","1,479.91","1,496.30"
04/12/2004,"1,487.93","1,493.68","1,475.74","1,481.62"
04/13/2004,"1,479.87","1,489.86","1,479.09","1,487.93"
04/14/2004,"1,475.33","1,480.58","1,473.80","1,479.87"
04/15/2004,"1,459.10","1,476.06","1,457.75","1,475.33"
04/16/2004,"1,465.04","1,467.19","1,459.10","1,459.10"
04/19/2004,"1,450.53","1,465.46","1,450.41","1,465.04"
04/20/2004,"1,444.50","1,452.68","1,444.28","1,450.53"
04/21/2004,"1,430.84","1,444.50","1,429.36","1,444.50"
04/22/2004,"1,446.11","1,446.53","1,430.82","1,430.84"
04/23/2004,"1,460.88","1,461.53","1,448.24","1,446.11"
04/26/2004,"1,461.44","1,466.46","1,457.53","1,460.88"
04/27/2004,"1,460.48","1,464.91","1,457.28","1,461.44"
04/28/2004,"1,444.08","1,462.75","1,440.15","1,460.48"
04/29/2004,"1,432.54","1,444.08","1,427.62","1,444.08"
04/30/2004,"1,430.60","1,438.94","1,429.67","1,432.54"
05/03/2004,"1,415.36","1,431.70","1,406.64","1,430.60"
05/04/2004,"1,427.94","1,429.07","1,415.36","1,415.36"
05/05/2004,"1,443.41","1,447.21","1,429.71","1,427.94"
05/06/2004,"1,429.85","1,446.39","1,426.22","1,443.41"
05/07/2004,"1,421.90","1,432.57","1,420.52","1,429.85"
05/10/2004,"1,390.63","1,424.27","1,390.09","1,421.90"
05/11/2004,"1,417.52","1,420.39","1,390.63","1,390.63"
05/12/2004,"1,415.79","1,425.18","1,404.14","1,417.52"
05/13/2004,"1,408.41","1,421.43","1,406.98","1,415.79"
05/14/2004,"1,415.90","1,418.82","1,408.02","1,408.41"
05/17/2004,"1,400.21","1,417.50","1,397.87","1,415.90"
05/18/2004,"1,408.85","1,409.31","1,400.13","1,400.21"
05/19/2004,"1,422.63","1,425.05","1,408.98","1,408.85"
05/20/2004,"1,412.83","1,423.23","1,411.59","1,422.63"
05/24/2004,"1,400.55","1,413.85","1,400.05","1,412.83"
05/25/2004,"1,400.01","1,406.73","1,357.53","1,400.55"
05/26/2004,"1,417.97","1,417.97","1,399.52","1,400.01"
05/27/2004,"1,438.64","1,439.68","1,417.97","1,417.97"
05/28/2004,"1,429.42","1,441.05","1,428.42","1,438.64"
05/31/2004,"1,428.80","1,433.95","1,427.70","1,429.42"
06/01/2004,"1,415.86","1,429.60","1,413.02","1,428.80"
06/02/2004,"1,415.70","1,421.81","1,412.77","1,415.86"
06/03/2004,"1,398.45","1,416.71","1,398.29","1,415.70"
06/04/2004,"1,400.83","1,402.89","1,396.31","1,398.45"
06/08/2004,"1,419.28","1,419.29","1,400.63","1,400.83"
06/09/2004,"1,435.83","1,436.15","1,419.27","1,419.28"
06/10/2004,"1,442.92","1,443.85","1,432.87","1,435.83"
06/11/2004,"1,447.40","1,448.83","1,440.17","1,442.92"
06/14/2004,"1,436.95","1,448.01","1,435.70","1,447.40"
06/15/2004,"1,446.41","1,447.78","1,436.95","1,436.95"
06/16/2004,"1,460.46","1,464.05","1,446.41","1,446.41"
06/17/2004,"1,470.31","1,471.52","1,456.69","1,460.46"
06/18/2004,"1,472.27","1,477.37","1,470.31","1,470.31"
06/21/2004,"1,468.12","1,473.10","1,464.83","1,472.27"
06/22/2004,"1,457.91","1,468.12","1,457.08","1,468.12"
06/23/2004,"1,472.56","1,473.92","1,457.22","1,457.91"
06/24/2004,"1,477.02","1,486.03","1,471.86","1,472.56"
06/25/2004,"1,477.01","1,479.34","1,474.68","1,477.02"
06/29/2004,"1,476.63","1,483.82","1,475.44","1,477.01"
06/30/2004,"1,482.98","1,485.73","1,476.45","1,476.63"
07/01/2004,"1,480.35","1,483.29","1,476.99","1,482.98"
07/02/2004,"1,481.36","1,482.47","1,478.11","1,480.35"
07/05/2004,"1,476.38","1,482.44","1,476.38","1,481.36"
07/06/2004,"1,478.03","1,480.17","1,472.68","1,476.38"
07/07/2004,"1,488.65","1,492.10","1,477.59","1,478.03"
07/08/2004,"1,489.85","1,496.39","1,486.38","1,488.65"
07/09/2004,"1,496.76","1,499.42","1,489.85","1,489.85"
07/12/2004,"1,500.42","1,501.09","1,496.76","1,496.76"
07/13/2004,"1,499.80","1,502.05","1,497.64","1,500.42"
07/14/2004,"1,500.45","1,500.90","1,495.60","1,499.80"
07/15/2004,"1,498.09","1,505.39","1,495.96","1,500.45"
07/16/2004,"1,508.10","1,508.42","1,494.47","1,498.09"
07/19/2004,"1,498.84","1,508.10","1,497.57","1,508.10"
07/20/2004,"1,504.38","1,505.11","1,497.79","1,498.84"
07/21/2004,"1,502.58","1,506.45","1,497.67","1,504.38"
07/22/2004,"1,499.96","1,502.94","1,496.88","1,502.58"
07/23/2004,"1,497.33","1,500.68","1,494.96","1,499.96"
07/26/2004,"1,495.02","1,497.57","1,491.12","1,497.33"
07/27/2004,"1,506.53","1,508.90","1,494.23","1,495.02"
07/28/2004,"1,506.75","1,514.42","1,504.39","1,506.53"
07/29/2004,"1,521.64","1,522.60","1,506.75","1,506.75"
07/30/2004,"1,520.85","1,523.83","1,517.74","1,521.64"
08/02/2004,"1,522.50","1,523.02","1,517.03","1,520.85"
08/03/2004,"1,521.73","1,524.54","1,519.53","1,522.50"
08/04/2004,"1,522.05","1,523.59","1,520.07","1,521.73"
08/05/2004,"1,526.58","1,532.73","1,521.99","1,522.05"
08/06/2004,"1,524.40","1,528.65","1,523.79","1,526.58"
08/09/2004,"1,532.39","1,533.34","1,524.40","1,524.40"
08/10/2004,"1,532.27","1,536.81","1,531.26","1,532.39"
08/11/2004,"1,538.33","1,538.63","1,530.14","1,532.27"
08/12/2004,"1,542.92","1,543.70","1,535.65","1,538.33"
08/13/2004,"1,539.79","1,544.52","1,534.86","1,542.92"
08/16/2004,"1,545.46","1,547.50","1,538.04","1,539.79"
08/17/2004,"1,563.90","1,565.18","1,545.46","1,545.46"
08/18/2004,"1,586.03","1,587.14","1,563.90","1,563.90"
08/19/2004,"1,585.45","1,594.24","1,575.01","1,586.03"
08/20/2004,"1,596.53","1,597.32","1,585.42","1,585.45"
08/23/2004,"1,592.27","1,608.44","1,587.30","1,596.53"
08/24/2004,"1,591.90","1,598.11","1,583.11","1,592.27"
08/25/2004,"1,600.85","1,607.12","1,591.90","1,591.90"
08/26/2004,"1,600.74","1,609.11","1,598.91","1,600.85"
08/27/2004,"1,626.43","1,627.18","1,600.57","1,600.74"
08/30/2004,"1,623.72","1,635.78","1,622.26","1,626.43"
08/31/2004,"1,631.41","1,635.51","1,623.72","1,623.72"
09/01/2004,"1,636.35","1,637.16","1,630.21","1,631.41"
09/02/2004,"1,634.98","1,644.90","1,631.01","1,636.35"
09/03/2004,"1,642.04","1,652.57","1,634.82","1,634.98"
09/06/2004,"1,642.18","1,650.75","1,640.84","1,642.04"
09/07/2004,"1,629.20","1,644.71","1,626.78","1,642.18"
09/08/2004,"1,614.78","1,629.91","1,598.30","1,629.20"
09/09/2004,"1,599.06","1,615.93","1,596.26","1,614.78"
09/10/2004,"1,608.01","1,608.26","1,596.76","1,599.06"
09/13/2004,"1,609.48","1,612.24","1,581.43","1,608.01"
09/14/2004,"1,630.04","1,630.62","1,605.94","1,609.48"
09/15/2004,"1,647.15","1,650.10","1,630.04","1,630.04"
09/16/2004,"1,658.55","1,661.02","1,646.20","1,647.15"
09/17/2004,"1,658.55","1,661.02","1,646.20","1,647.15"
09/20/2004,"1,661.26","1,666.45","1,655.83","1,658.55"
09/21/2004,"1,682.94","1,683.47","1,661.26","1,661.26"
09/22/2004,"1,672.65","1,692.87","1,671.75","1,682.94"
09/23/2004,"1,684.55","1,686.76","1,672.40","1,672.65"
09/24/2004,"1,690.75","1,695.53","1,684.55","1,684.55"
09/27/2004,"1,693.70","1,704.59","1,690.63","1,690.75"
09/28/2004,"1,687.82","1,695.35","1,678.44","1,693.70"
09/29/2004,"1,714.76","1,718.13","1,687.82","1,687.82"
09/30/2004,"1,707.02","1,716.79","1,702.89","1,714.76"
10/01/2004,"1,731.16","1,731.77","1,707.02","1,707.02"
10/04/2004,"1,743.01","1,748.65","1,731.16","1,731.16"
10/05/2004,"1,731.59","1,753.01","1,730.58","1,743.01"
10/06/2004,"1,724.42","1,737.35","1,716.68","1,731.59"
10/07/2004,"1,716.72","1,731.78","1,713.01","1,724.42"
10/08/2004,"1,703.44","1,719.16","1,702.38","1,716.72"
10/12/2004,"1,691.15","1,703.89","1,680.54","1,703.44"
10/13/2004,"1,678.06","1,699.62","1,677.90","1,691.15"
10/14/2004,"1,681.31","1,682.27","1,660.63","1,678.06"
10/15/2004,"1,700.04","1,702.19","1,681.11","1,681.31"
10/18/2004,"1,721.47","1,724.58","1,700.35","1,700.04"
10/19/2004,"1,727.56","1,740.72","1,720.96","1,721.47"
10/20/2004,"1,714.31","1,727.90","1,707.61","1,727.56"
10/21/2004,"1,739.26","1,740.93","1,715.42","1,714.31"
10/22/2004,"1,749.38","1,752.83","1,739.26","1,739.26"
10/25/2004,"1,723.80","1,750.09","1,723.50","1,749.38"
10/26/2004,"1,725.20","1,729.56","1,720.30","1,723.80"
10/27/2004,"1,739.86","1,740.56","1,725.20","1,725.20"
10/28/2004,"1,758.84","1,761.69","1,739.86","1,739.86"
10/29/2004,"1,768.20","1,778.96","1,757.17","1,758.84"
11/02/2004,"1,782.38","1,785.27","1,767.42","1,768.20"
11/03/2004,"1,771.34","1,789.34","1,768.40","1,782.38"
11/04/2004,"1,774.92","1,776.84","1,764.16","1,771.34"
11/05/2004,"1,768.21","1,779.62","1,766.89","1,774.92"
11/08/2004,"1,759.29","1,769.34","1,753.41","1,768.21"
11/09/2004,"1,750.12","1,761.63","1,745.93","1,759.29"
11/10/2004,"1,745.32","1,750.76","1,742.35","1,750.12"
11/11/2004,"1,741.53","1,746.75","1,732.57","1,745.32"
11/12/2004,"1,740.98","1,746.64","1,739.54","1,741.53"
11/15/2004,"1,725.29","1,742.94","1,720.39","1,740.98"
11/16/2004,"1,733.90","1,737.14","1,725.29","1,725.29"
11/17/2004,"1,739.30","1,746.77","1,733.73","1,733.90"
11/18/2004,"1,749.09","1,752.11","1,739.23","1,739.30"
11/22/2004,"1,748.71","1,750.69","1,742.97","1,749.09"
11/23/2004,"1,761.33","1,762.13","1,748.71","1,748.71"
11/24/2004,"1,770.21","1,770.21","1,761.33","1,761.33"
11/25/2004,"1,775.53","1,778.31","1,770.21","1,770.21"
11/26/2004,"1,773.94","1,781.97","1,771.90","1,775.53"
11/29/2004,"1,775.39","1,777.00","1,773.24","1,773.94"
11/30/2004,"1,790.47","1,790.76","1,775.39","1,775.39"
12/01/2004,"1,808.50","1,808.62","1,790.40","1,790.47"
12/02/2004,"1,808.06","1,820.90","1,805.94","1,808.50"
12/03/2004,"1,806.78","1,810.91","1,804.93","1,808.06"
12/06/2004,"1,802.14","1,808.09","1,799.96","1,806.78"
12/07/2004,"1,786.90","1,803.36","1,785.36","1,802.14"
12/09/2004,"1,770.40","1,786.90","1,769.55","1,786.90"
12/10/2004,"1,783.55","1,786.98","1,770.09","1,770.40"
12/13/2004,"1,790.01","1,796.58","1,784.88","1,783.55"
12/14/2004,"1,801.30","1,804.43","1,789.38","1,790.01"
12/15/2004,"1,800.68","1,809.92","1,799.70","1,801.30"
12/16/2004,"1,798.93","1,804.13","1,795.80","1,800.68"
12/17/2004,"1,797.95","1,803.79","1,797.67","1,798.93"
12/20/2004,"1,798.26","1,798.33","1,792.87","1,797.95"
12/21/2004,"1,810.10","1,811.09","1,797.48","1,798.26"
12/22/2004,"1,825.34","1,826.35","1,810.10","1,810.10"
12/23/2004,"1,815.88","1,827.37","1,813.38","1,825.34"
12/24/2004,"1,811.35","1,817.45","1,810.93","1,815.88"
12/27/2004,"1,793.67","1,811.56","1,791.55","1,811.35"
12/28/2004,"1,794.97","1,802.13","1,789.22","1,793.67"
12/29/2004,"1,797.45","1,804.48","1,794.83","1,794.97"
12/30/2004,"1,796.48","1,801.94","1,795.43","1,797.45"
01/03/2005,"1,795.89","1,804.94","1,795.47","1,796.48"
01/04/2005,"1,781.05","1,795.89","1,779.25","1,795.89"
01/05/2005,"1,767.74","1,781.30","1,765.37","1,781.05"
01/06/2005,"1,750.70","1,767.74","1,748.77","1,767.74"
01/07/2005,"1,764.46","1,765.44","1,747.63","1,750.70"
01/10/2005,"1,754.39","1,765.79","1,753.98","1,764.46"
01/11/2005,"1,717.08","1,754.39","1,707.48","1,754.39"
01/12/2005,"1,710.07","1,726.04","1,707.10","1,717.08"
01/13/2005,"1,733.64","1,734.52","1,710.07","1,710.07"
01/14/2005,"1,745.31","1,745.31","1,733.64","1,733.64"
01/17/2005,"1,745.31","1,752.92","1,741.62","1,745.31"
01/18/2005,"1,726.65","1,745.69","1,725.12","1,745.31"
01/19/2005,"1,743.78","1,744.47","1,723.96","1,726.65"
01/20/2005,"1,755.53","1,756.48","1,744.34","1,743.78"
01/21/2005,"1,753.34","1,762.39","1,752.71","1,755.53"
01/24/2005,"1,746.31","1,753.80","1,745.94","1,753.34"
01/25/2005,"1,757.87","1,758.69","1,746.13","1,746.31"
01/26/2005,"1,772.62","1,776.27","1,757.87","1,757.87"
01/27/2005,"1,793.85","1,793.99","1,772.62","1,772.62"
01/28/2005,"1,799.67","1,813.74","1,792.16","1,793.85"
01/31/2005,"1,809.88","1,813.32","1,799.67","1,799.67"
02/01/2005,"1,803.58","1,817.38","1,803.02","1,809.88"
02/02/2005,"1,802.45","1,809.60","1,801.09","1,803.58"
02/03/2005,"1,805.43","1,806.94","1,801.97","1,802.45"
02/04/2005,"1,815.54","1,816.01","1,805.43","1,805.43"
02/07/2005,"1,829.28","1,829.85","1,815.53","1,815.54"
02/08/2005,"1,836.34","1,840.48","1,829.28","1,829.28"
02/09/2005,"1,826.18","1,840.44","1,825.56","1,836.34"
02/10/2005,"1,828.09","1,831.69","1,825.59","1,826.18"
02/11/2005,"1,825.34","1,828.77","1,817.13","1,828.09"
02/14/2005,"1,828.25","1,830.04","1,825.34","1,825.34"
02/15/2005,"1,829.18","1,830.74","1,826.46","1,828.25"
02/16/2005,"1,827.30","1,831.93","1,824.70","1,829.18"
02/17/2005,"1,832.43","1,832.43","1,827.30","1,827.30"
02/18/2005,"1,838.44","1,839.01","1,832.28","1,832.43"
02/21/2005,"1,843.74","1,847.66","1,838.44","1,838.44"
02/22/2005,"1,847.95","1,851.07","1,841.45","1,843.74"
02/23/2005,"1,855.62","1,856.27","1,847.85","1,847.95"
02/24/2005,"1,874.79","1,875.02","1,855.62","1,855.62"
02/25/2005,"1,887.33","1,888.14","1,874.79","1,874.79"
02/28/2005,"1,895.20","1,901.70","1,887.33","1,887.33"
03/01/2005,"1,912.70","1,912.77","1,891.02","1,895.20"
03/02/2005,"1,917.34","1,920.94","1,909.64","1,912.70"
03/03/2005,"1,928.29","1,934.87","1,917.34","1,917.34"
03/04/2005,"1,920.72","1,928.71","1,919.66","1,928.29"
03/07/2005,"1,915.91","1,924.68","1,915.27","1,920.72"
03/08/2005,"1,934.63","1,935.01","1,910.01","1,915.91"
03/09/2005,"1,933.93","1,940.81","1,929.84","1,934.63"
03/10/2005,"1,929.29","1,935.38","1,924.66","1,933.93"
03/11/2005,"1,910.55","1,930.51","1,906.58","1,929.29"
03/14/2005,"1,892.77","1,913.88","1,891.11","1,910.55"
03/15/2005,"1,902.51","1,903.31","1,892.05","1,892.77"
03/16/2005,"1,913.84","1,915.80","1,901.82","1,902.51"
03/17/2005,"1,923.01","1,923.23","1,913.84","1,913.84"
03/18/2005,"1,936.30","1,939.39","1,923.00","1,923.01"
03/21/2005,"1,950.11","1,951.21","1,936.30","1,936.30"
03/22/2005,"1,941.35","1,959.71","1,941.19","1,950.11"
03/23/2005,"1,922.79","1,942.17","1,921.75","1,941.35"
03/24/2005,"1,942.75","1,948.20","1,922.82","1,922.79"
03/28/2005,"1,968.84","1,970.54","1,942.75","1,942.75"
03/29/2005,"1,941.65","1,981.10","1,940.94","1,968.84"
03/30/2005,"1,953.19","1,953.99","1,941.65","1,941.65"
03/31/2005,"1,961.69","1,970.98","1,952.68","1,953.19"
04/01/2005,"1,955.89","1,970.34","1,955.19","1,961.69"
04/04/2005,"1,950.33","1,955.91","1,943.08","1,955.89"
04/05/2005,"1,959.26","1,962.43","1,947.94","1,950.33"
04/06/2005,"1,974.23","1,979.03","1,959.26","1,959.26"
04/07/2005,"1,988.31","1,988.40","1,971.63","1,974.23"
04/08/2005,"1,992.53","2,004.92","1,988.20","1,988.31"
04/11/2005,"1,996.89","1,998.48","1,988.99","1,992.53"
04/12/2005,"2,008.03","2,011.54","1,996.82","1,996.89"
04/13/2005,"1,997.57","2,020.17","1,996.36","2,008.03"
04/14/2005,"1,976.41","2,001.62","1,961.59","1,997.57"
04/15/2005,"1,963.66","1,989.87","1,963.18","1,976.41"
04/18/2005,"1,978.11","1,978.73","1,958.27","1,963.66"
04/19/2005,"1,990.48","1,992.91","1,975.45","1,978.11"
04/20/2005,"1,989.80","2,001.53","1,988.49","1,990.48"
04/21/2005,"1,989.84","1,994.15","1,977.06","1,989.80"
04/22/2005,"1,982.20","1,990.24","1,982.05","1,989.84"
04/25/2005,"1,964.61","1,988.81","1,963.21","1,982.20"
04/26/2005,"1,976.15","1,985.17","1,964.61","1,964.61"
04/27/2005,"1,949.84","1,978.71","1,948.21","1,976.15"
04/28/2005,"1,947.71","1,954.75","1,935.21","1,949.84"
04/29/2005,"1,956.98","1,956.98","1,945.44","1,947.71"
05/02/2005,"1,961.45","1,962.30","1,952.95","1,956.98"
05/03/2005,"1,972.85","1,980.68","1,961.20","1,961.45"
05/04/2005,"1,992.39","1,992.54","1,973.18","1,972.85"
05/05/2005,"1,988.49","2,001.44","1,978.03","1,992.39"
05/06/2005,"1,993.43","1,994.05","1,982.93","1,988.49"
05/09/2005,"1,996.83","2,005.40","1,993.72","1,993.43"
05/10/2005,"1,987.77","1,999.12","1,985.76","1,996.83"
05/11/2005,"1,977.05","1,988.72","1,968.73","1,987.77"
05/12/2005,"1,965.21","1,977.05","1,965.12","1,977.05"
05/13/2005,"1,949.95","1,965.22","1,937.38","1,965.21"
05/16/2005,"1,928.96","1,953.51","1,921.53","1,949.95"
05/17/2005,"1,950.13","1,951.18","1,928.96","1,928.96"
05/18/2005,"1,962.72","1,968.92","1,950.13","1,950.13"
05/19/2005,"1,955.13","1,965.82","1,951.24","1,962.72"
05/20/2005,"1,953.90","1,963.85","1,948.61","1,955.13"
05/24/2005,"1,940.49","1,955.45","1,937.32","1,953.90"
05/25/2005,"1,934.59","1,951.96","1,933.62","1,940.49"
05/26/2005,"1,940.73","1,947.30","1,933.36","1,934.59"
05/27/2005,"1,951.01","1,957.97","1,940.73","1,940.73"
05/30/2005,"1,969.51","1,969.51","1,951.01","1,951.01"
05/31/2005,"1,968.78","1,978.82","1,968.55","1,969.51"
06/01/2005,"1,985.33","1,989.90","1,968.72","1,968.78"
06/02/2005,"2,005.98","2,007.20","1,981.30","1,985.33"
06/03/2005,"2,012.91","2,015.28","2,000.63","2,005.98"
06/06/2005,"2,011.18","2,026.49","2,011.18","2,012.91"
06/07/2005,"2,006.48","2,017.83","2,006.20","2,011.18"
06/08/2005,"2,010.32","2,012.95","2,006.48","2,006.48"
06/09/2005,"2,005.48","2,010.91","2,003.59","2,010.32"
06/10/2005,"2,017.49","2,018.89","2,005.45","2,005.48"
06/13/2005,"2,014.12","2,025.66","2,003.31","2,017.49"
06/14/2005,"2,024.98","2,026.55","2,014.07","2,014.12"
06/15/2005,"2,041.00","2,042.03","2,019.15","2,024.98"
06/16/2005,"2,058.48","2,066.71","2,041.00","2,041.00"
06/17/2005,"2,065.54","2,066.80","2,056.42","2,058.48"
06/20/2005,"2,053.94","2,067.80","2,053.02","2,065.54"
06/21/2005,"2,075.26","2,075.61","2,050.70","2,053.94"
06/22/2005,"2,088.93","2,093.25","2,075.26","2,075.26"
06/23/2005,"2,068.64","2,094.81","2,068.23","2,088.93"
06/24/2005,"2,063.51","2,071.26","2,058.19","2,068.64"
06/28/2005,"2,071.30","2,072.35","2,062.49","2,063.51"
06/29/2005,"2,055.91","2,082.29","2,055.28","2,071.30"
06/30/2005,"2,056.84","2,062.88","2,040.34","2,055.91"
07/01/2005,"2,062.90","2,063.18","2,056.12","2,056.84"
07/04/2005,"2,061.20","2,065.35","2,051.86","2,062.90"
07/05/2005,"2,062.89","2,064.33","2,056.63","2,061.20"
07/06/2005,"2,063.61","2,065.06","2,058.96","2,062.89"
07/07/2005,"2,058.34","2,063.61","2,045.62","2,063.61"
07/08/2005,"2,061.33","2,073.04","2,058.34","2,058.34"
07/11/2005,"2,062.51","2,065.64","2,055.82","2,061.33"
07/12/2005,"2,067.38","2,068.14","2,062.47","2,062.51"
07/13/2005,"2,084.07","2,086.04","2,067.38","2,067.38"
07/14/2005,"2,095.39","2,096.01","2,084.07","2,084.07"
07/15/2005,"2,091.43","2,098.42","2,088.38","2,095.39"
07/18/2005,"2,103.02","2,103.06","2,092.55","2,091.43"
07/19/2005,"2,132.74","2,133.84","2,102.80","2,103.02"
07/20/2005,"2,127.26","2,141.34","2,126.65","2,132.74"
07/21/2005,"2,136.36","2,139.40","2,120.95","2,127.26"
07/22/2005,"2,151.86","2,155.98","2,134.66","2,136.36"
07/25/2005,"2,158.77","2,169.06","2,152.20","2,151.86"
07/26/2005,"2,152.79","2,160.19","2,147.66","2,158.77"
07/27/2005,"2,155.76","2,162.96","2,152.26","2,152.79"
07/28/2005,"2,177.52","2,178.29","2,149.17","2,155.76"
07/29/2005,"2,175.06","2,183.22","2,172.77","2,177.52"
08/01/2005,"2,194.05","2,194.82","2,175.13","2,175.06"
08/02/2005,"2,214.07","2,217.10","2,193.07","2,194.05"
08/03/2005,"2,198.18","2,219.95","2,190.84","2,214.07"
08/04/2005,"2,187.72","2,203.68","2,174.97","2,198.18"
08/05/2005,"2,152.19","2,194.13","2,147.99","2,187.72"
08/08/2005,"2,164.55","2,168.54","2,152.19","2,152.19"
08/09/2005,"2,166.06","2,181.44","2,161.73","2,164.55"
08/10/2005,"2,141.43","2,172.85","2,135.24","2,166.06"
08/11/2005,"2,132.37","2,143.26","2,121.34","2,141.43"
08/12/2005,"2,107.27","2,135.22","2,093.19","2,132.37"
08/16/2005,"2,106.33","2,108.17","2,082.69","2,107.27"
08/17/2005,"2,111.70","2,116.02","2,106.30","2,106.33"
08/18/2005,"2,105.21","2,116.74","2,104.23","2,111.70"
08/19/2005,"2,089.08","2,105.22","2,082.53","2,105.21"
08/22/2005,"2,083.97","2,090.30","2,078.56","2,089.08"
08/23/2005,"2,123.18","2,124.03","2,082.46","2,083.97"
08/24/2005,"2,132.26","2,138.93","2,119.11","2,123.18"
08/25/2005,"2,127.43","2,133.62","2,120.66","2,132.26"
08/26/2005,"2,124.87","2,133.40","2,122.03","2,127.43"
08/29/2005,"2,107.53","2,125.27","2,105.05","2,124.87"
08/30/2005,"2,086.08","2,116.14","2,076.25","2,107.53"
08/31/2005,"2,086.25","2,089.95","2,084.36","2,086.08"
09/01/2005,"2,080.79","2,094.40","2,072.53","2,086.25"
09/02/2005,"2,065.33","2,081.11","2,061.35","2,080.79"
09/05/2005,"2,046.72","2,066.54","2,039.85","2,065.33"
09/06/2005,"2,073.03","2,076.66","2,046.72","2,046.72"
09/07/2005,"2,092.65","2,092.77","2,073.03","2,073.03"
09/08/2005,"2,098.05","2,098.51","2,092.64","2,092.65"
09/09/2005,"2,101.03","2,101.62","2,091.01","2,098.05"
09/12/2005,"2,115.16","2,119.97","2,101.03","2,101.03"
09/13/2005,"2,118.79","2,126.89","2,115.13","2,115.16"
09/14/2005,"2,123.95","2,126.43","2,117.65","2,118.79"
09/15/2005,"2,111.52","2,126.30","2,110.19","2,123.95"
09/16/2005,"2,121.57","2,122.35","2,111.52","2,111.52"
09/20/2005,"2,146.15","2,149.21","2,121.57","2,121.57"
09/21/2005,"2,162.22","2,166.29","2,145.93","2,146.15"
09/22/2005,"2,154.16","2,162.93","2,148.96","2,162.22"
09/23/2005,"2,158.25","2,160.13","2,152.51","2,154.16"
09/26/2005,"2,160.28","2,169.92","2,158.45","2,158.25"
09/27/2005,"2,146.37","2,160.91","2,140.46","2,160.28"
09/28/2005,"2,138.37","2,151.89","2,135.14","2,146.37"
09/29/2005,"2,140.14","2,151.26","2,137.09","2,138.37"
09/30/2005,"2,152.82","2,153.62","2,140.14","2,140.14"
10/03/2005,"2,181.27","2,182.03","2,152.82","2,152.82"
10/04/2005,"2,190.06","2,192.32","2,175.30","2,181.27"
10/05/2005,"2,163.47","2,201.37","2,162.20","2,190.06"
10/06/2005,"2,150.26","2,170.29","2,145.16","2,163.47"
10/07/2005,"2,160.43","2,172.13","2,150.26","2,150.26"
10/11/2005,"2,163.85","2,176.67","2,160.43","2,160.43"
10/12/2005,"2,142.09","2,163.85","2,140.53","2,163.85"
10/13/2005,"2,132.07","2,143.22","2,127.29","2,142.09"
10/14/2005,"2,131.97","2,140.84","2,126.54","2,132.07"
10/17/2005,"2,137.17","2,137.67","2,131.77","2,131.97"
10/18/2005,"2,131.61","2,139.21","2,131.25","2,137.17"
10/19/2005,"2,125.46","2,132.59","2,105.72","2,131.61"
10/20/2005,"2,098.84","2,129.70","2,097.18","2,125.46"
10/21/2005,"2,100.32","2,100.63","2,083.73","2,098.84"
10/24/2005,"2,118.65","2,120.25","2,101.02","2,100.32"
10/25/2005,"2,094.21","2,120.01","2,093.91","2,118.65"
10/26/2005,"2,104.42","2,107.27","2,094.21","2,094.21"
10/27/2005,"2,073.30","2,106.68","2,069.37","2,104.42"
10/28/2005,"2,056.94","2,077.95","2,038.93","2,073.30"
10/31/2005,"2,072.64","2,075.94","2,056.94","2,056.94"
11/02/2005,"2,095.63","2,095.72","2,072.64","2,072.64"
11/03/2005,"2,075.54","2,095.97","2,074.50","2,095.63"
11/04/2005,"2,036.00","2,075.95","2,026.63","2,075.54"
11/07/2005,"1,998.11","2,037.55","1,974.06","2,036.00"
11/08/2005,"1,985.71","2,013.70","1,978.47","1,998.11"
11/09/2005,"2,014.70","2,021.11","1,965.18","1,985.71"
11/10/2005,"2,013.99","2,018.28","1,998.57","2,014.70"
11/11/2005,"2,023.76","2,028.02","2,013.99","2,013.99"
11/14/2005,"2,015.97","2,035.31","2,015.81","2,023.76"
11/15/2005,"2,002.00","2,016.38","1,997.23","2,015.97"
11/16/2005,"2,032.18","2,034.07","2,001.69","2,002.00"
11/17/2005,"2,071.51","2,075.41","2,032.16","2,032.18"
11/18/2005,"2,083.46","2,090.59","2,071.57","2,071.51"
11/21/2005,"2,068.72","2,088.64","2,057.42","2,083.46"
11/22/2005,"2,067.87","2,069.40","2,040.35","2,068.72"
11/23/2005,"2,070.75","2,076.53","2,064.16","2,067.87"
11/24/2005,"2,056.97","2,074.92","2,055.10","2,070.75"
11/25/2005,"2,069.49","2,072.74","2,051.14","2,056.97"
11/28/2005,"2,034.90","2,069.91","2,034.04","2,069.49"
11/29/2005,"2,030.27","2,044.74","2,026.44","2,034.90"
11/30/2005,"2,027.61","2,045.76","2,020.82","2,030.27"
12/01/2005,"2,049.78","2,051.40","2,028.50","2,027.61"
12/02/2005,"2,056.91","2,059.67","2,048.40","2,049.78"
12/05/2005,"2,041.44","2,056.91","2,038.72","2,056.91"
12/06/2005,"2,035.54","2,041.75","2,027.69","2,041.44"
12/07/2005,"2,006.73","2,037.24","2,005.66","2,035.54"
12/09/2005,"2,004.37","2,012.96","2,002.48","2,006.73"
12/12/2005,"1,979.15","2,007.63","1,975.76","2,004.37"
12/13/2005,"1,962.20","1,980.05","1,951.34","1,979.15"
12/14/2005,"1,941.86","1,977.06","1,941.86","1,962.20"
12/15/2005,"1,978.11","1,982.69","1,941.85","1,941.86"
12/16/2005,"1,996.92","1,999.04","1,978.11","1,978.11"
12/19/2005,"1,984.87","2,004.82","1,983.53","1,996.92"
12/20/2005,"1,961.13","1,985.09","1,957.19","1,984.87"
12/21/2005,"1,946.80","1,961.14","1,946.66","1,961.13"
12/22/2005,"1,954.03","1,956.04","1,939.37","1,946.80"
12/23/2005,"1,968.12","1,970.58","1,954.03","1,954.03"
12/26/2005,"1,947.54","1,969.53","1,945.66","1,968.12"
12/27/2005,"1,950.27","1,953.51","1,943.79","1,947.54"
12/28/2005,"1,946.04","1,950.95","1,932.37","1,950.27"
12/29/2005,"1,961.02","1,963.09","1,945.92","1,946.04"
12/30/2005,"1,964.47","1,970.81","1,960.54","1,961.02"
01/02/2006,"1,939.60","1,967.07","1,938.19","1,964.47"
01/03/2006,"1,976.12","1,979.54","1,939.09","1,939.60"
01/04/2006,"2,020.40","2,022.45","1,976.12","1,976.12"
01/05/2006,"2,042.68","2,048.30","2,020.26","2,020.40"
01/06/2006,"2,071.12","2,071.76","2,042.68","2,042.68"
01/09/2006,"2,057.49","2,075.89","2,046.03","2,071.12"
01/10/2006,"2,051.74","2,059.90","2,040.26","2,057.49"
01/11/2006,"2,077.96","2,079.04","2,049.65","2,051.74"
01/12/2006,"2,061.28","2,087.13","2,058.11","2,077.96"
01/13/2006,"2,069.56","2,075.19","2,063.49","2,061.28"
01/16/2006,"2,061.75","2,074.20","2,054.24","2,069.56"
01/17/2006,"2,055.69","2,065.79","2,048.40","2,061.75"
01/18/2006,"2,051.85","2,057.56","2,041.39","2,055.69"
01/19/2006,"2,069.96","2,078.41","2,051.85","2,051.85"
01/20/2006,"2,063.55","2,078.26","2,061.46","2,069.96"
01/23/2006,"2,047.55","2,067.65","2,047.36","2,063.55"
01/24/2006,"2,056.15","2,057.93","2,030.13","2,047.55"
01/25/2006,"2,067.15","2,074.89","2,055.05","2,056.15"
01/26/2006,"2,098.32","2,107.22","2,067.15","2,067.15"
01/27/2006,"2,110.65","2,125.30","2,098.32","2,098.32"
01/30/2006,"2,115.37","2,120.32","2,105.77","2,110.65"
01/31/2006,"2,118.46","2,132.39","2,108.77","2,115.37"
02/01/2006,"2,119.73","2,121.40","2,114.41","2,118.46"
02/02/2006,"2,101.94","2,122.15","2,098.68","2,119.73"
02/03/2006,"2,114.46","2,114.93","2,101.94","2,101.94"
02/06/2006,"2,118.29","2,120.14","2,105.74","2,114.46"
02/07/2006,"2,105.68","2,119.75","2,105.54","2,118.29"
02/08/2006,"2,111.83","2,113.85","2,098.42","2,105.68"
02/09/2006,"2,131.53","2,132.01","2,111.83","2,111.83"
02/10/2006,"2,138.12","2,139.83","2,131.24","2,131.53"
02/13/2006,"2,135.19","2,144.39","2,134.53","2,138.12"
02/14/2006,"2,122.02","2,135.34","2,119.57","2,135.19"
02/15/2006,"2,116.56","2,122.15","2,114.37","2,122.02"
02/16/2006,"2,101.81","2,118.75","2,099.22","2,116.56"
02/17/2006,"2,106.78","2,106.85","2,098.50","2,101.81"
02/20/2006,"2,099.59","2,108.22","2,098.03","2,106.78"
02/21/2006,"2,113.95","2,115.75","2,099.57","2,099.59"
02/22/2006,"2,143.79","2,144.98","2,113.28","2,113.95"
02/23/2006,"2,158.59","2,160.44","2,145.58","2,143.79"
02/24/2006,"2,163.76","2,164.18","2,153.32","2,158.59"
02/27/2006,"2,176.91","2,177.04","2,160.96","2,163.76"
02/28/2006,"2,166.84","2,178.38","2,162.37","2,176.91"
03/01/2006,"2,152.48","2,166.84","2,149.90","2,166.84"
03/02/2006,"2,145.72","2,153.34","2,143.67","2,152.48"
03/03/2006,"2,159.62","2,160.09","2,143.72","2,145.72"
03/06/2006,"2,160.80","2,168.07","2,159.62","2,159.62"
03/07/2006,"2,130.11","2,161.95","2,130.08","2,160.80"
03/08/2006,"2,126.07","2,134.16","2,106.06","2,130.11"
03/09/2006,"2,119.86","2,143.19","2,119.47","2,126.07"
03/10/2006,"2,123.96","2,125.26","2,118.49","2,119.86"
03/13/2006,"2,138.24","2,140.36","2,123.96","2,123.96"
03/14/2006,"2,145.35","2,147.59","2,132.15","2,138.24"
03/15/2006,"2,154.37","2,157.78","2,145.35","2,145.35"
03/16/2006,"2,162.15","2,165.99","2,154.37","2,154.37"
03/17/2006,"2,166.55","2,169.43","2,162.15","2,162.15"
03/20/2006,"2,176.60","2,177.68","2,167.53","2,166.55"
03/21/2006,"2,172.41","2,183.43","2,171.10","2,176.60"
03/22/2006,"2,169.31","2,172.41","2,161.77","2,172.41"
03/23/2006,"2,173.91","2,174.24","2,166.67","2,169.31"
03/24/2006,"2,182.29","2,190.70","2,173.91","2,173.91"
03/27/2006,"2,172.55","2,184.99","2,169.60","2,182.29"
03/28/2006,"2,171.43","2,180.01","2,169.44","2,172.55"
03/29/2006,"2,191.19","2,192.55","2,171.88","2,171.43"
03/30/2006,"2,185.92","2,193.91","2,185.60","2,191.19"
03/31/2006,"2,181.95","2,189.21","2,179.82","2,185.92"
04/03/2006,"2,183.59","2,186.95","2,180.84","2,181.95"
04/04/2006,"2,184.10","2,187.28","2,174.42","2,183.59"
04/05/2006,"2,181.56","2,185.41","2,163.31","2,184.10"
04/06/2006,"2,180.05","2,183.01","2,176.85","2,181.56"
04/07/2006,"2,170.10","2,188.47","2,166.95","2,180.05"
04/10/2006,"2,156.06","2,170.84","2,150.38","2,170.10"
04/11/2006,"2,127.31","2,156.21","2,126.98","2,156.06"
04/12/2006,"2,137.88","2,139.20","2,125.35","2,127.31"
04/13/2006,"2,150.97","2,151.92","2,137.88","2,137.88"
04/17/2006,"2,155.35","2,160.59","2,152.15","2,150.97"
04/18/2006,"2,183.49","2,184.43","2,155.35","2,155.35"
04/19/2006,"2,182.11","2,185.05","2,177.25","2,183.49"
04/20/2006,"2,195.99","2,201.57","2,182.24","2,182.11"
04/21/2006,"2,210.09","2,211.32","2,195.20","2,195.99"
04/24/2006,"2,222.55","2,223.29","2,205.67","2,210.09"
04/25/2006,"2,213.23","2,229.20","2,209.09","2,222.55"
04/26/2006,"2,208.50","2,218.83","2,205.39","2,213.23"
04/27/2006,"2,211.84","2,214.79","2,208.50","2,208.50"
04/28/2006,"2,201.56","2,217.54","2,194.84","2,211.84"
05/02/2006,"2,201.79","2,207.77","2,195.99","2,201.56"
05/03/2006,"2,209.32","2,211.68","2,202.54","2,201.79"
05/04/2006,"2,200.79","2,211.83","2,199.63","2,209.32"
05/05/2006,"2,218.81","2,220.23","2,201.38","2,200.79"
05/08/2006,"2,242.93","2,246.11","2,221.70","2,218.81"
05/09/2006,"2,243.82","2,252.84","2,242.57","2,242.93"
05/10/2006,"2,237.04","2,249.08","2,235.79","2,243.82"
05/11/2006,"2,227.94","2,243.40","2,226.21","2,237.04"
05/12/2006,"2,211.95","2,231.92","2,207.04","2,227.94"
05/15/2006,"2,195.90","2,214.43","2,191.96","2,211.95"
05/16/2006,"2,211.07","2,214.50","2,195.60","2,195.90"
05/17/2006,"2,168.87","2,212.38","2,163.95","2,211.07"
05/18/2006,"2,150.69","2,173.68","2,149.86","2,168.87"
05/19/2006,"2,160.39","2,162.67","2,141.53","2,150.69"
05/22/2006,"2,127.41","2,166.34","2,121.63","2,160.39"
05/23/2006,"2,135.03","2,162.53","2,127.41","2,127.41"
05/24/2006,"2,124.75","2,143.64","2,113.10","2,135.03"
05/25/2006,"2,139.96","2,150.71","2,124.75","2,124.75"
05/26/2006,"2,153.22","2,153.99","2,138.43","2,139.96"
05/29/2006,"2,148.45","2,156.32","2,148.45","2,153.22"
05/30/2006,"2,115.31","2,148.85","2,112.03","2,148.45"
05/31/2006,"2,156.53","2,157.39","2,115.31","2,115.31"
06/01/2006,"2,163.02","2,165.18","2,147.69","2,156.53"
06/02/2006,"2,163.07","2,175.12","2,150.70","2,163.02"
06/05/2006,"2,148.68","2,169.21","2,148.68","2,163.07"
06/06/2006,"2,135.30","2,148.68","2,131.74","2,148.68"
06/07/2006,"2,109.04","2,140.55","2,108.57","2,135.30"
06/08/2006,"2,102.97","2,109.49","2,062.52","2,109.04"
06/09/2006,"2,079.11","2,114.27","2,077.14","2,102.97"
06/13/2006,"1,988.24","2,079.11","1,976.39","2,079.11"
06/14/2006,"1,997.36","2,006.99","1,954.04","1,988.24"
06/15/2006,"2,054.92","2,055.57","1,997.36","1,997.36"
06/16/2006,"2,062.92","2,069.25","2,045.52","2,054.92"
06/19/2006,"2,033.16","2,063.97","2,031.55","2,062.92"
06/20/2006,"2,043.67","2,052.24","2,031.45","2,033.16"
06/21/2006,"2,074.11","2,077.84","2,043.67","2,043.67"
06/22/2006,"2,078.64","2,083.80","2,067.24","2,074.11"
06/23/2006,"2,072.80","2,079.16","2,072.57","2,078.64"
06/27/2006,"2,067.52","2,073.36","2,063.98","2,072.80"
06/28/2006,"2,070.89","2,072.22","2,066.43","2,067.52"
06/29/2006,"2,119.92","2,121.47","2,070.88","2,070.89"
06/30/2006,"2,126.02","2,135.18","2,119.67","2,119.92"
07/03/2006,"2,142.60","2,144.16","2,126.02","2,126.02"
07/04/2006,"2,146.57","2,148.81","2,142.60","2,142.60"
07/05/2006,"2,126.35","2,147.35","2,115.78","2,146.57"
07/06/2006,"2,122.96","2,128.30","2,122.24","2,126.35"
07/07/2006,"2,105.78","2,124.85","2,101.70","2,122.96"
07/10/2006,"2,103.34","2,109.14","2,100.71","2,105.78"
07/11/2006,"2,103.00","2,103.80","2,076.01","2,103.34"
07/12/2006,"2,100.48","2,106.03","2,096.87","2,103.00"
07/13/2006,"2,079.64","2,101.80","2,079.47","2,100.48"
07/14/2006,"2,063.22","2,079.89","2,057.61","2,079.64"
07/17/2006,"2,039.79","2,063.28","2,039.58","2,063.22"
07/18/2006,"2,064.30","2,066.53","2,039.79","2,039.79"
07/19/2006,"2,091.53","2,092.62","2,064.30","2,064.30"
07/20/2006,"2,082.04","2,100.99","2,080.72","2,091.53"
07/21/2006,"2,073.13","2,086.07","2,071.16","2,082.04"
07/24/2006,"2,084.90","2,088.77","2,074.25","2,073.13"
07/25/2006,"2,097.18","2,097.89","2,084.90","2,084.90"
07/26/2006,"2,118.47","2,119.64","2,097.32","2,097.18"
07/27/2006,"2,119.43","2,135.74","2,118.47","2,118.47"
07/28/2006,"2,133.39","2,135.98","2,119.43","2,119.43"
07/31/2006,"2,131.58","2,138.82","2,128.97","2,133.39"
08/01/2006,"2,111.68","2,132.62","2,107.87","2,131.58"
08/02/2006,"2,136.56","2,139.47","2,111.68","2,111.68"
08/03/2006,"2,136.30","2,140.00","2,126.22","2,136.56"
08/04/2006,"2,147.41","2,153.07","2,136.30","2,136.30"
08/07/2006,"2,141.75","2,147.41","2,138.14","2,147.41"
08/08/2006,"2,137.52","2,147.95","2,134.65","2,141.75"
08/09/2006,"2,149.37","2,162.51","2,137.52","2,137.52"
08/10/2006,"2,154.82","2,156.99","2,141.08","2,149.37"
08/11/2006,"2,142.11","2,155.66","2,142.09","2,154.82"
08/14/2006,"2,146.95","2,149.73","2,140.80","2,142.11"
08/16/2006,"2,165.42","2,171.79","2,146.95","2,146.95"
08/17/2006,"2,168.68","2,171.45","2,162.97","2,165.42"
08/18/2006,"2,168.31","2,169.91","2,158.87","2,168.68"
08/21/2006,"2,164.55","2,169.66","2,145.55","2,168.31"
08/22/2006,"2,164.09","2,168.76","2,161.94","2,164.55"
08/23/2006,"2,158.08","2,172.47","2,157.25","2,164.09"
08/24/2006,"2,152.87","2,158.86","2,147.94","2,158.08"
08/25/2006,"2,158.14","2,159.07","2,151.99","2,152.87"
08/28/2006,"2,169.20","2,170.74","2,158.14","2,158.14"
08/29/2006,"2,177.14","2,178.07","2,165.97","2,169.20"
08/30/2006,"2,191.45","2,192.90","2,177.14","2,177.14"
08/31/2006,"2,206.37","2,209.45","2,185.59","2,191.45"
09/01/2006,"2,207.96","2,219.59","2,206.37","2,206.37"
09/04/2006,"2,202.46","2,208.51","2,200.96","2,207.96"
09/05/2006,"2,213.29","2,215.58","2,196.78","2,202.46"
09/06/2006,"2,199.83","2,213.32","2,198.63","2,213.29"
09/07/2006,"2,193.00","2,199.89","2,183.92","2,199.83"
09/08/2006,"2,197.80","2,202.01","2,193.00","2,193.00"
09/11/2006,"2,190.63","2,198.81","2,188.01","2,197.80"
09/12/2006,"2,200.20","2,200.84","2,189.55","2,190.63"
09/13/2006,"2,215.28","2,219.27","2,198.51","2,200.20"
09/14/2006,"2,224.48","2,225.00","2,209.94","2,215.28"
09/15/2006,"2,232.58","2,235.24","2,223.27","2,224.48"
09/20/2006,"2,242.63","2,243.81","2,231.02","2,232.58"
09/21/2006,"2,227.83","2,245.74","2,227.54","2,242.63"
09/22/2006,"2,231.91","2,233.04","2,215.14","2,227.83"
09/25/2006,"2,243.07","2,243.22","2,222.26","2,231.91"
09/26/2006,"2,268.29","2,272.25","2,243.07","2,243.07"
09/27/2006,"2,266.12","2,285.46","2,265.68","2,268.29"
09/28/2006,"2,275.88","2,277.18","2,258.45","2,266.12"
09/29/2006,"2,280.48","2,290.94","2,274.31","2,275.88"
10/02/2006,"2,275.45","2,283.45","2,270.95","2,280.48"
10/03/2006,"2,284.02","2,287.30","2,263.85","2,275.45"
10/04/2006,"2,316.28","2,317.72","2,283.00","2,284.02"
10/05/2006,"2,329.47","2,333.82","2,310.68","2,316.28"
10/06/2006,"2,312.43","2,329.77","2,306.82","2,329.47"
10/10/2006,"2,337.39","2,342.07","2,311.84","2,312.43"
10/11/2006,"2,336.07","2,345.00","2,333.42","2,337.39"
10/12/2006,"2,349.48","2,350.36","2,335.09","2,336.07"
10/13/2006,"2,356.97","2,357.82","2,342.79","2,349.48"
10/16/2006,"2,356.48","2,364.26","2,354.79","2,356.97"
10/17/2006,"2,359.73","2,360.06","2,340.48","2,356.48"
10/18/2006,"2,362.66","2,386.74","2,359.63","2,359.73"
10/19/2006,"2,366.41","2,381.98","2,344.66","2,362.66"
10/20/2006,"2,365.87","2,367.22","2,358.82","2,366.41"
10/23/2006,"2,366.81","2,370.30","2,360.80","2,365.87"
10/24/2006,"2,380.43","2,382.90","2,366.81","2,366.81"
10/25/2006,"2,386.44","2,398.67","2,380.06","2,380.43"
10/26/2006,"2,383.82","2,389.97","2,374.72","2,386.44"
10/27/2006,"2,372.86","2,388.85","2,372.86","2,383.82"
10/30/2006,"2,364.49","2,375.86","2,358.49","2,372.86"
10/31/2006,"2,380.26","2,385.87","2,364.12","2,364.49"
11/02/2006,"2,371.64","2,380.80","2,369.24","2,380.26"
11/03/2006,"2,345.07","2,372.25","2,343.83","2,371.64"
11/06/2006,"2,380.10","2,380.43","2,341.81","2,345.07"
11/07/2006,"2,411.62","2,413.00","2,378.75","2,380.10"
11/08/2006,"2,434.75","2,435.40","2,398.74","2,411.62"
11/09/2006,"2,447.65","2,458.78","2,435.10","2,434.75"
11/10/2006,"2,442.24","2,448.54","2,431.23","2,447.65"
11/13/2006,"2,437.60","2,444.95","2,434.80","2,442.24"
11/14/2006,"2,472.74","2,473.71","2,436.42","2,437.60"
11/15/2006,"2,486.29","2,509.01","2,472.74","2,472.74"
11/16/2006,"2,514.38","2,519.84","2,483.82","2,486.29"
11/17/2006,"2,494.05","2,515.77","2,482.40","2,514.38"
11/20/2006,"2,481.13","2,495.49","2,463.26","2,494.05"
11/21/2006,"2,513.72","2,518.57","2,481.13","2,481.13"
11/22/2006,"2,517.84","2,529.63","2,513.41","2,513.72"
11/23/2006,"2,544.30","2,544.72","2,517.74","2,517.84"
11/24/2006,"2,542.70","2,544.43","2,529.32","2,544.30"
11/27/2006,"2,519.79","2,548.06","2,510.80","2,542.70"
11/28/2006,"2,508.46","2,521.56","2,496.09","2,519.79"
11/29/2006,"2,549.41","2,550.90","2,507.04","2,508.46"
11/30/2006,"2,559.67","2,564.04","2,549.41","2,549.41"
12/01/2006,"2,561.70","2,569.75","2,554.33","2,559.67"
12/04/2006,"2,569.47","2,570.22","2,553.99","2,561.70"
12/05/2006,"2,589.17","2,589.97","2,569.47","2,569.47"
12/06/2006,"2,583.39","2,600.17","2,577.95","2,589.17"
12/07/2006,"2,585.48","2,589.20","2,580.86","2,583.39"
12/11/2006,"2,605.54","2,608.15","2,584.58","2,585.48"
12/12/2006,"2,599.36","2,611.83","2,597.97","2,605.54"
12/13/2006,"2,627.72","2,628.34","2,592.04","2,599.36"
12/14/2006,"2,644.05","2,652.04","2,627.72","2,627.72"
12/15/2006,"2,668.17","2,670.19","2,645.31","2,644.05"
12/18/2006,"2,679.58","2,685.96","2,668.14","2,668.17"
12/19/2006,"2,677.43","2,680.63","2,650.13","2,679.58"
12/20/2006,"2,701.48","2,701.97","2,679.05","2,677.43"
12/21/2006,"2,694.43","2,717.24","2,691.53","2,701.48"
12/22/2006,"2,692.09","2,700.78","2,690.39","2,694.43"
12/26/2006,"2,697.83","2,707.47","2,691.79","2,692.09"
12/27/2006,"2,712.81","2,720.15","2,697.83","2,697.83"
12/28/2006,"2,694.30","2,721.42","2,693.01","2,712.81"
12/29/2006,"2,693.22","2,696.15","2,688.04","2,694.30"
01/02/2007,"2,689.19","2,706.18","2,687.65","2,693.22"
01/03/2007,"2,725.60","2,727.07","2,689.13","2,689.19"
01/04/2007,"2,738.99","2,740.06","2,712.78","2,725.60"
01/05/2007,"2,723.48","2,752.55","2,712.60","2,738.99"
01/08/2007,"2,719.84","2,729.34","2,708.00","2,723.48"
01/09/2007,"2,713.76","2,739.85","2,710.74","2,719.84"
01/10/2007,"2,690.93","2,715.12","2,681.78","2,713.76"
01/11/2007,"2,697.25","2,713.16","2,686.69","2,690.93"
01/12/2007,"2,741.08","2,741.40","2,697.25","2,697.25"
01/15/2007,"2,758.70","2,761.41","2,739.89","2,741.08"
01/16/2007,"2,765.18","2,770.80","2,751.75","2,758.70"
01/17/2007,"2,790.00","2,792.96","2,764.32","2,765.18"
01/18/2007,"2,808.55","2,817.43","2,782.09","2,790.00"
01/19/2007,"2,827.14","2,828.70","2,809.29","2,808.55"
01/22/2007,"2,852.28","2,854.61","2,827.19","2,827.14"
01/23/2007,"2,850.28","2,858.73","2,842.12","2,852.28"
01/24/2007,"2,880.79","2,882.99","2,849.53","2,850.28"
01/25/2007,"2,868.18","2,900.31","2,862.01","2,880.79"
01/26/2007,"2,853.04","2,872.94","2,831.80","2,868.18"
01/29/2007,"2,824.24","2,854.06","2,823.44","2,853.04"
01/30/2007,"2,843.17","2,844.80","2,799.53","2,824.24"
01/31/2007,"2,895.28","2,897.57","2,843.15","2,843.17"
02/01/2007,"2,939.52","2,941.60","2,895.28","2,895.28"
02/02/2007,"2,951.55","2,952.02","2,931.75","2,939.52"
02/05/2007,"2,944.47","2,954.79","2,936.51","2,951.55"
02/06/2007,"2,953.47","2,954.32","2,936.70","2,944.47"
02/07/2007,"2,991.83","2,996.18","2,953.46","2,953.47"
02/08/2007,"2,993.37","2,996.15","2,981.93","2,991.83"
02/09/2007,"3,019.63","3,023.50","2,993.37","2,993.37"
02/12/2007,"3,011.64","3,027.72","3,008.21","3,019.63"
02/13/2007,"3,050.21","3,050.41","3,011.64","3,011.64"
02/14/2007,"3,085.96","3,091.07","3,050.21","3,050.21"
02/15/2007,"3,094.61","3,113.29","3,082.97","3,085.96"
02/16/2007,"3,107.40","3,119.28","3,090.83","3,094.61"
02/19/2007,"3,081.56","3,122.19","3,076.25","3,107.40"
02/20/2007,"3,011.43","3,081.89","2,998.09","3,081.56"
02/21/2007,"2,925.51","3,011.43","2,889.33","3,011.43"
02/22/2007,"2,970.34","2,971.57","2,927.21","2,925.51"
02/23/2007,"2,919.84","3,001.07","2,919.14","2,970.34"
02/26/2007,"2,872.41","2,920.92","2,869.52","2,919.84"
02/27/2007,"2,729.62","2,872.41","2,720.76","2,872.41"
02/28/2007,"2,811.62","2,818.88","2,729.62","2,729.62"
03/01/2007,"2,828.59","2,836.39","2,759.48","2,811.62"
03/02/2007,"2,832.33","2,872.51","2,821.02","2,828.59"
03/05/2007,"2,802.02","2,832.33","2,782.36","2,832.33"
03/06/2007,"2,854.81","2,856.07","2,802.02","2,802.02"
03/07/2007,"2,833.62","2,873.70","2,831.61","2,854.81"
03/08/2007,"2,870.02","2,886.82","2,833.62","2,833.62"
03/09/2007,"2,875.62","2,905.96","2,867.38","2,870.02"
03/12/2007,"2,912.26","2,915.64","2,875.51","2,875.62"
03/13/2007,"2,857.47","2,915.36","2,856.49","2,912.26"
03/14/2007,"2,849.68","2,860.11","2,821.50","2,857.47"
03/15/2007,"2,900.03","2,902.49","2,849.68","2,849.68"
03/16/2007,"2,916.85","2,921.69","2,899.55","2,900.03"
03/19/2007,"2,958.65","2,959.45","2,918.75","2,916.85"
03/20/2007,"2,956.31","2,972.39","2,955.43","2,958.65"
03/21/2007,"2,977.13","2,978.80","2,946.73","2,956.31"
03/22/2007,"2,962.61","2,981.27","2,962.19","2,977.13"
03/23/2007,"2,954.35","2,968.95","2,951.65","2,962.61"
03/26/2007,"2,945.29","2,959.39","2,930.08","2,954.35"
03/27/2007,"2,918.85","2,949.47","2,917.71","2,945.29"
03/28/2007,"2,890.46","2,918.85","2,883.23","2,918.85"
03/29/2007,"2,919.72","2,920.47","2,887.78","2,890.46"
03/30/2007,"2,929.00","2,935.61","2,919.14","2,919.72"
04/02/2007,"2,940.63","2,942.62","2,928.14","2,929.00"
04/03/2007,"2,967.18","2,969.42","2,940.63","2,940.63"
04/04/2007,"2,986.62","2,987.64","2,967.18","2,967.18"
04/05/2007,"2,996.09","2,997.06","2,986.62","2,986.62"
04/09/2007,"3,019.61","3,020.36","2,996.09","2,996.09"
04/10/2007,"3,041.76","3,044.53","3,019.61","3,019.61"
04/11/2007,"3,040.78","3,056.67","3,032.07","3,041.76"
04/12/2007,"3,065.64","3,068.29","3,021.87","3,040.78"
04/13/2007,"3,083.89","3,084.48","3,060.94","3,065.64"
04/16/2007,"3,094.07","3,109.10","3,070.95","3,083.89"
04/17/2007,"3,082.55","3,099.44","3,075.98","3,094.07"
04/18/2007,"3,106.63","3,109.16","3,073.37","3,082.55"
04/19/2007,"3,133.87","3,136.17","3,087.03","3,106.63"
04/20/2007,"3,150.51","3,161.28","3,134.79","3,133.87"
04/23/2007,"3,117.76","3,160.53","3,116.21","3,150.51"
04/24/2007,"3,114.56","3,120.35","3,079.28","3,117.76"
04/25/2007,"3,141.38","3,150.35","3,112.32","3,114.56"
04/26/2007,"3,146.27","3,154.96","3,136.27","3,141.38"
04/27/2007,"3,149.19","3,155.49","3,134.36","3,146.27"
04/30/2007,"3,161.22","3,172.30","3,149.19","3,149.19"
05/02/2007,"3,167.86","3,175.64","3,158.41","3,161.22"
05/03/2007,"3,194.35","3,196.46","3,167.66","3,167.86"
05/04/2007,"3,214.18","3,216.00","3,196.96","3,194.35"
05/07/2007,"3,255.07","3,255.71","3,224.10","3,214.18"
05/08/2007,"3,212.89","3,255.07","3,199.46","3,255.07"
05/09/2007,"3,253.18","3,255.11","3,212.56","3,212.89"
05/10/2007,"3,232.64","3,258.16","3,232.05","3,253.18"
05/11/2007,"3,247.27","3,249.41","3,235.39","3,232.64"
05/14/2007,"3,219.72","3,259.64","3,218.71","3,247.27"
05/15/2007,"3,175.09","3,219.90","3,175.00","3,219.72"
05/16/2007,"3,188.64","3,201.05","3,154.64","3,175.09"
05/17/2007,"3,216.19","3,225.11","3,196.68","3,188.64"
05/18/2007,"3,257.23","3,262.59","3,218.72","3,216.19"
05/22/2007,"3,115.40","3,257.24","3,113.80","3,257.23"
05/23/2007,"3,162.81","3,187.45","3,098.52","3,115.40"
05/24/2007,"3,153.94","3,205.13","3,151.79","3,162.81"
05/25/2007,"3,210.31","3,214.18","3,153.94","3,153.94"
05/28/2007,"3,241.23","3,249.15","3,205.43","3,210.31"
05/29/2007,"3,244.68","3,261.91","3,236.91","3,241.23"
05/30/2007,"3,260.87","3,263.81","3,200.18","3,244.68"
05/31/2007,"3,279.53","3,288.73","3,260.87","3,260.87"
06/01/2007,"3,304.57","3,307.35","3,279.53","3,279.53"
06/04/2007,"3,319.41","3,322.30","3,300.75","3,304.57"
06/05/2007,"3,319.84","3,333.24","3,301.29","3,319.41"
06/06/2007,"3,290.78","3,319.96","3,280.54","3,319.84"
06/07/2007,"3,227.77","3,302.74","3,225.05","3,290.78"
06/08/2007,"3,288.52","3,290.77","3,225.89","3,227.77"
06/11/2007,"3,315.15","3,316.98","3,285.47","3,288.52"
06/12/2007,"3,308.77","3,331.78","3,284.30","3,315.15"
06/13/2007,"3,334.77","3,337.05","3,308.77","3,308.77"
06/14/2007,"3,371.81","3,387.25","3,334.57","3,334.77"
06/15/2007,"3,380.14","3,408.13","3,372.16","3,371.81"
06/18/2007,"3,362.54","3,380.76","3,359.00","3,380.14"
06/19/2007,"3,409.45","3,409.45","3,360.54","3,362.54"
06/20/2007,"3,390.19","3,448.04","3,389.70","3,409.45"
06/21/2007,"3,431.47","3,434.95","3,378.05","3,390.19"
06/22/2007,"3,447.45","3,451.22","3,405.38","3,431.47"
06/25/2007,"3,445.44","3,464.51","3,443.46","3,447.45"
06/26/2007,"3,418.25","3,452.68","3,410.09","3,445.44"
06/27/2007,"3,427.09","3,428.94","3,400.04","3,418.25"
06/28/2007,"3,439.49","3,450.39","3,423.16","3,427.09"
06/29/2007,"3,470.18","3,472.87","3,442.26","3,439.49"
07/03/2007,"3,499.50","3,505.58","3,470.18","3,470.18"
07/04/2007,"3,491.47","3,499.96","3,460.87","3,499.50"
07/05/2007,"3,455.38","3,491.82","3,438.73","3,491.47"
07/06/2007,"3,425.28","3,462.23","3,424.24","3,455.38"
07/09/2007,"3,436.07","3,444.14","3,417.59","3,425.28"
07/10/2007,"3,408.30","3,437.45","3,405.83","3,436.07"
07/11/2007,"3,384.26","3,416.42","3,383.08","3,408.30"
07/12/2007,"3,372.61","3,404.55","3,361.57","3,384.26"
07/13/2007,"3,385.09","3,387.33","3,369.95","3,372.61"
07/17/2007,"3,382.88","3,408.01","3,381.94","3,385.09"
07/18/2007,"3,389.62","3,392.35","3,380.57","3,382.88"
07/19/2007,"3,383.55","3,397.49","3,380.86","3,389.62"
07/20/2007,"3,366.39","3,387.46","3,348.93","3,383.55"
07/23/2007,"3,392.02","3,392.67","3,366.69","3,366.39"
07/24/2007,"3,378.29","3,404.23","3,368.52","3,392.02"
07/25/2007,"3,348.08","3,392.93","3,339.11","3,378.29"
07/26/2007,"3,277.82","3,348.08","3,260.58","3,348.08"
07/27/2007,"3,292.29","3,307.42","3,271.77","3,277.82"
07/30/2007,"3,336.08","3,342.09","3,292.13","3,292.29"
07/31/2007,"3,340.43","3,373.84","3,332.54","3,336.08"
08/01/2007,"3,325.68","3,340.93","3,294.33","3,340.43"
08/02/2007,"3,329.12","3,330.46","3,304.41","3,325.68"
08/03/2007,"3,314.86","3,344.54","3,297.23","3,329.12"
08/06/2007,"3,251.45","3,317.00","3,243.51","3,314.86"
08/07/2007,"3,255.00","3,264.75","3,249.41","3,251.45"
08/08/2007,"3,289.46","3,299.21","3,254.66","3,255.00"
08/09/2007,"3,230.30","3,289.46","3,229.16","3,289.46"
08/10/2007,"3,192.84","3,230.30","3,164.33","3,230.30"
08/13/2007,"3,162.55","3,223.21","3,160.19","3,192.84"
08/14/2007,"3,085.49","3,171.78","3,067.33","3,162.55"
08/16/2007,"2,961.23","3,085.49","2,883.20","3,085.49"
08/17/2007,"3,033.55","3,051.72","2,961.23","2,961.23"
08/20/2007,"3,056.84","3,075.61","3,033.55","3,033.55"
08/21/2007,"3,136.01","3,136.82","3,055.79","3,056.84"
08/22/2007,"3,210.71","3,228.77","3,136.01","3,136.01"
08/23/2007,"3,206.79","3,231.10","3,177.79","3,210.71"
08/24/2007,"3,252.47","3,256.99","3,196.62","3,206.79"
08/27/2007,"3,270.30","3,270.66","3,235.51","3,252.47"
08/28/2007,"3,191.00","3,270.30","3,179.34","3,270.30"
08/29/2007,"3,238.67","3,240.35","3,191.00","3,191.00"
08/30/2007,"3,252.52","3,278.33","3,238.58","3,238.67"
08/31/2007,"3,310.14","3,313.48","3,252.86","3,252.52"
09/03/2007,"3,326.57","3,328.09","3,310.14","3,310.14"
09/04/2007,"3,324.58","3,326.57","3,302.66","3,326.57"
09/05/2007,"3,286.31","3,325.68","3,273.97","3,324.58"
09/06/2007,"3,265.62","3,302.54","3,263.40","3,286.31"
09/07/2007,"3,200.85","3,265.62","3,195.33","3,265.62"
09/10/2007,"3,152.46","3,202.74","3,143.03","3,200.85"
09/11/2007,"3,154.55","3,186.91","3,150.29","3,152.46"
09/12/2007,"3,114.57","3,155.34","3,110.33","3,154.55"
09/13/2007,"3,133.56","3,150.40","3,114.57","3,114.57"
09/14/2007,"3,167.87","3,174.02","3,127.45","3,133.56"
09/20/2007,"3,214.67","3,249.00","3,167.87","3,167.87"
09/21/2007,"3,220.31","3,225.24","3,208.56","3,214.67"
09/24/2007,"3,191.22","3,223.95","3,190.86","3,220.31"
09/25/2007,"3,174.67","3,191.29","3,165.67","3,191.22"
09/26/2007,"3,190.73","3,201.45","3,170.03","3,174.67"
09/27/2007,"3,230.33","3,230.87","3,183.44","3,190.73"
09/28/2007,"3,249.00","3,253.15","3,225.25","3,230.33"
10/01/2007,"3,295.96","3,297.69","3,240.09","3,249.00"
10/02/2007,"3,333.33","3,337.33","3,293.20","3,295.96"
10/03/2007,"3,293.48","3,344.53","3,288.47","3,333.33"
10/04/2007,"3,300.09","3,308.95","3,282.10","3,293.48"
10/05/2007,"3,361.10","3,371.80","3,300.09","3,300.09"
10/08/2007,"3,360.16","3,373.77","3,349.62","3,361.10"
10/09/2007,"3,405.14","3,408.92","3,360.16","3,360.16"
10/10/2007,"3,393.83","3,406.00","3,380.50","3,405.14"
10/11/2007,"3,393.93","3,420.04","3,383.43","3,393.83"
10/12/2007,"3,414.67","3,421.26","3,393.86","3,393.93"
10/16/2007,"3,380.64","3,415.55","3,371.64","3,414.67"
10/17/2007,"3,406.28","3,424.46","3,202.14","3,380.64"
10/18/2007,"3,441.79","3,443.77","3,403.32","3,406.28"
10/19/2007,"3,414.03","3,448.67","3,409.77","3,441.79"
10/22/2007,"3,429.68","3,436.24","3,370.26","3,414.03"
10/23/2007,"3,454.02","3,467.59","3,425.51","3,429.68"
10/24/2007,"3,464.87","3,465.29","3,434.48","3,454.02"
10/25/2007,"3,495.66","3,495.66","3,465.00","3,464.87"
10/26/2007,"3,496.18","3,512.19","3,493.93","3,495.66"
10/29/2007,"3,487.26","3,509.57","3,474.98","3,496.18"
10/30/2007,"3,478.02","3,494.96","3,475.48","3,487.26"
10/31/2007,"3,451.18","3,491.76","3,449.86","3,478.02"
11/02/2007,"3,388.45","3,451.18","3,381.09","3,451.18"
11/05/2007,"3,318.42","3,392.36","3,278.92","3,388.45"
11/06/2007,"3,312.40","3,346.50","3,280.33","3,318.42"
11/07/2007,"3,261.33","3,318.67","3,257.38","3,312.40"
11/08/2007,"3,251.23","3,287.87","3,235.86","3,261.33"
11/09/2007,"3,240.88","3,262.56","3,207.26","3,251.23"
11/12/2007,"3,200.43","3,242.48","3,189.10","3,240.88"
11/13/2007,"3,238.89","3,248.72","3,192.36","3,200.43"
11/14/2007,"3,285.34","3,288.42","3,238.89","3,238.89"
11/15/2007,"3,259.73","3,304.21","3,255.42","3,285.34"
11/16/2007,"3,236.28","3,267.98","3,233.17","3,259.73"
11/19/2007,"3,172.95","3,238.99","3,162.87","3,236.28"
11/20/2007,"3,114.67","3,194.75","3,111.62","3,172.95"
11/21/2007,"3,067.00","3,123.57","3,024.98","3,114.67"
11/22/2007,"3,085.27","3,095.45","3,066.50","3,067.00"
11/23/2007,"3,114.06","3,129.46","3,085.27","3,085.27"
11/26/2007,"3,060.63","3,134.75","3,058.79","3,114.06"
11/27/2007,"3,056.86","3,070.46","3,017.42","3,060.63"
11/28/2007,"3,160.23","3,162.94","3,055.78","3,056.86"
11/29/2007,"3,175.99","3,186.36","3,160.23","3,160.23"
11/30/2007,"3,204.47","3,222.61","3,177.00","3,175.99"
12/03/2007,"3,194.97","3,239.76","3,186.52","3,204.47"
12/04/2007,"3,154.88","3,200.39","3,152.51","3,194.97"
12/05/2007,"3,212.60","3,213.24","3,154.88","3,154.88"
12/06/2007,"3,282.25","3,286.59","3,212.60","3,212.60"
12/07/2007,"3,294.40","3,312.58","3,283.57","3,282.25"
12/10/2007,"3,252.11","3,304.17","3,251.08","3,294.40"
12/11/2007,"3,165.71","3,252.11","3,161.97","3,252.11"
12/12/2007,"3,090.63","3,222.98","3,090.20","3,165.71"
12/13/2007,"3,009.55","3,090.76","2,992.70","3,090.63"
12/14/2007,"3,031.53","3,041.45","2,972.64","3,009.55"
12/17/2007,"2,947.72","3,036.67","2,945.40","3,031.53"
12/18/2007,"2,943.39","2,995.61","2,909.99","2,947.72"
12/19/2007,"2,952.00","2,970.67","2,936.24","2,943.39"
12/20/2007,"3,031.50","3,041.42","2,952.87","2,952.00"
12/21/2007,"3,085.41","3,094.84","3,032.35","3,031.50"
12/24/2007,"3,079.97","3,090.65","3,078.84","3,085.41"
12/26/2007,"3,077.25","3,087.55","3,057.27","3,079.97"
12/27/2007,"3,059.39","3,096.47","3,059.39","3,077.25"
12/28/2007,"3,051.83","3,076.18","3,046.72","3,059.39"
01/02/2008,"2,996.34","3,055.50","2,990.98","3,051.83"
01/03/2008,"2,989.67","3,001.05","2,965.49","2,996.34"
01/04/2008,"2,907.84","2,989.49","2,905.42","2,989.67"
01/07/2008,"2,851.04","2,928.72","2,849.17","2,907.84"
01/08/2008,"2,822.88","2,872.73","2,818.36","2,851.04"
01/09/2008,"2,749.81","2,829.88","2,715.99","2,822.88"
01/10/2008,"2,821.09","2,821.09","2,750.95","2,749.81"
01/11/2008,"2,821.70","2,850.79","2,808.66","2,821.09"
01/14/2008,"2,801.19","2,844.73","2,795.47","2,821.70"
01/15/2008,"2,727.77","2,798.59","2,724.18","2,801.19"
01/16/2008,"2,684.51","2,725.56","2,640.52","2,727.77"
01/17/2008,"2,587.42","2,694.86","2,584.71","2,684.51"
01/18/2008,"2,555.66","2,626.79","2,553.46","2,587.42"
01/21/2008,"2,427.11","2,548.73","2,392.24","2,555.66"
01/22/2008,"2,546.88","2,554.98","2,369.05","2,427.11"
01/23/2008,"2,524.62","2,546.83","2,425.21","2,546.88"
01/24/2008,"2,671.16","2,678.95","2,532.12","2,524.62"
01/25/2008,"2,647.59","2,752.92","2,645.08","2,671.16"
01/28/2008,"2,658.74","2,669.17","2,612.13","2,647.59"
01/29/2008,"2,742.69","2,754.04","2,657.99","2,658.74"
01/30/2008,"2,794.53","2,797.59","2,718.01","2,742.69"
01/31/2008,"2,788.34","2,792.22","2,714.63","2,794.53"
02/01/2008,"2,813.67","2,830.71","2,787.86","2,788.34"
02/04/2008,"2,807.97","2,828.80","2,804.25","2,813.67"
02/05/2008,"2,715.33","2,807.96","2,709.64","2,807.97"
02/06/2008,"2,745.03","2,752.63","2,717.17","2,715.33"
02/07/2008,"2,731.01","2,745.03","2,706.03","2,745.03"
02/08/2008,"2,734.93","2,741.86","2,726.66","2,731.01"
02/11/2008,"2,774.00","2,774.00","2,730.90","2,734.93"
02/12/2008,"2,826.43","2,834.30","2,774.31","2,774.00"
02/13/2008,"2,874.44","2,876.77","2,820.44","2,826.43"
02/14/2008,"2,852.31","2,896.05","2,851.83","2,874.44"
02/15/2008,"2,830.73","2,852.96","2,816.87","2,852.31"
02/18/2008,"2,867.26","2,871.52","2,833.38","2,830.73"
02/19/2008,"2,874.14","2,904.29","2,867.68","2,867.26"
02/20/2008,"2,911.28","2,914.34","2,849.33","2,874.14"
02/21/2008,"2,910.04","2,937.93","2,894.04","2,911.28"
02/22/2008,"2,903.84","2,922.08","2,899.58","2,910.04"
02/25/2008,"2,937.37","2,940.76","2,902.54","2,903.84"
02/26/2008,"2,930.82","2,949.01","2,924.08","2,937.37"
02/27/2008,"2,933.11","2,939.26","2,901.92","2,930.82"
02/28/2008,"2,903.76","2,932.99","2,902.91","2,933.11"
02/29/2008,"2,836.82","2,906.79","2,833.07","2,903.76"
03/03/2008,"2,791.71","2,838.77","2,784.18","2,836.82"
03/04/2008,"2,751.45","2,791.70","2,727.91","2,791.71"
03/05/2008,"2,779.73","2,785.00","2,744.83","2,751.45"
03/06/2008,"2,755.63","2,781.64","2,748.71","2,779.73"
03/07/2008,"2,740.29","2,764.39","2,736.08","2,755.63"
03/10/2008,"2,709.82","2,748.89","2,703.06","2,740.29"
03/11/2008,"2,774.98","2,780.17","2,710.38","2,709.82"
03/12/2008,"2,848.29","2,854.82","2,776.14","2,774.98"
03/13/2008,"2,847.68","2,867.30","2,801.93","2,848.29"
03/14/2008,"2,843.61","2,888.52","2,828.94","2,847.68"
03/17/2008,"2,835.95","2,842.96","2,777.32","2,843.61"
03/18/2008,"2,840.61","2,868.07","2,817.24","2,835.95"
03/19/2008,"2,838.45","2,852.45","2,821.25","2,840.61"
03/20/2008,"2,842.93","2,849.70","2,829.16","2,838.45"
03/24/2008,"2,885.90","2,896.02","2,843.10","2,842.93"
03/25/2008,"2,890.19","2,896.21","2,875.61","2,885.90"
03/26/2008,"2,866.61","2,891.81","2,851.54","2,890.19"
03/27/2008,"2,886.44","2,889.20","2,864.94","2,866.61"
03/28/2008,"2,890.40","2,903.02","2,885.68","2,886.44"
03/31/2008,"2,902.02","2,905.25","2,881.76","2,890.40"
04/01/2008,"2,921.37","2,925.97","2,902.69","2,902.02"
04/02/2008,"2,899.06","2,926.09","2,897.82","2,921.37"
04/03/2008,"2,918.51","2,921.16","2,893.34","2,899.06"
04/04/2008,"2,937.10","2,938.24","2,907.64","2,918.51"
04/07/2008,"2,946.42","2,962.28","2,936.28","2,937.10"
04/08/2008,"2,941.55","2,950.63","2,933.70","2,946.42"
04/09/2008,"2,946.00","2,949.16","2,923.71","2,941.55"
04/10/2008,"2,938.76","2,951.75","2,938.65","2,946.00"
04/11/2008,"2,947.46","2,958.80","2,937.76","2,938.76"
04/14/2008,"2,966.38","2,967.75","2,946.74","2,947.46"
04/15/2008,"2,996.76","3,017.52","2,968.09","2,966.38"
04/16/2008,"3,027.91","3,035.59","2,997.47","2,996.76"
04/17/2008,"3,034.16","3,053.41","3,026.84","3,027.91"
04/18/2008,"3,064.49","3,070.21","3,041.95","3,034.16"
04/21/2008,"3,089.36","3,089.68","3,047.53","3,064.49"
04/22/2008,"3,043.85","3,088.54","3,041.85","3,089.36"
04/23/2008,"3,017.54","3,049.88","2,981.84","3,043.85"
04/24/2008,"3,021.28","3,026.84","2,986.79","3,017.54"
04/25/2008,"3,019.58","3,035.15","3,012.64","3,021.28"
04/28/2008,"3,006.48","3,028.56","3,005.27","3,019.58"
04/29/2008,"2,967.00","3,007.04","2,965.04","3,006.48"
04/30/2008,"2,989.41","2,996.58","2,967.63","2,967.00"
05/02/2008,"2,997.84","3,025.34","2,992.94","2,989.41"
05/05/2008,"2,979.35","3,012.61","2,976.79","2,997.84"
05/06/2008,"2,957.49","2,985.75","2,954.72","2,979.35"
05/07/2008,"2,924.43","2,972.44","2,915.92","2,957.49"
05/08/2008,"2,922.17","2,928.58","2,914.55","2,924.43"
05/09/2008,"2,919.68","2,924.93","2,898.22","2,922.17"
05/12/2008,"2,906.72","2,931.29","2,906.54","2,919.68"
05/13/2008,"2,896.14","2,915.14","2,883.62","2,906.72"
05/14/2008,"2,909.31","2,924.29","2,897.25","2,896.14"
05/15/2008,"2,918.57","2,922.51","2,906.45","2,909.31"
05/16/2008,"2,963.84","2,964.60","2,921.05","2,918.57"
05/19/2008,"2,988.12","3,000.53","2,964.38","2,963.84"
05/20/2008,"3,021.02","3,023.13","2,992.33","2,988.12"
05/22/2008,"3,025.46","3,026.55","2,997.36","3,021.02"
05/23/2008,"3,026.91","3,036.71","3,019.42","3,025.46"
05/26/2008,"3,053.02","3,054.80","3,027.81","3,026.91"
05/27/2008,"3,066.78","3,073.92","3,044.19","3,053.02"
05/28/2008,"3,070.33","3,083.01","3,056.46","3,066.78"
05/29/2008,"3,096.11","3,113.93","3,070.34","3,070.33"
05/30/2008,"3,048.85","3,107.05","3,048.47","3,096.11"
06/02/2008,"3,044.94","3,067.80","3,043.28","3,048.85"
06/03/2008,"3,043.23","3,067.56","3,037.83","3,044.94"
06/04/2008,"3,048.16","3,049.41","3,034.98","3,043.23"
06/05/2008,"3,080.14","3,085.06","3,043.00","3,048.16"
06/06/2008,"3,017.39","3,092.07","3,014.64","3,080.14"
06/09/2008,"3,018.14","3,054.96","3,001.04","3,017.39"
06/10/2008,"3,018.08","3,019.85","2,997.19","3,018.14"
06/11/2008,"3,000.58","3,024.03","2,969.91","3,018.08"
06/12/2008,"3,050.08","3,080.22","3,002.14","3,000.58"
06/13/2008,"3,067.60","3,086.14","3,050.54","3,050.08"
06/16/2008,"3,024.38","3,074.94","3,020.43","3,067.60"
06/17/2008,"3,038.32","3,051.42","3,027.42","3,024.38"
06/18/2008,"3,050.92","3,057.80","3,038.56","3,038.32"
06/19/2008,"3,072.18","3,107.50","3,051.77","3,050.92"
06/20/2008,"3,035.16","3,091.95","3,025.55","3,072.18"
06/23/2008,"3,047.29","3,057.10","3,036.68","3,035.16"
06/24/2008,"3,045.98","3,072.31","3,031.58","3,047.29"
06/25/2008,"3,077.55","3,083.99","3,052.17","3,045.98"
06/26/2008,"3,042.98","3,089.24","3,037.97","3,077.55"
06/27/2008,"3,025.10","3,047.18","2,992.43","3,042.98"
06/30/2008,"2,999.90","3,050.41","2,991.08","3,025.10"
07/01/2008,"2,952.88","3,000.97","2,927.83","2,999.90"
07/02/2008,"2,839.89","2,963.71","2,837.17","2,952.88"
07/03/2008,"2,758.83","2,840.55","2,756.39","2,839.89"
07/04/2008,"2,768.52","2,799.58","2,753.60","2,758.83"
07/07/2008,"2,796.43","2,821.10","2,769.26","2,768.52"
07/08/2008,"2,820.51","2,831.86","2,796.15","2,796.43"
07/09/2008,"2,823.44","2,856.75","2,820.83","2,820.51"
07/10/2008,"2,803.82","2,833.08","2,797.85","2,823.44"
07/11/2008,"2,761.14","2,812.98","2,752.69","2,803.82"
07/14/2008,"2,770.19","2,789.91","2,762.61","2,761.14"
07/15/2008,"2,728.11","2,770.31","2,723.74","2,770.19"
07/17/2008,"2,778.19","2,804.75","2,755.83","2,728.11"
07/18/2008,"2,821.86","2,823.22","2,779.49","2,778.19"
07/21/2008,"2,826.35","2,862.87","2,822.21","2,821.86"
07/22/2008,"2,851.56","2,855.12","2,804.99","2,826.35"
07/23/2008,"2,907.92","2,913.31","2,853.35","2,851.56"
07/24/2008,"2,873.28","2,926.06","2,872.04","2,907.92"
07/25/2008,"2,922.07","2,924.60","2,873.34","2,873.28"
07/28/2008,"2,893.04","2,934.22","2,893.04","2,922.07"
07/29/2008,"2,946.26","2,949.76","2,895.42","2,893.04"
07/30/2008,"3,011.39","3,012.76","2,954.11","2,946.26"
07/31/2008,"3,014.80","3,030.21","2,989.34","3,011.39"
08/01/2008,"2,994.05","3,022.36","2,983.73","3,014.80"
08/04/2008,"2,962.32","2,995.35","2,961.87","2,994.05"
08/05/2008,"2,977.58","2,984.60","2,962.31","2,962.32"
08/06/2008,"2,984.72","2,995.33","2,977.14","2,977.58"
08/07/2008,"2,983.82","2,991.79","2,970.23","2,984.72"
08/08/2008,"2,964.36","2,996.21","2,964.25","2,983.82"
08/11/2008,"2,926.38","2,968.94","2,920.28","2,964.36"
08/12/2008,"2,917.35","2,943.61","2,914.40","2,926.38"
08/13/2008,"2,884.84","2,923.32","2,878.04","2,917.35"
08/14/2008,"2,894.51","2,908.50","2,880.01","2,884.84"
08/18/2008,"2,872.05","2,901.80","2,867.49","2,894.51"
08/19/2008,"2,817.46","2,871.07","2,814.91","2,872.05"
08/20/2008,"2,824.68","2,831.25","2,814.81","2,817.46"
08/21/2008,"2,839.65","2,844.51","2,823.75","2,824.68"
08/22/2008,"2,892.38","2,892.65","2,839.76","2,839.65"
08/25/2008,"2,886.68","2,912.91","2,886.68","2,892.38"
08/26/2008,"2,894.24","2,916.74","2,892.21","2,886.68"
08/27/2008,"2,897.83","2,921.10","2,895.02","2,894.24"
08/28/2008,"2,896.47","2,914.13","2,892.86","2,897.83"
08/29/2008,"2,895.21","2,901.89","2,884.31","2,896.47"
09/01/2008,"2,872.83","2,899.26","2,870.41","2,895.21"
09/02/2008,"2,868.64","2,884.65","2,867.53","2,872.83"
09/03/2008,"2,843.94","2,868.29","2,838.50","2,868.64"
09/04/2008,"2,795.08","2,845.90","2,794.09","2,843.94"
09/05/2008,"2,771.25","2,793.53","2,759.51","2,795.08"
09/08/2008,"2,779.70","2,807.38","2,766.51","2,771.25"
09/09/2008,"2,734.04","2,777.33","2,727.93","2,779.70"
09/10/2008,"2,757.17","2,760.85","2,733.51","2,734.04"
09/11/2008,"2,767.61","2,772.12","2,739.79","2,757.17"
09/12/2008,"2,827.81","2,832.98","2,754.08","2,767.61"
09/15/2008,"2,808.74","2,821.70","2,749.89","2,827.81"
09/16/2008,"2,759.85","2,804.48","2,745.63","2,808.74"
09/17/2008,"2,688.85","2,758.00","2,676.34","2,759.85"
09/22/2008,"2,743.44","2,816.68","2,740.88","2,688.85"
09/23/2008,"2,740.44","2,758.75","2,726.53","2,743.44"
09/24/2008,"2,754.53","2,769.92","2,740.76","2,740.44"
09/25/2008,"2,800.58","2,809.63","2,755.05","2,754.53"
09/26/2008,"2,784.23","2,800.46","2,779.19","2,800.58"
09/29/2008,"2,631.16","2,784.48","2,625.75","2,784.23"
09/30/2008,"2,753.31","2,759.03","2,632.43","2,631.16"
10/01/2008,"2,776.51","2,778.92","2,727.89","2,753.31"
10/02/2008,"2,668.88","2,765.75","2,663.38","2,776.51"
10/03/2008,"2,607.62","2,708.68","2,603.28","2,668.88"
10/06/2008,"2,450.50","2,599.30","2,400.76","2,607.62"
10/07/2008,"2,345.22","2,501.40","2,340.87","2,450.50"
10/08/2008,"2,238.66","2,362.03","2,233.07","2,345.22"
10/09/2008,"2,202.46","2,321.88","2,197.63","2,238.66"
10/10/2008,"2,101.10","2,188.42","2,017.79","2,202.46"
10/13/2008,"2,364.33","2,374.54","2,133.46","2,101.10"
10/14/2008,"2,441.74","2,545.15","2,386.16","2,364.33"
10/15/2008,"2,431.74","2,437.61","2,380.96","2,441.74"
10/16/2008,"2,396.24","2,437.03","2,349.62","2,431.74"
10/17/2008,"2,433.04","2,473.66","2,385.29","2,396.24"
10/20/2008,"2,546.30","2,547.00","2,433.86","2,433.04"
10/21/2008,"2,541.65","2,556.36","2,520.43","2,546.30"
10/22/2008,"2,391.57","2,530.55","2,382.21","2,541.65"
10/23/2008,"2,396.22","2,428.26","2,364.22","2,391.57"
10/24/2008,"2,342.90","2,367.61","2,282.86","2,396.22"
10/27/2008,"2,347.25","2,360.40","2,321.86","2,342.90"
10/28/2008,"2,389.85","2,399.01","2,355.18","2,347.25"
10/29/2008,"2,436.52","2,452.14","2,408.69","2,389.85"
10/30/2008,"2,489.59","2,496.47","2,440.47","2,436.52"
11/03/2008,"2,559.68","2,568.03","2,501.77","2,489.59"
11/04/2008,"2,627.15","2,641.47","2,562.88","2,559.68"
11/05/2008,"2,596.18","2,630.44","2,581.19","2,627.15"
11/06/2008,"2,527.06","2,591.55","2,508.36","2,596.18"
11/07/2008,"2,575.12","2,577.10","2,527.48","2,527.06"
11/10/2008,"2,614.46","2,636.12","2,581.35","2,575.12"
11/11/2008,"2,567.34","2,611.83","2,556.80","2,614.46"
11/12/2008,"2,476.62","2,574.98","2,473.15","2,567.34"
11/13/2008,"2,527.85","2,531.48","2,444.16","2,476.62"
11/14/2008,"2,551.72","2,561.94","2,526.47","2,527.85"
11/17/2008,"2,532.48","2,551.74","2,503.38","2,551.72"
11/18/2008,"2,497.68","2,531.45","2,494.21","2,532.48"
11/19/2008,"2,489.61","2,507.34","2,483.99","2,497.68"
11/20/2008,"2,400.92","2,482.14","2,398.37","2,489.61"
11/21/2008,"2,369.66","2,438.75","2,366.91","2,400.92"
11/24/2008,"2,418.29","2,426.34","2,369.85","2,369.66"
11/25/2008,"2,413.01","2,449.66","2,400.67","2,418.29"
11/26/2008,"2,420.65","2,426.51","2,383.58","2,413.01"
11/27/2008,"2,432.56","2,440.89","2,414.76","2,420.65"
11/28/2008,"2,406.26","2,437.46","2,405.07","2,432.56"
12/01/2008,"2,334.52","2,409.68","2,328.38","2,406.26"
12/02/2008,"2,317.95","2,343.12","2,310.96","2,334.52"
12/03/2008,"2,303.51","2,326.65","2,281.01","2,317.95"
12/04/2008,"2,302.01","2,316.60","2,294.05","2,303.51"
12/05/2008,"2,304.05","2,307.92","2,274.09","2,302.01"
12/09/2008,"2,307.35","2,360.24","2,304.84","2,304.05"
12/10/2008,"2,321.51","2,326.74","2,306.18","2,307.35"
12/11/2008,"2,328.70","2,347.58","2,317.12","2,321.51"
12/12/2008,"2,344.17","2,346.57","2,299.34","2,328.70"
12/15/2008,"2,324.02","2,348.12","2,317.43","2,344.17"
12/16/2008,"2,335.70","2,344.11","2,315.64","2,324.02"
12/17/2008,"2,347.73","2,351.68","2,325.34","2,335.70"
12/18/2008,"2,351.37","2,360.84","2,343.84","2,347.73"
12/19/2008,"2,346.46","2,374.25","2,340.86","2,351.37"
12/22/2008,"2,335.06","2,367.64","2,332.51","2,346.46"
12/23/2008,"2,337.34","2,338.55","2,321.73","2,335.06"
12/24/2008,"2,338.51","2,342.38","2,332.47","2,337.34"
12/26/2008,"2,350.46","2,356.02","2,338.24","2,338.51"
12/29/2008,"2,373.19","2,380.66","2,350.69","2,350.46"
12/30/2008,"2,376.42","2,383.90","2,369.60","2,373.19"
01/02/2009,"2,436.53","2,442.38","2,375.87","2,376.42"
01/05/2009,"2,441.93","2,447.32","2,415.02","2,436.53"
01/06/2009,"2,504.04","2,505.36","2,443.27","2,441.93"
01/07/2009,"2,478.90","2,505.34","2,469.77","2,504.04"
01/08/2009,"2,485.67","2,488.09","2,460.46","2,478.90"
01/09/2009,"2,500.08","2,504.06","2,476.93","2,485.67"
01/12/2009,"2,467.93","2,500.34","2,461.42","2,500.08"
01/13/2009,"2,470.06","2,477.15","2,445.67","2,467.93"
01/14/2009,"2,450.68","2,470.54","2,435.02","2,470.06"
01/15/2009,"2,483.65","2,487.30","2,440.25","2,450.68"
01/16/2009,"2,498.68","2,505.88","2,477.63","2,483.65"
01/19/2009,"2,501.93","2,505.08","2,488.70","2,498.68"
01/20/2009,"2,481.02","2,503.42","2,479.03","2,501.93"
01/21/2009,"2,470.33","2,489.24","2,457.78","2,481.02"
01/22/2009,"2,493.96","2,496.07","2,465.15","2,470.33"
01/23/2009,"2,494.93","2,497.95","2,464.20","2,493.96"
01/26/2009,"2,514.90","2,516.17","2,490.03","2,494.93"
01/27/2009,"2,541.54","2,542.94","2,515.36","2,514.90"
01/28/2009,"2,571.11","2,579.95","2,545.82","2,541.54"
01/29/2009,"2,564.49","2,568.41","2,548.52","2,571.11"
01/30/2009,"2,549.46","2,570.30","2,541.71","2,564.49"
02/02/2009,"2,553.77","2,560.28","2,521.49","2,549.46"
02/03/2009,"2,580.69","2,587.46","2,549.28","2,553.77"
02/04/2009,"2,591.24","2,610.91","2,582.69","2,580.69"
02/05/2009,"2,627.09","2,633.84","2,583.34","2,591.24"
02/06/2009,"2,673.28","2,678.94","2,628.67","2,627.09"
02/09/2009,"2,696.27","2,707.03","2,654.57","2,673.28"
02/10/2009,"2,635.30","2,698.43","2,621.96","2,696.27"
02/11/2009,"2,624.31","2,645.94","2,616.26","2,635.30"
02/12/2009,"2,606.72","2,625.92","2,591.49","2,624.31"
02/13/2009,"2,611.33","2,633.54","2,586.10","2,606.72"
02/16/2009,"2,632.56","2,637.29","2,601.35","2,611.33"
02/17/2009,"2,593.29","2,631.14","2,584.13","2,632.56"
02/18/2009,"2,609.94","2,613.13","2,591.30","2,593.29"
02/19/2009,"2,628.75","2,634.73","2,611.73","2,609.94"
02/20/2009,"2,591.53","2,628.62","2,584.61","2,628.75"
02/23/2009,"2,542.48","2,609.47","2,541.16","2,591.53"
02/24/2009,"2,545.43","2,550.55","2,513.99","2,542.48"
02/25/2009,"2,538.01","2,560.25","2,513.09","2,545.43"
02/26/2009,"2,516.99","2,555.21","2,515.84","2,538.01"
02/27/2009,"2,468.63","2,517.28","2,464.92","2,516.99"
03/02/2009,"2,409.81","2,467.44","2,406.00","2,468.63"
03/03/2009,"2,401.61","2,435.99","2,394.77","2,409.81"
03/04/2009,"2,435.74","2,442.42","2,403.44","2,401.61"
03/05/2009,"2,382.99","2,435.48","2,372.13","2,435.74"
03/06/2009,"2,360.00","2,395.72","2,350.75","2,382.99"
03/09/2009,"2,372.43","2,381.82","2,351.77","2,360.00"
03/10/2009,"2,439.94","2,441.38","2,375.54","2,372.43"
03/11/2009,"2,428.41","2,467.05","2,292.33","2,439.94"
03/12/2009,"2,436.13","2,445.08","2,416.28","2,428.41"
03/13/2009,"2,444.57","2,453.56","2,436.17","2,436.13"
03/16/2009,"2,456.14","2,469.58","2,445.97","2,444.57"
03/17/2009,"2,482.05","2,483.22","2,443.11","2,456.14"
03/18/2009,"2,512.07","2,517.25","2,470.18","2,482.05"
03/19/2009,"2,502.52","2,529.56","2,501.41","2,512.07"
03/20/2009,"2,487.73","2,513.16","2,483.26","2,502.52"
03/23/2009,"2,544.51","2,545.43","2,495.11","2,487.73"
03/24/2009,"2,538.97","2,560.57","2,534.08","2,544.51"
03/25/2009,"2,546.98","2,569.91","2,540.34","2,538.97"
03/26/2009,"2,550.82","2,560.26","2,549.64","2,546.98"
03/27/2009,"2,547.76","2,550.85","2,537.04","2,550.82"
03/30/2009,"2,494.07","2,554.08","2,487.82","2,547.76"
03/31/2009,"2,478.94","2,505.45","2,477.36","2,494.07"
04/01/2009,"2,517.18","2,521.30","2,476.19","2,478.94"
04/02/2009,"2,535.51","2,543.68","2,519.09","2,517.18"
04/03/2009,"2,551.26","2,553.34","2,535.48","2,535.51"
04/06/2009,"2,545.05","2,552.42","2,533.74","2,551.26"
04/07/2009,"2,537.07","2,544.71","2,513.28","2,545.05"
04/08/2009,"2,543.19","2,546.85","2,531.93","2,537.07"
04/09/2009,"2,585.65","2,588.03","2,546.19","2,543.19"
04/13/2009,"2,636.51","2,639.68","2,580.34","2,585.65"
04/14/2009,"2,646.12","2,660.03","2,624.99","2,636.51"
04/15/2009,"2,640.62","2,650.55","2,627.56","2,646.12"
04/16/2009,"2,686.29","2,690.53","2,643.83","2,640.62"
04/17/2009,"2,676.79","2,692.06","2,668.62","2,686.29"
04/20/2009,"2,636.25","2,676.56","2,632.37","2,676.79"
04/21/2009,"2,667.17","2,669.51","2,623.55","2,636.25"
04/22/2009,"2,676.18","2,693.14","2,655.81","2,667.17"
04/23/2009,"2,680.51","2,684.21","2,667.85","2,676.18"
04/24/2009,"2,680.31","2,688.68","2,677.82","2,680.51"
04/27/2009,"2,661.65","2,678.70","2,654.80","2,680.31"
04/28/2009,"2,671.62","2,673.19","2,635.71","2,661.65"
04/29/2009,"2,714.52","2,715.78","2,674.42","2,671.62"
04/30/2009,"2,670.78","2,736.76","2,666.99","2,714.52"
05/04/2009,"2,756.07","2,757.31","2,678.82","2,670.78"
05/05/2009,"2,775.52","2,776.31","2,741.79","2,756.07"
05/06/2009,"2,804.31","2,804.93","2,777.20","2,775.52"
05/07/2009,"2,814.31","2,838.61","2,804.04","2,804.31"
05/08/2009,"2,906.17","2,909.61","2,834.67","2,814.31"
05/11/2009,"2,925.49","2,928.87","2,863.65","2,906.17"
05/12/2009,"2,932.73","2,938.32","2,906.00","2,925.49"
05/13/2009,"2,900.22","2,926.44","2,893.99","2,932.73"
05/14/2009,"2,918.74","2,923.30","2,898.44","2,900.22"
05/15/2009,"2,963.11","2,965.93","2,919.27","2,918.74"
05/18/2009,"3,055.12","3,056.90","2,966.68","2,963.11"
05/19/2009,"3,054.25","3,072.89","3,043.95","3,055.12"
05/20/2009,"3,052.42","3,082.66","3,042.56","3,054.25"
05/22/2009,"3,062.97","3,067.21","3,022.01","3,052.42"
05/25/2009,"3,104.50","3,106.15","3,059.65","3,062.97"
05/26/2009,"3,131.14","3,134.71","3,082.61","3,104.50"
05/27/2009,"3,054.84","3,137.89","3,053.20","3,131.14"
05/28/2009,"3,102.26","3,104.27","3,048.66","3,054.84"
05/29/2009,"3,100.42","3,131.55","3,094.74","3,102.26"
06/01/2009,"3,191.16","3,194.12","3,108.66","3,100.42"
06/02/2009,"3,205.32","3,209.14","3,160.66","3,191.16"
06/03/2009,"3,173.26","3,200.43","3,146.02","3,205.32"
06/04/2009,"3,188.13","3,192.59","3,164.91","3,173.26"
06/05/2009,"3,216.68","3,224.73","3,194.43","3,188.13"
06/08/2009,"3,200.07","3,211.72","3,181.47","3,216.68"
06/09/2009,"3,215.55","3,216.79","3,192.25","3,200.07"
06/10/2009,"3,247.08","3,250.22","3,217.67","3,215.55"
06/11/2009,"3,257.89","3,266.45","3,246.16","3,247.08"
06/12/2009,"3,252.50","3,261.22","3,243.58","3,257.89"
06/15/2009,"3,239.55","3,245.97","3,193.85","3,252.50"
06/16/2009,"3,194.83","3,242.06","3,193.90","3,239.55"
06/17/2009,"3,106.01","3,189.11","3,106.01","3,194.83"
06/18/2009,"3,118.99","3,146.56","3,091.30","3,106.01"
06/19/2009,"3,134.32","3,154.69","3,128.01","3,118.99"
06/22/2009,"3,054.77","3,135.04","3,044.18","3,134.32"
06/23/2009,"3,022.22","3,069.41","3,018.29","3,054.77"
06/24/2009,"3,020.17","3,073.45","3,018.69","3,022.22"
06/25/2009,"3,071.46","3,073.52","3,017.28","3,020.17"
06/26/2009,"3,104.43","3,104.43","3,065.74","3,071.46"
06/30/2009,"3,090.50","3,129.55","3,090.50","3,104.43"
07/01/2009,"3,105.87","3,124.56","3,092.69","3,090.50"
07/02/2009,"3,103.87","3,111.15","3,077.09","3,105.87"
07/03/2009,"3,116.06","3,120.36","3,103.65","3,103.87"
07/06/2009,"3,108.97","3,113.92","3,080.63","3,116.06"
07/07/2009,"3,088.81","3,111.30","3,083.36","3,108.97"
07/08/2009,"3,061.45","3,096.92","3,060.14","3,088.81"
07/09/2009,"3,084.32","3,092.06","3,061.98","3,061.45"
07/10/2009,"3,081.28","3,088.56","3,059.55","3,084.32"
07/13/2009,"3,126.10","3,134.89","3,075.38","3,081.28"
07/14/2009,"3,154.89","3,161.94","3,126.93","3,126.10"
07/15/2009,"3,209.92","3,216.05","3,155.77","3,154.89"
07/17/2009,"3,207.80","3,219.62","3,201.40","3,209.92"
07/20/2009,"3,244.90","3,250.40","3,206.41","3,207.80"
07/21/2009,"3,245.35","3,269.94","3,236.13","3,244.90"
07/22/2009,"3,224.67","3,244.48","3,218.57","3,245.35"
07/23/2009,"3,239.71","3,246.93","3,222.65","3,224.67"
07/24/2009,"3,251.03","3,257.76","3,237.40","3,239.71"
07/27/2009,"3,239.80","3,263.73","3,232.22","3,251.03"
07/28/2009,"3,233.62","3,240.12","3,217.19","3,239.80"
07/29/2009,"3,229.30","3,234.06","3,219.46","3,233.62"
07/30/2009,"3,240.27","3,253.04","3,229.76","3,229.30"
07/31/2009,"3,226.20","3,242.79","3,223.82","3,240.27"
08/03/2009,"3,274.62","3,275.36","3,227.49","3,226.20"
08/04/2009,"3,292.99","3,294.10","3,270.24","3,274.62"
08/05/2009,"3,307.57","3,310.93","3,278.59","3,292.99"
08/06/2009,"3,278.80","3,314.44","3,275.38","3,307.57"
08/07/2009,"3,281.18","3,294.65","3,279.10","3,278.80"
08/10/2009,"3,276.45","3,292.81","3,268.53","3,281.18"
08/11/2009,"3,245.77","3,278.16","3,243.10","3,276.45"
08/12/2009,"3,265.77","3,273.76","3,245.22","3,245.77"
08/13/2009,"3,293.36","3,295.37","3,268.76","3,265.77"
08/14/2009,"3,294.36","3,298.88","3,273.32","3,293.36"
08/17/2009,"3,262.31","3,286.41","3,250.25","3,294.36"
08/18/2009,"3,283.23","3,286.27","3,262.63","3,262.31"
08/19/2009,"3,260.70","3,283.45","3,256.84","3,283.23"
08/20/2009,"3,277.81","3,278.94","3,259.52","3,260.70"
08/21/2009,"3,265.56","3,284.80","3,264.53","3,277.81"
08/24/2009,"3,244.20","3,274.77","3,229.31","3,265.56"
08/25/2009,"3,255.80","3,260.49","3,244.64","3,244.20"
08/26/2009,"3,261.07","3,263.49","3,246.72","3,255.80"
08/27/2009,"3,225.11","3,265.94","3,224.47","3,261.07"
08/28/2009,"3,222.13","3,239.34","3,215.38","3,225.11"
08/31/2009,"3,175.18","3,221.41","3,172.68","3,222.13"
09/01/2009,"3,132.55","3,197.63","3,114.01","3,175.18"
09/02/2009,"3,146.63","3,154.44","3,124.51","3,132.55"
09/03/2009,"3,191.64","3,193.74","3,144.55","3,146.63"
09/04/2009,"3,199.40","3,200.56","3,189.82","3,191.64"
09/07/2009,"3,189.84","3,211.24","3,188.16","3,199.40"
09/08/2009,"3,198.34","3,209.50","3,194.11","3,189.84"
09/09/2009,"3,203.32","3,229.09","3,200.25","3,198.34"
09/10/2009,"3,231.51","3,235.86","3,203.37","3,203.32"
09/11/2009,"3,245.91","3,253.33","3,232.25","3,231.51"
09/14/2009,"3,233.70","3,245.89","3,230.88","3,245.91"
09/15/2009,"3,233.23","3,246.11","3,226.44","3,233.70"
09/16/2009,"3,272.90","3,275.55","3,237.93","3,233.23"
09/17/2009,"3,297.17","3,297.67","3,272.45","3,272.90"
09/21/2009,"3,297.27","3,304.78","3,287.04","3,297.17"
09/22/2009,"3,294.87","3,306.93","3,293.70","3,297.27"
09/23/2009,"3,317.00","3,332.53","3,309.76","3,294.87"
09/24/2009,"3,316.41","3,330.10","3,316.35","3,317.00"
09/25/2009,"3,319.50","3,324.65","3,313.64","3,316.41"
09/28/2009,"3,358.54","3,360.14","3,320.47","3,319.50"
09/29/2009,"3,369.09","3,370.60","3,358.62","3,358.54"
09/30/2009,"3,372.86","3,378.06","3,358.96","3,369.09"
10/01/2009,"3,352.25","3,375.47","3,350.52","3,372.86"
10/02/2009,"3,350.25","3,357.41","3,334.90","3,352.25"
10/05/2009,"3,390.72","3,391.20","3,348.77","3,350.25"
10/06/2009,"3,417.66","3,419.41","3,399.18","3,390.72"
10/07/2009,"3,429.27","3,433.74","3,408.56","3,417.66"
10/08/2009,"3,423.62","3,441.61","3,418.53","3,429.27"
10/09/2009,"3,456.76","3,457.82","3,416.76","3,423.62"
10/13/2009,"3,481.32","3,484.97","3,456.60","3,456.76"
10/14/2009,"3,464.68","3,512.17","3,461.36","3,481.32"
10/15/2009,"3,437.02","3,468.55","3,436.26","3,464.68"
10/16/2009,"3,446.68","3,453.26","3,430.51","3,437.02"
10/19/2009,"3,456.39","3,478.37","3,450.21","3,446.68"
10/20/2009,"3,445.16","3,464.11","3,433.47","3,456.39"
10/21/2009,"3,424.01","3,448.66","3,422.23","3,445.16"
10/22/2009,"3,414.27","3,423.54","3,396.99","3,424.01"
10/23/2009,"3,421.95","3,434.95","3,414.37","3,414.27"
10/26/2009,"3,405.56","3,436.30","3,403.64","3,421.95"
10/27/2009,"3,372.17","3,404.58","3,370.07","3,405.56"
10/28/2009,"3,321.75","3,369.22","3,321.42","3,372.17"
10/29/2009,"3,372.02","3,373.53","3,320.32","3,321.75"
10/30/2009,"3,314.45","3,378.68","3,303.18","3,372.02"
11/02/2009,"3,286.68","3,332.65","3,283.11","3,314.45"
11/03/2009,"3,291.72","3,298.27","3,253.84","3,286.68"
11/04/2009,"3,347.01","3,350.88","3,292.33","3,291.72"
11/05/2009,"3,351.61","3,353.85","3,343.66","3,347.01"
11/06/2009,"3,364.23","3,366.32","3,332.73","3,351.61"
11/09/2009,"3,403.41","3,403.41","3,366.16","3,364.23"
11/10/2009,"3,389.37","3,406.14","3,389.37","3,403.41"
11/11/2009,"3,373.76","3,395.22","3,370.91","3,389.37"
11/12/2009,"3,343.85","3,374.05","3,342.80","3,373.76"
11/13/2009,"3,337.07","3,359.39","3,335.22","3,343.85"
11/16/2009,"3,324.92","3,350.26","3,318.36","3,337.07"
11/17/2009,"3,284.10","3,326.32","3,280.53","3,324.92"
11/18/2009,"3,251.63","3,296.12","3,246.21","3,284.10"
11/19/2009,"3,264.16","3,269.89","3,228.28","3,251.63"
11/20/2009,"3,289.60","3,289.60","3,260.92","3,264.16"
11/23/2009,"3,268.85","3,308.02","3,261.10","3,289.60"
11/24/2009,"3,251.16","3,270.00","3,241.31","3,268.85"
11/25/2009,"3,254.29","3,259.78","3,246.13","3,251.16"
11/26/2009,"3,184.04","3,255.91","3,181.56","3,254.29"
11/27/2009,"3,222.22","3,239.94","3,168.07","3,184.04"
11/30/2009,"3,255.32","3,262.61","3,222.07","3,222.22"
12/01/2009,"3,323.52","3,325.32","3,255.81","3,255.32"
12/02/2009,"3,343.55","3,364.03","3,323.65","3,323.52"
12/03/2009,"3,328.98","3,360.28","3,328.75","3,343.55"
12/04/2009,"3,349.72","3,359.68","3,329.93","3,328.98"
12/07/2009,"3,329.76","3,354.43","3,329.76","3,349.72"
12/09/2009,"3,322.38","3,329.39","3,313.93","3,329.76"
12/10/2009,"3,361.08","3,365.25","3,322.56","3,322.38"
12/11/2009,"3,435.12","3,435.51","3,366.08","3,361.08"
12/14/2009,"3,465.49","3,467.85","3,420.15","3,435.12"
12/15/2009,"3,473.30","3,474.31","3,445.49","3,465.49"
12/16/2009,"3,483.11","3,492.59","3,473.36","3,473.30"
12/17/2009,"3,482.50","3,484.12","3,456.61","3,483.11"
12/18/2009,"3,499.07","3,500.40","3,466.29","3,482.50"
12/21/2009,"3,518.57","3,523.22","3,491.62","3,499.07"
12/22/2009,"3,514.70","3,524.88","3,508.84","3,518.57"
12/23/2009,"3,523.46","3,524.13","3,513.24","3,514.70"
12/24/2009,"3,529.82","3,531.42","3,517.61","3,523.46"
12/28/2009,"3,541.45","3,543.50","3,527.75","3,529.82"
12/29/2009,"3,563.18","3,566.40","3,543.16","3,541.45"
12/30/2009,"3,581.42","3,582.98","3,556.92","3,563.18"
01/04/2010,"3,620.70","3,624.34","3,566.87","3,581.42"
01/05/2010,"3,624.10","3,641.82","3,619.01","3,620.70"
01/06/2010,"3,639.96","3,644.65","3,616.49","3,624.10"
01/07/2010,"3,681.06","3,684.55","3,623.32","3,639.96"
01/08/2010,"3,726.50","3,730.13","3,685.52","3,681.06"
01/11/2010,"3,744.17","3,764.75","3,727.58","3,726.50"
01/12/2010,"3,740.19","3,744.57","3,705.95","3,744.17"
01/13/2010,"3,760.01","3,761.33","3,731.99","3,740.19"
01/14/2010,"3,782.53","3,787.38","3,755.64","3,760.01"
01/15/2010,"3,756.18","3,784.36","3,739.25","3,782.53"
01/18/2010,"3,802.92","3,807.16","3,777.93","3,756.18"
01/19/2010,"3,814.97","3,817.60","3,774.17","3,802.92"
01/20/2010,"3,813.93","3,817.12","3,790.42","3,814.97"
01/21/2010,"3,780.60","3,817.77","3,776.35","3,813.93"
01/22/2010,"3,774.82","3,784.12","3,743.30","3,780.60"
01/25/2010,"3,802.39","3,803.52","3,771.88","3,774.82"
01/26/2010,"3,809.37","3,814.01","3,793.22","3,802.39"
01/27/2010,"3,782.88","3,819.31","3,767.76","3,809.37"
01/28/2010,"3,774.02","3,806.36","3,746.04","3,782.88"
01/29/2010,"3,808.96","3,814.37","3,764.87","3,774.02"
02/01/2010,"3,832.55","3,840.01","3,802.10","3,808.96"
02/02/2010,"3,853.58","3,856.53","3,828.23","3,832.55"
02/03/2010,"3,851.61","3,861.42","3,833.43","3,853.58"
02/04/2010,"3,774.20","3,851.68","3,772.04","3,851.61"
02/05/2010,"3,696.24","3,769.24","3,689.25","3,774.20"
02/08/2010,"3,734.22","3,743.36","3,694.72","3,696.24"
02/09/2010,"3,759.53","3,784.85","3,738.34","3,734.22"
02/10/2010,"3,752.20","3,783.81","3,743.75","3,759.53"
02/11/2010,"3,780.52","3,786.72","3,747.63","3,752.20"
02/12/2010,"3,770.77","3,781.61","3,756.04","3,780.52"
02/15/2010,"3,767.31","3,783.05","3,763.82","3,770.77"
02/16/2010,"3,820.55","3,821.57","3,768.23","3,767.31"
02/17/2010,"3,860.71","3,863.26","3,824.21","3,820.55"
02/18/2010,"3,859.96","3,868.09","3,847.21","3,860.71"
02/19/2010,"3,845.05","3,862.52","3,844.29","3,859.96"
02/22/2010,"3,850.74","3,855.80","3,845.91","3,845.05"
02/23/2010,"3,817.57","3,853.78","3,815.66","3,850.74"
02/24/2010,"3,814.92","3,826.28","3,805.27","3,817.57"
02/25/2010,"3,787.71","3,814.82","3,777.97","3,814.92"
02/26/2010,"3,827.44","3,831.79","3,787.78","3,787.71"
03/01/2010,"3,782.04","3,785.19","3,715.32","3,827.44"
03/02/2010,"3,760.39","3,772.19","3,737.18","3,782.04"
03/03/2010,"3,708.91","3,760.07","3,689.69","3,760.39"
03/04/2010,"3,742.17","3,761.23","3,709.72","3,708.91"
03/05/2010,"3,789.77","3,799.14","3,746.48","3,742.17"
03/08/2010,"3,798.82","3,802.82","3,782.64","3,789.77"
03/09/2010,"3,792.35","3,796.74","3,780.66","3,798.82"
03/10/2010,"3,813.98","3,820.00","3,787.95","3,792.35"
03/11/2010,"3,816.32","3,824.05","3,810.71","3,813.98"
03/12/2010,"3,824.49","3,833.26","3,815.14","3,816.32"
03/15/2010,"3,791.73","3,829.57","3,784.29","3,824.49"
03/16/2010,"3,818.27","3,819.75","3,791.71","3,791.73"
03/17/2010,"3,799.55","3,839.99","3,799.07","3,818.27"
03/18/2010,"3,802.23","3,813.26","3,796.15","3,799.55"
03/19/2010,"3,764.69","3,806.70","3,759.18","3,802.23"
03/22/2010,"3,778.83","3,781.48","3,755.78","3,764.69"
03/23/2010,"3,784.23","3,791.07","3,774.16","3,778.83"
03/24/2010,"3,774.48","3,788.21","3,773.58","3,784.23"
03/25/2010,"3,758.39","3,795.63","3,753.59","3,774.48"
03/26/2010,"3,748.92","3,771.97","3,745.98","3,758.39"
03/29/2010,"3,745.51","3,763.03","3,741.91","3,748.92"
03/30/2010,"3,763.25","3,789.86","3,749.06","3,745.51"
03/31/2010,"3,763.12","3,785.32","3,759.87","3,763.25"
04/01/2010,"3,799.38","3,800.60","3,765.04","3,763.12"
04/05/2010,"3,828.25","3,831.76","3,806.01","3,799.38"
04/06/2010,"3,853.76","3,864.54","3,830.22","3,828.25"
04/07/2010,"3,849.61","3,869.09","3,846.76","3,853.76"
04/08/2010,"3,828.97","3,852.12","3,824.28","3,849.61"
04/09/2010,"3,842.28","3,845.53","3,826.49","3,828.97"
04/12/2010,"3,827.70","3,844.95","3,822.26","3,842.28"
04/13/2010,"3,816.54","3,831.54","3,811.48","3,827.70"
04/14/2010,"3,838.38","3,845.92","3,816.42","3,816.54"
04/15/2010,"3,828.59","3,851.89","3,828.59","3,838.38"
04/16/2010,"3,801.08","3,833.31","3,799.97","3,828.59"
04/19/2010,"3,800.27","3,805.46","3,782.71","3,801.08"
04/20/2010,"3,832.25","3,834.99","3,807.77","3,800.27"
04/21/2010,"3,829.78","3,843.33","3,828.70","3,832.25"
04/22/2010,"3,833.60","3,836.80","3,802.67","3,829.78"
04/23/2010,"3,836.02","3,846.09","3,833.64","3,833.60"
04/26/2010,"3,826.93","3,850.58","3,825.84","3,836.02"
04/27/2010,"3,803.07","3,839.08","3,792.00","3,826.93"
04/28/2010,"3,814.60","3,824.30","3,803.32","3,803.07"
04/29/2010,"3,850.41","3,859.78","3,824.97","3,814.60"
04/30/2010,"3,865.45","3,866.59","3,849.22","3,850.41"
05/03/2010,"3,877.01","3,882.65","3,819.37","3,865.45"
05/04/2010,"3,849.54","3,875.12","3,848.30","3,877.01"
05/05/2010,"3,819.79","3,851.54","3,803.49","3,849.54"
05/06/2010,"3,779.73","3,833.42","3,731.47","3,819.79"
05/07/2010,"3,759.16","3,790.10","3,736.19","3,779.73"
05/10/2010,"3,851.00","3,854.26","3,786.71","3,759.16"
05/11/2010,"3,858.17","3,866.94","3,843.68","3,851.00"
05/12/2010,"3,890.05","3,895.37","3,818.24","3,858.17"
05/13/2010,"3,872.48","3,894.84","3,866.77","3,890.05"
05/14/2010,"3,839.42","3,873.48","3,828.96","3,872.48"
05/17/2010,"3,855.38","3,861.39","3,814.66","3,839.42"
05/18/2010,"3,855.21","3,873.54","3,853.54","3,855.38"
05/19/2010,"3,849.75","3,858.40","3,826.64","3,855.21"
05/20/2010,"3,781.22","3,850.95","3,776.81","3,849.75"
05/24/2010,"3,774.86","3,798.39","3,770.48","3,781.22"
05/25/2010,"3,727.84","3,751.31","3,704.58","3,774.86"
05/26/2010,"3,787.34","3,797.75","3,734.41","3,727.84"
05/27/2010,"3,812.25","3,817.37","3,799.05","3,787.34"
05/28/2010,"3,833.91","3,835.24","3,799.29","3,812.25"
05/31/2010,"3,886.86","3,887.89","3,842.32","3,833.91"
06/01/2010,"3,836.33","3,880.33","3,829.17","3,886.86"
06/02/2010,"3,883.73","3,891.40","3,833.79","3,836.33"
06/03/2010,"3,890.62","3,901.07","3,877.81","3,883.73"
06/04/2010,"3,864.14","3,879.27","3,855.59","3,890.62"
06/07/2010,"3,860.66","3,870.92","3,854.22","3,864.14"
06/08/2010,"3,876.68","3,883.61","3,864.80","3,860.66"
06/09/2010,"3,903.40","3,914.78","3,879.86","3,876.68"
06/10/2010,"3,944.33","3,945.68","3,911.20","3,903.40"
06/11/2010,"3,969.23","3,971.37","3,938.19","3,944.33"
06/14/2010,"3,986.27","3,996.70","3,969.23","3,969.23"
06/15/2010,"4,035.98","4,050.08","3,969.23","3,986.27"
06/16/2010,"4,060.32","4,062.02","3,969.23","4,035.98"
06/17/2010,"4,083.30","4,087.77","3,969.23","4,060.32"
06/18/2010,"4,121.72","4,125.92","3,969.23","4,083.30"
06/21/2010,"4,117.00","4,151.40","4,106.26","4,121.72"
06/22/2010,"4,078.01","4,151.40","4,073.10","4,117.00"
06/23/2010,"4,087.35","4,151.40","4,048.20","4,078.01"
06/24/2010,"4,075.27","4,151.40","4,028.36","4,087.35"
06/25/2010,"4,123.85","4,134.18","4,072.90","4,075.27"
06/29/2010,"4,078.72","4,123.85","4,064.84","4,123.85"
06/30/2010,"4,065.29","4,123.85","4,062.54","4,078.72"
07/01/2010,"4,025.17","4,123.85","4,022.03","4,065.29"
07/02/2010,"4,060.13","4,123.85","4,022.03","4,025.17"
07/05/2010,"4,032.01","4,070.05","4,029.85","4,060.13"
07/06/2010,"4,070.28","4,078.47","4,032.01","4,032.01"
07/07/2010,"4,129.39","4,133.65","4,070.28","4,070.28"
07/08/2010,"4,175.90","4,175.90","4,129.39","4,129.39"
07/09/2010,"4,180.95","4,193.10","4,167.36","4,175.90"
07/12/2010,"4,168.13","4,188.86","4,158.18","4,180.95"
07/13/2010,"4,203.68","4,206.98","4,168.13","4,168.13"
07/14/2010,"4,213.19","4,224.28","4,198.53","4,203.68"
07/15/2010,"4,221.61","4,224.13","4,187.92","4,213.19"
07/19/2010,"4,209.14","4,231.39","4,173.31","4,221.61"
07/20/2010,"4,241.75","4,242.48","4,196.63","4,209.14"
07/21/2010,"4,286.14","4,294.35","4,241.75","4,241.75"
07/22/2010,"4,304.00","4,329.05","4,286.37","4,286.14"
07/23/2010,"4,326.00","4,330.51","4,304.00","4,304.00"
07/26/2010,"4,366.65","4,373.64","4,326.00","4,326.00"
07/27/2010,"4,379.08","4,394.45","4,360.65","4,366.65"
07/28/2010,"4,354.03","4,383.00","4,346.87","4,379.08"
07/29/2010,"4,357.21","4,370.19","4,328.48","4,354.03"
07/30/2010,"4,364.15","4,366.84","4,336.81","4,357.21"
08/02/2010,"4,418.66","4,420.52","4,364.15","4,364.15"
08/03/2010,"4,399.58","4,426.94","4,397.83","4,418.66"
08/04/2010,"4,422.36","4,429.60","4,399.58","4,399.58"
08/05/2010,"4,441.34","4,445.14","4,418.77","4,422.36"
08/06/2010,"4,462.82","4,464.96","4,430.63","4,441.34"
08/09/2010,"4,495.91","4,497.92","4,462.82","4,462.82"
08/10/2010,"4,482.82","4,497.92","4,454.44","4,495.91"
08/11/2010,"4,388.52","4,482.82","4,386.70","4,482.82"
08/12/2010,"4,384.46","4,482.82","4,339.23","4,388.52"
08/13/2010,"4,462.24","4,464.37","4,383.10","4,384.46"
08/16/2010,"4,464.44","4,513.29","4,444.79","4,462.24"
08/17/2010,"4,495.30","4,503.83","4,464.44","4,464.44"
08/18/2010,"4,513.66","4,518.23","4,491.18","4,495.30"
08/19/2010,"4,522.38","4,522.53","4,481.17","4,513.66"
08/20/2010,"4,513.31","4,525.16","4,504.43","4,522.38"
08/23/2010,"4,523.51","4,543.92","4,513.07","4,513.31"
08/24/2010,"4,506.38","4,523.51","4,482.38","4,523.51"
08/25/2010,"4,453.20","4,509.00","4,452.57","4,506.38"
08/26/2010,"4,455.10","4,485.41","4,442.30","4,453.20"
08/27/2010,"4,480.35","4,487.15","4,448.90","4,455.10"
08/30/2010,"4,487.45","4,501.02","4,476.69","4,480.35"
08/31/2010,"4,525.01","4,526.75","4,484.82","4,487.45"
09/01/2010,"4,582.79","4,585.13","4,525.01","4,525.01"
09/02/2010,"4,597.60","4,604.02","4,576.78","4,582.79"
09/03/2010,"4,628.12","4,634.28","4,598.51","4,597.60"
09/06/2010,"4,634.10","4,766.84","4,620.51","4,628.12"
09/07/2010,"4,604.19","4,640.83","4,591.63","4,634.10"
09/08/2010,"4,664.07","4,669.55","4,604.19","4,604.19"
09/09/2010,"4,698.10","4,703.27","4,664.07","4,664.07"
09/10/2010,"4,710.86","4,713.39","4,694.75","4,698.10"
09/13/2010,"4,760.88","4,763.51","4,710.21","4,710.86"
09/14/2010,"4,800.83","4,803.02","4,746.22","4,760.88"
09/15/2010,"4,821.90","4,831.23","4,790.20","4,800.83"
09/16/2010,"4,813.52","4,838.20","4,807.29","4,821.90"
09/21/2010,"4,818.27","4,849.17","4,794.67","4,813.52"
09/22/2010,"4,772.29","4,819.34","4,767.41","4,818.27"
09/23/2010,"4,730.86","4,772.29","4,726.69","4,772.29"
09/24/2010,"4,730.20","4,762.10","4,705.50","4,730.86"
09/27/2010,"4,777.40","4,784.51","4,730.95","4,730.20"
09/28/2010,"4,804.62","4,805.84","4,758.22","4,777.40"
09/29/2010,"4,782.83","4,806.13","4,772.45","4,804.62"
09/30/2010,"4,795.38","4,805.07","4,738.31","4,782.83"
10/01/2010,"4,802.93","4,813.06","4,786.19","4,795.38"
10/04/2010,"4,787.08","4,823.54","4,773.51","4,802.93"
10/05/2010,"4,773.12","4,803.72","4,763.47","4,787.08"
10/06/2010,"4,758.42","4,780.79","4,742.90","4,773.12"
10/07/2010,"4,702.07","4,768.07","4,691.43","4,758.42"
10/08/2010,"4,699.18","4,707.05","4,674.11","4,702.07"
10/12/2010,"4,666.77","4,701.72","4,665.55","4,699.18"
10/13/2010,"4,794.11","4,794.11","4,666.77","4,666.77"
10/14/2010,"4,771.09","4,801.08","4,757.37","4,794.11"
10/15/2010,"4,735.06","4,784.91","4,731.76","4,771.09"
10/18/2010,"4,747.40","4,760.34","4,733.19","4,735.06"
10/19/2010,"4,765.01","4,770.76","4,728.50","4,747.40"
10/20/2010,"4,767.13","4,782.58","4,759.76","4,765.01"
10/21/2010,"4,786.83","4,804.24","4,767.13","4,767.13"
10/22/2010,"4,793.37","4,798.31","4,772.93","4,786.83"
10/25/2010,"4,808.75","4,812.70","4,786.32","4,793.37"
10/26/2010,"4,834.57","4,837.10","4,792.51","4,808.75"
10/27/2010,"4,877.61","4,882.18","4,826.66","4,834.57"
10/28/2010,"4,885.94","4,905.52","4,877.28","4,877.61"
10/29/2010,"4,912.53","4,920.37","4,885.39","4,885.94"
11/02/2010,"4,986.74","4,988.81","4,912.53","4,912.53"
11/03/2010,"4,977.13","5,027.60","4,952.85","4,986.74"
11/04/2010,"4,973.03","5,013.69","4,966.36","4,977.13"
11/05/2010,"4,958.44","4,985.88","4,949.39","4,973.03"
11/08/2010,"5,003.16","5,007.44","4,933.39","4,958.44"
11/09/2010,"5,024.90","5,047.00","4,999.07","5,003.16"
11/10/2010,"5,026.28","5,035.68","4,990.71","5,024.90"
11/11/2010,"5,013.97","5,033.09","5,001.19","5,026.28"
11/12/2010,"4,977.95","5,014.47","4,963.04","5,013.97"
11/15/2010,"4,955.97","4,986.28","4,947.62","4,977.95"
11/16/2010,"4,885.13","4,955.97","4,872.81","4,955.97"
11/17/2010,"4,900.62","4,909.58","4,870.18","4,885.13"
11/18/2010,"4,931.35","4,942.40","4,900.62","4,900.62"
11/19/2010,"4,965.17","4,973.02","4,923.34","4,931.35"
11/22/2010,"4,988.08","4,992.48","4,959.62","4,965.17"
11/23/2010,"4,951.73","4,988.08","4,932.39","4,988.08"
11/24/2010,"5,003.85","5,008.21","4,951.73","4,951.73"
11/25/2010,"4,988.63","5,009.37","4,986.00","5,003.85"
11/26/2010,"4,974.77","4,988.63","4,955.61","4,988.63"
11/29/2010,"4,973.58","4,983.50","4,946.30","4,974.77"
11/30/2010,"4,956.95","4,976.61","4,941.35","4,973.58"
12/01/2010,"4,956.79","4,998.74","4,951.00","4,956.95"
12/02/2010,"4,978.28","4,983.73","4,956.79","4,956.79"
12/03/2010,"4,970.02","4,982.28","4,953.11","4,978.28"
12/06/2010,"4,963.15","4,977.03","4,950.10","4,970.02"
12/07/2010,"4,989.05","4,992.53","4,964.46","4,963.15"
12/09/2010,"4,964.05","4,996.66","4,954.81","4,989.05"
12/10/2010,"4,945.74","4,975.18","4,937.45","4,964.05"
12/13/2010,"4,945.18","4,958.39","4,938.74","4,945.74"
12/14/2010,"4,967.67","4,973.90","4,944.30","4,945.18"
12/15/2010,"4,996.85","4,999.39","4,967.67","4,967.67"
12/16/2010,"5,003.08","5,006.71","4,977.65","4,996.85"
12/17/2010,"5,006.59","5,014.99","4,984.88","5,003.08"
12/20/2010,"4,992.94","5,020.38","4,982.30","5,006.59"
12/21/2010,"4,950.94","4,996.29","4,945.88","4,992.94"
12/22/2010,"4,885.83","4,961.99","4,858.43","4,950.94"
12/23/2010,"4,884.09","4,897.73","4,874.84","4,885.83"
12/24/2010,"4,895.59","4,901.95","4,879.11","4,884.09"
12/27/2010,"4,840.56","4,913.18","4,834.62","4,895.59"
12/28/2010,"4,835.22","4,862.74","4,824.11","4,840.56"
12/29/2010,"4,888.10","4,889.56","4,835.22","4,835.22"
12/30/2010,"4,927.53","4,929.74","4,884.06","4,888.10"
01/03/2011,"4,967.51","4,971.75","4,927.53","4,927.53"
01/04/2011,"5,024.65","5,033.21","4,967.51","4,967.51"
01/05/2011,"5,040.97","5,044.66","5,001.37","5,024.65"
01/06/2011,"4,996.75","5,048.13","4,995.23","5,040.97"
01/07/2011,"4,947.04","5,022.94","4,940.88","4,996.75"
01/10/2011,"4,863.31","4,958.58","4,863.31","4,947.04"
01/11/2011,"4,829.94","4,907.39","4,827.15","4,863.31"
01/12/2011,"4,878.42","4,883.75","4,829.94","4,829.94"
01/13/2011,"4,939.11","4,953.78","4,878.42","4,878.42"
01/14/2011,"4,931.41","4,951.08","4,922.87","4,939.11"
01/17/2011,"4,934.24","4,942.02","4,914.49","4,931.41"
01/18/2011,"4,929.79","4,956.34","4,924.83","4,934.24"
01/19/2011,"4,901.86","4,957.25","4,896.95","4,929.79"
01/20/2011,"4,870.84","4,904.72","4,837.28","4,901.86"
01/21/2011,"4,875.66","4,891.23","4,870.42","4,870.84"
01/24/2011,"4,882.97","4,895.10","4,864.29","4,875.66"
01/25/2011,"4,830.83","4,885.19","4,819.02","4,882.97"
01/26/2011,"4,838.53","4,862.00","4,830.83","4,830.83"
01/27/2011,"4,766.10","4,848.90","4,753.77","4,838.53"
01/28/2011,"4,672.33","4,784.15","4,646.99","4,766.10"
01/31/2011,"4,673.07","4,689.91","4,634.90","4,672.33"
02/01/2011,"4,706.54","4,737.84","4,669.56","4,673.07"
02/02/2011,"4,632.06","4,721.83","4,626.14","4,706.54"
02/03/2011,"4,566.94","4,634.18","4,548.36","4,632.06"
02/04/2011,"4,610.28","4,622.98","4,527.03","4,566.94"
02/07/2011,"4,590.66","4,630.72","4,589.19","4,610.28"
02/08/2011,"4,544.24","4,609.83","4,537.52","4,590.66"
02/09/2011,"4,431.69","4,561.44","4,426.58","4,544.24"
02/10/2011,"4,464.02","4,490.27","4,370.83","4,431.69"
02/11/2011,"4,578.14","4,593.88","4,464.02","4,464.02"
02/14/2011,"4,608.24","4,635.09","4,578.14","4,578.14"
02/15/2011,"4,572.34","4,645.77","4,559.79","4,608.24"
02/16/2011,"4,536.75","4,609.18","4,533.85","4,572.34"
02/17/2011,"4,478.08","4,556.07","4,473.45","4,536.75"
02/18/2011,"4,445.98","4,484.90","4,442.85","4,478.08"
02/21/2011,"4,417.44","4,459.98","4,415.86","4,445.98"
02/22/2011,"4,359.65","4,417.44","4,357.60","4,417.44"
02/23/2011,"4,284.85","4,376.90","4,281.87","4,359.65"
02/24/2011,"4,302.76","4,311.29","4,215.91","4,284.85"
02/25/2011,"4,373.90","4,391.78","4,302.76","4,302.76"
02/28/2011,"4,444.57","4,452.45","4,373.90","4,373.90"
03/01/2011,"4,400.67","4,470.77","4,398.11","4,444.57"
03/02/2011,"4,418.72","4,422.75","4,384.31","4,400.67"
03/03/2011,"4,515.96","4,526.40","4,418.72","4,418.72"
03/04/2011,"4,527.47","4,566.88","4,515.96","4,515.96"
03/07/2011,"4,487.68","4,534.60","4,477.18","4,527.47"
03/08/2011,"4,482.68","4,509.06","4,477.30","4,487.68"
03/09/2011,"4,448.08","4,498.38","4,445.74","4,482.68"
03/10/2011,"4,371.23","4,448.08","4,366.78","4,448.08"
03/11/2011,"4,324.28","4,371.23","4,317.14","4,371.23"
03/14/2011,"4,325.12","4,346.50","4,288.22","4,324.28"
03/15/2011,"4,363.89","4,372.49","4,223.46","4,325.12"
03/16/2011,"4,334.65","4,391.74","4,294.19","4,363.89"
03/17/2011,"4,329.20","4,376.40","4,321.43","4,334.65"
03/18/2011,"4,313.64","4,346.97","4,288.10","4,329.20"
03/21/2011,"4,436.32","4,444.03","4,313.64","4,313.64"
03/22/2011,"4,510.31","4,514.70","4,436.32","4,436.32"
03/23/2011,"4,555.37","4,583.00","4,510.31","4,510.31"
03/24/2011,"4,596.71","4,602.54","4,555.37","4,555.37"
03/25/2011,"4,588.55","4,623.29","4,548.76","4,596.71"
03/28/2011,"4,593.40","4,601.65","4,564.44","4,588.55"
03/29/2011,"4,557.90","4,599.46","4,546.31","4,593.40"
03/30/2011,"4,594.19","4,598.04","4,557.90","4,557.90"
03/31/2011,"4,624.47","4,633.47","4,594.19","4,594.19"
04/01/2011,"4,712.85","4,717.45","4,624.47","4,624.47"
04/04/2011,"4,738.81","4,739.54","4,712.85","4,712.85"
04/05/2011,"4,765.23","4,771.73","4,723.48","4,738.81"
04/06/2011,"4,781.66","4,818.85","4,765.23","4,765.23"
04/07/2011,"4,741.31","4,793.27","4,725.46","4,781.66"
04/08/2011,"4,712.97","4,751.97","4,704.71","4,741.31"
04/11/2011,"4,694.00","4,751.97","4,681.33","4,712.97"
04/12/2011,"4,616.79","4,694.00","4,610.83","4,694.00"
04/13/2011,"4,645.17","4,667.03","4,617.00","4,616.79"
04/14/2011,"4,656.13","4,658.88","4,618.14","4,645.17"
04/15/2011,"4,669.88","4,676.86","4,656.13","4,656.13"
04/18/2011,"4,643.95","4,671.14","4,610.05","4,669.88"
04/19/2011,"4,675.60","4,677.27","4,643.95","4,643.95"
04/20/2011,"4,718.52","4,730.47","4,686.24","4,675.60"
04/21/2011,"4,738.66","4,741.76","4,719.63","4,718.52"
04/25/2011,"4,752.20","4,755.48","4,730.74","4,738.66"
04/26/2011,"4,767.26","4,772.45","4,738.09","4,752.20"
04/27/2011,"4,754.91","4,786.70","4,743.61","4,767.26"
04/28/2011,"4,757.99","4,761.00","4,725.47","4,754.91"
04/29/2011,"4,822.50","4,825.11","4,755.91","4,757.99"
05/02/2011,"4,826.07","4,836.28","4,812.30","4,822.50"
05/03/2011,"4,810.00","4,826.07","4,804.43","4,826.07"
05/04/2011,"4,758.66","4,812.91","4,584.49","4,810.00"
05/05/2011,"4,788.84","4,796.40","4,744.57","4,758.66"
05/06/2011,"4,813.64","4,822.91","4,786.92","4,788.84"
05/09/2011,"4,821.66","4,859.58","4,814.00","4,813.64"
05/10/2011,"4,857.58","4,860.37","4,821.66","4,821.66"
05/11/2011,"4,848.90","4,867.54","4,826.02","4,857.58"
05/12/2011,"4,863.81","4,866.46","4,809.12","4,848.90"
05/13/2011,"4,851.01","4,865.26","4,834.52","4,863.81"
05/16/2011,"4,855.01","4,863.68","4,844.01","4,851.01"
05/17/2011,"4,852.96","4,860.53","4,834.51","4,855.01"
05/18/2011,"4,865.86","4,884.92","4,858.97","4,852.96"
05/19/2011,"4,816.49","4,883.13","4,815.37","4,865.86"
05/20/2011,"4,818.96","4,834.21","4,805.43","4,816.49"
05/23/2011,"4,798.29","4,818.96","4,777.32","4,818.96"
05/24/2011,"4,790.38","4,822.26","4,781.14","4,798.29"
05/25/2011,"4,800.82","4,810.96","4,789.28","4,790.38"
05/26/2011,"4,839.87","4,846.68","4,800.82","4,800.82"
05/27/2011,"4,841.65","4,869.96","4,514.68","4,839.87"
05/30/2011,"4,845.32","4,853.83","4,831.75","4,841.65"
05/31/2011,"4,847.87","4,873.87","4,838.23","4,845.32"
06/01/2011,"4,848.22","4,856.45","4,823.35","4,847.87"
06/02/2011,"4,870.58","4,877.35","4,835.02","4,848.22"
06/03/2011,"4,877.85","4,882.20","4,842.96","4,870.58"
06/06/2011,"4,811.50","4,877.85","4,811.50","4,877.85"
06/07/2011,"4,815.40","4,843.56","4,811.50","4,811.50"
06/08/2011,"4,819.39","4,822.83","4,789.54","4,815.40"
06/09/2011,"4,762.44","4,837.97","4,758.66","4,819.39"
06/10/2011,"4,737.51","4,762.44","4,719.71","4,762.44"
06/13/2011,"4,663.35","4,737.51","4,659.36","4,737.51"
06/14/2011,"4,646.13","4,700.87","4,643.74","4,663.35"
06/15/2011,"4,572.09","4,649.73","4,540.18","4,646.13"
06/16/2011,"4,530.70","4,574.06","4,525.82","4,572.09"
06/17/2011,"4,623.51","4,632.03","4,530.70","4,530.70"
06/20/2011,"4,630.57","4,652.67","4,578.53","4,623.51"
06/21/2011,"4,697.85","4,707.48","4,630.57","4,630.57"
06/22/2011,"4,711.09","4,737.62","4,697.85","4,697.85"
06/23/2011,"4,694.88","4,712.05","4,660.44","4,711.09"
06/24/2011,"4,696.35","4,717.39","4,691.84","4,694.88"
06/28/2011,"4,762.71","4,767.87","4,696.35","4,696.35"
06/29/2011,"4,771.44","4,801.66","4,759.81","4,762.71"
06/30/2011,"4,795.28","4,800.47","4,762.16","4,771.44"
07/01/2011,"4,798.12","4,802.44","4,764.79","4,795.28"
07/04/2011,"4,772.54","4,799.06","4,770.56","4,798.12"
07/05/2011,"4,808.53","4,811.76","4,772.54","4,772.54"
07/06/2011,"4,777.69","4,811.81","4,771.78","4,808.53"
07/07/2011,"4,776.59","4,808.57","4,758.66","4,777.69"
07/08/2011,"4,769.39","4,776.59","4,733.54","4,776.59"
07/11/2011,"4,756.13","4,769.39","4,714.76","4,769.39"
07/12/2011,"4,725.55","4,756.13","4,721.39","4,756.13"
07/13/2011,"4,724.47","4,766.87","4,718.56","4,725.55"
07/14/2011,"4,698.15","4,732.09","4,689.85","4,724.47"
07/15/2011,"4,724.80","4,729.77","4,693.20","4,698.15"
07/18/2011,"4,670.93","4,726.57","4,665.66","4,724.80"
07/19/2011,"4,662.09","4,710.14","4,645.83","4,670.93"
07/20/2011,"4,604.43","4,669.37","4,601.06","4,662.09"
07/21/2011,"4,618.03","4,640.87","4,591.69","4,604.43"
07/22/2011,"4,627.80","4,657.80","4,618.03","4,618.03"
07/25/2011,"4,620.54","4,627.80","4,595.52","4,627.80"
07/26/2011,"4,525.30","4,620.54","4,514.11","4,620.54"
07/27/2011,"4,413.54","4,525.30","4,411.90","4,525.30"
07/28/2011,"4,434.68","4,466.26","4,410.55","4,413.54"
07/29/2011,"4,425.98","4,435.96","4,392.18","4,434.68"
08/01/2011,"4,486.39","4,501.48","4,425.98","4,425.98"
08/02/2011,"4,391.46","4,491.01","4,388.45","4,486.39"
08/03/2011,"4,312.44","4,402.86","4,270.79","4,391.46"
08/04/2011,"4,142.38","4,312.44","4,104.24","4,312.44"
08/05/2011,"4,066.09","4,188.77","4,004.14","4,142.38"
08/08/2011,"3,784.65","4,066.70","3,766.07","4,066.09"
08/09/2011,"4,005.39","4,033.82","3,784.65","3,784.65"
08/10/2011,"4,104.19","4,119.22","3,962.59","4,005.39"
08/11/2011,"4,213.01","4,231.18","4,104.19","4,104.19"
08/12/2011,"4,250.69","4,292.42","4,213.01","4,213.01"
08/16/2011,"4,215.44","4,267.64","4,190.18","4,250.69"
08/17/2011,"4,229.26","4,254.32","4,191.30","4,215.44"
08/18/2011,"4,149.30","4,229.26","4,114.42","4,229.26"
08/19/2011,"4,129.71","4,162.44","4,105.99","4,149.30"
08/22/2011,"4,112.89","4,177.93","4,108.83","4,129.71"
08/23/2011,"4,162.52","4,170.17","4,111.07","4,112.89"
08/24/2011,"4,158.68","4,211.26","4,146.20","4,162.52"
08/25/2011,"4,113.44","4,169.27","4,096.21","4,158.68"
08/26/2011,"4,120.84","4,126.00","4,050.60","4,113.44"
08/29/2011,"4,214.63","4,218.75","4,120.84","4,120.84"
08/30/2011,"4,261.41","4,265.76","4,194.32","4,214.63"
08/31/2011,"4,288.32","4,310.18","4,261.41","4,261.41"
09/01/2011,"4,308.13","4,320.75","4,276.11","4,288.32"
09/02/2011,"4,250.72","4,317.97","4,246.72","4,308.13"
09/05/2011,"4,107.81","4,250.72","4,099.27","4,250.72"
09/06/2011,"4,111.48","4,118.24","4,063.87","4,107.81"
09/07/2011,"4,214.00","4,217.53","4,111.48","4,111.48"
09/08/2011,"4,198.38","4,220.43","4,183.01","4,214.00"
09/09/2011,"4,106.37","4,201.00","4,101.50","4,198.38"
09/12/2011,"4,010.99","4,108.38","3,997.43","4,106.37"
09/13/2011,"4,031.33","4,061.10","4,006.50","4,010.99"
09/14/2011,"4,052.75","4,071.57","4,027.76","4,031.33"
09/15/2011,"4,073.22","4,079.88","4,052.89","4,052.75"
09/16/2011,"4,057.54","4,077.05","4,055.07","4,073.22"
09/20/2011,"4,105.61","4,114.32","4,035.13","4,057.54"
09/21/2011,"4,045.57","4,109.16","4,038.10","4,105.61"
09/22/2011,"3,824.37","4,045.57","3,809.87","4,045.57"
09/23/2011,"3,772.14","3,848.14","3,751.35","3,824.37"
09/26/2011,"3,812.27","3,849.43","3,772.29","3,772.14"
09/27/2011,"3,925.55","3,935.37","3,812.27","3,812.27"
09/28/2011,"3,901.40","3,928.30","3,892.70","3,925.55"
09/29/2011,"3,901.13","3,965.52","3,895.65","3,901.40"
09/30/2011,"3,888.59","3,901.13","3,839.22","3,901.13"
10/03/2011,"3,763.91","3,888.59","3,757.49","3,888.59"
10/04/2011,"3,606.31","3,763.91","3,600.42","3,763.91"
10/05/2011,"3,698.75","3,745.03","3,606.31","3,606.31"
10/06/2011,"3,889.01","3,896.55","3,698.75","3,698.75"
10/07/2011,"3,865.74","3,952.31","3,825.72","3,889.01"
10/11/2011,"3,940.00","3,956.87","3,865.74","3,865.74"
10/12/2011,"4,005.89","4,013.41","3,940.00","3,940.00"
10/13/2011,"4,016.46","4,019.88","3,951.22","4,005.89"
10/14/2011,"4,003.64","4,068.41","3,999.74","4,016.46"
10/17/2011,"4,008.43","4,011.50","3,984.41","4,003.64"
10/18/2011,"4,052.39","4,056.12","3,976.26","4,008.43"
10/19/2011,"4,088.99","4,096.53","4,052.39","4,052.39"
10/20/2011,"4,075.21","4,094.94","4,062.94","4,088.99"
10/21/2011,"4,127.63","4,130.88","4,075.21","4,075.21"
10/24/2011,"4,197.90","4,201.06","4,129.64","4,127.63"
10/25/2011,"4,139.38","4,202.84","4,120.15","4,197.90"
10/26/2011,"4,167.31","4,180.60","4,129.41","4,139.38"
10/27/2011,"4,316.82","4,320.77","4,167.31","4,167.31"
10/28/2011,"4,327.25","4,335.64","4,260.03","4,316.82"
11/02/2011,"4,270.96","4,327.25","4,209.30","4,327.25"
11/03/2011,"4,277.39","4,320.51","4,270.96","4,270.96"
11/04/2011,"4,269.21","4,295.32","4,241.71","4,277.39"
11/07/2011,"4,343.72","4,350.11","4,253.75","4,269.21"
11/08/2011,"4,370.80","4,391.75","4,343.72","4,343.72"
11/09/2011,"4,290.66","4,370.80","4,286.98","4,370.80"
11/10/2011,"4,288.68","4,323.23","4,277.60","4,290.66"
11/11/2011,"4,337.83","4,339.77","4,288.68","4,288.68"
11/14/2011,"4,325.76","4,338.72","4,310.15","4,337.83"
11/15/2011,"4,348.51","4,353.33","4,286.07","4,325.76"
11/16/2011,"4,366.83","4,370.39","4,332.24","4,348.51"
11/17/2011,"4,288.70","4,366.83","4,280.12","4,366.83"
11/18/2011,"4,265.31","4,309.71","4,256.30","4,288.70"
11/21/2011,"4,183.91","4,266.20","4,160.29","4,265.31"
11/22/2011,"4,127.01","4,191.51","4,123.02","4,183.91"
11/23/2011,"4,016.42","4,127.01","3,993.12","4,127.01"
11/24/2011,"4,014.25","4,060.19","4,009.98","4,016.42"
11/25/2011,"3,955.55","4,014.25","3,955.14","4,014.25"
11/28/2011,"4,054.15","4,066.22","3,955.55","3,955.55"
11/29/2011,"4,057.82","4,091.24","4,045.41","4,054.15"
11/30/2011,"4,161.29","4,192.74","4,057.82","4,057.82"
12/01/2011,"4,140.15","4,177.56","4,135.15","4,161.29"
12/02/2011,"4,139.79","4,185.76","4,127.78","4,140.15"
12/05/2011,"4,100.12","4,166.31","4,097.62","4,139.79"
12/06/2011,"4,092.23","4,102.56","4,084.44","4,100.12"
12/07/2011,"4,156.10","4,158.07","4,090.23","4,092.23"
12/09/2011,"4,184.15","4,187.97","4,132.36","4,156.10"
12/12/2011,"4,159.94","4,190.72","4,130.81","4,184.15"
12/13/2011,"4,166.63","4,189.10","4,159.94","4,159.94"
12/14/2011,"4,119.12","4,170.46","4,117.08","4,166.63"
12/15/2011,"4,138.04","4,149.28","4,118.24","4,119.12"
12/16/2011,"4,139.90","4,153.43","4,134.07","4,138.04"
12/19/2011,"4,140.81","4,161.06","4,133.14","4,139.90"
12/20/2011,"4,179.20","4,181.64","4,140.83","4,140.81"
12/21/2011,"4,199.56","4,200.78","4,158.86","4,179.20"
12/22/2011,"4,199.64","4,222.11","4,185.66","4,199.56"
12/23/2011,"4,197.00","4,211.54","4,179.95","4,199.64"
12/25/2011,"4,197.00","4,197.00","4,197.00","4,197.00"
12/26/2011,"4,175.21","4,200.28","4,168.76","4,197.00"
12/27/2011,"4,187.93","4,190.72","4,167.72","4,175.21"
12/28/2011,"4,151.72","4,189.75","4,141.44","4,187.93"
12/29/2011,"4,171.94","4,174.88","4,148.53","4,151.72"
12/30/2011,"4,177.53","4,181.90","4,158.60","4,171.94"
01/02/2012,"4,158.06","4,178.25","4,147.86","4,177.53"
01/03/2012,"4,163.16","4,192.01","4,154.18","4,158.06"
01/04/2012,"4,198.12","4,199.37","4,153.80","4,163.16"
01/05/2012,"4,188.65","4,198.12","4,176.37","4,198.12"
01/06/2012,"4,201.48","4,203.79","4,177.08","4,188.65"
01/09/2012,"4,205.19","4,209.28","4,182.89","4,201.48"
01/10/2012,"4,210.47","4,237.22","4,199.80","4,205.19"
01/11/2012,"4,204.19","4,215.17","4,189.55","4,210.47"
01/12/2012,"4,213.54","4,230.96","4,204.19","4,204.19"
01/13/2012,"4,205.05","4,225.68","4,196.95","4,213.54"
01/16/2012,"4,220.57","4,226.33","4,191.72","4,205.05"
01/17/2012,"4,228.73","4,238.15","4,216.13","4,220.57"
01/18/2012,"4,249.39","4,254.81","4,213.89","4,228.73"
01/19/2012,"4,268.94","4,272.85","4,018.46","4,249.39"
01/20/2012,"4,278.17","4,279.60","4,251.14","4,268.94"
01/23/2012,"4,248.17","4,282.73","4,244.33","4,278.17"
01/24/2012,"4,243.44","4,250.27","4,236.51","4,248.17"
01/25/2012,"4,219.47","4,244.74","4,218.74","4,243.44"
01/26/2012,"4,218.79","4,230.86","4,205.97","4,219.47"
01/27/2012,"4,226.08","4,228.26","4,205.18","4,218.79"
01/30/2012,"4,222.40","4,228.94","4,185.71","4,226.08"
01/31/2012,"4,260.76","4,275.69","4,222.40","4,222.40"
02/01/2012,"4,316.37","4,319.32","4,260.97","4,260.76"
02/02/2012,"4,338.37","4,346.49","4,312.06","4,316.37"
02/03/2012,"4,382.05","4,392.45","4,334.30","4,338.37"
02/06/2012,"4,377.69","4,387.69","4,362.54","4,382.05"
02/07/2012,"4,362.74","4,383.51","4,353.60","4,377.69"
02/08/2012,"4,362.16","4,365.93","4,350.07","4,362.74"
02/09/2012,"4,403.95","4,410.27","4,351.13","4,362.16"
02/10/2012,"4,410.74","4,413.84","4,371.08","4,403.95"
02/13/2012,"4,433.59","4,442.53","4,409.60","4,410.74"
02/14/2012,"4,435.18","4,444.20","4,418.10","4,433.59"
02/15/2012,"4,477.48","4,479.08","4,435.18","4,435.18"
02/16/2012,"4,490.66","4,493.16","4,453.10","4,477.48"
02/17/2012,"4,545.90","4,548.43","4,490.66","4,490.66"
02/20/2012,"4,540.95","4,553.54","4,530.18","4,545.90"
02/21/2012,"4,525.33","4,541.54","4,513.12","4,540.95"
02/22/2012,"4,519.44","4,526.95","4,496.79","4,525.33"
02/23/2012,"4,494.72","4,525.65","4,489.86","4,519.44"
02/24/2012,"4,512.16","4,515.31","4,494.32","4,494.72"
02/27/2012,"4,495.32","4,513.30","4,474.77","4,512.16"
02/28/2012,"4,520.79","4,523.44","4,491.42","4,495.32"
02/29/2012,"4,535.60","4,550.82","4,520.79","4,520.79"
03/01/2012,"4,559.81","4,570.64","4,524.99","4,535.60"
03/02/2012,"4,552.34","4,565.25","4,541.11","4,559.81"
03/05/2012,"4,506.41","4,553.62","4,499.94","4,552.34"
03/06/2012,"4,483.75","4,506.41","4,454.86","4,506.41"
03/07/2012,"4,480.32","4,510.14","4,475.98","4,483.75"
03/08/2012,"4,515.34","4,519.55","4,480.32","4,480.32"
03/09/2012,"4,520.31","4,528.34","4,514.87","4,515.34"
03/12/2012,"4,525.67","4,526.72","4,511.15","4,520.31"
03/13/2012,"4,529.01","4,543.48","4,521.73","4,525.67"
03/14/2012,"4,551.50","4,555.77","4,529.01","4,529.01"
03/15/2012,"4,580.63","4,584.10","4,551.50","4,551.50"
03/16/2012,"4,585.95","4,602.82","4,571.41","4,580.63"
03/19/2012,"4,644.31","4,645.46","4,584.59","4,585.95"
03/20/2012,"4,614.38","4,644.31","4,602.64","4,644.31"
03/21/2012,"4,620.51","4,631.84","4,612.57","4,614.38"
03/22/2012,"4,586.78","4,620.51","4,580.91","4,620.51"
03/23/2012,"4,617.69","4,621.25","4,568.58","4,586.78"
03/26/2012,"4,659.97","4,663.18","4,622.27","4,617.69"
03/27/2012,"4,690.15","4,691.65","4,658.12","4,659.97"
03/28/2012,"4,668.23","4,690.96","4,659.22","4,690.15"
03/29/2012,"4,650.07","4,668.23","4,634.88","4,668.23"
03/30/2012,"4,671.28","4,674.83","4,645.91","4,650.07"
04/02/2012,"4,694.86","4,695.69","4,663.16","4,671.28"
04/03/2012,"4,655.18","4,696.67","4,651.61","4,694.86"
04/04/2012,"4,634.59","4,655.18","4,617.96","4,655.18"
04/05/2012,"4,647.99","4,649.18","4,621.92","4,634.59"
04/09/2012,"4,606.02","4,647.99","4,600.15","4,647.99"
04/10/2012,"4,569.42","4,611.56","4,563.22","4,606.02"
04/11/2012,"4,547.14","4,600.12","4,545.06","4,569.42"
04/12/2012,"4,549.72","4,559.89","4,537.79","4,547.14"
04/13/2012,"4,527.46","4,552.79","4,515.69","4,549.72"
04/16/2012,"4,519.46","4,542.25","4,494.90","4,527.46"
04/17/2012,"4,517.98","4,543.41","4,517.90","4,519.46"
04/18/2012,"4,520.74","4,525.94","4,500.89","4,517.98"
04/19/2012,"4,541.05","4,543.86","4,520.38","4,520.74"
04/20/2012,"4,594.44","4,596.78","4,550.68","4,541.05"
04/23/2012,"4,551.45","4,594.75","4,535.04","4,594.44"
04/24/2012,"4,565.20","4,569.52","4,551.45","4,551.45"
04/25/2012,"4,566.37","4,585.42","4,563.81","4,565.20"
04/26/2012,"4,559.34","4,566.37","4,537.86","4,566.37"
04/27/2012,"4,575.54","4,579.36","4,551.88","4,559.34"
04/30/2012,"4,585.77","4,590.41","4,549.98","4,575.54"
05/02/2012,"4,554.39","4,591.15","4,552.87","4,585.77"
05/03/2012,"4,521.01","4,559.29","4,516.52","4,554.39"
05/04/2012,"4,529.21","4,533.87","4,518.86","4,521.01"
05/07/2012,"4,545.65","4,548.35","4,511.40","4,529.21"
05/08/2012,"4,520.62","4,548.35","4,513.09","4,545.65"
05/09/2012,"4,492.75","4,520.62","4,489.99","4,520.62"
05/10/2012,"4,485.53","4,506.23","4,475.90","4,492.75"
05/11/2012,"4,476.30","4,504.76","4,469.39","4,485.53"
05/14/2012,"4,414.92","4,485.27","4,412.92","4,476.30"
05/15/2012,"4,357.90","4,424.60","4,353.72","4,414.92"
05/16/2012,"4,313.70","4,393.56","4,313.02","4,357.90"
05/17/2012,"4,277.33","4,318.14","4,269.70","4,313.70"
05/18/2012,"4,239.71","4,296.09","4,229.70","4,277.33"
05/22/2012,"4,236.99","4,307.28","4,218.69","4,239.71"
05/23/2012,"4,201.45","4,236.99","4,153.85","4,236.99"
05/24/2012,"4,221.18","4,250.51","4,199.46","4,201.45"
05/25/2012,"4,254.61","4,256.84","4,202.40","4,221.18"
05/28/2012,"4,260.62","4,270.35","4,245.13","4,254.61"
05/29/2012,"4,269.38","4,309.55","4,260.62","4,260.62"
05/30/2012,"4,270.76","4,276.02","4,241.67","4,269.38"
05/31/2012,"4,318.16","4,321.52","4,270.76","4,270.76"
06/01/2012,"4,280.51","4,318.16","4,273.04","4,318.16"
06/04/2012,"4,206.68","4,280.51","4,198.73","4,280.51"
06/05/2012,"4,205.52","4,231.77","4,200.42","4,206.68"
06/06/2012,"4,270.31","4,272.10","4,204.15","4,205.52"
06/07/2012,"4,284.48","4,311.61","4,270.31","4,270.31"
06/08/2012,"4,349.46","4,351.62","4,274.14","4,284.48"
06/11/2012,"4,305.80","4,377.10","4,297.16","4,349.46"
06/12/2012,"4,281.82","4,314.25","4,281.42","4,305.80"
06/13/2012,"4,255.47","4,283.92","4,246.35","4,281.82"
06/14/2012,"4,274.41","4,280.43","4,254.06","4,255.47"
06/15/2012,"4,317.83","4,325.88","4,270.81","4,274.41"
06/18/2012,"4,337.43","4,346.95","4,303.36","4,317.83"
06/19/2012,"4,356.63","4,361.19","4,337.43","4,337.43"
06/20/2012,"4,396.78","4,403.57","4,354.04","4,356.63"
06/21/2012,"4,361.58","4,402.56","4,352.62","4,396.78"
06/22/2012,"4,358.84","4,363.93","4,336.75","4,361.58"
06/25/2012,"4,326.54","4,358.84","4,310.17","4,358.84"
06/26/2012,"4,324.01","4,336.01","4,319.59","4,326.54"
06/27/2012,"4,337.07","4,348.90","4,324.01","4,324.01"
06/28/2012,"4,336.36","4,339.57","4,318.76","4,337.07"
06/29/2012,"4,400.10","4,401.76","4,336.36","4,336.36"
07/03/2012,"4,420.32","4,423.46","4,399.15","4,400.10"
07/04/2012,"4,418.69","4,420.86","4,402.83","4,420.32"
07/05/2012,"4,426.20","4,428.69","4,398.18","4,418.69"
07/06/2012,"4,413.41","4,426.20","4,397.16","4,426.20"
07/09/2012,"4,376.62","4,418.13","4,372.37","4,413.41"
07/10/2012,"4,352.81","4,388.61","4,343.87","4,376.62"
07/11/2012,"4,365.53","4,369.73","4,352.21","4,352.81"
07/12/2012,"4,355.89","4,366.46","4,342.77","4,365.53"
07/13/2012,"4,372.67","4,378.76","4,355.64","4,355.89"
07/17/2012,"4,390.73","4,392.96","4,363.17","4,372.67"
07/18/2012,"4,406.39","4,408.64","4,384.30","4,390.73"
07/19/2012,"4,392.84","4,410.78","4,379.57","4,406.39"
07/20/2012,"4,384.50","4,396.32","4,374.53","4,392.84"
07/23/2012,"4,337.85","4,384.50","4,333.91","4,384.50"
07/24/2012,"4,321.17","4,343.98","4,314.46","4,337.85"
07/25/2012,"4,291.37","4,329.85","4,291.37","4,321.17"
07/26/2012,"4,235.79","4,291.37","4,224.86","4,291.37"
07/27/2012,"4,254.32","4,255.93","4,203.01","4,235.79"
07/30/2012,"4,244.23","4,269.18","4,176.68","4,254.32"
07/31/2012,"4,227.56","4,257.57","4,221.69","4,244.23"
08/01/2012,"4,173.09","4,240.20","4,169.35","4,227.56"
08/02/2012,"4,114.28","4,173.09","4,112.30","4,173.09"
08/03/2012,"4,193.10","4,197.24","4,116.71","4,114.28"
08/06/2012,"4,190.19","4,201.08","4,178.66","4,193.10"
08/07/2012,"4,152.84","4,190.19","4,145.68","4,190.19"
08/08/2012,"4,176.30","4,179.75","4,143.98","4,152.84"
08/09/2012,"4,163.00","4,176.30","4,153.49","4,176.30"
08/10/2012,"4,187.65","4,187.65","4,157.09","4,163.00"
08/13/2012,"4,180.98","4,189.02","4,170.09","4,187.65"
08/14/2012,"4,184.52","4,189.54","4,167.89","4,180.98"
08/16/2012,"4,214.62","4,216.56","4,184.52","4,184.52"
08/17/2012,"4,261.98","4,272.55","4,208.48","4,214.62"
08/20/2012,"4,274.22","4,291.22","4,259.89","4,261.98"
08/21/2012,"4,262.04","4,286.33","4,259.40","4,274.22"
08/22/2012,"4,217.94","4,266.90","4,213.66","4,262.04"
08/23/2012,"4,205.27","4,217.94","4,185.26","4,217.94"
08/24/2012,"4,188.11","4,209.05","4,185.20","4,205.27"
08/27/2012,"4,156.37","4,190.88","4,150.67","4,188.11"
08/28/2012,"4,157.78","4,163.83","4,149.51","4,156.37"
08/29/2012,"4,155.22","4,166.05","4,148.58","4,157.78"
08/30/2012,"4,125.46","4,155.22","4,121.39","4,155.22"
08/31/2012,"4,155.68","4,160.28","4,123.69","4,125.46"
09/03/2012,"4,136.27","4,155.68","4,123.61","4,155.68"
09/04/2012,"4,118.51","4,143.58","4,109.37","4,136.27"
09/05/2012,"4,103.95","4,121.22","4,103.69","4,118.51"
09/06/2012,"4,126.82","4,137.35","4,103.94","4,103.95"
09/07/2012,"4,166.15","4,167.22","4,126.82","4,126.82"
09/10/2012,"4,174.47","4,178.91","4,164.82","4,166.15"
09/11/2012,"4,190.28","4,193.00","4,174.47","4,174.47"
09/12/2012,"4,172.76","4,202.85","4,169.67","4,190.28"
09/13/2012,"4,184.77","4,185.42","4,157.91","4,172.76"
09/14/2012,"4,218.00","4,222.89","4,184.77","4,184.77"
09/20/2012,"4,210.15","4,227.60","4,198.54","4,218.00"
09/21/2012,"4,231.07","4,237.96","4,208.15","4,210.15"
09/24/2012,"4,211.06","4,235.45","4,202.91","4,231.07"
09/25/2012,"4,199.13","4,211.06","4,188.57","4,211.06"
09/26/2012,"4,200.48","4,206.67","4,173.57","4,199.13"
09/27/2012,"4,211.61","4,221.03","4,198.68","4,200.48"
09/28/2012,"4,230.42","4,234.23","4,203.27","4,211.61"
10/01/2012,"4,232.08","4,235.80","4,214.33","4,230.42"
10/02/2012,"4,245.40","4,247.09","4,215.36","4,232.08"
10/03/2012,"4,245.31","4,258.01","4,243.87","4,245.40"
10/04/2012,"4,277.22","4,279.65","4,242.21","4,245.31"
10/05/2012,"4,302.69","4,306.63","4,274.01","4,277.22"
10/08/2012,"4,303.25","4,310.30","4,274.71","4,302.69"
10/09/2012,"4,266.65","4,310.01","4,263.94","4,303.25"
10/10/2012,"4,244.00","4,267.72","4,242.27","4,266.65"
10/11/2012,"4,250.49","4,267.38","4,240.76","4,244.00"
10/12/2012,"4,246.13","4,253.47","4,236.74","4,250.49"
10/16/2012,"4,290.24","4,293.30","4,246.13","4,246.13"
10/17/2012,"4,311.66","4,315.74","4,289.09","4,290.24"
10/18/2012,"4,322.15","4,324.08","4,301.25","4,311.66"
10/19/2012,"4,265.38","4,322.15","4,257.50","4,322.15"
10/22/2012,"4,242.97","4,272.14","4,232.57","4,265.38"
10/23/2012,"4,235.67","4,243.20","4,225.57","4,242.97"
10/24/2012,"4,244.43","4,254.36","4,235.67","4,235.67"
10/25/2012,"4,236.12","4,259.01","4,230.51","4,244.43"
10/26/2012,"4,250.40","4,256.90","4,222.76","4,236.12"
10/29/2012,"4,257.51","4,261.08","4,238.35","4,250.40"
10/30/2012,"4,260.78","4,266.26","4,252.21","4,257.51"
10/31/2012,"4,266.35","4,270.54","4,249.12","4,260.78"
11/05/2012,"4,261.81","4,266.71","4,250.48","4,266.35"
11/06/2012,"4,275.76","4,279.35","4,258.60","4,261.81"
11/07/2012,"4,256.34","4,275.76","4,247.15","4,275.76"
11/08/2012,"4,249.92","4,258.22","4,236.03","4,256.34"
11/09/2012,"4,237.78","4,251.75","4,228.29","4,249.92"
11/12/2012,"4,224.34","4,239.87","4,216.09","4,237.78"
11/13/2012,"4,207.11","4,224.34","4,204.25","4,224.34"
11/14/2012,"4,187.73","4,210.52","4,121.81","4,207.11"
11/15/2012,"4,187.09","4,192.15","4,168.81","4,187.73"
11/16/2012,"4,184.85","4,192.37","4,174.02","4,187.09"
11/19/2012,"4,191.12","4,200.15","4,184.24","4,184.85"
11/20/2012,"4,179.70","4,198.37","4,173.19","4,191.12"
11/21/2012,"4,145.42","4,182.68","4,139.10","4,179.70"
11/22/2012,"4,139.68","4,155.08","4,132.49","4,145.42"
11/23/2012,"4,143.25","4,145.84","4,130.27","4,139.68"
11/26/2012,"4,132.75","4,143.25","4,116.04","4,143.25"
11/27/2012,"4,116.38","4,138.56","4,105.45","4,132.75"
11/28/2012,"4,112.94","4,118.93","4,103.67","4,116.38"
11/29/2012,"4,137.55","4,138.52","4,112.94","4,112.94"
11/30/2012,"4,139.99","4,152.03","4,136.83","4,137.55"
12/03/2012,"4,158.66","4,160.83","4,137.39","4,139.99"
12/04/2012,"4,144.06","4,164.63","4,136.90","4,158.66"
12/05/2012,"4,149.50","4,155.80","4,142.49","4,144.06"
12/06/2012,"4,139.86","4,155.47","4,123.09","4,149.50"
12/07/2012,"4,136.97","4,142.87","4,128.18","4,139.86"
12/10/2012,"4,135.71","4,142.27","4,124.73","4,136.97"
12/11/2012,"4,198.77","4,205.45","4,130.70","4,135.71"
12/12/2012,"4,233.97","4,237.65","4,198.77","4,198.77"
12/13/2012,"4,230.82","4,234.31","4,214.94","4,233.97"
12/14/2012,"4,263.04","4,266.97","4,230.28","4,230.82"
12/17/2012,"4,279.93","4,289.10","4,254.51","4,263.04"
12/18/2012,"4,288.39","4,291.74","4,277.68","4,279.93"
12/19/2012,"4,291.08","4,295.10","4,278.43","4,288.39"
12/20/2012,"4,291.56","4,293.82","4,277.06","4,291.08"
12/21/2012,"4,293.78","4,304.25","4,263.84","4,291.56"
12/24/2012,"4,292.70","4,297.21","4,280.97","4,293.78"
12/26/2012,"4,301.00","4,303.25","4,288.67","4,292.70"
12/27/2012,"4,294.50","4,305.67","4,290.35","4,301.00"
12/28/2012,"4,301.38","4,301.61","4,283.16","4,294.50"
01/02/2013,"4,349.05","4,353.59","4,301.38","4,301.38"
01/03/2013,"4,356.80","4,361.43","4,339.79","4,349.05"
01/04/2013,"4,397.91","4,428.08","4,356.80","4,356.80"
01/07/2013,"4,398.65","4,404.84","4,383.73","4,397.91"
01/08/2013,"4,405.94","4,408.00","4,380.12","4,398.65"
01/09/2013,"4,427.39","4,432.85","4,398.84","4,405.94"
01/10/2013,"4,460.44","4,465.86","4,429.04","4,427.39"
01/11/2013,"4,438.66","4,461.46","4,431.84","4,460.44"
01/14/2013,"4,455.03","4,457.36","4,422.59","4,438.66"
01/15/2013,"4,450.21","4,460.05","4,438.22","4,455.03"
01/16/2013,"4,479.27","4,479.37","4,440.21","4,450.21"
01/17/2013,"4,495.06","4,498.86","4,473.60","4,479.27"
01/18/2013,"4,528.45","4,534.03","4,487.34","4,495.06"
01/21/2013,"4,527.04","4,531.19","4,519.07","4,528.45"
01/22/2013,"4,535.38","4,541.47","4,515.88","4,527.04"
01/23/2013,"4,510.95","4,543.08","4,507.73","4,535.38"
01/24/2013,"4,485.67","4,510.95","4,478.68","4,510.95"
01/25/2013,"4,504.99","4,508.00","4,482.82","4,485.67"
01/28/2013,"4,518.84","4,520.11","4,489.13","4,504.99"
01/29/2013,"4,516.85","4,523.35","4,497.33","4,518.84"
01/30/2013,"4,541.51","4,544.04","4,505.93","4,516.85"
01/31/2013,"4,552.40","4,554.96","4,530.04","4,541.51"
02/01/2013,"4,566.12","4,575.98","4,548.99","4,552.40"
02/04/2013,"4,561.91","4,568.74","4,493.85","4,566.12"
02/05/2013,"4,581.25","4,588.65","4,551.04","4,561.91"
02/06/2013,"4,596.83","4,598.89","4,572.04","4,581.25"
02/07/2013,"4,590.64","4,602.91","4,582.41","4,596.83"
02/08/2013,"4,589.06","4,598.12","4,581.74","4,590.64"
02/11/2013,"4,592.62","4,597.10","4,580.13","4,589.06"
02/12/2013,"4,595.52","4,602.00","4,585.23","4,592.62"
02/13/2013,"4,614.66","4,618.22","4,595.02","4,595.52"
02/14/2013,"4,609.87","4,618.59","4,593.01","4,614.66"
02/15/2013,"4,594.85","4,613.69","4,590.93","4,609.87"
02/18/2013,"4,597.18","4,602.89","4,583.49","4,594.85"
02/19/2013,"4,604.81","4,608.27","4,590.38","4,597.18"
02/20/2013,"4,542.66","4,612.56","4,532.65","4,604.81"
02/21/2013,"4,519.19","4,543.27","4,484.14","4,542.66"
02/22/2013,"4,544.45","4,546.56","4,510.74","4,519.19"
02/25/2013,"4,516.05","4,569.71","4,511.02","4,544.45"
02/26/2013,"4,499.38","4,517.77","4,487.44","4,516.05"
02/27/2013,"4,520.52","4,525.14","4,458.73","4,499.38"
02/28/2013,"4,558.46","4,567.03","4,520.33","4,520.52"
03/01/2013,"4,573.26","4,575.97","4,540.28","4,558.46"
03/04/2013,"4,582.56","4,584.78","4,228.89","4,573.26"
03/05/2013,"4,569.59","4,600.89","4,555.33","4,582.56"
03/06/2013,"4,519.16","4,571.86","4,514.67","4,569.59"
03/07/2013,"4,495.71","4,527.52","4,492.39","4,519.16"
03/08/2013,"4,528.91","4,531.88","4,495.71","4,495.71"
03/11/2013,"4,527.29","4,535.82","4,518.41","4,528.91"
03/12/2013,"4,506.32","4,527.49","4,502.16","4,527.29"
03/13/2013,"4,480.40","4,510.56","4,472.74","4,506.32"
03/14/2013,"4,449.78","4,496.48","4,442.83","4,480.40"
03/15/2013,"4,409.43","4,453.32","4,408.61","4,449.78"
03/18/2013,"4,404.09","4,418.77","4,381.27","4,409.43"
03/19/2013,"4,431.04","4,432.89","4,404.09","4,404.09"
03/20/2013,"4,457.20","4,459.93","4,431.04","4,431.04"
03/21/2013,"4,450.35","4,466.92","4,441.01","4,457.20"
03/22/2013,"4,451.03","4,476.20","4,444.35","4,450.35"
03/25/2013,"4,409.77","4,467.93","4,407.54","4,451.03"
03/26/2013,"4,440.49","4,452.58","4,413.84","4,409.77"
03/27/2013,"4,430.46","4,442.99","4,417.78","4,440.49"
03/28/2013,"4,432.14","4,444.48","4,422.29","4,430.46"
04/01/2013,"4,415.69","4,439.91","4,413.03","4,432.14"
04/02/2013,"4,396.20","4,423.29","4,391.43","4,415.69"
04/03/2013,"4,347.35","4,396.20","4,340.70","4,396.20"
04/04/2013,"4,327.15","4,359.02","4,325.71","4,347.35"
04/05/2013,"4,270.82","4,327.15","4,268.89","4,327.15"
04/08/2013,"4,298.46","4,313.23","4,270.82","4,270.82"
04/09/2013,"4,348.04","4,351.62","4,298.46","4,298.46"
04/10/2013,"4,353.61","4,374.69","4,344.65","4,348.04"
04/11/2013,"4,340.76","4,356.69","4,337.66","4,353.61"
04/12/2013,"4,330.44","4,343.19","4,323.15","4,340.76"
04/15/2013,"4,230.78","4,336.83","4,220.00","4,330.44"
04/16/2013,"4,260.97","4,278.20","4,230.78","4,230.78"
04/17/2013,"4,243.43","4,260.97","4,212.39","4,260.97"
04/18/2013,"4,279.40","4,282.47","4,243.43","4,243.43"
04/19/2013,"4,305.75","4,307.72","4,278.48","4,279.40"
04/22/2013,"4,291.96","4,321.79","4,289.80","4,305.75"
04/23/2013,"4,313.04","4,316.60","4,291.96","4,291.96"
04/24/2013,"4,312.36","4,320.35","4,301.00","4,313.04"
04/25/2013,"4,311.83","4,320.68","4,300.16","4,312.36"
04/26/2013,"4,281.44","4,311.83","4,275.06","4,311.83"
04/29/2013,"4,257.95","4,286.69","4,251.90","4,281.44"
04/30/2013,"4,292.14","4,299.39","4,251.80","4,257.95"
05/02/2013,"4,309.40","4,311.23","4,292.59","4,292.14"
05/03/2013,"4,341.61","4,341.61","4,310.92","4,309.40"
05/06/2013,"4,328.78","4,357.52","4,327.84","4,341.61"
05/07/2013,"4,340.95","4,345.15","4,328.66","4,328.78"
05/08/2013,"4,356.17","4,367.02","4,338.13","4,340.95"
05/09/2013,"4,349.45","4,359.40","4,345.59","4,356.17"
05/10/2013,"4,319.96","4,352.60","4,317.37","4,349.45"
05/13/2013,"4,281.88","4,327.77","4,279.74","4,319.96"
05/14/2013,"4,288.95","4,296.41","4,279.81","4,281.88"
05/15/2013,"4,286.32","4,303.62","4,280.26","4,288.95"
05/16/2013,"4,261.20","4,300.02","4,257.97","4,286.32"
05/17/2013,"4,258.98","4,269.82","4,243.62","4,261.20"
05/20/2013,"4,233.14","4,269.45","4,226.34","4,258.98"
05/22/2013,"4,270.12","4,274.00","4,228.69","4,233.14"
05/23/2013,"4,237.04","4,270.12","4,228.09","4,270.12"
05/24/2013,"4,197.29","4,240.72","4,195.19","4,237.04"
05/27/2013,"4,171.25","4,207.04","4,169.61","4,197.29"
05/28/2013,"4,138.88","4,207.04","4,137.77","4,171.25"
05/29/2013,"4,134.56","4,207.04","4,122.94","4,138.88"
05/30/2013,"4,138.25","4,150.83","4,133.71","4,134.56"
05/31/2013,"4,191.26","4,196.69","4,134.71","4,138.25"
06/03/2013,"4,167.21","4,194.15","4,153.00","4,191.26"
06/04/2013,"4,198.82","4,200.72","4,163.99","4,167.21"
06/05/2013,"4,192.67","4,210.31","4,184.76","4,198.82"
06/06/2013,"4,168.84","4,210.42","4,165.36","4,192.67"
06/07/2013,"4,119.25","4,170.22","4,111.58","4,168.84"
06/10/2013,"4,030.78","4,132.40","4,024.51","4,119.25"
06/11/2013,"3,962.95","4,030.84","3,959.72","4,030.78"
06/12/2013,"3,924.43","3,977.26","3,916.51","3,962.95"
06/13/2013,"3,981.48","3,996.37","3,914.10","3,924.43"
06/14/2013,"3,990.21","3,997.01","3,976.90","3,981.48"
06/17/2013,"3,972.59","4,008.41","3,959.08","3,990.21"
06/18/2013,"3,974.23","3,994.62","3,972.59","3,972.59"
06/19/2013,"3,947.11","3,986.74","3,943.77","3,974.23"
06/20/2013,"3,826.43","3,947.11","3,816.47","3,947.11"
06/21/2013,"3,821.74","3,857.58","3,805.18","3,826.43"
06/24/2013,"3,802.19","3,821.74","3,723.89","3,821.74"
06/25/2013,"3,821.26","3,845.75","3,802.19","3,802.19"
06/26/2013,"3,903.31","3,913.09","3,821.26","3,821.26"
06/27/2013,"3,961.88","3,965.51","3,903.31","3,903.31"
06/28/2013,"4,029.67","4,033.13","3,958.32","3,961.88"
07/01/2013,"3,953.87","4,038.35","3,952.61","4,029.67"
07/02/2013,"3,876.62","3,955.96","3,861.49","3,953.87"
07/03/2013,"3,847.62","3,877.79","3,842.30","3,876.62"
07/04/2013,"3,866.23","3,875.40","3,847.18","3,847.62"
07/05/2013,"3,831.92","3,876.71","3,826.09","3,866.23"
07/08/2013,"3,817.70","3,843.15","3,814.05","3,831.92"
07/09/2013,"3,777.95","3,821.30","3,757.64","3,817.70"
07/10/2013,"3,735.91","3,791.85","3,730.54","3,777.95"
07/11/2013,"3,730.44","3,782.14","3,724.11","3,735.91"
07/12/2013,"3,740.30","3,750.93","3,709.99","3,730.44"
07/15/2013,"3,806.92","3,808.11","3,734.97","3,740.30"
07/17/2013,"3,864.43","3,875.51","3,806.92","3,806.92"
07/18/2013,"3,909.94","3,924.35","3,864.43","3,864.43"
07/19/2013,"3,852.57","3,909.94","3,845.82","3,909.94"
07/22/2013,"3,859.92","3,864.13","3,848.65","3,852.57"
07/23/2013,"3,859.95","3,873.95","3,848.97","3,859.92"
07/24/2013,"3,872.01","3,884.23","3,859.95","3,859.95"
07/25/2013,"3,849.89","3,872.41","3,847.79","3,872.01"
07/26/2013,"3,809.52","3,852.74","3,807.51","3,849.89"
07/29/2013,"3,803.89","3,811.24","3,783.95","3,809.52"
07/30/2013,"3,748.36","3,803.89","3,731.84","3,803.89"
07/31/2013,"3,732.54","3,753.49","3,708.66","3,748.36"
08/01/2013,"3,830.59","3,833.08","3,732.54","3,732.54"
08/02/2013,"3,820.54","3,855.89","3,815.49","3,830.59"
08/05/2013,"3,778.91","3,822.67","3,767.16","3,820.54"
08/06/2013,"3,711.01","3,784.54","3,704.88","3,778.91"
08/07/2013,"3,666.22","3,713.22","3,659.54","3,711.01"
08/08/2013,"3,740.59","3,749.28","3,666.22","3,666.22"
08/09/2013,"3,779.02","3,786.78","3,730.07","3,740.59"
08/12/2013,"3,785.04","3,794.09","3,777.58","3,779.02"
08/13/2013,"3,775.22","3,800.14","3,763.32","3,785.04"
08/14/2013,"3,759.45","3,776.33","3,748.24","3,775.22"
08/16/2013,"3,730.40","3,763.26","3,728.17","3,759.45"
08/19/2013,"3,702.92","3,731.56","3,697.97","3,730.40"
08/20/2013,"3,687.19","3,714.20","3,680.40","3,702.92"
08/21/2013,"3,620.66","3,687.19","3,616.85","3,687.19"
08/22/2013,"3,616.15","3,651.68","3,611.84","3,621.79"
08/23/2013,"3,660.17","3,661.42","3,616.15","3,616.15"
08/26/2013,"3,641.24","3,684.36","3,640.04","3,660.90"
08/27/2013,"3,558.24","3,641.24","3,556.89","3,641.24"
08/28/2013,"3,537.81","3,591.17","3,532.60","3,558.24"
08/29/2013,"3,554.45","3,575.50","3,531.18","3,537.81"
08/30/2013,"3,628.73","3,632.10","3,553.48","3,554.45"
09/02/2013,"3,639.13","3,656.08","3,628.50","3,628.73"
09/03/2013,"3,613.70","3,647.52","3,611.91","3,639.13"
09/04/2013,"3,618.64","3,626.57","3,613.61","3,613.70"
09/05/2013,"3,709.79","3,711.66","3,618.64","3,618.64"
09/06/2013,"3,799.28","3,803.83","3,709.79","3,709.79"
09/09/2013,"3,893.53","3,900.11","3,799.28","3,799.28"
09/10/2013,"3,893.42","3,946.90","3,858.61","3,893.53"
09/11/2013,"3,903.44","3,915.76","3,625.95","3,893.42"
09/12/2013,"3,830.97","3,904.61","3,820.79","3,903.44"
09/13/2013,"3,791.66","3,832.07","3,790.97","3,830.97"
09/16/2013,"3,835.03","3,849.03","3,513.99","3,791.66"
09/17/2013,"3,820.84","3,844.74","3,812.43","3,835.20"
09/23/2013,"3,950.45","3,964.35","3,820.84","3,820.84"
09/24/2013,"3,918.11","3,952.03","3,907.02","3,952.03"
09/25/2013,"3,902.07","4,414.61","3,883.45","3,918.11"
09/26/2013,"3,896.27","3,919.80","3,890.87","3,902.07"
09/27/2013,"3,872.91","3,896.27","3,859.54","3,896.27"
09/30/2013,"3,823.85","3,872.91","3,822.82","3,872.91"
10/01/2013,"3,855.70","3,858.11","3,822.46","3,823.85"
10/02/2013,"3,821.79","3,860.58","3,819.59","3,855.70"
10/03/2013,"3,826.61","3,837.59","3,808.46","3,821.79"
10/04/2013,"3,839.24","3,841.64","3,830.63","3,832.00"
10/07/2013,"3,812.86","3,839.40","3,802.01","3,839.24"
10/08/2013,"3,809.79","3,820.23","3,796.24","3,812.86"
10/09/2013,"3,776.53","3,819.07","3,774.72","3,809.79"
10/10/2013,"3,819.44","3,825.10","3,776.53","3,776.53"
10/11/2013,"3,837.16","3,839.43","3,814.10","3,819.99"
10/14/2013,"3,844.80","3,845.34","3,818.89","3,837.16"
10/15/2013,"3,853.04","3,856.51","3,836.96","3,844.80"
10/16/2013,"3,856.42","3,868.27","3,840.01","3,853.04"
10/17/2013,"3,823.21","3,856.42","3,817.16","3,856.42"
10/18/2013,"3,848.61","3,852.30","3,823.21","3,823.21"
10/21/2013,"3,891.86","3,893.24","3,847.96","3,849.75"
10/22/2013,"3,894.86","3,909.90","3,889.52","3,891.86"
10/23/2013,"3,930.06","3,934.76","3,874.52","3,894.86"
10/24/2013,"3,906.88","3,940.55","3,897.22","3,930.06"
10/25/2013,"3,879.11","3,911.87","3,873.18","3,906.88"
10/28/2013,"3,885.03","3,892.93","3,871.63","3,879.11"
10/29/2013,"3,871.47","3,893.42","3,853.01","3,885.03"
10/30/2013,"3,912.44","3,913.37","3,864.40","3,871.47"
11/04/2013,"3,923.48","3,927.90","3,890.03","3,915.85"
11/05/2013,"3,923.33","3,941.42","3,916.59","3,923.94"
11/06/2013,"3,904.29","3,934.65","3,893.58","3,926.17"
11/07/2013,"3,904.28","3,919.01","3,893.14","3,905.70"
11/08/2013,"3,837.62","3,904.28","3,835.58","3,904.28"
11/11/2013,"3,777.42","3,844.70","3,772.89","3,840.17"
11/12/2013,"3,781.46","3,809.92","3,762.63","3,771.50"
11/13/2013,"3,723.77","3,781.28","3,717.61","3,781.28"
11/14/2013,"3,746.62","3,749.45","3,722.40","3,722.40"
11/15/2013,"3,799.45","3,807.81","3,737.04","3,747.06"
11/18/2013,"3,842.26","3,847.05","3,799.00","3,799.86"
11/19/2013,"3,804.83","3,842.13","3,800.00","3,842.11"
11/20/2013,"3,764.74","3,816.92","3,762.59","3,805.69"
11/21/2013,"3,715.14","3,772.59","3,713.81","3,764.51"
11/22/2013,"3,735.54","3,739.02","3,711.13","3,713.23"
11/25/2013,"3,717.72","3,746.01","3,709.77","3,735.54"
11/26/2013,"3,671.78","3,717.48","3,667.32","3,717.48"
11/27/2013,"3,716.92","3,721.99","3,676.14","3,676.14"
11/28/2013,"3,741.89","3,743.78","3,714.67","3,717.87"
11/29/2013,"3,789.06","3,798.07","3,742.26","3,742.26"
12/02/2013,"3,760.50","3,783.79","3,753.78","3,783.35"
12/03/2013,"3,718.76","3,762.85","3,715.58","3,762.39"
12/04/2013,"3,714.93","3,724.32","3,699.39","3,716.18"
12/05/2013,"3,729.69","3,731.01","3,708.23","3,716.95"
12/06/2013,"3,706.94","3,731.91","3,705.29","3,730.86"
12/09/2013,"3,704.15","3,717.15","3,698.52","3,715.51"
12/10/2013,"3,708.34","3,711.89","3,691.36","3,699.00"
12/11/2013,"3,699.27","3,710.23","3,693.88","3,708.34"
12/12/2013,"3,673.42","3,700.62","3,661.40","3,700.62"
12/13/2013,"3,657.60","3,677.74","3,653.76","3,673.74"
12/16/2013,"3,688.51","3,696.74","3,642.44","3,655.27"
12/17/2013,"3,670.87","3,700.37","3,661.18","3,692.19"
12/18/2013,"3,664.82","3,674.55","3,652.53","3,668.70"
12/19/2013,"3,679.89","3,703.72","3,673.85","3,673.86"
12/20/2013,"3,705.76","3,717.43","3,671.85","3,675.38"
12/23/2013,"3,679.40","3,709.12","3,675.80","3,706.28"
12/24/2013,"3,677.59","3,686.03","3,667.07","3,679.55"
12/26/2013,"3,652.91","3,678.44","3,646.05","3,677.74"
12/27/2013,"3,696.75","3,696.75","3,653.22","3,653.93"
12/30/2013,"3,699.19","3,704.52","3,686.92","3,698.07"
01/02/2014,"3,694.33","3,728.87","3,663.00","3,704.16"
01/03/2014,"3,698.60","3,707.21","3,684.30","3,694.48"
01/06/2014,"3,694.99","3,702.08","3,687.36","3,699.46"
01/07/2014,"3,673.68","3,698.04","3,672.06","3,695.05"
01/08/2014,"3,689.76","3,695.11","3,670.53","3,672.51"
01/09/2014,"3,645.12","3,695.78","3,641.43","3,689.33"
01/10/2014,"3,620.46","3,640.57","3,610.59","3,640.57"
01/13/2014,"3,618.80","3,626.85","3,613.65","3,620.11"
01/14/2014,"3,615.22","3,626.42","3,611.60","3,618.85"
01/15/2014,"3,650.07","3,656.69","3,620.47","3,621.86"
01/16/2014,"3,673.00","3,678.20","3,643.55","3,655.96"
01/17/2014,"3,704.44","3,709.28","3,662.87","3,668.87"
01/20/2014,"3,686.68","3,706.94","3,683.20","3,704.88"
01/21/2014,"3,679.77","3,700.82","3,674.36","3,685.68"
01/22/2014,"3,700.08","3,708.62","3,671.91","3,679.85"
01/23/2014,"3,673.23","3,709.06","3,661.05","3,703.93"
01/24/2014,"3,597.98","3,673.45","3,590.65","3,673.13"
01/27/2014,"3,520.82","3,605.50","3,517.66","3,596.63"
01/28/2014,"3,487.00","3,528.86","3,484.97","3,521.25"
01/29/2014,"3,393.31","3,489.57","3,389.84","3,484.60"
01/30/2014,"3,391.31","3,442.11","3,377.69","3,392.31"
01/31/2014,"3,439.41","3,457.74","3,369.63","3,399.21"
02/03/2014,"3,393.27","3,450.15","3,383.64","3,442.67"
02/04/2014,"3,407.26","3,422.17","3,393.67","3,394.63"
02/05/2014,"3,408.89","3,413.05","3,390.29","3,406.43"
02/06/2014,"3,446.99","3,453.12","3,412.61","3,412.61"
02/07/2014,"3,485.41","3,490.60","3,435.49","3,446.99"
02/10/2014,"3,501.00","3,505.14","3,479.33","3,485.78"
02/11/2014,"3,548.88","3,573.07","3,506.42","3,507.22"
02/12/2014,"3,605.45","3,608.84","3,548.96","3,548.96"
02/13/2014,"3,603.95","3,606.80","3,563.39","3,605.69"
02/14/2014,"3,666.48","3,672.61","3,600.80","3,600.80"
02/17/2014,"3,671.70","3,680.12","3,656.64","3,666.48"
02/18/2014,"3,648.03","3,684.32","3,624.25","3,671.66"
02/19/2014,"3,641.25","3,649.75","3,617.32","3,648.41"
02/20/2014,"3,641.09","3,648.34","3,615.18","3,641.25"
02/21/2014,"3,626.69","3,644.27","3,620.16","3,644.27"
02/24/2014,"3,640.44","3,654.62","3,616.62","3,626.25"
02/25/2014,"3,633.78","3,644.44","3,628.33","3,642.34"
02/26/2014,"3,675.28","3,682.93","3,632.70","3,633.86"
02/27/2014,"3,689.01","3,695.03","3,665.41","3,675.10"
02/28/2014,"3,718.88","3,722.86","3,682.94","3,689.73"
03/03/2014,"3,661.64","3,720.03","3,658.85","3,720.03"
03/04/2014,"3,703.81","3,707.29","3,661.48","3,661.48"
03/05/2014,"3,715.81","3,719.06","3,697.70","3,714.36"
03/06/2014,"3,730.39","3,736.28","3,703.86","3,715.36"
03/07/2014,"3,697.79","3,740.71","3,694.99","3,732.77"
03/10/2014,"3,652.51","3,704.57","3,651.20","3,702.06"
03/11/2014,"3,659.30","3,669.96","3,650.88","3,656.62"
03/12/2014,"3,623.29","3,659.05","3,619.15","3,659.05"
03/13/2014,"3,630.76","3,638.34","3,607.26","3,623.29"
03/14/2014,"3,611.65","3,635.06","3,607.32","3,630.04"
03/17/2014,"3,631.28","3,633.73","3,611.78","3,611.78"
03/18/2014,"3,673.62","3,681.54","3,628.56","3,631.34"
03/19/2014,"3,638.80","3,674.85","3,633.66","3,673.91"
03/20/2014,"3,656.05","3,663.22","3,616.84","3,642.30"
03/21/2014,"3,633.20","3,680.61","3,630.31","3,654.43"
03/24/2014,"3,658.94","3,660.96","3,628.50","3,638.56"
03/25/2014,"3,707.74","3,711.34","3,652.49","3,655.00"
03/26/2014,"3,697.14","3,721.58","3,689.82","3,710.29"
03/27/2014,"3,742.36","3,746.27","3,677.56","3,693.69"
03/28/2014,"3,759.79","3,766.33","3,742.98","3,742.98"
03/31/2014,"3,772.76","3,786.73","3,749.53","3,761.88"
04/01/2014,"3,794.62","3,799.34","3,770.35","3,782.10"
04/02/2014,"3,809.86","3,813.68","3,785.00","3,792.19"
04/03/2014,"3,793.64","3,826.52","3,779.99","3,809.86"
04/04/2014,"3,766.41","3,813.05","3,762.97","3,792.37"
04/07/2014,"3,778.26","3,783.54","3,757.82","3,768.08"
04/08/2014,"3,822.19","3,828.79","3,768.69","3,773.29"
04/09/2014,"3,863.92","3,866.54","3,819.93","3,820.76"
04/10/2014,"3,853.95","3,869.16","3,837.06","3,863.85"
04/11/2014,"3,868.35","3,874.76","3,822.44","3,854.65"
04/14/2014,"3,893.51","3,895.38","3,854.01","3,857.32"
04/15/2014,"3,877.49","3,895.78","3,858.09","3,892.93"
04/16/2014,"3,912.24","3,913.02","3,879.84","3,887.02"
04/17/2014,"3,895.63","3,918.91","3,890.63","3,913.95"
04/21/2014,"3,887.86","3,903.98","3,884.17","3,898.18"
04/22/2014,"3,878.50","3,887.86","3,872.02","3,882.13"
04/23/2014,"3,871.61","3,883.77","3,868.09","3,880.31"
04/24/2014,"3,869.16","3,878.40","3,857.73","3,872.59"
04/25/2014,"3,823.65","3,872.85","3,820.33","3,870.75"
04/28/2014,"3,812.86","3,825.80","3,806.49","3,823.65"
04/29/2014,"3,846.91","3,850.89","3,814.24","3,814.24"
04/30/2014,"3,909.64","3,913.97","3,847.08","3,848.09"
05/02/2014,"3,929.85","3,932.05","3,905.30","3,910.38"
05/05/2014,"3,907.00","3,938.90","3,905.16","3,938.90"
05/06/2014,"3,891.53","3,907.00","3,877.72","3,907.00"
05/07/2014,"3,903.68","3,905.31","3,887.88","3,891.53"
05/08/2014,"3,910.93","3,922.22","3,893.93","3,904.04"
05/09/2014,"3,904.06","3,913.83","3,896.66","3,913.67"
05/12/2014,"3,920.17","3,923.43","3,901.42","3,920.66"
05/13/2014,"3,956.33","3,959.51","3,914.27","3,920.17"
05/14/2014,"3,964.09","3,965.69","3,938.09","3,956.33"
05/15/2014,"3,947.20","3,967.59","3,929.46","3,964.09"
05/16/2014,"3,969.38","3,972.55","3,939.91","3,949.29"
05/19/2014,"3,935.28","3,971.90","3,929.10","3,970.81"
05/20/2014,"3,881.35","3,940.09","3,867.45","3,940.09"
05/22/2014,"3,925.31","3,927.85","3,881.35","3,881.35"
05/23/2014,"3,960.06","3,964.01","3,926.87","3,926.87"
05/26/2014,"3,959.01","3,970.40","3,957.06","3,961.79"
05/27/2014,"3,930.02","3,971.47","3,923.03","3,959.01"
05/28/2014,"3,929.30","3,937.68","3,919.25","3,930.02"
05/29/2014,"3,944.21","3,946.08","3,926.68","3,929.30"
05/30/2014,"3,903.81","3,948.84","3,893.85","3,944.21"
06/02/2014,"3,891.19","3,920.91","3,885.98","3,903.81"
06/03/2014,"3,908.83","3,908.83","3,883.44","3,891.19"
06/04/2014,"3,916.96","3,918.20","3,900.05","3,914.19"
06/05/2014,"3,940.35","3,942.02","3,914.40","3,916.96"
06/06/2014,"3,936.37","3,945.18","3,934.73","3,940.35"
06/09/2014,"3,912.01","3,942.07","3,908.22","3,936.37"
06/10/2014,"3,929.53","3,934.97","3,903.55","3,912.01"
06/11/2014,"3,906.91","3,930.29","3,895.57","3,929.53"
06/12/2014,"3,890.77","3,907.07","3,883.12","3,907.07"
06/13/2014,"3,863.13","3,892.17","3,856.83","3,890.77"
06/16/2014,"3,841.28","3,863.46","3,839.69","3,863.13"
06/17/2014,"3,827.68","3,842.13","3,824.82","3,841.28"
06/18/2014,"3,869.30","3,875.16","3,823.59","3,827.68"
06/19/2014,"3,893.56","3,896.07","3,869.30","3,869.30"
06/20/2014,"3,870.20","3,894.74","3,865.37","3,893.56"
06/23/2014,"3,879.98","3,881.52","3,861.42","3,870.61"
06/24/2014,"3,902.03","3,903.88","3,876.99","3,879.98"
06/25/2014,"3,893.83","3,902.03","3,885.87","3,902.03"
06/26/2014,"3,886.91","3,893.83","3,876.86","3,893.83"
06/27/2014,"3,874.47","3,890.73","3,872.74","3,886.91"
06/30/2014,"3,875.73","3,876.84","3,866.93","3,874.47"
07/01/2014,"3,871.02","3,880.12","3,866.28","3,875.73"
07/02/2014,"3,887.72","3,888.86","3,868.27","3,871.02"
07/03/2014,"3,893.48","3,897.70","3,878.33","3,887.72"
07/04/2014,"3,887.55","3,897.17","3,883.27","3,893.48"
07/07/2014,"3,882.17","3,890.21","3,871.00","3,887.55"
07/08/2014,"3,920.66","3,922.39","3,879.53","3,882.17"
07/09/2014,"3,974.34","3,978.12","3,920.66","3,920.66"
07/10/2014,"3,967.36","3,976.38","3,948.24","3,974.34"
07/11/2014,"3,974.45","3,977.24","3,962.01","3,967.36"
07/14/2014,"3,964.81","3,985.49","3,955.43","3,978.32"
07/15/2014,"3,964.22","3,985.85","3,956.25","3,964.81"
07/17/2014,"3,946.67","3,976.68","3,943.24","3,964.22"
07/18/2014,"3,945.35","3,958.84","3,938.58","3,946.67"
07/21/2014,"3,936.83","3,945.89","3,924.13","3,945.89"
07/22/2014,"3,931.11","3,950.45","3,927.73","3,936.83"
07/23/2014,"3,921.98","3,931.35","3,911.26","3,931.11"
07/24/2014,"3,929.51","3,936.67","3,917.17","3,921.98"
07/25/2014,"3,918.79","3,933.61","3,909.79","3,929.51"
07/28/2014,"3,918.56","3,924.49","3,911.34","3,918.79"
07/29/2014,"3,914.86","3,933.18","3,903.75","3,918.56"
07/30/2014,"3,906.37","3,920.20","3,898.73","3,914.86"
07/31/2014,"3,875.44","3,906.37","3,858.78","3,906.37"
08/01/2014,"3,904.93","3,907.37","3,874.63","3,875.44"
08/04/2014,"3,934.93","3,937.88","3,902.86","3,904.93"
08/05/2014,"3,940.62","3,945.75","3,931.06","3,934.93"
08/06/2014,"3,923.37","3,941.95","3,920.74","3,940.62"
08/07/2014,"3,906.73","3,928.06","3,905.81","3,923.37"
08/08/2014,"3,894.46","3,906.73","3,880.92","3,906.73"
08/11/2014,"3,926.35","3,930.10","3,892.73","3,894.46"
08/12/2014,"3,924.05","3,929.61","3,914.35","3,926.35"
08/13/2014,"3,952.77","3,954.16","3,918.99","3,924.05"
08/14/2014,"3,955.38","3,957.31","3,936.48","3,953.08"
08/18/2014,"3,953.56","3,963.86","3,942.90","3,955.38"
08/19/2014,"3,947.96","3,957.23","3,939.57","3,953.56"
08/20/2014,"3,978.00","3,983.24","3,945.57","3,947.96"
08/21/2014,"3,969.36","3,984.23","3,966.72","3,978.00"
08/22/2014,"3,950.01","3,972.95","3,944.05","3,970.34"
08/25/2014,"3,945.78","3,952.63","3,941.82","3,950.01"
08/26/2014,"3,951.44","3,963.82","3,942.24","3,945.78"
08/27/2014,"3,973.31","3,974.89","3,950.60","3,952.12"
08/28/2014,"3,963.78","3,974.12","3,954.77","3,973.31"
08/29/2014,"3,996.63","3,999.26","3,961.82","3,963.78"
09/01/2014,"4,012.06","4,019.04","3,987.48","3,997.15"
09/02/2014,"4,055.10","4,061.97","4,009.86","4,012.06"
09/03/2014,"4,094.65","4,100.16","4,055.10","4,055.10"
09/04/2014,"4,086.33","4,120.17","4,080.28","4,094.65"
09/05/2014,"4,071.26","4,086.43","4,062.29","4,086.33"
09/08/2014,"4,060.05","4,072.81","4,052.13","4,072.62"
09/09/2014,"4,062.51","4,067.95","4,054.08","4,054.08"
09/10/2014,"4,067.05","4,069.33","4,046.79","4,062.52"
09/11/2014,"4,025.73","4,067.33","4,022.49","4,067.22"
09/12/2014,"3,990.97","4,038.83","3,987.67","4,026.01"
09/15/2014,"3,968.13","3,997.31","3,965.98","3,992.84"
09/16/2014,"3,993.99","4,018.28","3,967.97","3,968.08"
09/17/2014,"4,028.55","4,031.72","3,993.98","3,994.10"
09/22/2014,"3,999.34","4,032.42","3,996.67","4,025.86"
09/23/2014,"3,962.28","4,001.27","3,956.97","4,000.71"
09/24/2014,"3,972.79","3,977.82","3,961.83","3,962.13"
09/25/2014,"3,976.17","3,981.44","3,965.44","3,973.94"
09/26/2014,"3,968.61","3,984.50","3,967.39","3,976.13"
09/29/2014,"3,943.88","3,967.54","3,915.20","3,967.02"
09/30/2014,"3,943.56","3,952.30","3,932.26","3,944.87"
10/01/2014,"3,882.16","3,944.71","3,879.12","3,943.56"
10/02/2014,"3,872.52","3,890.35","3,838.87","3,882.76"
10/03/2014,"3,924.31","3,926.23","3,875.58","3,875.58"
10/06/2014,"3,948.68","3,954.32","3,923.09","3,923.36"
10/07/2014,"3,933.41","3,948.64","3,921.31","3,948.64"
10/08/2014,"3,913.52","3,939.82","3,907.61","3,933.99"
10/09/2014,"3,884.81","3,920.08","3,881.01","3,920.01"
10/10/2014,"3,831.91","3,885.99","3,827.90","3,884.77"
10/13/2014,"3,858.49","3,871.82","3,832.42","3,832.42"
10/14/2014,"3,846.23","3,863.46","3,839.94","3,858.49"
10/15/2014,"3,791.28","3,846.23","3,784.53","3,846.23"
10/16/2014,"3,778.03","3,800.81","3,770.18","3,791.28"
10/17/2014,"3,760.74","3,814.01","3,753.98","3,778.03"
10/20/2014,"3,757.11","3,769.47","3,751.73","3,761.74"
10/21/2014,"3,794.50","3,809.44","3,757.11","3,757.11"
10/22/2014,"3,808.67","3,819.57","3,793.49","3,794.50"
10/23/2014,"3,816.88","3,829.38","3,806.79","3,808.90"
10/24/2014,"3,822.55","3,833.30","3,816.37","3,817.21"
10/27/2014,"3,794.83","3,828.94","3,784.42","3,822.55"
10/28/2014,"3,792.22","3,812.72","3,784.18","3,794.83"
10/29/2014,"3,804.90","3,813.85","3,787.01","3,792.22"
10/30/2014,"3,850.97","3,859.03","3,804.90","3,804.90"
11/03/2014,"3,901.14","3,904.16","3,847.13","3,851.10"
11/04/2014,"3,901.15","3,917.32","3,890.91","3,900.92"
11/05/2014,"3,908.46","3,914.84","3,901.79","3,903.09"
11/06/2014,"3,890.30","3,909.97","3,888.21","3,908.87"
11/07/2014,"3,888.07","3,899.23","3,886.18","3,891.97"
11/10/2014,"3,890.44","3,892.52","3,875.23","3,888.07"
11/11/2014,"3,891.37","3,895.65","3,878.27","3,890.44"
11/12/2014,"3,921.62","3,929.83","3,882.63","3,891.37"
11/13/2014,"3,931.80","3,939.76","3,919.77","3,921.62"
11/14/2014,"3,919.85","3,931.80","3,911.10","3,931.80"
11/17/2014,"3,921.98","3,931.88","3,916.79","3,919.85"
11/18/2014,"3,933.64","3,938.92","3,916.55","3,921.98"
11/19/2014,"3,975.15","3,977.36","3,932.68","3,933.64"
11/20/2014,"3,976.18","3,979.85","3,965.75","3,975.15"
11/21/2014,"3,988.04","4,005.78","3,975.58","3,976.18"
11/24/2014,"3,972.04","3,996.95","3,965.51","3,988.19"
11/25/2014,"3,975.86","3,981.20","3,964.50","3,972.04"
11/26/2014,"3,962.08","3,987.50","3,960.85","3,975.86"
11/27/2014,"3,981.06","3,982.95","3,961.59","3,962.08"
11/28/2014,"3,991.78","4,002.62","3,975.61","3,981.93"
12/01/2014,"3,958.49","3,994.64","3,957.21","3,991.78"
12/02/2014,"3,948.93","3,974.50","3,942.52","3,958.49"
12/03/2014,"3,948.27","3,960.47","3,945.02","3,948.93"
12/04/2014,"3,941.88","3,961.05","3,939.46","3,949.36"
12/05/2014,"3,968.12","3,979.76","3,946.09","3,946.09"
12/09/2014,"3,911.27","3,970.21","3,908.77","3,970.21"
12/10/2014,"3,859.57","3,925.10","3,853.01","3,913.18"
12/11/2014,"3,825.33","3,873.23","3,812.16","3,859.77"
12/12/2014,"3,802.56","3,834.89","3,802.36","3,825.33"
12/15/2014,"3,752.89","3,815.61","3,738.83","3,802.56"
12/16/2014,"3,751.51","3,772.91","3,717.22","3,752.89"
12/17/2014,"3,779.19","3,819.47","3,751.50","3,751.51"
12/18/2014,"3,808.53","3,845.00","3,779.55","3,779.55"
12/19/2014,"3,810.23","3,827.69","3,794.23","3,808.53"
12/22/2014,"3,798.47","3,811.68","3,789.26","3,810.23"
12/23/2014,"3,820.58","3,824.62","3,790.17","3,798.88"
12/24/2014,"3,812.14","3,823.61","3,804.87","3,820.71"
12/26/2014,"3,818.48","3,833.22","3,809.45","3,812.14"
12/29/2014,"3,854.41","3,865.91","3,818.48","3,818.48"
12/30/2014,"3,850.96","3,855.96","3,842.91","3,854.41"
01/02/2015,"3,851.23","3,861.85","3,843.48","3,852.21"
01/05/2015,"3,797.99","3,859.12","3,793.90","3,852.11"
01/06/2015,"3,776.64","3,805.21","3,774.70","3,797.99"
01/07/2015,"3,776.65","3,794.15","3,775.65","3,776.64"
01/08/2015,"3,785.57","3,804.56","3,778.53","3,778.53"
01/09/2015,"3,783.06","3,797.24","3,777.92","3,785.57"
01/12/2015,"3,779.32","3,789.45","3,774.75","3,784.65"
01/13/2015,"3,786.57","3,814.64","3,777.26","3,779.32"
01/14/2015,"3,749.10","3,791.16","3,745.14","3,786.57"
01/15/2015,"3,729.39","3,764.31","3,726.50","3,749.10"
01/16/2015,"3,729.91","3,750.65","3,725.67","3,729.39"
01/19/2015,"3,733.46","3,736.03","3,726.03","3,729.91"
01/20/2015,"3,748.76","3,756.53","3,733.24","3,733.46"
01/21/2015,"3,806.04","3,811.33","3,748.76","3,748.76"
01/22/2015,"3,865.59","3,867.33","3,801.93","3,806.04"
01/23/2015,"3,859.89","3,900.74","3,838.56","3,865.59"
01/26/2015,"3,837.62","3,863.82","3,822.03","3,862.85"
01/27/2015,"3,852.71","3,857.61","3,814.83","3,837.62"
01/28/2015,"3,845.37","3,867.22","3,838.98","3,852.71"
01/29/2015,"3,839.79","3,847.96","3,829.44","3,845.37"
01/30/2015,"3,836.73","3,846.68","3,808.71","3,839.79"
02/02/2015,"3,861.55","3,864.88","3,832.45","3,836.33"
02/03/2015,"3,915.34","3,918.16","3,860.32","3,861.55"
02/04/2015,"3,917.29","3,924.99","3,911.93","3,915.34"
02/05/2015,"3,931.16","3,957.00","3,913.24","3,917.29"
02/06/2015,"3,951.17","3,963.02","3,931.16","3,931.16"
02/09/2015,"3,923.71","3,954.47","3,918.53","3,951.17"
02/10/2015,"3,905.48","3,932.08","3,900.30","3,923.71"
02/11/2015,"3,920.45","3,933.64","3,903.56","3,905.48"
02/12/2015,"3,963.81","3,976.36","3,920.45","3,920.45"
02/13/2015,"3,983.27","3,993.12","3,962.94","3,963.81"
02/16/2015,"3,994.03","4,003.15","3,982.62","3,983.27"
02/17/2015,"3,983.54","3,995.98","3,974.54","3,994.28"
02/18/2015,"3,990.16","3,992.17","3,977.66","3,983.54"
02/19/2015,"3,996.13","4,003.07","3,989.76","3,990.16"
02/20/2015,"3,994.14","4,000.70","3,986.07","3,996.13"
02/23/2015,"4,024.08","4,035.74","3,991.68","3,994.14"
02/24/2015,"3,987.49","4,037.87","3,984.16","4,024.08"
02/25/2015,"3,986.05","4,005.76","3,970.81","3,987.49"
02/26/2015,"3,988.89","3,995.50","3,975.07","3,986.05"
02/27/2015,"3,983.72","4,004.75","3,975.26","3,988.89"
03/02/2015,"3,940.95","3,990.32","3,932.17","3,983.72"
03/03/2015,"3,966.17","3,971.82","3,936.09","3,940.95"
03/04/2015,"3,963.00","3,991.51","3,958.18","3,966.17"
03/05/2015,"3,952.89","3,974.34","3,950.18","3,963.00"
03/06/2015,"3,933.54","3,966.72","3,930.41","3,952.89"
03/09/2015,"3,890.58","3,934.72","3,879.00","3,933.54"
03/10/2015,"3,871.16","3,900.41","3,866.06","3,896.67"
03/11/2015,"3,867.46","3,891.05","3,855.96","3,871.16"
03/12/2015,"3,873.52","3,893.59","3,866.80","3,867.46"
03/13/2015,"3,826.46","3,875.38","3,824.99","3,873.52"
03/16/2015,"3,830.70","3,847.79","3,826.46","3,826.46"
03/17/2015,"3,849.72","3,865.05","3,827.70","3,830.70"
03/18/2015,"3,865.40","3,874.39","3,839.47","3,849.72"
03/19/2015,"3,863.20","3,875.45","3,859.58","3,869.75"
03/20/2015,"3,885.25","3,892.27","3,860.09","3,863.20"
03/23/2015,"3,878.24","3,901.36","3,867.33","3,893.37"
03/24/2015,"3,895.62","3,897.29","3,878.24","3,878.24"
03/25/2015,"3,897.30","3,906.02","3,889.60","3,895.62"
03/26/2015,"3,872.02","3,900.01","3,863.19","3,897.43"
03/27/2015,"3,884.33","3,897.12","3,863.54","3,872.02"
03/30/2015,"3,912.63","3,915.60","3,883.69","3,884.33"
03/31/2015,"3,916.92","3,918.35","3,905.58","3,912.63"
04/01/2015,"3,939.17","3,943.30","3,908.41","3,916.92"
04/02/2015,"3,965.71","3,972.23","3,935.69","3,939.17"
04/06/2015,"3,979.92","3,983.59","3,949.09","3,965.71"
04/07/2015,"3,981.33","3,983.26","3,964.48","3,979.92"
04/08/2015,"3,992.10","3,997.03","3,976.41","3,981.33"
04/09/2015,"4,014.21","4,016.63","3,987.25","3,992.10"
04/10/2015,"4,035.72","4,040.03","4,009.37","4,014.21"
04/13/2015,"4,039.58","4,047.54","4,028.93","4,035.72"
04/14/2015,"4,018.82","4,042.62","4,009.87","4,040.00"
04/15/2015,"4,032.00","4,040.12","4,016.34","4,018.82"
04/16/2015,"4,068.99","4,073.57","4,019.30","4,019.30"
04/17/2015,"4,018.06","4,069.65","4,011.03","4,068.99"
04/20/2015,"4,020.59","4,034.77","4,018.38","4,019.21"
04/21/2015,"4,036.12","4,038.32","4,020.59","4,020.59"
04/22/2015,"4,036.34","4,041.46","4,020.82","4,036.18"
04/23/2015,"4,055.44","4,061.39","4,035.46","4,036.53"
04/24/2015,"4,075.92","4,079.57","4,060.11","4,068.09"
04/27/2015,"4,130.26","4,131.62","4,073.44","4,075.16"
04/28/2015,"4,090.16","4,133.67","4,083.52","4,132.34"
04/29/2015,"4,055.14","4,089.33","4,052.80","4,085.71"
04/30/2015,"4,043.45","4,066.38","4,030.92","4,057.10"
05/04/2015,"4,062.80","4,068.10","4,044.85","4,044.97"
05/05/2015,"4,086.75","4,091.01","4,063.70","4,064.67"
05/06/2015,"4,112.17","4,115.62","4,081.55","4,087.62"
05/07/2015,"4,110.27","4,116.43","4,098.21","4,116.22"
05/08/2015,"4,105.91","4,130.78","4,098.24","4,112.69"
05/11/2015,"4,144.98","4,148.23","4,110.91","4,113.28"
05/12/2015,"4,118.15","4,146.11","4,107.03","4,145.42"
05/13/2015,"4,098.71","4,127.31","4,093.07","4,119.08"
05/14/2015,"4,076.73","4,113.14","4,074.45","4,098.98"
05/15/2015,"4,111.66","4,116.13","4,078.27","4,078.27"
05/18/2015,"4,107.00","4,122.64","4,092.90","4,117.36"
05/19/2015,"4,080.03","4,119.21","4,077.47","4,119.21"
05/20/2015,"4,057.94","4,080.24","4,052.78","4,079.97"
05/22/2015,"4,061.82","4,071.57","4,047.44","4,059.81"
05/25/2015,"4,043.97","4,070.37","4,038.77","4,066.50"
05/26/2015,"4,016.83","4,051.99","4,012.05","4,044.45"
05/27/2015,"4,036.61","4,043.17","4,015.82","4,021.06"
05/28/2015,"4,032.16","4,039.76","4,013.56","4,038.93"
05/29/2015,"4,045.62","4,058.04","4,031.91","4,031.91"
06/01/2015,"4,004.96","4,042.93","4,003.11","4,038.52"
06/02/2015,"3,986.11","4,017.21","3,980.49","4,005.28"
06/03/2015,"3,994.46","3,999.41","3,987.13","3,987.13"
06/04/2015,"3,952.84","3,996.90","3,950.84","3,994.30"
06/05/2015,"3,967.03","3,972.59","3,940.40","3,946.58"
06/08/2015,"3,946.98","3,979.19","3,945.07","3,967.67"
06/09/2015,"3,906.62","3,949.81","3,902.81","3,948.04"
06/10/2015,"3,956.19","3,971.19","3,908.10","3,908.83"
06/11/2015,"3,967.39","3,974.49","3,949.30","3,957.30"
06/12/2015,"3,957.42","3,973.20","3,957.41","3,966.46"
06/15/2015,"3,925.85","3,964.47","3,918.55","3,958.28"
06/16/2015,"3,937.52","3,941.65","3,919.04","3,923.86"
06/17/2015,"3,950.91","3,958.94","3,933.62","3,937.96"
06/18/2015,"3,914.35","3,954.31","3,907.76","3,949.82"
06/19/2015,"3,893.14","3,921.36","3,874.06","3,914.61"
06/22/2015,"3,918.64","3,928.27","3,885.35","3,885.35"
06/23/2015,"3,922.31","3,953.98","3,918.14","3,921.28"
06/24/2015,"3,905.64","3,924.80","3,897.86","3,923.61"
06/25/2015,"3,860.33","3,918.52","3,851.34","3,918.52"
06/26/2015,"3,881.39","3,884.52","3,861.49","3,861.49"
06/30/2015,"3,897.10","3,902.35","3,847.94","3,874.51"
07/01/2015,"3,831.88","3,910.73","3,823.20","3,898.23"
07/02/2015,"3,855.09","3,862.48","3,827.00","3,831.99"
07/03/2015,"3,842.93","3,860.21","3,839.79","3,854.56"
07/06/2015,"3,796.02","3,835.87","3,794.62","3,835.11"
07/07/2015,"3,777.91","3,802.71","3,755.04","3,795.42"
07/08/2015,"3,758.12","3,782.45","3,752.00","3,778.72"
07/09/2015,"3,796.55","3,804.44","3,766.49","3,768.25"
07/10/2015,"3,881.73","3,886.97","3,799.41","3,799.41"
07/13/2015,"3,903.08","3,908.51","3,884.09","3,884.09"
07/14/2015,"3,915.92","3,925.78","3,892.18","3,903.72"
07/15/2015,"3,902.69","3,919.77","3,884.89","3,915.27"
07/17/2015,"3,900.26","3,910.94","3,876.62","3,905.19"
07/20/2015,"3,912.48","3,920.77","3,898.98","3,902.50"
07/21/2015,"3,922.79","3,926.97","3,902.30","3,910.38"
07/22/2015,"3,891.28","3,923.76","3,882.39","3,923.13"
07/23/2015,"3,871.28","3,894.36","3,864.81","3,891.01"
07/24/2015,"3,840.26","3,880.26","3,837.16","3,871.02"
07/27/2015,"3,793.47","3,837.50","3,781.87","3,837.50"
07/28/2015,"3,782.75","3,818.15","3,782.75","3,793.47"
07/29/2015,"3,804.75","3,811.97","3,786.26","3,786.39"
07/30/2015,"3,788.04","3,812.52","3,779.49","3,804.89"
07/31/2015,"3,870.35","3,872.30","3,787.88","3,789.03"
08/03/2015,"3,836.37","3,867.57","3,823.27","3,867.44"
08/04/2015,"3,850.07","3,856.78","3,838.45","3,839.64"
08/05/2015,"3,875.96","3,893.61","3,853.94","3,856.12"
08/06/2015,"3,866.70","3,880.45","3,857.22","3,876.83"
08/07/2015,"3,862.89","3,873.77","3,849.15","3,869.01"
08/10/2015,"3,869.17","3,874.65","3,859.01","3,862.43"
08/11/2015,"3,836.18","3,870.50","3,834.88","3,869.17"
08/12/2015,"3,828.28","3,836.02","3,802.57","3,835.94"
08/13/2015,"3,813.34","3,839.77","3,802.98","3,830.96"
08/14/2015,"3,799.30","3,811.40","3,787.47","3,811.40"
08/17/2015,"3,785.55","3,805.97","3,784.82","3,800.39"
08/18/2015,"3,778.94","3,793.61","3,765.97","3,785.38"
08/19/2015,"3,777.94","3,779.21","3,761.10","3,778.68"
08/20/2015,"3,765.28","3,779.27","3,759.84","3,777.94"
08/21/2015,"3,718.90","3,766.67","3,710.32","3,766.67"
08/24/2015,"3,615.99","3,709.86","3,587.90","3,709.86"
08/25/2015,"3,666.40","3,712.56","3,627.19","3,627.19"
08/26/2015,"3,677.40","3,690.86","3,541.79","3,667.13"
08/27/2015,"3,792.66","3,803.60","3,681.41","3,681.41"
08/28/2015,"3,798.99","3,808.38","3,789.40","3,795.57"
08/31/2015,"3,840.21","3,850.75","3,755.96","3,798.57"
09/01/2015,"3,786.22","3,838.84","3,776.29","3,838.84"
09/02/2015,"3,799.43","3,809.47","3,777.98","3,785.98"
09/03/2015,"3,843.17","3,845.60","3,792.95","3,794.10"
09/04/2015,"3,774.27","3,844.94","3,762.88","3,842.07"
09/07/2015,"3,774.92","3,782.09","3,768.59","3,774.14"
09/08/2015,"3,755.12","3,798.35","3,750.89","3,778.79"
09/09/2015,"3,734.46","3,775.79","3,731.99","3,762.20"
09/10/2015,"3,763.59","3,766.00","3,694.53","3,728.44"
09/11/2015,"3,748.68","3,763.55","3,743.28","3,763.53"
09/14/2015,"3,754.50","3,763.97","3,726.01","3,748.59"
09/15/2015,"3,774.99","3,781.05","3,751.57","3,754.14"
09/16/2015,"3,807.10","3,810.05","3,774.21","3,774.47"
09/17/2015,"3,796.69","3,821.51","3,788.63","3,808.69"
09/21/2015,"3,793.69","3,820.05","3,789.13","3,793.41"
09/22/2015,"3,752.66","3,794.89","3,741.22","3,794.89"
09/23/2015,"3,722.27","3,769.66","3,712.51","3,753.45"
09/24/2015,"3,727.39","3,729.27","3,682.77","3,721.27"
09/25/2015,"3,716.38","3,759.66","3,708.86","3,728.56"
09/28/2015,"3,652.83","3,715.11","3,647.96","3,715.11"
09/29/2015,"3,657.39","3,667.92","3,652.03","3,653.05"
09/30/2015,"3,685.18","3,699.14","3,661.58","3,661.58"
10/01/2015,"3,684.70","3,701.90","3,675.47","3,685.18"
10/02/2015,"3,691.69","3,697.38","3,662.27","3,684.60"
10/05/2015,"3,745.81","3,747.14","3,693.91","3,694.47"
10/06/2015,"3,776.31","3,779.99","3,743.27","3,745.81"
10/07/2015,"3,797.02","3,803.28","3,768.17","3,776.31"
10/08/2015,"3,805.45","3,808.78","3,777.71","3,796.41"
10/09/2015,"3,832.55","3,840.69","3,805.43","3,805.43"
10/13/2015,"3,820.34","3,839.61","3,805.67","3,832.21"
10/14/2015,"3,793.73","3,824.18","3,792.95","3,821.82"
10/15/2015,"3,808.45","3,811.30","3,792.84","3,794.58"
10/16/2015,"3,796.71","3,819.21","3,790.81","3,810.85"
10/19/2015,"3,812.35","3,814.46","3,789.67","3,796.25"
10/20/2015,"3,822.33","3,830.05","3,807.94","3,811.74"
10/21/2015,"3,834.37","3,838.74","3,819.41","3,822.33"
10/22/2015,"3,873.40","3,878.92","3,832.27","3,834.58"
10/23/2015,"3,896.03","3,899.85","3,871.42","3,873.12"
10/26/2015,"3,904.88","3,943.60","3,895.57","3,897.14"
10/27/2015,"3,875.79","3,915.07","3,857.77","3,904.72"
10/28/2015,"3,873.86","3,888.56","3,862.60","3,873.54"
10/29/2015,"3,836.40","3,873.26","3,836.21","3,873.26"
10/30/2015,"3,827.99","3,836.97","3,813.96","3,836.86"
11/02/2015,"3,839.01","3,842.70","3,819.80","3,827.99"
11/03/2015,"3,873.10","3,879.34","3,829.26","3,838.08"
11/04/2015,"3,865.68","3,902.74","3,852.41","3,876.62"
11/05/2015,"3,858.99","3,874.38","3,853.15","3,866.13"
11/06/2015,"3,849.62","3,870.38","3,841.81","3,859.02"
11/09/2015,"3,830.55","3,865.80","3,825.34","3,849.69"
11/10/2015,"3,808.16","3,832.54","3,792.75","3,830.55"
11/11/2015,"3,804.62","3,827.57","3,800.31","3,807.97"
11/12/2015,"3,794.35","3,807.40","3,788.14","3,804.62"
11/13/2015,"3,779.32","3,797.10","3,760.79","3,797.10"
11/16/2015,"3,759.66","3,794.37","3,755.94","3,782.82"
11/17/2015,"3,735.10","3,774.67","3,733.69","3,764.49"
11/18/2015,"3,766.65","3,773.43","3,729.35","3,735.10"
11/19/2015,"3,802.74","3,807.80","3,768.43","3,772.70"
11/20/2015,"3,844.66","3,851.01","3,798.96","3,802.74"
11/23/2015,"3,805.58","3,863.12","3,800.73","3,844.81"
11/24/2015,"3,774.80","3,807.81","3,752.72","3,805.41"
11/25/2015,"3,760.31","3,787.02","3,760.31","3,774.96"
11/26/2015,"3,757.01","3,770.55","3,753.61","3,761.34"
11/27/2015,"3,719.01","3,758.46","3,718.64","3,757.43"
11/30/2015,"3,655.30","3,737.51","3,643.99","3,719.29"
12/01/2015,"3,633.58","3,683.42","3,620.46","3,657.90"
12/02/2015,"3,605.10","3,647.75","3,601.57","3,640.53"
12/03/2015,"3,605.11","3,623.78","3,600.43","3,606.83"
12/04/2015,"3,612.82","3,617.56","3,593.74","3,609.66"
12/07/2015,"3,590.00","3,627.20","3,587.09","3,613.95"
12/09/2015,"3,559.16","3,590.42","3,554.44","3,590.42"
12/10/2015,"3,564.32","3,581.79","3,553.53","3,559.16"
12/11/2015,"3,533.07","3,568.65","3,522.59","3,563.93"
12/14/2015,"3,532.73","3,547.99","3,490.34","3,536.86"
12/15/2015,"3,570.23","3,577.56","3,533.43","3,533.43"
12/16/2015,"3,619.54","3,627.79","3,570.29","3,570.29"
12/17/2015,"3,663.05","3,668.29","3,624.23","3,624.23"
12/18/2015,"3,626.47","3,672.75","3,615.15","3,663.05"
12/21/2015,"3,600.88","3,648.75","3,600.88","3,627.39"
12/22/2015,"3,608.04","3,614.62","3,594.78","3,600.89"
12/23/2015,"3,661.24","3,663.01","3,608.21","3,608.21"
12/24/2015,"3,655.26","3,662.10","3,648.33","3,661.38"
12/28/2015,"3,655.40","3,661.71","3,645.47","3,655.49"
12/29/2015,"3,664.64","3,679.65","3,653.25","3,657.43"
12/30/2015,"3,680.21","3,697.83","3,659.96","3,664.29"
01/04/2016,"3,621.24","3,687.27","3,614.84","3,678.32"
01/05/2016,"3,626.13","3,632.09","3,614.57","3,621.14"
01/06/2016,"3,614.97","3,635.51","3,607.32","3,625.74"
01/07/2016,"3,557.77","3,615.89","3,553.17","3,615.89"
01/08/2016,"3,559.16","3,584.91","3,549.19","3,560.40"
01/11/2016,"3,543.36","3,572.50","3,535.57","3,555.22"
01/12/2016,"3,527.35","3,555.79","3,520.67","3,545.34"
01/13/2016,"3,531.58","3,559.54","3,528.11","3,528.11"
01/14/2016,"3,547.45","3,550.08","3,516.79","3,531.60"
01/15/2016,"3,486.34","3,549.53","3,480.67","3,549.04"
01/18/2016,"3,474.04","3,488.54","3,470.96","3,486.62"
01/19/2016,"3,479.40","3,510.53","3,474.67","3,478.21"
01/20/2016,"3,455.74","3,477.35","3,418.77","3,477.32"
01/21/2016,"3,474.68","3,490.88","3,445.24","3,455.74"
01/22/2016,"3,531.56","3,534.60","3,475.65","3,475.65"
01/25/2016,"3,532.40","3,539.73","3,526.87","3,535.17"
01/26/2016,"3,540.78","3,543.36","3,510.01","3,530.35"
01/27/2016,"3,546.20","3,548.76","3,528.63","3,540.78"
01/28/2016,"3,593.00","3,600.06","3,546.86","3,546.86"
01/29/2016,"3,705.92","3,713.75","3,593.03","3,593.03"
02/01/2016,"3,707.22","3,714.86","3,661.49","3,702.71"
02/02/2016,"3,632.90","3,709.95","3,612.84","3,709.95"
02/03/2016,"3,590.41","3,636.68","3,573.13","3,632.90"
02/04/2016,"3,666.26","3,682.52","3,590.41","3,590.41"
02/05/2016,"3,656.44","3,671.64","3,650.25","3,666.37"
02/08/2016,"3,651.39","3,656.46","3,629.35","3,656.44"
02/09/2016,"3,649.16","3,653.62","3,630.02","3,651.39"
02/10/2016,"3,675.67","3,683.18","3,650.47","3,650.59"
02/11/2016,"3,650.88","3,675.69","3,621.61","3,675.67"
02/12/2016,"3,667.47","3,676.60","3,651.12","3,651.12"
02/15/2016,"3,679.89","3,688.42","3,666.96","3,666.96"
02/16/2016,"3,714.33","3,718.65","3,679.14","3,679.99"
02/17/2016,"3,738.61","3,750.07","3,703.56","3,703.56"
02/18/2016,"3,768.24","3,773.03","3,729.78","3,737.19"
02/19/2016,"3,755.26","3,768.17","3,739.51","3,768.17"
02/22/2016,"3,754.41","3,774.02","3,748.75","3,757.11"
02/23/2016,"3,716.22","3,757.89","3,709.60","3,754.41"
02/24/2016,"3,678.46","3,728.44","3,666.91","3,716.27"
02/25/2016,"3,693.51","3,697.20","3,675.04","3,678.11"
02/26/2016,"3,711.75","3,729.06","3,694.75","3,694.75"
02/29/2016,"3,715.84","3,731.48","3,703.36","3,711.75"
03/01/2016,"3,744.66","3,751.81","3,713.48","3,717.68"
03/02/2016,"3,766.83","3,773.06","3,744.50","3,744.50"
03/03/2016,"3,817.47","3,819.38","3,765.95","3,765.96"
03/04/2016,"3,838.39","3,854.03","3,819.40","3,819.40"
03/07/2016,"3,838.00","3,857.36","3,833.14","3,845.11"
03/08/2016,"3,820.54","3,841.94","3,804.80","3,838.05"
03/09/2016,"3,812.65","3,821.87","3,783.60","3,818.61"
03/10/2016,"3,834.24","3,836.17","3,812.67","3,812.67"
03/11/2016,"3,839.83","3,853.81","3,839.11","3,839.11"
03/14/2016,"3,856.83","3,861.57","3,832.20","3,833.00"
03/15/2016,"3,851.28","3,859.41","3,838.29","3,856.83"
03/16/2016,"3,861.14","3,862.32","3,836.98","3,849.51"
03/17/2016,"3,898.11","3,900.68","3,838.91","3,865.21"
03/18/2016,"3,962.90","3,978.96","3,899.18","3,899.18"
03/21/2016,"3,967.02","3,978.10","3,953.58","3,970.18"
03/22/2016,"3,967.02","3,968.96","3,937.70","3,968.96"
03/23/2016,"3,899.26","3,952.71","3,887.11","3,950.51"
03/24/2016,"3,885.12","3,900.83","3,872.70","3,898.60"
03/28/2016,"3,884.42","3,899.45","3,882.94","3,886.44"
03/29/2016,"3,917.65","3,922.27","3,880.79","3,880.95"
03/30/2016,"3,946.47","3,951.89","3,919.79","3,919.91"
03/31/2016,"3,937.49","3,949.86","3,913.65","3,946.35"
04/01/2016,"3,947.34","3,958.76","3,908.48","3,937.20"
04/04/2016,"3,950.13","3,954.96","3,932.85","3,947.44"
04/05/2016,"3,920.31","3,951.27","3,913.80","3,949.27"
04/06/2016,"3,883.40","3,919.59","3,877.82","3,919.59"
04/07/2016,"3,890.16","3,891.99","3,866.42","3,885.80"
04/08/2016,"3,926.83","3,930.68","3,898.52","3,898.52"
04/11/2016,"3,923.38","3,939.97","3,916.26","3,926.98"
04/12/2016,"3,953.68","3,955.87","3,921.12","3,923.84"
04/13/2016,"3,957.24","3,976.33","3,953.68","3,956.05"
04/14/2016,"3,950.56","3,969.80","3,942.71","3,957.96"
04/15/2016,"3,962.06","3,965.72","3,941.59","3,948.52"
04/18/2016,"3,965.07","3,978.05","3,951.05","3,964.97"
04/19/2016,"3,989.69","4,000.75","3,965.31","3,965.31"
04/20/2016,"3,985.07","4,002.70","3,977.25","3,990.66"
04/21/2016,"3,986.46","4,084.61","3,978.40","4,053.58"
04/22/2016,"3,972.10","3,995.28","3,961.73","3,995.28"
04/25/2016,"3,953.20","3,975.55","3,938.40","3,972.74"
04/26/2016,"3,952.85","3,962.65","3,941.52","3,953.72"
04/27/2016,"3,979.58","3,984.66","3,952.76","3,952.79"
04/28/2016,"4,022.59","4,027.01","3,977.12","3,980.55"
04/29/2016,"4,002.07","4,030.95","3,993.06","4,022.47"
05/02/2016,"4,004.04","4,014.70","3,991.25","4,008.84"
05/03/2016,"4,001.36","4,006.64","3,969.11","4,003.73"
05/04/2016,"4,006.14","4,017.55","3,989.68","4,004.13"
05/05/2016,"4,014.44","4,025.35","4,003.58","4,013.34"
05/06/2016,"4,003.02","4,022.22","3,995.70","4,017.13"
05/09/2016,"3,986.31","4,010.13","3,973.88","4,009.42"
05/10/2016,"4,004.89","4,012.07","3,968.55","3,986.31"
05/11/2016,"4,000.23","4,010.82","3,985.90","4,008.16"
05/12/2016,"4,015.10","4,023.86","4,004.64","4,009.29"
05/13/2016,"4,002.72","4,018.76","3,991.48","4,013.57"
05/16/2016,"3,992.78","4,027.32","3,984.06","4,007.48"
05/17/2016,"3,976.35","3,997.96","3,973.99","3,992.62"
05/18/2016,"3,966.45","3,993.82","3,942.92","3,993.82"
05/19/2016,"3,938.45","3,971.96","3,926.94","3,969.83"
05/20/2016,"3,940.07","3,965.77","3,932.97","3,941.75"
05/23/2016,"3,949.33","3,954.68","3,938.49","3,942.35"
05/24/2016,"3,955.47","3,960.94","3,947.85","3,947.85"
05/25/2016,"3,958.61","3,973.16","3,952.67","3,955.61"
05/26/2016,"3,952.45","3,969.41","3,948.38","3,962.84"
05/27/2016,"3,947.18","3,964.43","3,941.85","3,951.24"
05/30/2016,"3,949.67","3,957.76","3,947.47","3,947.47"
05/31/2016,"3,934.71","3,962.81","3,927.36","3,949.86"
06/01/2016,"3,929.72","3,942.57","3,920.58","3,938.93"
06/02/2016,"3,918.60","3,939.21","3,917.51","3,929.68"
06/03/2016,"3,955.87","3,960.80","3,915.57","3,919.15"
06/06/2016,"3,987.54","3,990.09","3,955.87","3,955.87"
06/07/2016,"4,014.71","4,016.54","3,987.64","3,987.64"
06/08/2016,"4,012.77","4,036.96","4,008.77","4,015.53"
06/09/2016,"3,975.91","4,014.33","3,966.97","4,012.52"
06/10/2016,"3,954.49","3,979.13","3,953.58","3,977.86"
06/13/2016,"3,940.88","3,955.02","3,847.19","3,955.02"
06/14/2016,"3,939.66","3,943.23","3,923.24","3,940.90"
06/15/2016,"3,958.12","3,963.43","3,938.25","3,939.93"
06/16/2016,"3,963.30","3,970.28","3,940.97","3,958.68"
06/17/2016,"3,976.86","3,989.70","3,963.55","3,964.00"
06/20/2016,"3,980.95","3,999.74","3,975.16","3,975.16"
06/21/2016,"3,989.21","3,997.76","3,963.26","3,980.95"
06/22/2016,"3,993.43","4,005.09","3,987.36","3,989.21"
06/23/2016,"4,022.23","4,024.44","3,993.80","3,996.49"
06/24/2016,"3,965.17","3,992.18","3,929.12","3,992.18"
06/28/2016,"3,936.03","3,966.31","3,927.82","3,966.31"
06/29/2016,"3,978.49","3,982.10","3,937.70","3,937.70"
06/30/2016,"3,995.91","3,998.67","3,971.39","3,978.49"
07/01/2016,"4,029.51","4,034.13","3,992.02","3,995.65"
07/04/2016,"4,029.17","4,044.02","4,028.50","4,029.91"
07/05/2016,"4,018.07","4,031.49","4,005.97","4,029.73"
07/06/2016,"3,994.96","4,029.40","3,992.42","4,028.39"
07/07/2016,"3,997.71","4,006.41","3,993.67","3,993.67"
07/08/2016,"4,024.96","4,026.41","3,996.68","3,996.72"
07/11/2016,"4,034.24","4,038.70","4,012.34","4,021.12"
07/12/2016,"4,059.87","4,084.32","4,034.43","4,034.94"
07/13/2016,"4,048.02","4,063.29","4,037.30","4,063.29"
07/14/2016,"4,074.97","4,080.34","4,047.98","4,047.98"
07/15/2016,"4,098.61","4,102.95","4,067.15","4,067.15"
07/18/2016,"4,112.28","4,118.44","4,098.24","4,103.02"
07/19/2016,"4,139.71","4,142.45","4,112.00","4,112.95"
07/20/2016,"4,108.70","4,152.66","4,100.23","4,141.92"
07/21/2016,"4,121.37","4,124.68","4,097.19","4,108.57"
07/22/2016,"4,143.81","4,149.73","4,120.01","4,121.37"
07/25/2016,"4,144.46","4,153.22","4,132.25","4,145.15"
07/26/2016,"4,148.53","4,156.47","4,140.15","4,144.59"
07/27/2016,"4,146.67","4,161.42","4,144.13","4,150.19"
07/28/2016,"4,139.38","4,150.80","4,134.51","4,147.85"
07/29/2016,"4,117.47","4,141.83","4,108.58","4,140.52"
08/01/2016,"4,118.24","4,130.56","4,096.73","4,117.47"
08/02/2016,"4,089.07","4,121.04","4,081.01","4,120.67"
08/03/2016,"4,097.83","4,109.61","4,086.80","4,088.31"
08/04/2016,"4,116.85","4,120.67","4,096.59","4,096.82"
08/05/2016,"4,120.89","4,126.78","4,110.47","4,116.85"
08/08/2016,"4,139.25","4,142.10","4,120.92","4,121.06"
08/09/2016,"4,148.26","4,149.65","4,133.29","4,135.98"
08/10/2016,"4,134.18","4,150.66","4,127.45","4,150.51"
08/11/2016,"4,151.63","4,155.74","4,126.87","4,135.42"
08/12/2016,"4,160.28","4,167.79","4,142.56","4,151.50"
08/16/2016,"4,170.30","4,175.21","4,159.37","4,160.34"
08/17/2016,"4,132.50","4,173.61","4,121.66","4,170.30"
08/18/2016,"4,143.81","4,146.87","4,124.00","4,132.59"
08/19/2016,"4,147.42","4,154.20","4,136.34","4,143.59"
08/22/2016,"4,159.49","4,165.03","4,123.84","4,144.55"
08/23/2016,"4,172.09","4,182.13","4,159.01","4,162.40"
08/24/2016,"4,159.86","4,183.35","4,152.82","4,167.81"
08/25/2016,"4,153.02","4,167.80","4,148.49","4,159.30"
08/26/2016,"4,142.51","4,157.45","4,134.48","4,152.84"
08/29/2016,"4,155.35","4,162.97","4,145.66","4,147.60"
08/30/2016,"4,140.72","4,171.28","4,138.27","4,155.13"
08/31/2016,"4,119.28","4,150.26","4,110.52","4,139.83"
09/01/2016,"4,120.80","4,129.14","4,109.66","4,123.26"
09/02/2016,"4,140.15","4,143.07","4,120.65","4,120.89"
09/05/2016,"4,130.13","4,150.33","4,118.95","4,146.04"
09/06/2016,"4,133.97","4,146.62","4,110.05","4,129.78"
09/07/2016,"4,114.96","4,134.31","4,105.70","4,134.31"
09/08/2016,"4,106.14","4,117.69","4,095.78","4,114.38"
09/09/2016,"4,092.76","4,116.09","4,087.98","4,105.73"
09/12/2016,"4,067.89","4,092.71","4,054.39","4,092.71"
09/13/2016,"4,064.04","4,068.06","4,051.21","4,067.71"
09/14/2016,"4,065.27","4,073.01","4,060.16","4,063.20"
09/15/2016,"4,066.88","4,077.01","4,063.31","4,065.55"
09/16/2016,"4,048.29","4,070.59","4,032.47","4,067.75"
09/20/2016,"4,063.01","4,074.55","4,041.79","4,048.29"
09/21/2016,"4,074.70","4,076.81","4,059.66","4,063.73"
09/22/2016,"4,100.17","4,103.29","4,074.90","4,074.90"
09/23/2016,"4,094.00","4,107.87","4,075.94","4,100.17"
09/26/2016,"4,089.39","4,102.43","4,078.31","4,095.12"
09/27/2016,"4,052.52","4,092.90","4,043.13","4,092.49"
09/28/2016,"4,063.94","4,065.99","4,046.38","4,054.69"
09/29/2016,"4,052.33","4,070.46","4,046.21","4,065.08"
09/30/2016,"4,015.25","4,054.51","4,006.69","4,052.41"
10/03/2016,"4,036.95","4,040.94","4,014.05","4,015.26"
10/04/2016,"4,063.26","4,066.58","4,037.86","4,038.04"
10/05/2016,"4,085.15","4,091.18","4,048.94","4,061.48"
10/06/2016,"4,077.28","4,085.62","4,065.39","4,085.02"
10/07/2016,"4,075.68","4,087.40","4,071.49","4,075.66"
10/11/2016,"4,103.55","4,105.56","4,065.95","4,076.58"
10/12/2016,"4,112.20","4,117.28","4,093.53","4,099.91"
10/13/2016,"4,125.40","4,127.87","4,080.01","4,113.25"
10/14/2016,"4,141.16","4,144.85","4,124.60","4,126.25"
10/17/2016,"4,151.79","4,160.20","4,132.98","4,140.68"
10/18/2016,"4,202.16","4,204.38","4,152.66","4,152.80"
10/19/2016,"4,256.38","4,259.99","4,203.04","4,203.04"
10/20/2016,"4,235.28","4,265.11","4,228.53","4,255.37"
10/21/2016,"4,258.90","4,264.07","4,233.86","4,237.40"
10/24/2016,"4,275.99","4,287.34","4,260.32","4,260.32"
10/25/2016,"4,313.02","4,316.34","4,277.31","4,277.31"
10/26/2016,"4,295.29","4,321.02","4,280.58","4,316.30"
10/27/2016,"4,302.66","4,308.88","4,296.08","4,302.71"
10/28/2016,"4,289.78","4,308.48","4,275.52","4,303.38"
11/02/2016,"4,262.98","4,290.85","4,255.54","4,290.43"
11/03/2016,"4,241.91","4,268.08","4,238.44","4,262.72"
11/04/2016,"4,213.17","4,245.92","4,208.00","4,243.80"
11/07/2016,"4,251.19","4,272.97","4,214.95","4,214.95"
11/08/2016,"4,302.85","4,306.18","4,246.82","4,259.55"
11/09/2016,"4,295.32","4,298.31","4,244.36","4,282.83"
11/10/2016,"4,214.06","4,326.08","4,207.91","4,305.48"
11/11/2016,"4,150.39","4,216.99","4,137.98","4,214.86"
11/14/2016,"4,104.40","4,161.07","4,101.19","4,150.39"
11/15/2016,"4,153.04","4,164.53","4,103.85","4,103.95"
11/16/2016,"4,182.48","4,189.58","4,148.07","4,152.88"
11/17/2016,"4,185.71","4,195.29","4,174.76","4,189.22"
11/18/2016,"4,185.78","4,192.69","4,174.94","4,185.71"
11/21/2016,"4,233.55","4,236.38","4,174.94","4,185.78"
11/22/2016,"4,216.62","4,271.45","4,211.75","4,261.96"
11/23/2016,"4,221.89","4,224.67","4,195.17","4,216.35"
11/24/2016,"4,196.40","4,232.09","4,193.52","4,227.29"
11/25/2016,"4,210.75","4,214.67","4,197.35","4,197.58"
11/28/2016,"4,202.75","4,221.37","4,199.42","4,211.56"
11/29/2016,"4,174.29","4,209.46","4,168.04","4,202.20"
11/30/2016,"4,207.24","4,215.84","4,168.95","4,172.73"
12/01/2016,"4,197.48","4,224.38","4,194.95","4,210.47"
12/02/2016,"4,202.98","4,209.62","4,180.08","4,199.95"
12/05/2016,"4,206.44","4,216.07","4,193.82","4,205.28"
12/06/2016,"4,214.38","4,228.86","4,194.83","4,206.44"
12/07/2016,"4,224.67","4,230.41","4,207.55","4,214.38"
12/09/2016,"4,268.43","4,275.60","4,217.81","4,224.68"
12/12/2016,"4,242.52","4,273.20","4,224.37","4,271.21"
12/13/2016,"4,272.48","4,276.45","4,233.22","4,242.73"
12/14/2016,"4,229.75","4,275.16","4,223.71","4,271.73"
12/15/2016,"4,224.62","4,240.98","4,212.86","4,230.21"
12/16/2016,"4,212.37","4,243.63","4,200.33","4,222.50"
12/19/2016,"4,202.64","4,243.35","4,199.85","4,210.92"
12/20/2016,"4,193.18","4,213.94","4,189.66","4,208.06"
12/21/2016,"4,152.05","4,198.14","4,145.14","4,192.33"
12/22/2016,"4,117.67","4,156.25","4,111.24","4,150.75"
12/23/2016,"4,042.24","4,118.95","4,037.43","4,113.21"
12/26/2016,"4,047.72","4,062.96","4,028.61","4,043.82"
12/27/2016,"4,041.32","4,060.41","4,038.49","4,049.04"
12/28/2016,"4,098.22","4,115.57","4,039.63","4,041.39"
12/29/2016,"4,127.48","4,141.47","4,098.42","4,098.42"
12/30/2016,"4,151.39","4,155.15","4,127.15","4,127.80"
01/03/2017,"4,148.86","4,176.28","4,144.86","4,150.52"
01/04/2017,"4,168.34","4,176.65","4,151.61","4,151.74"
01/05/2017,"4,163.65","4,178.84","4,141.54","4,169.85"
01/06/2017,"4,171.14","4,182.92","4,159.33","4,163.78"
01/09/2017,"4,161.51","4,173.52","4,153.06","4,171.71"
01/10/2017,"4,174.58","4,182.70","4,160.53","4,161.19"
01/11/2017,"4,210.13","4,213.67","4,174.43","4,176.20"
01/12/2017,"4,234.95","4,238.45","4,209.98","4,209.98"
01/13/2017,"4,234.91","4,240.03","4,228.49","4,237.11"
01/16/2017,"4,222.47","4,241.58","4,218.06","4,236.03"
01/17/2017,"4,231.33","4,235.07","4,218.50","4,219.89"
01/18/2017,"4,267.43","4,272.20","4,231.27","4,232.37"
01/19/2017,"4,266.21","4,271.67","4,253.95","4,267.43"
01/20/2017,"4,258.37","4,266.30","4,249.10","4,266.04"
01/23/2017,"4,258.88","4,267.70","4,250.98","4,264.32"
01/24/2017,"4,276.04","4,278.69","4,242.27","4,261.48"
01/25/2017,"4,296.05","4,298.79","4,276.04","4,276.04"
01/26/2017,"4,311.51","4,315.11","4,295.48","4,299.28"
01/27/2017,"4,275.72","4,312.34","4,271.36","4,311.40"
01/30/2017,"4,209.78","4,277.50","4,205.51","4,275.74"
01/31/2017,"4,199.50","4,213.51","4,190.36","4,210.81"
02/01/2017,"4,204.20","4,233.74","4,202.11","4,202.50"
02/02/2017,"4,226.07","4,235.42","4,202.91","4,204.29"
02/03/2017,"4,261.98","4,271.29","4,219.85","4,225.26"
02/06/2017,"4,247.17","4,265.56","4,231.03","4,261.93"
02/07/2017,"4,257.78","4,264.29","4,246.52","4,249.13"
02/08/2017,"4,267.33","4,273.45","4,246.63","4,258.31"
02/09/2017,"4,296.15","4,300.69","4,261.42","4,268.00"
02/10/2017,"4,312.23","4,317.56","4,297.45","4,299.74"
02/13/2017,"4,358.43","4,364.75","4,311.72","4,316.30"
02/14/2017,"4,343.00","4,379.66","4,333.75","4,378.63"
02/15/2017,"4,354.65","4,359.38","4,331.57","4,342.48"
02/16/2017,"4,363.72","4,367.72","4,349.60","4,353.05"
02/17/2017,"4,349.97","4,368.83","4,342.51","4,364.19"
02/20/2017,"4,355.65","4,359.96","4,350.17","4,352.64"
02/21/2017,"4,373.39","4,381.56","4,346.60","4,359.02"
02/22/2017,"4,375.70","4,384.75","4,365.22","4,373.02"
02/23/2017,"4,359.13","4,380.49","4,352.00","4,373.59"
02/24/2017,"4,343.67","4,361.59","4,330.65","4,360.56"
02/27/2017,"4,346.44","4,351.02","4,337.43","4,343.79"
02/28/2017,"4,359.88","4,366.89","4,340.45","4,345.95"
03/01/2017,"4,399.95","4,406.72","4,359.77","4,364.50"
03/02/2017,"4,420.11","4,420.86","4,400.44","4,400.44"
03/03/2017,"4,429.79","4,432.80","4,404.37","4,416.49"
03/06/2017,"4,467.32","4,475.94","4,412.10","4,427.78"
03/07/2017,"4,476.43","4,483.25","4,459.83","4,468.10"
03/08/2017,"4,468.50","4,492.08","4,465.12","4,475.66"
03/09/2017,"4,467.98","4,471.78","4,459.66","4,467.92"
03/10/2017,"4,474.88","4,479.28","4,465.57","4,468.12"
03/13/2017,"4,542.40","4,547.79","4,471.81","4,475.71"
03/14/2017,"4,527.59","4,547.16","4,506.63","4,545.90"
03/15/2017,"4,548.86","4,556.37","4,523.07","4,530.32"
03/16/2017,"4,616.47","4,622.14","4,554.55","4,554.55"
03/17/2017,"4,652.40","4,672.81","4,606.45","4,614.37"
03/20/2017,"4,662.14","4,668.88","4,636.91","4,650.85"
03/21/2017,"4,671.42","4,679.17","4,621.12","4,663.72"
03/22/2017,"4,689.78","4,696.29","4,636.97","4,662.22"
03/23/2017,"4,727.40","4,735.32","4,691.08","4,694.48"
03/24/2017,"4,760.87","4,763.86","4,723.25","4,723.25"
03/27/2017,"4,759.19","4,763.38","4,725.17","4,757.91"
03/28/2017,"4,868.88","4,877.00","4,762.99","4,762.99"
03/29/2017,"4,854.58","4,867.95","4,839.96","4,867.10"
03/30/2017,"4,818.87","4,858.49","4,813.01","4,854.41"
03/31/2017,"4,783.42","4,814.64","4,770.10","4,811.19"
04/03/2017,"4,791.56","4,800.55","4,777.70","4,786.14"
04/04/2017,"4,825.76","4,828.88","4,788.19","4,788.96"
04/05/2017,"4,872.82","4,878.79","4,825.22","4,825.22"
04/06/2017,"4,897.64","4,901.60","4,863.33","4,875.01"
04/07/2017,"4,888.35","4,901.34","4,883.18","4,894.41"
04/10/2017,"4,900.42","4,904.81","4,882.03","4,888.42"
04/11/2017,"4,876.01","4,901.73","4,852.64","4,900.05"
04/12/2017,"4,864.03","4,878.16","4,844.00","4,873.36"
04/13/2017,"4,858.51","4,876.90","4,851.01","4,863.89"
04/17/2017,"4,860.48","4,867.08","4,845.48","4,858.51"
04/18/2017,"4,837.87","4,861.76","4,821.42","4,859.42"
04/20/2017,"4,805.32","4,841.24","4,796.57","4,838.67"
04/21/2017,"4,809.47","4,824.19","4,794.28","4,812.62"
04/24/2017,"4,849.15","4,860.67","4,804.64","4,818.89"
04/25/2017,"4,868.06","4,872.00","4,847.11","4,849.56"
04/26/2017,"4,852.09","4,874.34","4,832.32","4,868.95"
04/27/2017,"4,783.08","4,857.11","4,772.53","4,851.49"
04/28/2017,"4,795.13","4,810.89","4,784.00","4,785.63"
05/02/2017,"4,878.12","4,885.08","4,796.49","4,796.69"
05/03/2017,"4,854.88","4,887.85","4,826.24","4,886.52"
05/04/2017,"4,853.40","4,862.78","4,829.25","4,858.76"
05/05/2017,"4,843.77","4,861.01","4,839.51","4,853.13"
05/08/2017,"4,823.33","4,855.92","4,819.08","4,851.86"
05/09/2017,"4,807.72","4,833.19","4,798.45","4,823.33"
05/10/2017,"4,825.49","4,838.62","4,807.71","4,807.72"
05/11/2017,"4,820.62","4,832.36","4,803.30","4,825.45"
05/12/2017,"4,851.94","4,852.96","4,819.62","4,820.81"
05/15/2017,"4,890.96","4,893.54","4,854.30","4,854.30"
05/16/2017,"4,875.40","4,895.45","4,865.98","4,892.16"
05/17/2017,"4,853.49","4,891.79","4,837.24","4,883.75"
05/18/2017,"4,775.07","4,830.69","4,769.71","4,825.10"
05/19/2017,"4,793.71","4,828.53","4,781.38","4,781.38"
05/22/2017,"4,802.90","4,811.67","4,776.06","4,807.83"
05/23/2017,"4,833.98","4,837.78","4,801.41","4,802.77"
05/24/2017,"4,871.34","4,874.40","4,836.70","4,837.38"
05/25/2017,"4,872.36","4,879.52","4,855.44","4,872.96"
05/26/2017,"4,886.44","4,896.00","4,863.68","4,871.32"
05/29/2017,"4,890.49","4,894.95","4,874.46","4,893.90"
05/30/2017,"4,901.14","4,911.46","4,888.23","4,890.46"
05/31/2017,"4,855.75","4,902.31","4,843.99","4,899.74"
06/01/2017,"4,888.56","4,892.20","4,855.88","4,855.88"
06/02/2017,"4,899.28","4,903.87","4,879.82","4,889.54"
06/05/2017,"4,897.01","4,901.42","4,879.89","4,898.98"
06/06/2017,"4,912.00","4,920.01","4,897.06","4,898.75"
06/07/2017,"4,890.39","4,917.85","4,883.83","4,912.79"
06/08/2017,"4,859.67","4,894.58","4,846.22","4,891.03"
06/09/2017,"4,846.33","4,867.28","4,841.95","4,859.67"
06/12/2017,"4,850.42","4,856.98","4,828.35","4,845.84"
06/13/2017,"4,881.96","4,885.74","4,846.51","4,850.37"
06/14/2017,"4,880.60","4,889.95","4,871.23","4,884.56"
06/15/2017,"4,849.95","4,882.61","4,825.62","4,881.67"
06/16/2017,"4,836.23","4,858.38","4,822.87","4,850.43"
06/19/2017,"4,824.41","4,849.13","4,813.40","4,836.47"
06/20/2017,"4,795.59","4,824.63","4,786.43","4,820.44"
06/21/2017,"4,752.46","4,797.72","4,736.29","4,794.82"
06/22/2017,"4,756.95","4,769.11","4,749.02","4,749.81"
06/23/2017,"4,766.20","4,790.04","4,755.31","4,755.31"
06/27/2017,"4,759.70","4,781.92","4,753.26","4,767.73"
06/28/2017,"4,747.23","4,769.26","4,742.97","4,759.13"
06/29/2017,"4,730.31","4,752.09","4,717.80","4,749.58"
06/30/2017,"4,747.24","4,753.56","4,725.83","4,725.93"
07/03/2017,"4,783.89","4,787.38","4,740.88","4,749.57"
07/04/2017,"4,836.51","4,839.42","4,771.27","4,785.30"
07/05/2017,"4,848.56","4,853.29","4,807.44","4,837.91"
07/06/2017,"4,832.28","4,850.93","4,816.71","4,849.98"
07/07/2017,"4,854.98","4,864.81","4,830.31","4,830.31"
07/10/2017,"4,901.90","4,904.96","4,856.65","4,856.65"
07/11/2017,"4,894.91","4,911.06","4,884.76","4,904.06"
07/12/2017,"4,956.95","4,959.70","4,895.18","4,895.18"
07/13/2017,"4,986.41","4,990.59","4,959.88","4,960.42"
07/14/2017,"5,000.40","5,006.47","4,969.54","4,985.39"
07/17/2017,"5,046.88","5,050.44","4,991.19","5,003.01"
07/18/2017,"5,039.72","5,049.71","5,007.25","5,049.71"
07/19/2017,"5,037.32","5,046.68","5,029.43","5,043.15"
07/20/2017,"5,035.08","5,039.69","5,022.92","5,035.76"
07/21/2017,"5,010.01","5,039.01","4,999.79","5,034.07"
07/24/2017,"5,020.72","5,028.57","4,986.99","5,007.97"
07/25/2017,"5,033.41","5,043.96","5,011.71","5,022.19"
07/26/2017,"5,042.09","5,044.14","5,023.93","5,042.83"
07/27/2017,"5,049.41","5,053.96","5,031.22","5,041.97"
07/28/2017,"5,076.07","5,077.02","5,041.72","5,050.91"
07/31/2017,"5,064.62","5,082.46","5,041.14","5,080.18"
08/01/2017,"5,077.38","5,080.66","5,057.91","5,062.50"
08/02/2017,"5,097.15","5,102.48","5,076.77","5,078.02"
08/03/2017,"5,074.86","5,099.30","5,065.17","5,096.83"
08/04/2017,"5,106.41","5,107.60","5,073.85","5,078.41"
08/07/2017,"5,140.75","5,144.42","5,095.26","5,099.66"
08/08/2017,"5,124.23","5,138.80","5,115.83","5,137.14"
08/09/2017,"5,086.27","5,118.44","5,074.06","5,118.26"
08/10/2017,"5,057.11","5,092.40","5,047.67","5,083.37"
08/11/2017,"5,033.32","5,062.18","5,020.26","5,062.18"
08/14/2017,"5,063.73","5,080.18","5,029.96","5,034.81"
08/16/2017,"5,110.67","5,127.11","5,065.32","5,068.68"
08/17/2017,"5,111.05","5,128.60","5,092.73","5,110.67"
08/18/2017,"5,116.27","5,121.73","5,106.12","5,113.24"
08/21/2017,"5,101.73","5,125.45","5,095.00","5,122.63"
08/22/2017,"5,114.69","5,120.10","5,101.43","5,101.43"
08/23/2017,"5,127.93","5,135.05","5,100.52","5,115.60"
08/24/2017,"5,152.80","5,162.57","5,114.79","5,128.47"
08/25/2017,"5,176.11","5,178.68","5,145.54","5,152.80"
08/28/2017,"5,171.12","5,194.08","5,152.40","5,179.11"
08/29/2017,"5,162.89","5,170.93","5,146.72","5,169.83"
08/30/2017,"5,156.23","5,176.23","5,146.17","5,164.58"
08/31/2017,"5,153.15","5,168.60","5,132.11","5,157.49"
09/01/2017,"5,173.91","5,181.25","5,145.89","5,152.67"
09/04/2017,"5,147.94","5,174.50","5,142.82","5,173.46"
09/05/2017,"5,133.18","5,152.22","5,103.51","5,144.48"
09/06/2017,"5,080.59","5,133.47","5,076.85","5,133.47"
09/07/2017,"5,110.55","5,119.51","5,080.39","5,081.33"
09/08/2017,"5,091.81","5,129.75","5,088.14","5,113.16"
09/11/2017,"5,152.09","5,159.59","5,098.59","5,103.35"
09/12/2017,"5,168.92","5,193.07","5,154.15","5,154.15"
09/13/2017,"5,162.91","5,183.44","5,151.16","5,173.78"
09/14/2017,"5,160.46","5,168.55","5,148.23","5,162.49"
09/15/2017,"5,202.05","5,214.28","5,149.62","5,156.81"
09/20/2017,"5,241.48","5,248.39","5,215.12","5,226.59"
09/21/2017,"5,288.00","5,295.27","5,235.04","5,241.88"
09/22/2017,"5,289.92","5,299.01","5,273.72","5,286.81"
09/25/2017,"5,261.73","5,300.07","5,249.94","5,290.64"
09/26/2017,"5,264.11","5,277.83","5,251.51","5,262.52"
09/27/2017,"5,299.51","5,305.67","5,272.25","5,272.25"
09/28/2017,"5,309.47","5,315.86","5,284.67","5,301.62"
09/29/2017,"5,341.93","5,351.46","5,302.68","5,309.60"
10/02/2017,"5,371.43","5,375.54","5,341.95","5,346.74"
10/03/2017,"5,420.14","5,424.74","5,376.06","5,377.42"
10/04/2017,"5,450.49","5,453.98","5,419.98","5,420.98"
10/05/2017,"5,439.13","5,454.00","5,432.29","5,438.37"
10/06/2017,"5,485.63","5,491.28","5,420.88","5,439.13"
10/10/2017,"5,477.32","5,493.13","5,455.36","5,490.27"
10/11/2017,"5,465.65","5,477.83","5,443.33","5,476.28"
10/12/2017,"5,435.08","5,477.46","5,429.57","5,463.90"
10/13/2017,"5,460.47","5,468.66","5,432.96","5,434.12"
10/16/2017,"5,485.38","5,495.44","5,453.86","5,460.80"
10/17/2017,"5,483.30","5,495.11","5,465.80","5,485.38"
10/18/2017,"5,517.97","5,523.02","5,493.28","5,503.19"
10/19/2017,"5,477.27","5,517.97","5,472.44","5,517.97"
10/20/2017,"5,523.97","5,530.84","5,472.46","5,477.27"
10/23/2017,"5,560.06","5,571.79","5,521.78","5,524.46"
10/24/2017,"5,536.29","5,564.10","5,519.20","5,560.06"
10/25/2017,"5,495.09","5,543.65","5,489.77","5,536.29"
10/26/2017,"5,516.45","5,522.48","5,492.21","5,495.09"
10/30/2017,"5,608.67","5,609.80","5,517.89","5,517.89"
10/31/2017,"5,588.08","5,613.70","5,575.25","5,608.67"
11/02/2017,"5,512.07","5,591.04","5,489.49","5,588.08"
11/03/2017,"5,485.89","5,519.41","5,477.56","5,512.07"
11/06/2017,"5,527.56","5,541.62","5,485.89","5,485.89"
11/07/2017,"5,490.82","5,544.24","5,487.42","5,527.56"
11/08/2017,"5,485.65","5,501.07","5,472.74","5,493.49"
11/09/2017,"5,443.89","5,496.06","5,419.68","5,485.65"
11/10/2017,"5,394.70","5,447.83","5,386.35","5,443.89"
11/13/2017,"5,337.01","5,402.47","5,336.69","5,394.70"
11/14/2017,"5,308.66","5,374.91","5,299.47","5,337.01"
11/15/2017,"5,273.77","5,318.15","5,259.91","5,308.66"
11/16/2017,"5,314.53","5,343.41","5,273.77","5,273.77"
11/17/2017,"5,391.75","5,395.99","5,314.53","5,314.53"
11/20/2017,"5,076.02","5,391.89","5,059.84","5,391.89"
11/21/2017,"5,199.04","5,216.59","5,076.02","5,076.02"
11/22/2017,"5,128.87","5,223.76","5,122.35","5,199.04"
11/23/2017,"5,034.33","5,152.21","5,017.70","5,131.61"
11/24/2017,"5,040.51","5,072.90","5,024.40","5,034.33"
11/27/2017,"5,032.53","5,052.94","5,027.31","5,040.51"
11/28/2017,"5,061.20","5,072.80","5,022.09","5,032.53"
11/29/2017,"5,012.60","5,087.71","5,001.05","5,061.20"
11/30/2017,"5,003.40","5,028.84","4,968.16","5,012.60"
12/01/2017,"5,024.42","5,035.02","4,996.98","5,003.40"
12/04/2017,"5,014.47","5,062.67","4,992.14","5,024.42"
12/05/2017,"4,925.21","5,017.72","4,923.88","5,014.47"
12/06/2017,"4,888.13","4,932.27","4,862.89","4,925.21"
12/07/2017,"4,887.16","4,924.72","4,846.84","4,888.13"
12/11/2017,"5,018.67","5,031.42","4,888.95","4,890.44"
12/12/2017,"5,039.90","5,052.39","5,008.59","5,018.67"
12/13/2017,"5,135.19","5,147.27","5,033.97","5,039.90"
12/14/2017,"5,119.30","5,168.99","5,103.65","5,135.29"
12/15/2017,"5,234.64","5,283.30","5,121.26","5,121.26"
12/18/2017,"5,595.65","5,646.00","5,237.87","5,237.87"
12/19/2017,"5,588.09","5,641.26","5,542.54","5,595.65"
12/20/2017,"5,528.71","5,601.59","5,516.36","5,588.09"
12/21/2017,"5,450.83","5,548.53","5,448.14","5,528.71"
12/22/2017,"5,537.60","5,545.61","5,450.83","5,450.83"
12/26/2017,"5,514.74","5,539.55","5,500.27","5,537.76"
12/27/2017,"5,496.25","5,519.76","5,478.55","5,514.74"
12/28/2017,"5,550.93","5,556.44","5,496.25","5,496.25"
12/29/2017,"5,564.60","5,575.24","5,543.35","5,550.93"
01/02/2018,"5,618.91","5,627.46","5,558.54","5,565.63"
01/03/2018,"5,616.47","5,644.69","5,594.96","5,618.91"
01/04/2018,"5,634.98","5,641.31","5,616.35","5,616.47"
01/05/2018,"5,695.43","5,703.56","5,634.97","5,634.98"
01/08/2018,"5,705.61","5,719.54","5,689.67","5,695.43"
01/09/2018,"5,709.80","5,715.34","5,692.12","5,705.61"
01/10/2018,"5,678.09","5,710.94","5,666.56","5,710.47"
01/11/2018,"5,717.65","5,720.47","5,675.03","5,681.96"
01/12/2018,"5,733.35","5,740.63","5,706.08","5,717.65"
01/15/2018,"5,745.95","5,759.53","5,734.00","5,734.00"
01/17/2018,"5,786.15","5,803.65","5,722.33","5,727.40"
01/18/2018,"5,839.37","5,845.72","5,780.32","5,794.03"
01/19/2018,"5,856.27","5,874.76","5,811.51","5,843.51"
01/22/2018,"5,827.91","5,867.12","5,809.37","5,861.91"
01/23/2018,"5,799.81","5,836.23","5,789.57","5,827.91"
01/24/2018,"5,798.25","5,815.30","5,788.33","5,807.19"
01/25/2018,"5,811.54","5,846.13","5,786.22","5,802.89"
01/26/2018,"5,855.67","5,863.68","5,787.46","5,811.54"
01/29/2018,"5,880.47","5,890.12","5,842.11","5,845.01"
01/30/2018,"5,859.61","5,885.26","5,829.90","5,881.04"
01/31/2018,"5,855.38","5,882.93","5,839.79","5,859.61"
02/01/2018,"5,859.27","5,894.93","5,853.90","5,855.38"
02/02/2018,"5,825.99","5,867.62","5,805.72","5,863.10"
02/05/2018,"5,731.47","5,825.99","5,714.80","5,825.99"
02/06/2018,"5,697.28","5,713.27","5,606.73","5,713.27"
02/07/2018,"5,750.61","5,762.33","5,709.34","5,709.48"
02/08/2018,"5,651.58","5,762.60","5,645.39","5,754.15"
02/09/2018,"5,549.15","5,658.23","5,525.77","5,651.58"
02/12/2018,"5,557.07","5,631.18","5,546.77","5,549.15"
02/13/2018,"5,500.58","5,568.58","5,494.57","5,565.67"
02/14/2018,"5,560.38","5,566.05","5,500.58","5,504.63"
02/15/2018,"5,630.06","5,643.23","5,560.38","5,560.38"
02/16/2018,"5,621.67","5,654.55","5,609.10","5,630.06"
02/19/2018,"5,628.99","5,639.45","5,617.20","5,623.81"
02/20/2018,"5,673.42","5,680.37","5,595.40","5,628.99"
02/21/2018,"5,706.54","5,714.57","5,657.77","5,672.87"
02/22/2018,"5,726.09","5,731.89","5,698.07","5,706.44"
02/23/2018,"5,742.54","5,753.53","5,709.04","5,726.09"
02/26/2018,"5,669.86","5,746.61","5,666.11","5,742.54"
02/27/2018,"5,642.04","5,704.43","5,628.37","5,669.86"
02/28/2018,"5,602.83","5,646.40","5,598.13","5,641.05"
03/01/2018,"5,527.92","5,605.29","5,521.94","5,602.83"
03/02/2018,"5,545.48","5,561.58","5,484.73","5,527.92"
03/05/2018,"5,538.52","5,551.57","5,511.89","5,545.48"
03/06/2018,"5,548.21","5,567.36","5,533.95","5,538.52"
03/07/2018,"5,549.64","5,557.28","5,529.46","5,548.21"
03/08/2018,"5,576.37","5,577.98","5,538.66","5,549.64"
03/09/2018,"5,637.04","5,643.92","5,570.49","5,576.37"
03/12/2018,"5,653.42","5,659.94","5,631.35","5,637.04"
03/13/2018,"5,631.28","5,663.14","5,623.40","5,653.42"
03/14/2018,"5,618.38","5,648.81","5,609.50","5,631.28"
03/15/2018,"5,587.16","5,633.15","5,575.67","5,618.38"
03/16/2018,"5,596.68","5,608.41","5,577.19","5,587.16"
03/19/2018,"5,576.54","5,610.40","5,549.26","5,608.32"
03/20/2018,"5,542.93","5,578.43","5,538.18","5,576.54"
03/21/2018,"5,535.49","5,554.16","5,529.64","5,542.93"
03/22/2018,"5,515.99","5,542.31","5,484.56","5,542.10"
03/23/2018,"5,490.24","5,515.99","5,473.76","5,515.99"
03/26/2018,"5,446.77","5,527.69","5,441.34","5,490.40"
03/27/2018,"5,480.31","5,491.82","5,446.77","5,446.77"
03/28/2018,"5,466.62","5,489.45","5,452.49","5,480.31"
03/29/2018,"5,542.22","5,547.65","5,460.90","5,466.62"
04/02/2018,"5,502.60","5,544.93","5,496.40","5,542.22"
04/03/2018,"5,534.40","5,544.13","5,502.60","5,502.60"
04/04/2018,"5,542.79","5,546.22","5,498.97","5,534.40"
04/05/2018,"5,607.03","5,625.14","5,542.79","5,542.79"
04/06/2018,"5,583.15","5,607.29","5,562.16","5,607.03"
04/09/2018,"5,632.71","5,637.37","5,601.70","5,621.73"
04/10/2018,"5,605.86","5,616.99","5,592.83","5,594.05"
04/11/2018,"5,613.81","5,621.18","5,588.98","5,605.86"
04/12/2018,"5,630.99","5,636.22","5,609.46","5,613.81"
04/13/2018,"5,630.90","5,642.62","5,613.31","5,630.99"
04/16/2018,"5,613.14","5,636.71","5,608.77","5,630.90"
04/17/2018,"5,633.40","5,641.18","5,609.80","5,613.14"
04/18/2018,"5,690.79","5,693.74","5,633.40","5,633.40"
04/19/2018,"5,697.48","5,702.94","5,673.81","5,690.79"
04/20/2018,"5,689.47","5,711.86","5,671.89","5,711.86"
04/23/2018,"5,704.70","5,708.54","5,676.41","5,695.50"
04/24/2018,"5,674.35","5,710.42","5,668.03","5,704.70"
04/25/2018,"5,665.17","5,693.14","5,650.21","5,674.35"
04/26/2018,"5,679.65","5,706.85","5,662.70","5,665.17"
04/27/2018,"5,690.48","5,693.05","5,658.97","5,679.72"
04/30/2018,"5,710.90","5,730.72","5,687.49","5,691.37"
05/02/2018,"5,695.02","5,715.21","5,681.72","5,711.96"
05/03/2018,"5,640.10","5,706.97","5,634.29","5,706.97"
05/04/2018,"5,622.24","5,649.65","5,616.44","5,642.06"
05/07/2018,"5,645.84","5,652.64","5,627.49","5,634.55"
05/08/2018,"5,644.82","5,664.33","5,619.96","5,645.84"
05/09/2018,"5,664.20","5,684.29","5,648.23","5,648.30"
05/10/2018,"5,710.45","5,717.56","5,654.08","5,664.20"
05/11/2018,"5,702.85","5,722.14","5,687.23","5,711.75"
05/14/2018,"5,695.82","5,722.80","5,670.14","5,712.95"
05/15/2018,"5,710.86","5,718.79","5,676.26","5,695.82"
05/16/2018,"5,727.86","5,730.21","5,710.86","5,710.86"
05/17/2018,"5,689.45","5,730.72","5,676.96","5,729.13"
05/18/2018,"5,667.86","5,705.21","5,656.94","5,696.71"
05/22/2018,"5,651.10","5,685.96","5,635.31","5,678.57"
05/23/2018,"5,612.59","5,654.47","5,599.95","5,651.10"
05/24/2018,"5,577.30","5,614.71","5,564.25","5,614.71"
05/25/2018,"5,576.48","5,627.13","5,564.77","5,582.34"
05/28/2018,"5,570.05","5,602.63","5,569.88","5,577.07"
05/29/2018,"5,494.51","5,576.55","5,484.12","5,570.05"
05/30/2018,"5,484.90","5,518.68","5,472.34","5,494.51"
05/31/2018,"5,455.09","5,506.20","5,433.61","5,484.90"
06/01/2018,"5,471.32","5,480.21","5,438.79","5,455.09"
06/04/2018,"5,558.50","5,561.29","5,471.32","5,471.32"
06/05/2018,"5,523.05","5,566.77","5,506.25","5,558.50"
06/06/2018,"5,497.33","5,534.16","5,481.21","5,523.05"
06/07/2018,"5,467.87","5,506.19","5,454.36","5,497.33"
06/08/2018,"5,523.03","5,528.15","5,449.03","5,467.87"
06/11/2018,"5,521.35","5,561.01","5,512.22","5,525.37"
06/12/2018,"5,544.03","5,551.42","5,512.27","5,521.35"
06/13/2018,"5,534.27","5,558.02","5,524.75","5,544.03"
06/14/2018,"5,524.69","5,548.13","5,517.73","5,534.36"
06/15/2018,"5,470.32","5,524.77","5,460.78","5,524.77"
06/18/2018,"5,447.39","5,470.82","5,439.14","5,470.32"
06/19/2018,"5,435.08","5,447.39","5,409.76","5,447.39"
06/20/2018,"5,417.53","5,470.11","5,411.02","5,435.08"
06/21/2018,"5,385.48","5,456.23","5,381.58","5,417.53"
06/22/2018,"5,375.12","5,404.87","5,361.90","5,385.48"
06/25/2018,"5,285.53","5,377.85","5,277.99","5,375.12"
06/26/2018,"5,292.61","5,317.44","5,271.38","5,285.53"
06/27/2018,"5,276.44","5,318.20","5,270.90","5,292.61"
06/28/2018,"5,257.68","5,282.99","5,245.94","5,276.44"
06/29/2018,"5,301.25","5,316.89","5,251.91","5,257.68"
07/03/2018,"5,255.13","5,312.77","5,251.49","5,301.25"
07/04/2018,"5,243.81","5,266.50","5,240.34","5,255.13"
07/05/2018,"5,266.98","5,278.14","5,243.81","5,243.81"
07/06/2018,"5,284.64","5,322.62","5,266.98","5,266.98"
07/09/2018,"5,325.52","5,333.17","5,281.60","5,284.64"
07/10/2018,"5,323.29","5,332.36","5,308.14","5,325.52"
07/11/2018,"5,297.48","5,323.29","5,277.81","5,323.29"
07/12/2018,"5,283.82","5,302.70","5,278.19","5,297.48"
07/13/2018,"5,305.39","5,309.30","5,264.70","5,283.82"
07/17/2018,"5,351.70","5,363.95","5,292.85","5,305.39"
07/18/2018,"5,377.46","5,384.98","5,351.50","5,351.70"
07/19/2018,"5,371.21","5,379.53","5,351.31","5,377.46"
07/20/2018,"5,430.13","5,433.27","5,366.65","5,371.21"
07/23/2018,"5,407.59","5,437.28","5,402.73","5,430.13"
07/24/2018,"5,450.19","5,457.14","5,406.94","5,407.59"
07/25/2018,"5,457.96","5,468.11","5,429.47","5,450.19"
07/26/2018,"5,442.68","5,483.04","5,436.32","5,457.96"
07/27/2018,"5,369.51","5,457.35","5,358.23","5,442.68"
07/30/2018,"5,382.69","5,395.62","5,363.65","5,369.51"
07/31/2018,"5,434.44","5,444.02","5,382.28","5,382.69"
08/01/2018,"5,398.37","5,454.35","5,378.77","5,434.44"
08/02/2018,"5,386.07","5,401.17","5,349.27","5,398.37"
08/03/2018,"5,405.32","5,437.49","5,386.07","5,386.07"
08/06/2018,"5,366.03","5,406.89","5,360.50","5,405.32"
08/07/2018,"5,328.36","5,362.88","5,325.12","5,362.69"
08/08/2018,"5,318.61","5,350.76","5,310.59","5,328.36"
08/09/2018,"5,294.22","5,320.51","5,275.89","5,319.26"
08/10/2018,"5,267.25","5,294.29","5,222.43","5,294.29"
08/13/2018,"5,231.36","5,275.66","5,224.29","5,267.25"
08/14/2018,"5,272.05","5,287.75","5,227.49","5,227.49"
08/16/2018,"5,256.23","5,274.91","5,234.09","5,272.05"
08/17/2018,"5,242.77","5,272.23","5,236.00","5,256.23"
08/20/2018,"5,241.43","5,272.23","5,233.37","5,256.23"
08/21/2018,"5,251.14","5,258.45","5,234.79","5,241.43"
08/22/2018,"5,274.31","5,281.06","5,241.00","5,251.14"
08/23/2018,"5,268.95","5,289.90","5,261.43","5,274.31"
08/24/2018,"5,259.76","5,277.29","5,255.31","5,268.95"
08/27/2018,"5,281.23","5,302.23","5,259.76","5,259.76"
08/28/2018,"5,291.19","5,294.85","5,268.56","5,281.23"
08/29/2018,"5,297.78","5,311.23","5,291.19","5,291.19"
08/30/2018,"5,244.57","5,317.28","5,236.19","5,297.78"
08/31/2018,"5,270.43","5,274.97","5,232.25","5,244.57"
09/03/2018,"5,236.34","5,276.24","5,233.03","5,270.43"
09/04/2018,"5,173.03","5,239.06","5,168.41","5,236.34"
09/05/2018,"5,137.49","5,182.23","5,137.49","5,173.03"
09/06/2018,"5,169.52","5,187.18","5,137.49","5,137.49"
09/07/2018,"5,218.14","5,226.69","5,166.89","5,169.52"
09/10/2018,"5,203.93","5,234.46","5,175.29","5,218.14"
09/11/2018,"5,212.36","5,217.93","5,185.16","5,203.93"
09/12/2018,"5,262.42","5,264.33","5,211.17","5,212.36"
09/13/2018,"5,360.54","5,363.96","5,262.42","5,262.42"
09/14/2018,"5,354.45","5,379.91","5,345.74","5,362.86"
09/20/2018,"5,446.18","5,460.82","5,354.45","5,354.45"
09/21/2018,"5,461.82","5,507.58","5,407.40","5,446.18"
09/24/2018,"5,385.65","5,465.49","5,378.62","5,461.82"
09/25/2018,"5,360.58","5,385.77","5,338.03","5,385.65"
09/26/2018,"5,333.83","5,366.81","5,325.85","5,360.58"
09/27/2018,"5,323.62","5,344.23","5,305.36","5,333.83"
09/28/2018,"5,283.53","5,323.62","5,275.48","5,323.62"
10/01/2018,"5,298.38","5,301.71","5,263.45","5,283.53"
10/02/2018,"5,323.49","5,326.97","5,292.24","5,298.38"
10/03/2018,"5,342.89","5,366.21","5,323.49","5,323.49"
10/04/2018,"5,326.13","5,353.50","5,307.61","5,342.89"
10/05/2018,"5,260.00","5,341.42","5,253.85","5,326.13"
10/08/2018,"5,327.40","5,345.39","5,260.00","5,260.00"
10/09/2018,"5,307.93","5,336.59","5,305.49","5,327.40"
10/10/2018,"5,232.71","5,313.38","5,222.17","5,307.93"
10/11/2018,"5,168.90","5,234.22","5,120.28","5,232.71"
10/12/2018,"5,144.98","5,222.23","5,138.71","5,168.90"
10/16/2018,"5,144.34","5,260.21","5,129.11","5,144.98"
10/17/2018,"5,141.19","5,173.27","5,137.95","5,144.34"
10/18/2018,"5,119.06","5,150.06","5,099.11","5,141.19"
10/19/2018,"5,118.74","5,138.66","5,111.20","5,119.06"
10/22/2018,"5,122.51","5,152.64","5,118.74","5,118.74"
10/23/2018,"5,114.17","5,122.60","5,060.11","5,122.51"
10/24/2018,"5,140.55","5,159.55","5,114.17","5,114.17"
10/25/2018,"5,141.67","5,151.69","5,120.54","5,140.54"
10/26/2018,"5,124.10","5,153.68","5,115.30","5,141.67"
10/29/2018,"5,063.63","5,166.53","5,057.09","5,124.10"
10/30/2018,"5,016.10","5,078.33","4,998.95","5,063.63"
10/31/2018,"5,104.33","5,119.25","5,016.10","5,016.10"
11/05/2018,"5,250.95","5,253.87","5,104.33","5,104.33"
11/06/2018,"5,221.93","5,251.68","5,217.09","5,250.95"
11/07/2018,"5,221.33","5,272.36","5,215.29","5,221.93"
11/08/2018,"5,227.57","5,243.35","5,220.40","5,221.33"
11/09/2018,"5,180.35","5,227.57","5,170.89","5,227.56"
11/12/2018,"5,153.00","5,185.57","5,142.29","5,180.35"
11/13/2018,"5,129.98","5,172.07","5,126.38","5,153.00"
11/14/2018,"5,135.81","5,145.93","5,122.94","5,129.98"
11/15/2018,"5,175.96","5,179.84","5,128.56","5,135.81"
11/16/2018,"5,190.98","5,199.05","5,167.40","5,175.96"
11/19/2018,"5,164.27","5,203.41","5,150.96","5,190.98"
11/20/2018,"5,100.35","5,164.27","5,097.16","5,164.27"
11/21/2018,"5,128.45","5,137.70","5,100.34","5,100.34"
11/22/2018,"5,117.15","5,128.45","5,104.76","5,128.45"
11/23/2018,"5,140.74","5,145.42","5,101.01","5,117.15"
11/26/2018,"5,133.42","5,153.13","5,124.69","5,140.74"
11/27/2018,"5,128.14","5,137.77","5,115.33","5,133.42"
11/28/2018,"5,114.16","5,136.19","5,096.91","5,128.14"
11/29/2018,"5,156.43","5,159.22","5,108.86","5,114.16"
11/30/2018,"5,111.88","5,159.73","5,095.58","5,156.43"
12/03/2018,"5,151.67","5,185.98","5,111.88","5,111.88"
12/04/2018,"5,149.11","5,162.53","5,114.82","5,151.67"
12/05/2018,"5,141.89","5,163.96","5,129.60","5,149.11"
12/06/2018,"5,121.08","5,144.31","5,065.61","5,141.89"
12/07/2018,"5,094.62","5,149.77","5,079.31","5,121.08"
12/10/2018,"5,035.00","5,104.54","5,008.95","5,094.62"
12/11/2018,"5,071.74","5,076.31","5,032.70","5,035.00"
12/12/2018,"5,118.56","5,126.80","5,071.74","5,071.74"
12/13/2018,"5,160.00","5,165.50","5,107.03","5,118.56"
12/14/2018,"5,164.25","5,173.04","5,142.06","5,160.00"
12/17/2018,"5,105.15","5,166.25","5,095.20","5,164.25"
12/18/2018,"5,116.83","5,135.83","5,101.50","5,105.15"
12/19/2018,"5,109.92","5,127.93","5,105.10","5,116.83"
12/20/2018,"5,053.37","5,109.92","5,010.44","5,109.92"
12/21/2018,"5,063.33","5,078.66","5,022.93","5,053.37"
12/24/2018,"5,030.73","5,067.33","5,015.21","5,063.33"
12/26/2018,"5,062.78","5,074.13","5,007.94","5,030.73"
12/27/2018,"5,070.65","5,086.88","5,057.25","5,062.78"
12/28/2018,"5,105.43","5,112.99","5,070.65","5,070.65"
01/02/2019,"5,125.37","5,137.32","5,064.41","5,105.43"
01/03/2019,"5,129.15","5,146.30","5,096.07","5,125.37"
01/04/2019,"5,189.20","5,195.45","5,128.83","5,129.15"
01/07/2019,"5,190.06","5,221.37","5,181.24","5,189.20"
01/08/2019,"5,224.28","5,229.69","5,190.06","5,190.06"
01/09/2019,"5,264.51","5,281.22","5,224.28","5,224.28"
01/10/2019,"5,297.95","5,303.31","5,256.29","5,264.51"
01/11/2019,"5,352.88","5,358.44","5,297.69","5,297.95"
01/14/2019,"5,357.15","5,357.93","5,313.41","5,352.88"
01/15/2019,"5,373.92","5,377.58","5,354.25","5,357.15"
01/16/2019,"5,419.07","5,419.14","5,373.39","5,373.92"
01/17/2019,"5,435.94","5,435.94","5,401.67","5,419.07"
01/18/2019,"5,479.04","5,479.36","5,435.94","5,435.94"
01/21/2019,"5,457.80","5,484.18","5,423.01","5,479.04"
01/22/2019,"5,401.13","5,456.39","5,344.31","5,456.39"
01/23/2019,"5,402.74","5,418.67","5,369.04","5,401.13"
01/24/2019,"5,414.85","5,415.50","5,385.44","5,402.74"
01/25/2019,"5,441.72","5,442.45","5,407.02","5,414.85"
01/28/2019,"5,445.91","5,446.08","5,376.24","5,441.72"
01/29/2019,"5,415.76","5,446.60","5,407.92","5,445.91"
01/30/2019,"5,388.34","5,422.51","5,386.60","5,415.76"
01/31/2019,"5,405.61","5,453.09","5,388.31","5,388.34"
02/01/2019,"5,452.97","5,455.36","5,405.61","5,405.61"
02/04/2019,"5,472.93","5,481.08","5,429.30","5,452.97"
02/05/2019,"5,466.54","5,479.84","5,461.64","5,472.93"
02/06/2019,"5,426.51","5,470.81","5,425.41","5,466.54"
02/07/2019,"5,426.94","5,442.87","5,409.27","5,426.51"
02/08/2019,"5,379.09","5,431.13","5,360.37","5,426.94"
02/11/2019,"5,375.07","5,398.28","5,363.02","5,379.08"
02/12/2019,"5,384.88","5,384.88","5,358.40","5,375.07"
02/13/2019,"5,386.61","5,398.75","5,376.64","5,384.88"
02/14/2019,"5,376.39","5,398.75","5,368.13","5,386.61"
02/15/2019,"5,399.83","5,401.79","5,356.37","5,376.39"
02/18/2019,"5,370.29","5,401.47","5,360.10","5,399.83"
02/19/2019,"5,386.31","5,387.37","5,358.52","5,370.29"
02/20/2019,"5,410.50","5,422.75","5,384.99","5,386.31"
02/21/2019,"5,439.12","5,439.21","5,387.44","5,410.50"
02/22/2019,"5,483.92","5,485.09","5,434.45","5,439.12"
02/25/2019,"5,479.69","5,515.95","5,477.96","5,483.92"
02/26/2019,"5,475.54","5,493.32","5,449.30","5,479.69"
02/27/2019,"5,372.59","5,476.20","5,356.58","5,475.54"
02/28/2019,"5,287.54","5,372.59","5,280.68","5,372.59"
03/01/2019,"5,274.66","5,301.04","5,269.44","5,287.54"
03/04/2019,"5,240.89","5,291.91","5,229.58","5,274.66"
03/05/2019,"5,229.90","5,255.05","5,227.34","5,240.89"
03/06/2019,"5,256.07","5,260.60","5,229.90","5,229.90"
03/07/2019,"5,256.82","5,267.59","5,236.42","5,256.07"
03/08/2019,"5,274.96","5,285.31","5,213.37","5,256.82"
03/11/2019,"5,299.33","5,329.91","5,273.77","5,274.96"
03/12/2019,"5,289.44","5,328.39","5,288.22","5,299.33"
03/13/2019,"5,313.49","5,319.17","5,289.44","5,289.44"
03/14/2019,"5,300.79","5,317.97","5,286.63","5,313.49"
03/15/2019,"5,324.12","5,345.32","5,300.79","5,300.79"
03/18/2019,"5,324.40","5,339.83","5,306.38","5,324.12"
03/19/2019,"5,305.72","5,339.54","5,303.04","5,324.40"
03/20/2019,"5,245.09","5,309.84","5,245.09","5,305.72"
03/21/2019,"5,261.33","5,262.38","5,232.96","5,245.09"
03/22/2019,"5,209.98","5,264.54","5,175.93","5,261.33"
03/25/2019,"5,193.52","5,224.83","5,155.16","5,209.98"
03/26/2019,"5,190.89","5,209.90","5,166.60","5,193.52"
03/27/2019,"5,174.14","5,192.92","5,154.59","5,190.89"
03/28/2019,"5,214.02","5,214.02","5,167.33","5,174.14"
03/29/2019,"5,259.41","5,259.41","5,214.02","5,214.02"
04/01/2019,"5,256.67","5,287.59","5,255.56","5,259.41"
04/02/2019,"5,208.55","5,266.10","5,193.33","5,256.67"
04/03/2019,"5,222.96","5,244.14","5,202.69","5,208.55"
04/04/2019,"5,283.70","5,283.70","5,204.13","5,222.96"
04/05/2019,"5,254.94","5,290.31","5,254.94","5,283.70"
04/08/2019,"5,274.72","5,274.72","5,243.63","5,254.94"
04/09/2019,"5,281.78","5,282.15","5,239.79","5,274.72"
04/10/2019,"5,278.00","5,285.52","5,265.74","5,281.78"
04/11/2019,"5,254.48","5,281.42","5,240.92","5,278.00"
04/12/2019,"5,239.57","5,259.40","5,224.76","5,254.87"
04/15/2019,"5,232.32","5,255.18","5,228.02","5,239.57"
04/16/2019,"5,261.00","5,261.94","5,227.70","5,232.32"
04/17/2019,"5,275.43","5,279.13","5,258.22","5,261.00"
04/18/2019,"5,261.71","5,278.46","5,245.22","5,275.43"
04/22/2019,"5,234.30","5,263.80","5,232.96","5,261.71"
04/23/2019,"5,217.07","5,238.42","5,197.00","5,234.30"
04/24/2019,"5,201.44","5,224.15","5,170.70","5,217.07"
04/25/2019,"5,170.42","5,204.89","5,155.13","5,201.44"
04/26/2019,"5,191.70","5,192.98","5,147.20","5,170.42"
04/29/2019,"5,169.86","5,191.70","5,167.95","5,191.70"
04/30/2019,"5,187.10","5,187.32","5,155.84","5,169.86"
05/02/2019,"5,141.58","5,197.07","5,141.58","5,187.10"
05/03/2019,"5,132.32","5,178.80","5,132.32","5,141.58"
05/06/2019,"5,124.21","5,143.43","5,086.06","5,132.32"
05/07/2019,"5,078.64","5,125.01","5,069.09","5,124.21"
05/08/2019,"5,060.47","5,080.31","5,035.74","5,078.64"
05/09/2019,"5,045.54","5,069.47","5,016.35","5,060.47"
05/10/2019,"5,050.57","5,073.34","5,008.49","5,045.53"
05/13/2019,"4,970.01","5,079.86","4,969.82","5,050.57"
05/14/2019,"5,018.93","5,022.75","4,967.26","4,970.01"
05/15/2019,"5,005.24","5,023.27","4,972.47","5,018.93"
05/16/2019,"4,977.75","5,016.85","4,977.75","5,005.24"
05/17/2019,"4,925.58","4,987.27","4,925.58","4,977.75"
05/20/2019,"4,914.48","4,944.58","4,914.48","4,925.58"
05/22/2019,"4,920.89","4,950.66","4,912.53","4,914.48"
05/23/2019,"4,893.89","4,920.89","4,873.76","4,920.89"
05/24/2019,"4,881.47","4,911.73","4,881.47","4,893.89"
05/27/2019,"4,850.38","4,883.26","4,850.29","4,881.47"
05/28/2019,"4,798.35","4,863.79","4,798.35","4,850.38"
05/29/2019,"4,876.71","4,877.90","4,798.35","4,798.35"
05/30/2019,"4,934.41","4,942.26","4,872.79","4,876.71"
05/31/2019,"4,977.09","4,987.60","4,904.18","4,934.41"
06/03/2019,"5,013.66","5,019.90","4,974.09","4,977.09"
06/04/2019,"5,005.39","5,035.55","5,002.29","5,013.66"
06/05/2019,"4,957.45","5,019.41","4,951.55","5,005.38"
06/06/2019,"4,926.98","4,967.90","4,920.82","4,957.45"
06/07/2019,"4,951.13","4,968.87","4,922.68","4,926.98"
06/10/2019,"5,018.99","5,019.78","4,951.13","4,951.13"
06/11/2019,"5,069.24","5,093.94","5,018.99","5,018.99"
06/12/2019,"5,067.85","5,085.79","5,057.11","5,069.23"
06/13/2019,"5,071.76","5,076.47","5,054.63","5,067.85"
06/14/2019,"5,058.88","5,072.83","5,041.52","5,071.76"
06/17/2019,"5,024.92","5,060.94","5,024.92","5,058.88"
06/18/2019,"5,040.57","5,058.47","5,024.82","5,024.92"
06/19/2019,"5,033.60","5,042.57","5,019.44","5,040.57"
06/20/2019,"5,060.72","5,061.50","5,027.02","5,033.60"
06/21/2019,"5,060.00","5,063.98","5,043.56","5,060.72"
06/24/2019,"5,090.65","5,092.48","5,048.05","5,060.00"
06/25/2019,"5,098.18","5,098.44","5,077.19","5,090.65"
06/26/2019,"5,083.55","5,098.18","5,075.50","5,098.18"
06/27/2019,"5,074.03","5,091.90","5,046.76","5,083.55"
06/28/2019,"5,070.71","5,082.00","5,048.96","5,074.03"
07/01/2019,"5,062.90","5,099.89","5,062.90","5,070.71"
07/02/2019,"5,009.72","5,064.91","5,009.72","5,062.90"
07/03/2019,"5,054.95","5,055.24","5,008.81","5,009.72"
07/04/2019,"5,054.87","5,058.69","5,038.05","5,054.95"
07/05/2019,"5,075.73","5,076.73","5,016.10","5,054.87"
07/08/2019,"5,066.69","5,076.79","5,048.07","5,075.73"
07/09/2019,"5,054.21","5,074.86","5,036.69","5,066.69"
07/10/2019,"5,073.48","5,074.68","5,046.87","5,054.21"
07/11/2019,"5,074.88","5,090.74","5,068.81","5,073.48"
07/12/2019,"5,068.41","5,086.49","5,066.87","5,074.88"
07/15/2019,"5,076.43","5,080.12","5,062.25","5,068.41"
07/17/2019,"5,050.75","5,083.16","5,039.63","5,076.43"
07/18/2019,"5,041.09","5,057.89","5,035.74","5,050.75"
07/19/2019,"5,052.72","5,059.69","5,027.28","5,041.08"
07/22/2019,"5,032.09","5,063.89","5,023.13","5,052.72"
07/23/2019,"4,997.63","5,041.20","4,991.67","5,032.09"
07/24/2019,"4,969.33","4,998.95","4,966.32","4,997.63"
07/25/2019,"4,992.75","4,993.40","4,962.73","4,969.33"
07/26/2019,"4,981.09","5,018.57","4,974.62","4,992.75"
07/29/2019,"5,000.71","5,001.74","4,980.34","4,981.09"
07/30/2019,"5,001.10","5,008.67","4,986.69","5,000.71"
07/31/2019,"4,972.36","5,008.56","4,972.11","5,001.10"
08/01/2019,"4,940.81","4,990.99","4,940.40","4,972.36"
08/02/2019,"4,885.29","4,940.81","4,872.05","4,940.81"
08/05/2019,"4,780.39","4,885.29","4,758.58","4,885.29"
08/06/2019,"4,777.87","4,837.25","4,777.87","4,780.39"
08/07/2019,"4,811.07","4,826.45","4,763.22","4,777.87"
08/08/2019,"4,910.58","4,913.05","4,811.07","4,811.07"
08/09/2019,"4,913.10","4,941.33","4,891.42","4,910.08"
08/12/2019,"4,827.53","4,913.10","4,802.81","4,913.10"
08/13/2019,"4,845.60","4,873.70","4,820.97","4,827.53"
08/14/2019,"4,781.03","4,848.06","4,781.03","4,845.60"
08/16/2019,"4,798.52","4,808.76","4,771.91","4,781.03"
08/19/2019,"4,787.01","4,830.59","4,787.01","4,798.52"
08/20/2019,"4,777.04","4,798.92","4,770.41","4,787.01"
08/21/2019,"4,784.49","4,805.87","4,777.04","4,777.04"
08/22/2019,"4,738.97","4,790.82","4,729.42","4,784.49"
08/23/2019,"4,648.62","4,739.75","4,644.78","4,738.97"
08/26/2019,"4,616.64","4,675.60","4,594.51","4,648.62"
08/27/2019,"4,604.96","4,664.20","4,604.68","4,616.64"
08/28/2019,"4,609.64","4,619.68","4,589.45","4,604.96"
08/29/2019,"4,692.20","4,692.59","4,609.64","4,609.64"
08/30/2019,"4,804.37","4,804.58","4,683.88","4,692.20"
09/02/2019,"4,773.74","4,804.80","4,764.81","4,804.37"
09/03/2019,"4,721.78","4,772.20","4,718.29","4,772.20"
09/04/2019,"4,757.24","4,759.92","4,713.35","4,713.35"
09/05/2019,"4,817.83","4,822.96","4,757.44","4,757.44"
09/06/2019,"4,822.26","4,838.15","4,811.08","4,817.83"
09/09/2019,"4,860.63","4,865.53","4,820.61","4,823.57"
09/10/2019,"4,880.27","4,880.60","4,844.89","4,860.63"
09/11/2019,"4,957.00","4,957.00","4,858.89","4,880.27"
09/12/2019,"4,974.80","4,975.85","4,939.32","4,957.00"
09/13/2019,"5,004.44","5,008.70","4,962.15","4,974.79"
09/16/2019,"5,069.68","5,069.68","4,985.30","5,004.44"
09/17/2019,"5,072.93","5,072.93","5,028.57","5,069.68"
09/23/2019,"5,025.21","5,078.87","5,020.35","5,072.93"
09/24/2019,"5,000.64","5,041.30","4,988.29","5,025.21"
09/25/2019,"5,006.24","5,006.24","4,954.54","5,000.64"
09/26/2019,"5,026.19","5,026.19","5,003.71","5,006.24"
09/27/2019,"5,099.64","5,152.30","5,026.19","5,026.19"
09/30/2019,"5,059.04","5,121.34","5,037.75","5,099.64"
10/01/2019,"5,042.61","5,063.36","5,028.11","5,059.04"
10/02/2019,"5,021.67","5,046.11","5,007.77","5,042.61"
10/03/2019,"5,000.77","5,025.26","4,983.82","5,021.67"
10/04/2019,"5,040.20","5,044.18","5,000.77","5,000.77"
10/07/2019,"5,050.95","5,051.36","5,027.19","5,040.20"
10/08/2019,"5,041.19","5,050.95","5,020.46","5,050.95"
10/09/2019,"5,032.56","5,061.87","5,028.60","5,041.19"
10/10/2019,"5,056.11","5,062.25","5,028.96","5,032.56"
10/11/2019,"5,136.60","5,136.60","5,056.11","5,056.11"
10/14/2019,"5,131.57","5,146.64","5,119.96","5,136.60"
10/15/2019,"5,157.50","5,157.50","5,127.22","5,131.57"
10/16/2019,"5,150.11","5,157.50","5,125.05","5,157.50"
10/17/2019,"5,172.31","5,180.53","5,143.16","5,150.11"
10/18/2019,"5,192.39","5,192.39","5,167.04","5,172.31"
10/21/2019,"4,953.20","5,194.01","4,920.75","5,192.39"
10/22/2019,"4,992.77","5,018.91","4,925.86","4,953.20"
10/23/2019,"4,910.54","5,005.60","4,896.75","4,992.77"
10/24/2019,"5,014.95","5,014.95","4,853.51","4,910.54"
10/25/2019,"4,943.85","5,014.95","4,942.69","5,014.95"
10/28/2019,"4,962.34","4,972.95","4,942.84","4,943.85"
10/29/2019,"4,880.87","4,963.38","4,852.22","4,962.34"
10/30/2019,"4,744.13","4,881.01","4,699.61","4,880.87"
11/04/2019,"4,801.56","4,836.45","4,744.13","4,744.13"
11/05/2019,"4,730.12","4,801.57","4,686.11","4,801.56"
11/06/2019,"4,599.38","4,732.09","4,566.30","4,730.12"
11/07/2019,"4,672.77","4,672.78","4,597.05","4,599.38"
11/08/2019,"4,690.88","4,704.03","4,654.59","4,672.77"
11/11/2019,"4,619.59","4,690.88","4,596.30","4,690.88"
11/12/2019,"4,544.20","4,619.96","4,425.29","4,619.59"
11/13/2019,"4,412.25","4,546.93","4,408.17","4,544.20"
11/14/2019,"4,498.52","4,505.82","4,411.90","4,412.25"
11/15/2019,"4,861.44","4,863.23","4,498.52","4,498.52"
11/18/2019,"4,814.17","4,891.27","4,777.53","4,861.44"
11/19/2019,"4,791.88","4,817.73","4,749.79","4,814.17"
11/20/2019,"4,786.12","4,817.03","4,743.84","4,791.88"
11/21/2019,"4,744.30","4,790.43","4,734.95","4,786.12"
11/22/2019,"4,729.90","4,752.99","4,691.15","4,744.30"
11/25/2019,"4,651.65","4,729.90","4,649.70","4,729.90"
11/26/2019,"4,563.00","4,672.18","4,547.94","4,651.65"
11/27/2019,"4,596.44","4,613.05","4,559.78","4,563.00"
11/28/2019,"4,518.68","4,599.36","4,493.69","4,596.44"
11/29/2019,"4,538.80","4,600.75","4,497.56","4,518.68"
12/02/2019,"4,501.58","4,553.04","4,499.70","4,538.80"
12/03/2019,"4,492.92","4,512.05","4,468.30","4,501.58"
12/04/2019,"4,644.98","4,644.98","4,492.92","4,492.92"
12/05/2019,"4,735.10","4,751.60","4,644.98","4,644.98"
12/06/2019,"4,723.80","4,758.39","4,717.90","4,735.10"
12/09/2019,"4,748.20","4,753.33","4,711.51","4,723.80"
12/10/2019,"4,759.73","4,773.62","4,739.61","4,748.20"
12/11/2019,"4,784.73","4,813.93","4,759.73","4,759.73"
12/12/2019,"4,815.27","4,821.50","4,783.51","4,784.73"
12/13/2019,"4,884.92","4,908.11","4,815.27","4,815.27"
12/16/2019,"4,876.31","4,904.18","4,873.57","4,884.92"
12/17/2019,"4,814.68","4,879.68","4,794.24","4,876.31"
12/18/2019,"4,739.00","4,821.64","4,706.27","4,814.68"
12/19/2019,"4,752.91","4,757.71","4,723.29","4,739.00"
12/20/2019,"4,735.95","4,767.69","4,729.03","4,752.91"
12/23/2019,"4,726.10","4,753.86","4,707.36","4,735.95"
12/24/2019,"4,714.65","4,730.54","4,710.15","4,726.10"
12/26/2019,"4,673.77","4,728.96","4,656.29","4,714.65"
12/27/2019,"4,669.06","4,675.84","4,642.09","4,673.77"
12/30/2019,"4,669.85","4,688.87","4,652.73","4,669.06"
01/02/2020,"4,804.59","4,804.92","4,669.85","4,669.85"
01/03/2020,"4,839.70","4,839.70","4,744.47","4,804.59"
01/06/2020,"4,884.39","4,885.46","4,785.43","4,839.70"
01/07/2020,"4,913.36","4,919.55","4,869.73","4,884.38"
01/08/2020,"4,909.76","4,920.98","4,875.29","4,913.36"
01/09/2020,"4,898.43","4,914.40","4,862.25","4,909.76"
01/10/2020,"4,996.19","4,996.36","4,889.91","4,898.43"
01/13/2020,"4,958.79","5,000.59","4,950.83","4,996.19"
01/14/2020,"4,922.18","4,969.83","4,901.41","4,958.79"
01/15/2020,"4,883.68","4,924.70","4,847.12","4,922.18"
01/16/2020,"4,893.52","4,893.52","4,866.51","4,883.68"
01/17/2020,"4,881.32","4,912.14","4,866.76","4,893.52"
01/20/2020,"4,816.01","4,894.43","4,810.51","4,881.32"
01/21/2020,"4,693.92","4,816.01","4,693.16","4,816.01"
01/22/2020,"4,670.02","4,720.49","4,666.50","4,693.92"
01/23/2020,"4,652.01","4,675.98","4,610.56","4,670.02"
01/24/2020,"4,640.86","4,694.90","4,634.08","4,652.01"
01/27/2020,"4,561.60","4,642.30","4,530.07","4,640.86"
01/28/2020,"4,570.42","4,607.41","4,556.74","4,561.60"
01/29/2020,"4,573.85","4,582.60","4,551.61","4,570.42"
01/30/2020,"4,550.91","4,573.85","4,516.97","4,573.85"
01/31/2020,"4,572.06","4,589.34","4,538.99","4,550.91"
02/03/2020,"4,579.45","4,605.01","4,571.08","4,572.06"
02/04/2020,"4,669.25","4,685.89","4,579.45","4,579.45"
02/05/2020,"4,675.28","4,710.08","4,665.86","4,669.25"
02/06/2020,"4,699.53","4,710.61","4,675.28","4,675.28"
02/07/2020,"4,686.83","4,705.75","4,658.59","4,699.53"
02/10/2020,"4,627.63","4,688.03","4,619.97","4,686.83"
02/11/2020,"4,660.27","4,660.88","4,627.63","4,627.63"
02/12/2020,"4,667.90","4,688.14","4,655.79","4,660.27"
02/13/2020,"4,659.81","4,667.90","4,625.90","4,667.90"
02/14/2020,"4,655.86","4,670.34","4,627.48","4,659.81"
02/17/2020,"4,631.33","4,657.43","4,618.82","4,655.86"
02/18/2020,"4,543.62","4,631.80","4,543.39","4,631.33"
02/19/2020,"4,519.19","4,568.83","4,494.48","4,543.62"
02/20/2020,"4,536.05","4,550.30","4,503.68","4,519.19"
02/21/2020,"4,532.62","4,540.99","4,523.69","4,536.05"
02/24/2020,"4,430.63","4,532.62","4,420.64","4,532.62"
02/25/2020,"4,361.41","4,439.09","4,361.41","4,430.63"
02/26/2020,"4,297.70","4,363.65","4,297.70","4,361.41"
02/27/2020,"4,263.24","4,299.74","4,203.91","4,297.70"
02/28/2020,"4,122.63","4,263.24","4,122.63","4,263.24"
03/02/2020,"4,283.63","4,286.79","4,121.42","4,122.63"
03/03/2020,"4,289.40","4,368.63","4,282.21","4,283.63"
03/04/2020,"4,366.36","4,368.06","4,289.40","4,289.40"
03/05/2020,"4,324.09","4,366.36","4,298.56","4,366.36"
03/06/2020,"4,229.46","4,324.09","4,228.82","4,324.09"
03/09/2020,"4,035.54","4,229.46","4,035.54","4,229.46"
03/10/2020,"4,070.29","4,168.28","4,035.54","4,035.54"
03/11/2020,"3,979.67","4,073.13","3,972.71","4,070.29"
03/12/2020,"3,727.60","3,979.67","3,704.09","3,979.67"
03/13/2020,"3,763.57","3,886.33","3,683.47","3,727.60"
03/16/2020,"3,232.36","3,765.08","3,224.82","3,763.57"
03/17/2020,"3,271.40","3,395.34","3,219.54","3,232.36"
03/18/2020,"2,876.03","3,271.40","2,850.78","3,271.40"
03/19/2020,"3,081.43","3,178.23","2,876.03","2,876.03"
03/20/2020,"3,077.18","3,310.93","3,075.96","3,081.43"
03/23/2020,"2,897.83","3,128.02","2,896.91","3,077.18"
03/24/2020,"2,894.74","3,100.76","2,894.01","2,897.83"
03/25/2020,"3,123.13","3,146.73","2,894.74","2,894.74"
03/26/2020,"3,214.57","3,364.69","3,067.42","3,123.13"
03/27/2020,"3,228.37","3,240.64","3,135.46","3,214.57"
03/30/2020,"3,316.27","3,358.34","3,228.37","3,228.37"
03/31/2020,"3,487.49","3,513.06","3,316.27","3,316.27"
04/01/2020,"3,421.39","3,487.49","3,343.62","3,487.49"
04/02/2020,"3,559.25","3,609.08","3,421.39","3,421.39"
04/03/2020,"3,674.43","3,695.11","3,559.25","3,559.25"
04/06/2020,"3,748.47","3,815.64","3,674.43","3,674.43"
04/07/2020,"3,711.66","3,824.01","3,711.05","3,748.47"
04/08/2020,"3,759.76","3,788.07","3,711.59","3,711.66"
04/09/2020,"3,822.18","3,860.98","3,759.76","3,759.76"
04/13/2020,"3,859.16","3,859.84","3,758.03","3,822.18"
04/14/2020,"3,919.91","3,930.67","3,859.16","3,859.16"
04/15/2020,"3,854.71","3,924.13","3,838.18","3,919.91"
04/16/2020,"3,802.47","3,868.87","3,784.70","3,854.71"
04/17/2020,"3,819.61","3,899.89","3,802.47","3,802.47"
04/20/2020,"3,748.31","3,822.83","3,748.24","3,819.61"
04/21/2020,"3,652.87","3,748.31","3,645.38","3,748.31"
04/22/2020,"3,678.50","3,716.16","3,652.87","3,652.87"
04/23/2020,"3,748.49","3,748.84","3,678.50","3,678.50"
04/24/2020,"3,679.67","3,754.16","3,679.28","3,748.49"
04/27/2020,"3,811.71","3,811.73","3,679.67","3,679.67"
04/28/2020,"3,900.92","3,925.36","3,810.89","3,810.89"
04/29/2020,"4,014.70","4,020.21","3,900.92","3,900.92"
04/30/2020,"3,977.56","4,017.47","3,943.62","4,014.70"
05/04/2020,"3,853.27","3,980.42","3,829.37","3,977.56"
05/05/2020,"3,922.40","3,946.60","3,853.27","3,853.27"
05/06/2020,"3,964.94","3,992.32","3,922.40","3,922.40"
05/07/2020,"3,999.54","4,036.99","3,964.94","3,964.94"
05/08/2020,"3,818.24","4,026.75","3,818.24","3,999.54"
05/11/2020,"3,811.75","3,856.62","3,793.50","3,818.24"
05/12/2020,"3,734.75","3,863.03","3,734.28","3,811.75"
05/13/2020,"3,604.91","3,737.09","3,542.98","3,734.75"
05/14/2020,"3,641.64","3,669.15","3,534.32","3,604.91"
05/15/2020,"3,622.15","3,680.11","3,611.36","3,641.64"
05/18/2020,"3,763.21","3,782.21","3,622.15","3,622.15"
05/19/2020,"3,729.97","3,796.27","3,729.86","3,763.21"
05/20/2020,"3,755.08","3,775.30","3,729.97","3,729.97"
05/22/2020,"3,723.57","3,776.96","3,716.62","3,755.08"
05/25/2020,"3,751.39","3,782.96","3,706.73","3,723.57"
05/26/2020,"3,733.78","3,792.53","3,727.53","3,751.39"
05/27/2020,"3,769.32","3,781.17","3,721.22","3,733.78"
05/28/2020,"3,658.11","3,775.78","3,654.83","3,769.32"
05/29/2020,"3,647.60","3,661.11","3,591.31","3,658.11"
06/01/2020,"3,685.72","3,714.61","3,616.68","3,647.60"
06/02/2020,"3,750.37","3,776.27","3,685.72","3,685.72"
06/03/2020,"3,833.47","3,833.47","3,749.81","3,750.37"
06/04/2020,"3,885.41","3,885.41","3,793.76","3,833.47"
06/05/2020,"4,033.42","4,055.09","3,885.41","3,885.41"
06/08/2020,"4,139.89","4,149.02","4,033.42","4,033.42"
06/09/2020,"4,126.17","4,148.38","4,043.29","4,139.89"
06/10/2020,"4,063.89","4,145.92","4,062.53","4,126.17"
06/11/2020,"3,944.23","4,063.89","3,926.82","4,063.89"
06/12/2020,"3,981.84","4,019.20","3,944.23","3,944.23"
06/15/2020,"3,893.13","3,981.84","3,888.23","3,981.84"
06/16/2020,"3,939.79","3,981.46","3,893.13","3,893.13"
06/17/2020,"3,996.60","4,024.38","3,939.79","3,939.79"
06/18/2020,"3,990.77","4,006.24","3,974.02","3,996.60"
06/19/2020,"4,026.79","4,039.73","3,990.77","3,990.77"
06/22/2020,"3,998.52","4,042.47","3,975.62","4,026.79"
06/23/2020,"4,031.73","4,031.73","3,974.34","3,998.52"
06/24/2020,"4,036.23","4,046.84","4,001.36","4,031.73"
06/25/2020,"4,038.31","4,050.91","4,005.23","4,036.23"
06/26/2020,"3,990.95","4,046.14","3,990.59","4,038.31"
06/30/2020,"3,959.02","4,009.83","3,959.02","3,990.95"
07/01/2020,"4,037.07","4,046.39","3,959.02","3,959.02"
07/02/2020,"4,177.89","4,179.43","4,037.07","4,037.07"
07/03/2020,"4,202.17","4,224.38","4,172.17","4,177.89"
07/06/2020,"4,284.42","4,310.22","4,202.17","4,202.17"
07/07/2020,"4,257.67","4,284.42","4,214.24","4,284.42"
07/08/2020,"4,185.91","4,259.50","4,135.14","4,257.67"
07/09/2020,"4,032.15","4,185.91","4,008.10","4,185.91"
07/10/2020,"4,029.40","4,043.42","3,999.82","4,032.15"
07/13/2020,"4,115.28","4,142.33","4,029.40","4,029.40"
07/14/2020,"4,180.91","4,181.06","4,081.60","4,115.28"
07/15/2020,"4,041.62","4,206.05","4,041.62","4,180.91"
07/17/2020,"3,994.73","4,047.76","3,968.61","4,041.62"
07/20/2020,"3,924.61","3,994.73","3,891.36","3,994.73"
07/21/2020,"3,887.28","3,938.53","3,882.87","3,924.61"
07/22/2020,"3,944.82","3,966.92","3,865.31","3,887.28"
07/23/2020,"3,984.28","4,026.37","3,940.04","3,944.82"
07/24/2020,"4,014.88","4,029.43","3,956.48","3,984.28"
07/27/2020,"4,062.65","4,071.46","4,014.88","4,014.88"
07/28/2020,"4,055.59","4,086.88","4,055.18","4,062.65"
07/29/2020,"3,983.25","4,055.59","3,969.25","4,055.59"
07/30/2020,"3,953.30","3,983.25","3,919.24","3,983.25"
07/31/2020,"4,017.08","4,017.08","3,953.30","3,953.30"
08/03/2020,"3,946.52","4,017.08","3,946.52","4,017.08"
08/04/2020,"3,926.25","4,008.35","3,925.87","3,946.52"
08/05/2020,"3,932.35","3,979.06","3,926.25","3,926.25"
08/06/2020,"3,968.74","3,969.51","3,917.71","3,932.35"
08/07/2020,"3,988.90","4,003.18","3,968.74","3,968.74"
08/10/2020,"3,984.09","4,026.54","3,983.86","3,988.90"
08/11/2020,"4,000.25","4,026.26","3,984.09","3,984.09"
08/12/2020,"4,036.54","4,044.89","4,000.25","4,000.25"
08/13/2020,"4,004.99","4,079.03","3,993.01","4,036.54"
08/14/2020,"4,017.11","4,027.40","4,004.99","4,004.99"
08/17/2020,"4,041.02","4,044.74","4,017.11","4,017.11"
08/18/2020,"4,023.76","4,051.68","4,004.07","4,041.02"
08/19/2020,"3,998.80","4,028.19","3,986.51","4,023.76"
08/20/2020,"3,977.97","3,998.80","3,967.14","3,998.80"
08/21/2020,"3,994.71","3,994.87","3,967.79","3,977.97"
08/24/2020,"3,962.37","4,012.08","3,956.64","3,994.71"
08/25/2020,"3,897.73","3,973.03","3,885.75","3,962.37"
08/26/2020,"3,861.65","3,907.75","3,855.61","3,897.73"
08/27/2020,"3,887.80","3,887.80","3,849.75","3,861.65"
08/28/2020,"3,873.77","3,921.54","3,868.09","3,887.80"
08/31/2020,"3,767.15","3,886.24","3,767.15","3,873.77"
09/01/2020,"3,752.95","3,790.75","3,737.54","3,767.15"
09/02/2020,"3,814.95","3,828.91","3,752.95","3,752.95"
09/03/2020,"3,845.87","3,845.90","3,795.08","3,814.95"
09/04/2020,"3,810.61","3,858.64","3,794.63","3,845.87"
09/07/2020,"3,854.21","3,856.48","3,810.61","3,810.61"
09/08/2020,"3,826.07","3,854.21","3,814.18","3,854.21"
09/09/2020,"3,771.72","3,837.57","3,771.72","3,826.07"
09/10/2020,"3,687.17","3,782.86","3,673.07","3,771.72"
09/11/2020,"3,712.67","3,715.52","3,657.85","3,687.17"
09/14/2020,"3,709.84","3,748.36","3,708.25","3,712.67"
09/15/2020,"3,721.71","3,735.93","3,709.84","3,709.84"
09/16/2020,"3,717.06","3,723.14","3,696.64","3,721.71"
09/17/2020,"3,729.64","3,729.64","3,678.60","3,717.06"
09/21/2020,"3,643.85","3,729.64","3,640.63","3,729.64"
09/22/2020,"3,634.63","3,678.01","3,634.63","3,643.85"
09/23/2020,"3,520.45","3,634.87","3,512.53","3,634.63"
09/24/2020,"3,571.42","3,592.59","3,520.45","3,520.45"
09/25/2020,"3,589.04","3,589.04","3,563.08","3,571.42"
09/28/2020,"3,595.39","3,632.14","3,589.04","3,589.04"
09/29/2020,"3,555.32","3,595.40","3,539.67","3,595.39"
09/30/2020,"3,637.30","3,637.30","3,555.32","3,555.32"
10/01/2020,"3,635.47","3,660.67","3,618.86","3,637.30"
10/02/2020,"3,666.03","3,674.00","3,591.29","3,635.47"
10/05/2020,"3,675.83","3,698.75","3,663.46","3,666.03"
10/06/2020,"3,621.71","3,682.93","3,612.85","3,675.83"
10/07/2020,"3,588.35","3,629.38","3,580.64","3,621.71"
10/08/2020,"3,650.27","3,650.35","3,588.35","3,588.35"
10/09/2020,"3,677.45","3,692.33","3,635.59","3,650.27"
10/13/2020,"3,654.69","3,690.67","3,636.54","3,677.45"
10/14/2020,"3,664.40","3,666.27","3,640.43","3,654.69"
10/15/2020,"3,661.72","3,690.63","3,619.65","3,664.40"
10/16/2020,"3,640.58","3,674.64","3,628.76","3,661.72"
10/19/2020,"3,631.80","3,677.22","3,631.38","3,640.58"
10/20/2020,"3,672.92","3,678.99","3,631.80","3,631.80"
10/21/2020,"3,782.66","3,782.95","3,670.15","3,672.92"
10/22/2020,"3,811.29","3,817.12","3,758.84","3,782.66"
10/23/2020,"3,807.95","3,831.40","3,799.49","3,811.29"
10/26/2020,"3,705.99","3,808.43","3,701.14","3,807.95"
10/27/2020,"3,697.00","3,751.63","3,675.47","3,705.99"
10/28/2020,"3,629.48","3,697.91","3,611.73","3,697.00"
10/29/2020,"3,582.64","3,636.44","3,574.45","3,629.48"
10/30/2020,"3,539.92","3,598.52","3,530.26","3,582.64"
11/02/2020,"3,571.13","3,606.53","3,539.92","3,539.92"
11/03/2020,"3,521.45","3,601.44","3,506.29","3,571.13"
11/04/2020,"3,518.05","3,554.87","3,489.65","3,521.45"
11/05/2020,"3,703.94","3,705.51","3,518.05","3,518.05"
11/06/2020,"3,812.38","3,812.79","3,686.68","3,703.94"
11/09/2020,"3,928.48","3,951.95","3,812.38","3,812.38"
11/10/2020,"3,977.45","3,978.10","3,887.19","3,928.48"
11/11/2020,"3,979.34","4,010.47","3,948.65","3,977.45"
11/12/2020,"3,916.50","3,981.86","3,916.50","3,979.34"
11/13/2020,"4,005.35","4,007.43","3,916.50","3,916.50"
11/16/2020,"4,047.42","4,097.03","4,005.35","4,005.35"
11/17/2020,"4,053.50","4,054.93","3,993.50","4,047.42"
11/18/2020,"4,108.79","4,109.19","4,053.50","4,053.50"
11/19/2020,"4,028.30","4,110.32","4,018.53","4,108.79"
11/20/2020,"4,054.53","4,067.73","4,024.86","4,028.30"
11/23/2020,"4,131.26","4,131.91","4,054.53","4,054.53"
11/24/2020,"4,197.27","4,208.96","4,131.26","4,131.26"
11/25/2020,"4,135.16","4,207.34","4,127.63","4,197.27"
11/26/2020,"4,121.96","4,165.08","4,091.91","4,135.16"
11/27/2020,"4,117.03","4,155.86","4,115.57","4,121.96"
11/30/2020,"4,032.87","4,152.09","4,032.87","4,117.03"
12/01/2020,"4,110.59","4,114.11","4,032.87","4,032.87"
12/02/2020,"4,157.12","4,157.21","4,091.74","4,110.59"
12/03/2020,"4,188.80","4,188.80","4,142.26","4,157.12"
12/04/2020,"4,191.18","4,213.34","4,173.49","4,188.80"
12/07/2020,"4,130.41","4,195.51","4,081.26","4,191.18"
12/09/2020,"4,148.70","4,193.63","4,125.72","4,130.41"
12/10/2020,"4,106.42","4,181.90","4,106.37","4,148.70"
12/11/2020,"4,085.89","4,123.23","4,054.65","4,106.42"
12/14/2020,"4,052.84","4,127.62","4,052.46","4,085.89"
12/15/2020,"4,061.66","4,084.87","4,041.40","4,052.84"
12/16/2020,"4,110.99","4,111.42","4,061.66","4,061.66"
12/17/2020,"4,199.33","4,200.52","4,110.60","4,110.99"
12/18/2020,"4,210.69","4,251.72","4,199.33","4,199.33"
12/21/2020,"4,162.96","4,210.69","4,114.76","4,210.69"
12/22/2020,"4,190.03","4,244.30","4,162.96","4,162.96"
12/23/2020,"4,156.29","4,217.58","4,143.78","4,190.03"
12/24/2020,"4,133.35","4,157.33","4,106.11","4,156.29"
12/28/2020,"4,180.22","4,192.13","4,133.35","4,133.35"
12/29/2020,"4,197.87","4,214.29","4,180.22","4,180.22"
12/30/2020,"4,177.22","4,222.26","4,177.22","4,197.87"
01/04/2021,"4,257.44","4,273.95","4,177.22","4,177.22"
01/05/2021,"4,367.18","4,367.18","4,244.84","4,257.44"
01/06/2021,"4,417.84","4,438.32","4,366.00","4,367.18"
01/07/2021,"4,528.85","4,529.23","4,417.84","4,417.84"
01/08/2021,"4,560.02","4,568.77","4,491.60","4,528.85"
01/11/2021,"4,552.52","4,560.02","4,497.32","4,560.02"
01/12/2021,"4,600.12","4,610.61","4,546.03","4,552.52"
01/13/2021,"4,658.71","4,658.71","4,600.12","4,600.12"
01/14/2021,"4,640.84","4,675.73","4,609.03","4,658.71"
01/15/2021,"4,572.10","4,641.04","4,571.97","4,640.84"
01/18/2021,"4,624.11","4,624.11","4,531.67","4,572.10"
01/19/2021,"4,669.74","4,691.67","4,624.11","4,624.11"
01/20/2021,"4,637.84","4,697.16","4,631.56","4,669.74"
01/21/2021,"4,579.27","4,669.61","4,579.27","4,637.84"
01/22/2021,"4,481.00","4,579.27","4,481.00","4,579.27"
01/25/2021,"4,488.93","4,545.51","4,471.53","4,481.00"
01/26/2021,"4,497.74","4,533.54","4,457.27","4,488.93"
01/27/2021,"4,417.99","4,497.74","4,395.55","4,497.74"
01/28/2021,"4,410.80","4,426.97","4,353.99","4,417.99"
01/29/2021,"4,288.65","4,420.61","4,288.65","4,410.80"
02/01/2021,"4,381.01","4,381.68","4,288.65","4,288.65"
02/02/2021,"4,416.95","4,453.04","4,381.01","4,381.01"
02/03/2021,"4,401.87","4,438.86","4,400.39","4,416.95"
02/04/2021,"4,412.00","4,416.02","4,373.59","4,401.87"
02/05/2021,"4,449.45","4,460.33","4,411.67","4,412.00"
02/08/2021,"4,487.09","4,494.28","4,449.45","4,449.45"
02/09/2021,"4,542.72","4,543.43","4,478.50","4,487.09"
02/10/2021,"4,527.65","4,558.82","4,490.95","4,542.72"
02/11/2021,"4,548.20","4,559.01","4,508.40","4,527.65"
02/12/2021,"4,599.09","4,599.71","4,531.61","4,548.20"
02/15/2021,"4,620.12","4,625.34","4,579.58","4,599.09"
02/16/2021,"4,653.07","4,679.38","4,620.12","4,620.12"
02/17/2021,"4,559.20","4,655.73","4,553.02","4,653.07"
02/18/2021,"4,518.64","4,559.65","4,496.05","4,559.20"
02/19/2021,"4,623.74","4,623.86","4,517.95","4,518.64"
02/22/2021,"4,569.34","4,623.74","4,551.61","4,623.74"
02/23/2021,"4,489.21","4,569.34","4,482.75","4,569.34"
02/24/2021,"4,576.41","4,594.17","4,489.21","4,489.21"
02/25/2021,"4,574.43","4,608.32","4,568.00","4,576.41"
02/26/2021,"4,573.37","4,596.93","4,551.20","4,574.43"
03/01/2021,"4,637.54","4,640.59","4,573.37","4,573.37"
03/02/2021,"4,720.09","4,749.76","4,634.05","4,637.54"
03/03/2021,"4,787.45","4,799.02","4,710.22","4,720.09"
03/04/2021,"4,700.57","4,789.09","4,700.57","4,787.45"
03/05/2021,"4,713.73","4,749.35","4,655.50","4,700.57"
03/08/2021,"4,712.95","4,715.65","4,676.50","4,713.73"
03/09/2021,"4,838.18","4,846.74","4,709.04","4,712.95"
03/10/2021,"4,888.55","4,892.06","4,821.44","4,838.18"
03/11/2021,"4,881.10","4,931.89","4,850.20","4,888.55"
03/12/2021,"4,893.23","4,894.25","4,831.35","4,881.10"
03/15/2021,"4,913.78","4,929.77","4,890.37","4,893.23"
03/16/2021,"4,905.05","4,929.24","4,877.03","4,913.78"
03/17/2021,"4,909.40","4,917.27","4,870.78","4,905.05"
03/18/2021,"4,878.67","4,920.02","4,866.47","4,909.40"
03/19/2021,"4,854.92","4,878.97","4,819.35","4,878.67"
03/22/2021,"4,831.62","4,867.38","4,806.22","4,854.92"
03/23/2021,"4,802.90","4,831.62","4,796.37","4,831.62"
03/24/2021,"4,842.26","4,862.74","4,789.84","4,802.90"
03/25/2021,"4,767.79","4,846.75","4,737.73","4,842.26"
03/26/2021,"4,854.42","4,860.45","4,767.79","4,767.79"
03/29/2021,"4,916.69","4,950.28","4,854.42","4,854.42"
03/30/2021,"4,928.15","4,936.04","4,875.48","4,916.69"
03/31/2021,"4,898.09","4,958.43","4,894.67","4,928.15"
04/01/2021,"4,885.26","4,921.70","4,843.50","4,898.09"
04/05/2021,"4,871.17","4,897.40","4,859.74","4,885.26"
04/06/2021,"4,860.65","4,873.56","4,857.88","4,871.17"
04/07/2021,"4,859.07","4,860.65","4,833.21","4,860.65"
04/08/2021,"4,910.19","4,910.33","4,857.11","4,859.07"
04/09/2021,"4,958.04","4,958.16","4,904.36","4,910.19"
04/12/2021,"4,950.06","4,959.19","4,921.95","4,958.04"
04/13/2021,"4,901.91","4,953.09","4,893.09","4,950.06"
04/14/2021,"4,927.08","4,927.64","4,885.45","4,901.91"
04/15/2021,"4,942.16","4,942.41","4,896.00","4,927.08"
04/16/2021,"4,988.17","4,998.56","4,942.16","4,942.16"
04/19/2021,"4,970.29","5,005.97","4,960.35","4,988.17"
04/20/2021,"4,975.80","4,975.80","4,916.41","4,970.29"
04/21/2021,"4,932.18","4,980.40","4,930.87","4,975.80"
04/22/2021,"4,843.82","4,937.66","4,808.19","4,932.18"
04/23/2021,"4,839.14","4,890.49","4,814.49","4,843.82"
04/26/2021,"4,864.86","4,906.32","4,839.14","4,839.14"
04/27/2021,"4,748.52","4,875.69","4,747.07","4,864.86"
04/28/2021,"4,586.27","4,773.81","4,577.21","4,748.52"
04/29/2021,"4,542.54","4,670.71","4,529.55","4,586.27"
04/30/2021,"4,472.84","4,565.98","4,472.84","4,542.54"
05/03/2021,"4,589.24","4,590.98","4,472.84","4,472.84"
05/04/2021,"4,648.82","4,649.19","4,589.24","4,589.24"
05/05/2021,"4,704.25","4,722.17","4,648.82","4,648.82"
05/06/2021,"4,630.72","4,730.68","4,616.13","4,704.25"
05/07/2021,"4,618.80","4,675.23","4,611.98","4,630.72"
05/10/2021,"4,594.60","4,660.01","4,582.97","4,618.80"
05/11/2021,"4,540.80","4,594.60","4,511.25","4,594.60"
05/12/2021,"4,485.58","4,540.80","4,485.58","4,540.80"
05/13/2021,"4,443.64","4,534.00","4,443.64","4,485.58"
05/14/2021,"4,574.69","4,576.82","4,443.64","4,443.64"
05/17/2021,"4,147.86","4,574.69","4,125.18","4,574.69"
05/18/2021,"4,143.96","4,248.04","4,080.97","4,147.86"
05/19/2021,"4,030.39","4,143.96","4,016.06","4,143.96"
05/20/2021,"4,079.99","4,094.31","4,003.99","4,030.39"
05/24/2021,"4,115.37","4,135.69","4,079.99","4,079.99"
05/25/2021,"4,091.05","4,173.73","4,069.09","4,115.37"
05/26/2021,"4,119.06","4,119.07","4,076.07","4,091.05"
05/27/2021,"4,160.26","4,206.64","4,119.06","4,119.06"
05/28/2021,"4,258.75","4,282.66","4,160.26","4,160.26"
05/31/2021,"4,356.43","4,356.84","4,258.75","4,258.75"
06/01/2021,"4,396.10","4,400.20","4,347.26","4,356.43"
06/02/2021,"4,393.97","4,408.63","4,358.43","4,396.10"
06/03/2021,"4,226.90","4,401.91","4,194.08","4,393.97"
06/04/2021,"4,225.88","4,229.74","4,176.61","4,226.90"
06/07/2021,"4,131.38","4,249.17","4,131.38","4,225.88"
06/08/2021,"4,172.34","4,197.78","4,131.38","4,131.38"
06/09/2021,"4,268.36","4,268.54","4,169.22","4,172.34"
06/10/2021,"4,260.22","4,303.97","4,253.99","4,268.36"
06/11/2021,"4,310.64","4,319.70","4,260.22","4,260.22"
06/14/2021,"4,344.91","4,369.16","4,310.64","4,310.64"
06/15/2021,"4,361.62","4,386.69","4,292.87","4,344.91"
06/16/2021,"4,356.51","4,399.68","4,337.07","4,361.62"
06/17/2021,"4,330.26","4,362.58","4,316.09","4,356.51"
06/18/2021,"4,294.39","4,334.27","4,283.14","4,330.26"
06/22/2021,"4,371.93","4,384.79","4,294.39","4,294.39"
06/23/2021,"4,370.24","4,427.25","4,368.01","4,371.93"
06/24/2021,"4,421.23","4,422.37","4,369.71","4,370.24"
06/25/2021,"4,349.51","4,443.90","4,346.35","4,421.23"
06/29/2021,"4,323.69","4,367.00","4,277.08","4,349.51"
06/30/2021,"4,331.33","4,348.81","4,294.77","4,323.69"
07/01/2021,"4,345.51","4,371.54","4,331.33","4,331.33"
07/02/2021,"4,314.81","4,353.08","4,311.27","4,345.51"
07/05/2021,"4,287.54","4,318.91","4,259.71","4,314.81"
07/06/2021,"4,165.81","4,302.10","4,164.56","4,287.54"
07/07/2021,"4,206.43","4,206.54","4,164.47","4,165.81"
07/08/2021,"4,188.16","4,206.43","4,135.94","4,206.43"
07/09/2021,"4,247.83","4,255.48","4,184.75","4,188.16"
07/12/2021,"4,243.21","4,281.71","4,205.23","4,247.83"
07/13/2021,"4,198.73","4,246.05","4,179.05","4,243.21"
07/14/2021,"4,158.36","4,205.54","4,148.92","4,198.73"
07/15/2021,"4,153.03","4,163.48","4,144.60","4,158.36"
07/19/2021,"4,232.33","4,233.09","4,150.21","4,153.03"
07/20/2021,"4,292.01","4,314.20","4,232.33","4,232.33"
07/21/2021,"4,274.26","4,343.40","4,273.81","4,292.01"
07/22/2021,"4,288.05","4,303.23","4,248.73","4,274.26"
07/23/2021,"4,187.49","4,288.05","4,175.33","4,288.05"
07/26/2021,"4,146.71","4,214.37","4,146.37","4,187.49"
07/27/2021,"4,147.04","4,150.92","4,113.60","4,146.71"
07/28/2021,"4,172.18","4,174.02","4,143.24","4,147.04"
07/29/2021,"4,253.91","4,259.00","4,171.34","4,172.18"
07/30/2021,"4,252.04","4,289.30","4,211.72","4,253.91"
08/02/2021,"4,211.70","4,277.41","4,190.19","4,252.04"
08/03/2021,"4,207.03","4,221.58","4,172.52","4,211.70"
08/04/2021,"4,211.48","4,214.05","4,178.07","4,207.03"
08/05/2021,"4,240.54","4,254.42","4,207.71","4,211.48"
08/06/2021,"4,282.48","4,285.86","4,238.53","4,240.54"
08/09/2021,"4,243.71","4,305.79","4,238.69","4,282.48"
08/10/2021,"4,345.42","4,363.34","4,243.71","4,243.71"
08/11/2021,"4,370.90","4,391.06","4,328.64","4,345.42"
08/12/2021,"4,374.75","4,381.35","4,329.59","4,368.00"
08/13/2021,"4,401.94","4,432.07","4,374.75","4,374.75"
08/16/2021,"4,329.41","4,401.94","4,320.87","4,401.94"
08/17/2021,"4,320.58","4,333.86","4,271.64","4,329.41"
08/18/2021,"4,341.58","4,346.94","4,303.66","4,320.58"
08/19/2021,"4,310.51","4,341.58","4,290.63","4,341.58"
08/20/2021,"4,347.49","4,356.57","4,305.53","4,310.51"
08/23/2021,"4,392.75","4,399.86","4,347.49","4,347.49"
08/24/2021,"4,369.43","4,403.56","4,345.48","4,392.75"
08/25/2021,"4,437.93","4,438.14","4,358.28","4,369.43"
08/26/2021,"4,443.81","4,463.05","4,423.13","4,437.93"
08/27/2021,"4,459.22","4,482.59","4,440.27","4,443.81"
08/30/2021,"4,506.53","4,510.77","4,459.22","4,459.22"
08/31/2021,"4,491.57","4,506.53","4,472.75","4,506.53"
09/01/2021,"4,450.95","4,491.57","4,442.22","4,491.57"
09/02/2021,"4,437.44","4,471.43","4,422.46","4,450.95"
09/03/2021,"4,463.55","4,464.30","4,414.23","4,437.44"
09/06/2021,"4,456.20","4,470.69","4,438.42","4,463.55"
09/07/2021,"4,432.98","4,468.27","4,409.62","4,456.20"
09/08/2021,"4,378.14","4,432.98","4,346.74","4,432.98"
09/09/2021,"4,407.24","4,413.71","4,309.82","4,378.14"
09/10/2021,"4,464.00","4,481.56","4,406.64","4,407.24"
09/13/2021,"4,401.31","4,485.97","4,381.15","4,464.00"
09/14/2021,"4,409.42","4,439.94","4,401.31","4,401.31"
09/15/2021,"4,433.84","4,450.09","4,406.55","4,419.58"
09/16/2021,"4,465.47","4,465.47","4,401.84","4,433.84"
09/20/2021,"4,291.36","4,465.47","4,290.58","4,465.47"
09/21/2021,"4,307.43","4,342.94","4,290.25","4,291.36"
09/22/2021,"4,384.03","4,394.29","4,307.43","4,307.43"
09/23/2021,"4,411.69","4,418.49","4,382.71","4,384.03"
09/24/2021,"4,377.19","4,414.66","4,355.89","4,411.69"
09/27/2021,"4,351.71","4,402.54","4,347.26","4,377.19"
09/28/2021,"4,323.34","4,354.07","4,306.88","4,351.71"
09/29/2021,"4,335.20","4,364.54","4,318.52","4,323.34"
09/30/2021,"4,362.59","4,371.07","4,335.20","4,335.20"
10/01/2021,"4,326.72","4,373.50","4,314.30","4,362.59"
10/04/2021,"4,242.62","4,331.37","4,241.65","4,326.72"
10/05/2021,"4,226.08","4,277.92","4,211.21","4,242.62"
10/06/2021,"4,132.30","4,237.43","4,101.14","4,226.08"
10/07/2021,"4,129.68","4,226.80","4,122.76","4,132.30"
10/08/2021,"4,145.62","4,168.82","4,129.68","4,129.68"
10/12/2021,"4,103.12","4,196.38","4,096.23","4,145.62"
10/13/2021,"4,006.49","4,117.02","3,971.28","4,103.12"
10/14/2021,"3,996.48","4,034.61","3,980.45","4,006.49"
10/15/2021,"3,982.18","4,048.14","3,961.01","3,996.48"
10/18/2021,"4,008.74","4,078.87","3,959.02","3,982.18"
10/19/2021,"3,994.91","4,036.48","3,994.22","4,008.74"
10/20/2021,"4,037.49","4,062.87","3,975.21","3,994.91"
10/21/2021,"4,053.40","4,075.03","4,031.53","4,037.49"
10/22/2021,"4,084.35","4,100.06","4,052.04","4,053.40"
10/25/2021,"4,175.95","4,176.22","4,084.35","4,084.35"
10/26/2021,"4,245.91","4,269.49","4,175.95","4,175.95"
10/27/2021,"4,115.66","4,260.89","4,115.66","4,245.91"
10/28/2021,"4,096.24","4,127.10","4,073.76","4,115.66"
10/29/2021,"4,092.20","4,122.84","4,068.77","4,096.24"
11/02/2021,"4,207.20","4,214.42","4,092.20","4,092.20"
11/03/2021,"4,309.93","4,310.26","4,205.81","4,207.20"
11/04/2021,"4,473.80","4,473.80","4,309.93","4,309.93"
11/05/2021,"4,388.19","4,512.90","4,387.36","4,473.80"
11/08/2021,"4,363.33","4,434.12","4,357.13","4,388.19"
11/09/2021,"4,470.52","4,472.98","4,331.36","4,363.33"
11/10/2021,"4,489.04","4,489.24","4,429.39","4,470.52"
11/11/2021,"4,519.38","4,519.86","4,463.71","4,489.04"
11/12/2021,"4,485.97","4,532.36","4,485.83","4,519.38"
11/15/2021,"4,382.46","4,488.39","4,370.87","4,485.97"
11/16/2021,"4,304.80","4,387.49","4,294.82","4,382.46"
11/17/2021,"4,293.18","4,325.14","4,257.99","4,304.80"
11/18/2021,"4,281.66","4,356.25","4,253.56","4,293.18"
11/19/2021,"4,358.48","4,373.54","4,251.44","4,281.66"
11/22/2021,"4,780.91","4,822.43","4,358.48","4,358.48"
11/23/2021,"4,697.66","4,784.46","4,660.75","4,780.91"
11/24/2021,"4,629.24","4,704.56","4,604.10","4,697.66"
11/25/2021,"4,601.91","4,644.30","4,563.18","4,629.24"
11/26/2021,"4,579.30","4,601.91","4,486.92","4,601.91"
11/29/2021,"4,505.62","4,591.69","4,447.88","4,579.30"
11/30/2021,"4,432.71","4,505.62","4,347.39","4,505.62"
12/01/2021,"4,332.45","4,449.21","4,332.45","4,432.71"
12/02/2021,"4,370.90","4,379.11","4,327.57","4,332.45"
12/03/2021,"4,369.40","4,442.59","4,364.98","4,370.90"
12/06/2021,"4,368.82","4,417.06","4,353.32","4,369.40"
12/07/2021,"4,395.15","4,426.60","4,368.82","4,368.82"
12/09/2021,"4,418.79","4,449.14","4,390.13","4,395.15"
12/10/2021,"4,405.72","4,422.40","4,379.00","4,418.79"
12/13/2021,"4,301.25","4,408.30","4,286.13","4,405.72"
12/14/2021,"4,179.56","4,301.25","4,151.04","4,301.25"
12/15/2021,"4,271.40","4,280.41","4,138.04","4,179.56"
12/16/2021,"4,392.34","4,392.34","4,271.40","4,271.40"
12/17/2021,"4,357.78","4,397.43","4,286.32","4,392.34"
12/20/2021,"4,088.26","4,357.78","4,032.93","4,357.78"
12/21/2021,"4,142.49","4,201.45","4,088.26","4,088.26"
12/22/2021,"4,121.91","4,178.13","4,117.17","4,142.49"
12/23/2021,"4,241.63","4,242.39","4,121.91","4,121.91"
12/24/2021,"4,297.86","4,307.29","4,241.63","4,241.63"
12/27/2021,"4,281.89","4,336.57","4,257.68","4,299.09"
12/28/2021,"4,269.37","4,330.65","4,269.37","4,281.89"
12/29/2021,"4,250.29","4,284.80","4,247.01","4,269.37"
12/30/2021,"4,300.12","4,311.31","4,241.95","4,250.29"
01/03/2022,"4,301.32","4,353.46","4,294.89","4,308.38"
01/04/2022,"4,294.64","4,332.71","4,247.58","4,301.32"
01/05/2022,"4,317.60","4,318.75","4,282.62","4,294.64"
01/06/2022,"4,348.44","4,351.94","4,287.88","4,317.60"
01/07/2022,"4,296.35","4,361.16","4,275.59","4,348.44"
01/10/2022,"4,298.24","4,301.99","4,272.15","4,296.35"
01/11/2022,"4,394.91","4,394.91","4,298.24","4,298.24"
01/12/2022,"4,507.82","4,507.82","4,394.91","4,394.91"
01/13/2022,"4,512.43","4,554.31","4,484.80","4,507.82"
01/14/2022,"4,486.57","4,517.80","4,459.25","4,512.43"
01/17/2022,"4,473.27","4,490.88","4,458.47","4,486.57"
01/18/2022,"4,500.80","4,505.89","4,451.48","4,473.27"
01/19/2022,"4,470.71","4,538.39","4,469.40","4,500.80"
01/20/2022,"4,486.72","4,505.07","4,465.71","4,470.71"
01/21/2022,"4,644.86","4,671.55","4,486.72","4,486.72"
01/24/2022,"4,503.17","4,649.04","4,462.07","4,644.86"
01/25/2022,"4,529.30","4,546.74","4,487.03","4,503.17"
01/26/2022,"4,552.33","4,594.83","4,527.18","4,529.30"
01/27/2022,"4,562.74","4,574.85","4,530.88","4,552.33"
01/28/2022,"4,542.86","4,595.92","4,542.86","4,562.74"
01/31/2022,"4,548.45","4,597.58","4,542.86","4,542.86"
02/01/2022,"4,598.72","4,617.29","4,547.33","4,548.45"
02/02/2022,"4,555.38","4,620.05","4,555.38","4,598.72"
02/03/2022,"4,454.97","4,555.38","4,454.97","4,555.38"
02/04/2022,"4,425.52","4,513.76","4,422.41","4,454.97"
02/07/2022,"4,474.10","4,481.10","4,425.52","4,425.52"
02/08/2022,"4,582.62","4,592.57","4,468.91","4,474.10"
02/09/2022,"4,605.08","4,618.78","4,582.35","4,582.62"
02/10/2022,"4,641.53","4,642.57","4,592.28","4,605.08"
02/11/2022,"4,652.21","4,686.62","4,615.99","4,641.53"
02/14/2022,"4,604.62","4,652.21","4,589.16","4,652.21"
02/15/2022,"4,643.69","4,664.59","4,604.62","4,604.62"
02/16/2022,"4,653.04","4,667.95","4,614.73","4,643.69"
02/17/2022,"4,549.08","4,653.04","4,542.87","4,653.04"
02/18/2022,"4,549.07","4,571.22","4,534.35","4,549.08"
02/21/2022,"4,525.80","4,559.23","4,479.91","4,549.07"
02/22/2022,"4,472.86","4,525.99","4,432.48","4,525.80"
02/23/2022,"4,375.69","4,503.93","4,374.59","4,472.86"
02/24/2022,"4,399.60","4,399.60","4,223.36","4,375.69"
02/25/2022,"4,465.51","4,483.85","4,399.60","4,399.60"
02/28/2022,"4,534.47","4,534.47","4,453.46","4,465.51"
03/01/2022,"4,435.17","4,537.37","4,434.31","4,534.47"
03/02/2022,"4,487.37","4,509.91","4,435.17","4,435.17"
03/03/2022,"4,571.80","4,581.30","4,487.37","4,487.37"
03/04/2022,"4,641.45","4,641.75","4,566.32","4,571.80"
03/07/2022,"4,618.07","4,692.99","4,559.95","4,641.45"
03/08/2022,"4,578.68","4,624.04","4,549.33","4,618.07"
03/09/2022,"4,656.03","4,661.75","4,578.68","4,578.68"
03/10/2022,"4,608.97","4,687.71","4,564.15","4,656.03"
03/11/2022,"4,633.35","4,677.68","4,608.97","4,608.97"
03/14/2022,"4,588.49","4,645.68","4,587.52","4,633.35"
03/15/2022,"4,623.04","4,637.74","4,581.59","4,588.49"
03/16/2022,"4,695.41","4,715.68","4,623.04","4,623.04"
03/17/2022,"4,789.88","4,841.54","4,695.41","4,695.41"
03/18/2022,"4,854.44","4,860.13","4,789.88","4,789.88"
03/21/2022,"4,994.67","4,996.46","4,775.40","4,854.44"
03/22/2022,"4,888.18","4,995.63","4,883.79","4,994.67"
03/23/2022,"4,841.46","4,899.24","4,819.04","4,888.18"
03/24/2022,"4,954.51","4,954.51","4,840.36","4,841.46"
03/25/2022,"4,965.11","4,979.07","4,927.48","4,954.51"
03/28/2022,"4,938.80","5,009.37","4,917.77","4,965.11"
03/29/2022,"4,914.73","4,938.80","4,889.03","4,938.80"
03/30/2022,"4,894.98","4,925.45","4,871.07","4,914.73"
03/31/2022,"4,936.97","4,941.51","4,874.70","4,894.98"
04/01/2022,"4,978.49","4,995.31","4,936.73","4,936.97"
04/04/2022,"4,992.29","5,011.08","4,953.64","4,978.49"
04/05/2022,"4,929.10","4,993.95","4,921.75","4,992.29"
04/06/2022,"4,971.94","4,971.94","4,891.22","4,929.10"
04/07/2022,"4,965.32","4,989.78","4,945.47","4,971.94"
04/08/2022,"4,969.25","4,997.07","4,947.58","4,965.32"
04/11/2022,"4,918.79","4,969.25","4,869.48","4,969.25"
04/12/2022,"4,909.04","4,939.85","4,862.63","4,918.79"
04/13/2022,"4,921.46","4,950.67","4,908.69","4,909.04"
04/14/2022,"4,917.30","4,942.94","4,915.03","4,921.46"
04/18/2022,"4,867.64","4,933.09","4,865.75","4,917.30"
04/19/2022,"4,911.77","4,938.85","4,867.64","4,867.64"
04/20/2022,"4,974.76","4,974.76","4,904.38","4,911.77"
04/21/2022,"4,911.90","4,989.31","4,872.76","4,974.76"
04/22/2022,"4,867.88","4,916.64","4,867.88","4,911.90"
04/25/2022,"4,759.15","4,908.59","4,737.49","4,867.88"
04/26/2022,"4,701.47","4,786.71","4,701.47","4,759.15"
04/27/2022,"4,775.36","4,789.06","4,701.47","4,701.47"
04/28/2022,"4,792.66","4,818.16","4,748.27","4,775.36"
04/29/2022,"4,778.43","4,844.77","4,778.41","4,792.66"
05/02/2022,"4,759.90","4,796.54","4,709.44","4,778.43"
05/03/2022,"4,785.63","4,790.37","4,739.38","4,759.90"
05/04/2022,"4,887.57","4,899.39","4,785.63","4,785.63"
05/05/2022,"4,853.79","4,928.83","4,852.05","4,887.57"
05/06/2022,"4,838.54","4,861.03","4,808.68","4,853.79"
05/09/2022,"4,744.18","4,850.41","4,744.03","4,838.54"
05/10/2022,"4,697.16","4,792.61","4,673.96","4,744.18"
05/11/2022,"4,676.93","4,755.85","4,676.39","4,697.16"
05/12/2022,"4,713.77","4,745.05","4,650.47","4,676.93"
05/13/2022,"4,850.44","4,875.46","4,713.77","4,713.77"
05/16/2022,"4,868.58","4,927.29","4,850.44","4,850.44"
05/17/2022,"5,023.24","5,023.36","4,868.58","4,868.58"
05/18/2022,"4,964.76","5,059.23","4,964.35","5,023.24"
05/19/2022,"4,982.10","5,015.36","4,962.54","4,964.76"
05/20/2022,"4,982.95","5,039.65","4,931.51","4,982.10"
05/23/2022,"5,127.52","5,132.38","4,982.95","4,982.95"
05/24/2022,"5,142.75","5,157.59","5,096.91","5,127.52"
05/25/2022,"5,191.05","5,192.98","5,142.75","5,142.75"
05/26/2022,"5,268.96","5,279.52","5,191.05","5,191.05"
05/27/2022,"5,387.06","5,388.10","5,266.93","5,268.96"
05/30/2022,"5,385.70","5,432.56","5,377.25","5,387.06"
05/31/2022,"5,350.48","5,388.87","5,262.91","5,385.70"
06/01/2022,"5,299.11","5,352.79","5,230.87","5,350.48"
06/02/2022,"5,353.13","5,366.81","5,275.70","5,299.11"
06/03/2022,"5,352.44","5,357.31","5,318.48","5,353.13"
06/06/2022,"5,332.59","5,393.33","5,317.70","5,352.44"
06/07/2022,"5,358.95","5,367.98","5,313.67","5,332.59"
06/08/2022,"5,277.00","5,358.95","5,262.44","5,358.95"
06/09/2022,"5,184.27","5,279.33","5,184.27","5,277.00"
06/10/2022,"5,237.85","5,238.71","5,136.49","5,184.27"
06/13/2022,"5,131.30","5,237.85","5,098.85","5,237.85"
06/14/2022,"5,121.40","5,165.80","5,114.27","5,131.30"
06/15/2022,"5,139.41","5,152.48","5,103.65","5,121.40"
06/16/2022,"5,029.48","5,139.41","4,991.55","5,139.41"
06/17/2022,"5,067.06","5,107.83","4,998.08","5,029.48"
06/20/2022,"5,084.37","5,098.48","5,051.96","5,067.06"
06/22/2022,"5,056.37","5,102.37","5,056.37","5,084.37"
06/23/2022,"4,934.81","5,095.51","4,924.04","5,056.37"
06/24/2022,"4,983.66","5,017.97","4,934.81","4,934.81"
06/28/2022,"5,004.48","5,083.12","4,937.76","4,983.66"
06/29/2022,"5,009.63","5,019.62","4,978.02","5,004.48"
06/30/2022,"4,950.39","5,011.64","4,950.39","5,009.63"
07/01/2022,"4,993.37","5,007.01","4,950.39","4,950.39"
07/04/2022,"4,989.07","5,001.66","4,968.86","4,993.37"
07/05/2022,"5,003.81","5,008.45","4,935.71","4,989.07"
07/06/2022,"5,006.95","5,043.90","4,979.53","5,003.81"
07/07/2022,"5,101.42","5,105.43","5,006.95","5,006.95"
07/08/2022,"5,112.78","5,118.55","5,074.10","5,101.42"
07/11/2022,"5,058.45","5,125.83","5,058.45","5,112.78"
07/12/2022,"5,074.26","5,078.93","5,017.52","5,058.45"
07/13/2022,"5,117.81","5,132.99","5,046.32","5,074.26"
07/14/2022,"5,136.05","5,136.05","5,053.80","5,117.81"
07/15/2022,"5,091.73","5,137.91","5,057.68","5,136.05"
07/18/2022,"5,081.74","5,140.46","5,071.34","5,091.73"
07/19/2022,"5,160.19","5,160.19","5,069.56","5,081.74"
07/20/2022,"5,147.00","5,172.07","5,112.96","5,160.19"
07/21/2022,"5,204.45","5,205.13","5,121.90","5,147.00"
07/22/2022,"5,220.33","5,237.57","5,189.38","5,204.45"
07/25/2022,"5,236.33","5,237.57","5,186.73","5,220.33"
07/26/2022,"5,200.13","5,238.16","5,183.07","5,236.33"
07/27/2022,"5,251.32","5,251.39","5,189.10","5,200.13"
07/28/2022,"5,259.39","5,286.88","5,242.09","5,251.32"
07/29/2022,"5,259.05","5,287.30","5,243.19","5,259.39"
08/01/2022,"5,258.39","5,272.84","5,229.79","5,259.05"
08/02/2022,"5,248.53","5,261.32","5,219.63","5,258.39"
08/03/2022,"5,206.05","5,269.32","5,181.83","5,248.53"
08/04/2022,"5,174.64","5,222.06","5,154.00","5,206.05"
08/05/2022,"5,212.40","5,212.40","5,131.05","5,174.64"
08/08/2022,"5,260.34","5,271.33","5,212.40","5,212.40"
08/09/2022,"5,236.34","5,260.34","5,215.81","5,260.34"
08/10/2022,"5,272.93","5,286.93","5,236.34","5,236.34"
08/11/2022,"5,325.90","5,325.90","5,260.33","5,272.93"
08/12/2022,"5,394.91","5,406.32","5,322.97","5,325.90"
08/16/2022,"5,386.81","5,445.34","5,339.35","5,394.91"
08/17/2022,"5,405.31","5,416.74","5,353.37","5,386.81"
08/18/2022,"5,345.53","5,405.31","5,322.12","5,405.31"
08/19/2022,"5,292.84","5,353.89","5,265.31","5,345.53"
08/22/2022,"5,340.49","5,354.79","5,257.92","5,292.84"
08/23/2022,"5,377.52","5,388.47","5,335.79","5,340.49"
08/24/2022,"5,418.17","5,426.42","5,375.00","5,377.52"
08/25/2022,"5,460.61","5,465.83","5,417.39","5,418.17"
08/26/2022,"5,461.80","5,479.18","5,440.73","5,460.61"
08/29/2022,"5,517.11","5,517.32","5,421.80","5,461.80"
08/30/2022,"5,536.39","5,545.71","5,479.61","5,517.11"
08/31/2022,"5,441.26","5,549.94","5,440.79","5,536.39"
09/01/2022,"5,408.05","5,455.21","5,380.19","5,441.26"
09/02/2022,"5,653.20","5,708.68","5,227.82","5,408.05"
09/05/2022,"5,775.25","6,013.31","5,653.20","5,653.20"
09/06/2022,"5,607.74","5,842.38","5,587.53","5,779.25"
09/07/2022,"5,540.62","5,608.08","5,514.90","5,608.08"
09/08/2022,"5,515.58","5,584.67","5,515.58","5,540.82"
09/09/2022,"5,612.03","5,616.99","5,516.80","5,516.80"
09/12/2022,"5,596.26","5,647.99","5,578.31","5,612.07"
09/13/2022,"5,580.67","5,629.68","5,527.69","5,596.26"
09/14/2022,"5,609.33","5,660.64","5,567.96","5,580.67"
09/15/2022,"5,522.92","5,632.79","5,498.72","5,609.33"
09/20/2022,"5,340.29","5,549.84","5,340.29","5,522.92"
09/21/2022,"5,369.33","5,401.64","5,334.24","5,340.97"
09/22/2022,"5,303.06","5,370.19","5,294.71","5,369.33"
09/23/2022,"5,207.22","5,303.06","5,207.09","5,303.06"
09/26/2022,"5,178.75","5,249.16","5,176.10","5,207.22"
09/27/2022,"5,180.64","5,222.29","5,140.17","5,178.75"
09/28/2022,"5,100.24","5,191.90","5,099.70","5,180.64"
09/29/2022,"5,035.38","5,109.40","5,024.98","5,100.24"
09/30/2022,"5,114.19","5,157.70","5,035.38","5,035.38"
10/03/2022,"5,143.23","5,153.41","5,108.91","5,114.19"
10/04/2022,"5,248.87","5,268.76","5,143.23","5,143.23"
10/05/2022,"5,192.25","5,248.87","5,172.81","5,248.87"
10/06/2022,"5,183.55","5,210.54","5,168.00","5,192.25"
10/07/2022,"5,079.68","5,184.76","5,079.45","5,183.55"
10/11/2022,"4,988.80","5,089.19","4,961.49","5,079.68"
10/12/2022,"4,936.57","5,011.21","4,905.19","4,988.80"
10/13/2022,"4,961.09","4,984.46","4,870.68","4,936.57"
10/14/2022,"4,972.39","5,028.88","4,961.09","4,961.09"
10/17/2022,"5,103.06","5,106.17","4,972.39","4,972.39"
10/18/2022,"5,122.85","5,170.97","5,081.46","5,103.06"
10/19/2022,"5,087.69","5,127.82","5,075.20","5,122.85"
10/20/2022,"5,139.35","5,139.63","5,069.78","5,087.69"
10/21/2022,"5,147.37","5,153.26","5,082.43","5,139.35"
10/24/2022,"5,108.17","5,182.32","5,101.63","5,147.37"
10/25/2022,"5,164.31","5,164.31","5,094.97","5,108.17"
10/26/2022,"5,151.34","5,164.67","5,117.02","5,164.31"
10/27/2022,"5,187.41","5,196.62","5,142.35","5,151.34"
10/28/2022,"5,193.81","5,196.99","5,120.17","5,187.41"
11/02/2022,"5,194.66","5,219.66","5,171.52","5,193.81"
11/03/2022,"5,180.30","5,199.53","5,114.99","5,194.66"
11/04/2022,"5,220.04","5,223.90","5,180.30","5,180.30"
11/07/2022,"5,289.55","5,290.16","5,212.16","5,220.04"
11/08/2022,"5,406.12","5,406.12","5,289.55","5,289.55"
11/09/2022,"5,350.36","5,406.12","5,315.98","5,406.12"
11/10/2022,"5,339.54","5,421.27","5,311.11","5,350.36"
11/11/2022,"5,350.79","5,368.82","5,334.72","5,339.54"
11/14/2022,"5,302.44","5,378.52","5,281.41","5,350.79"
11/15/2022,"5,239.13","5,302.44","5,218.71","5,302.44"
11/16/2022,"5,230.45","5,252.30","5,200.85","5,239.13"
11/17/2022,"5,172.31","5,263.67","5,168.80","5,230.45"
11/18/2022,"5,196.92","5,201.06","5,148.92","5,172.31"
11/21/2022,"5,312.69","5,328.24","5,196.92","5,196.92"
11/22/2022,"5,294.78","5,327.99","5,252.95","5,312.69"
11/23/2022,"5,260.91","5,303.69","5,257.51","5,294.78"
11/24/2022,"5,273.72","5,303.59","5,260.91","5,260.91"
11/25/2022,"5,249.57","5,273.72","5,221.59","5,273.72"
11/28/2022,"5,207.64","5,255.04","5,199.45","5,249.57"
11/29/2022,"5,244.86","5,249.43","5,198.00","5,207.64"
11/30/2022,"5,282.61","5,282.61","5,211.41","5,244.86"
12/01/2022,"5,274.68","5,291.94","5,249.29","5,282.61"
12/02/2022,"5,290.76","5,310.15","5,233.06","5,274.68"
12/05/2022,"5,274.19","5,301.01","5,267.01","5,290.76"
12/06/2022,"5,239.16","5,292.48","5,214.38","5,274.19"
12/07/2022,"5,202.85","5,247.47","5,194.77","5,239.16"
12/09/2022,"5,192.68","5,214.75","5,156.05","5,202.85"
12/12/2022,"5,257.07","5,260.03","5,183.66","5,192.68"
12/13/2022,"5,226.76","5,291.32","5,226.76","5,257.07"
12/14/2022,"5,206.46","5,228.60","5,190.82","5,226.76"
12/15/2022,"5,132.77","5,206.46","5,122.89","5,206.46"
12/16/2022,"5,161.25","5,161.25","5,108.87","5,132.77"
12/19/2022,"5,206.95","5,206.95","5,155.45","5,161.25"
12/20/2022,"5,287.93","5,312.16","5,187.50","5,206.95"
12/21/2022,"5,269.70","5,327.04","5,256.79","5,287.93"
12/22/2022,"5,222.23","5,274.16","5,200.40","5,269.70"
12/23/2022,"5,255.38","5,264.69","5,222.23","5,222.23"
12/26/2022,"5,222.44","5,266.29","5,211.60","5,256.91"
12/27/2022,"5,197.25","5,241.24","5,194.67","5,222.44"
12/28/2022,"5,215.42","5,228.34","5,173.56","5,197.25"
12/29/2022,"5,249.37","5,249.37","5,214.82","5,215.42"
12/30/2022,"5,262.43","5,262.84","5,222.65","5,249.37"
01/03/2023,"5,136.53","5,268.26","5,132.92","5,261.91"
01/04/2023,"5,091.47","5,148.18","5,073.25","5,136.53"
01/05/2023,"5,124.20","5,124.20","5,071.69","5,091.47"
01/06/2023,"5,136.69","5,140.56","5,104.43","5,124.20"
01/09/2023,"5,159.91","5,169.76","5,128.86","5,136.69"
01/10/2023,"5,144.37","5,166.02","5,105.41","5,159.91"
01/11/2023,"5,180.43","5,204.56","5,131.77","5,144.37"
01/12/2023,"5,201.83","5,219.44","5,165.00","5,180.43"
01/13/2023,"5,156.65","5,207.27","5,146.65","5,201.83"
01/16/2023,"5,156.11","5,163.64","5,121.53","5,156.65"
01/17/2023,"5,176.10","5,178.84","5,148.59","5,156.11"
01/18/2023,"5,229.55","5,230.46","5,155.63","5,176.10"
01/19/2023,"5,207.83","5,229.55","5,180.25","5,229.55"
01/20/2023,"5,235.97","5,260.21","5,207.83","5,207.83"
01/23/2023,"5,311.84","5,326.56","5,235.97","5,235.97"
01/24/2023,"5,256.63","5,315.09","5,256.53","5,311.84"
01/25/2023,"5,258.36","5,265.77","5,243.97","5,256.63"
01/26/2023,"5,333.69","5,334.03","5,258.96","5,258.96"
01/27/2023,"5,351.34","5,358.02","5,328.59","5,333.69"
01/30/2023,"5,337.95","5,369.35","5,322.71","5,351.34"
01/31/2023,"5,322.39","5,346.92","5,316.53","5,337.95"
02/01/2023,"5,308.17","5,343.64","5,302.17","5,322.39"
02/02/2023,"5,313.52","5,339.53","5,302.66","5,308.17"
02/03/2023,"5,314.29","5,341.43","5,282.15","5,313.52"
02/06/2023,"5,285.62","5,327.42","5,279.25","5,314.29"
02/07/2023,"5,271.27","5,300.67","5,264.83","5,285.62"
02/08/2023,"5,328.83","5,328.83","5,271.27","5,271.27"
02/09/2023,"5,356.92","5,375.31","5,328.83","5,328.83"
02/10/2023,"5,392.45","5,392.45","5,337.79","5,356.92"
02/13/2023,"5,366.18","5,406.39","5,352.62","5,392.45"
02/14/2023,"5,332.43","5,382.68","5,332.43","5,366.18"
02/15/2023,"5,404.30","5,404.92","5,329.07","5,332.43"
02/16/2023,"5,451.45","5,451.45","5,396.33","5,404.30"
02/17/2023,"5,328.96","5,451.45","5,325.81","5,451.45"
02/20/2023,"5,330.76","5,356.56","5,325.29","5,328.96"
02/21/2023,"5,261.37","5,347.59","5,260.39","5,330.76"
02/22/2023,"5,258.46","5,297.81","5,248.68","5,261.37"
02/23/2023,"5,312.79","5,330.71","5,258.46","5,258.46"
02/24/2023,"5,331.57","5,337.71","5,304.12","5,312.79"
02/27/2023,"5,357.10","5,379.87","5,328.86","5,331.57"
02/28/2023,"5,394.90","5,396.39","5,355.43","5,357.10"
03/01/2023,"5,375.37","5,413.37","5,357.90","5,394.90"
03/02/2023,"5,407.24","5,407.54","5,327.83","5,375.37"
03/03/2023,"5,439.46","5,477.74","5,407.24","5,407.24"
03/06/2023,"5,427.52","5,449.87","5,413.68","5,439.46"
03/07/2023,"5,403.44","5,432.97","5,359.73","5,427.52"
03/08/2023,"5,416.39","5,421.80","5,391.36","5,403.44"
03/09/2023,"5,410.59","5,459.91","5,409.47","5,416.39"
03/10/2023,"5,393.72","5,424.46","5,366.42","5,410.59"
03/13/2023,"5,337.04","5,393.72","5,308.73","5,393.72"
03/14/2023,"5,298.78","5,360.50","5,288.67","5,337.04"
03/15/2023,"5,196.61","5,298.78","5,182.75","5,298.78"
03/16/2023,"5,197.37","5,227.27","5,145.53","5,196.61"
03/17/2023,"5,112.03","5,225.28","5,112.03","5,198.35"
03/20/2023,"5,170.09","5,191.66","5,096.85","5,112.03"
03/21/2023,"5,299.17","5,302.18","5,170.09","5,170.09"
03/22/2023,"5,271.18","5,324.37","5,265.36","5,299.17"
03/23/2023,"5,275.37","5,313.98","5,261.93","5,271.18"
03/24/2023,"5,248.86","5,275.37","5,217.08","5,275.37"
03/27/2023,"5,258.08","5,286.81","5,248.86","5,248.86"
03/28/2023,"5,244.75","5,289.84","5,244.64","5,258.08"
03/29/2023,"5,313.76","5,313.76","5,244.75","5,244.75"
03/30/2023,"5,309.20","5,333.81","5,298.84","5,313.76"
03/31/2023,"5,324.62","5,345.25","5,301.90","5,309.20"
04/03/2023,"5,309.00","5,339.99","5,295.71","5,324.62"
04/04/2023,"5,228.00","5,309.78","5,226.09","5,309.00"
04/05/2023,"5,236.22","5,238.63","5,199.35","5,228.00"
04/06/2023,"5,274.20","5,276.86","5,226.49","5,236.22"
04/10/2023,"5,281.48","5,310.40","5,261.27","5,274.20"
04/11/2023,"5,306.88","5,313.40","5,281.48","5,281.48"
04/12/2023,"5,353.09","5,363.56","5,306.88","5,306.88"
04/13/2023,"5,341.03","5,357.60","5,334.51","5,353.09"
04/14/2023,"5,417.18","5,423.43","5,365.12","5,365.12"
04/17/2023,"5,469.94","5,474.76","5,417.18","5,417.18"
04/18/2023,"5,474.62","5,492.36","5,458.96","5,469.94"
04/19/2023,"5,423.49","5,474.62","5,419.07","5,474.62"
04/20/2023,"5,397.59","5,433.61","5,387.08","5,423.49"
04/21/2023,"5,226.93","5,424.18","5,146.91","5,397.59"
04/24/2023,"5,296.78","5,310.98","5,226.93","5,226.93"
04/25/2023,"5,299.58","5,318.12","5,270.82","5,296.78"
04/26/2023,"5,325.59","5,328.80","5,282.24","5,299.58"
04/27/2023,"5,410.22","5,411.13","5,319.21","5,325.59"
04/28/2023,"5,414.68","5,428.47","5,393.07","5,410.22"
05/02/2023,"5,369.34","5,416.09","5,316.50","5,416.09"
05/03/2023,"5,372.58","5,394.38","5,350.32","5,369.34"
05/04/2023,"5,376.42","5,383.36","5,332.75","5,372.58"
05/05/2023,"5,480.42","5,481.94","5,376.42","5,376.42"
05/08/2023,"5,608.49","5,631.90","5,480.42","5,480.42"
05/09/2023,"5,550.89","5,613.72","5,546.82","5,608.49"
05/10/2023,"5,569.61","5,571.76","5,539.52","5,550.89"
05/11/2023,"5,600.00","5,621.38","5,569.61","5,569.61"
05/12/2023,"5,596.49","5,610.96","5,583.33","5,600.00"
05/15/2023,"5,598.21","5,633.18","5,596.49","5,596.49"
05/16/2023,"5,619.06","5,630.75","5,592.43","5,598.21"
05/17/2023,"5,605.36","5,620.14","5,587.20","5,619.06"
05/18/2023,"5,640.66","5,644.08","5,585.75","5,605.36"
05/19/2023,"5,653.60","5,655.47","5,608.31","5,640.66"
05/22/2023,"5,691.50","5,771.40","5,653.60","5,653.60"
05/23/2023,"5,685.30","5,751.74","5,685.30","5,691.50"
05/24/2023,"5,643.30","5,685.30","5,587.64","5,685.30"
05/25/2023,"5,620.21","5,674.57","5,620.21","5,643.30"
05/26/2023,"5,609.45","5,646.70","5,604.26","5,620.21"
05/29/2023,"5,598.83","5,643.38","5,598.41","5,609.45"
05/30/2023,"5,592.85","5,634.94","5,592.85","5,598.83"
05/31/2023,"5,471.54","5,593.96","5,471.54","5,592.85"
06/01/2023,"5,520.74","5,528.46","5,471.05","5,471.54"
06/02/2023,"5,653.81","5,656.09","5,520.74","5,520.74"
06/05/2023,"5,654.45","5,668.44","5,618.56","5,653.81"
06/06/2023,"5,714.32","5,714.70","5,649.88","5,654.45"
06/07/2023,"5,679.29","5,735.43","5,679.28","5,714.32"
06/08/2023,"5,672.68","5,696.43","5,661.94","5,679.29"
06/09/2023,"5,690.94","5,694.74","5,666.10","5,672.71"
06/12/2023,"5,693.16","5,711.28","5,675.87","5,690.94"
06/13/2023,"5,712.24","5,725.35","5,693.17","5,693.17"
06/14/2023,"5,716.29","5,723.56","5,696.24","5,712.24"
06/15/2023,"5,741.71","5,746.82","5,710.60","5,716.29"
06/16/2023,"5,739.90","5,758.83","5,736.88","5,741.71"
06/19/2023,"5,754.24","5,755.93","5,735.00","5,739.90"
06/20/2023,"5,783.11","5,783.33","5,700.67","5,754.24"
06/22/2023,"5,763.30","5,783.67","5,738.20","5,783.11"
06/23/2023,"5,679.56","5,763.30","5,679.56","5,763.30"
06/27/2023,"5,658.86","5,722.24","5,658.86","5,679.56"
06/28/2023,"5,656.99","5,723.05","5,620.44","5,658.86"
06/29/2023,"5,728.31","5,729.22","5,656.99","5,656.99"
06/30/2023,"5,786.80","5,787.65","5,728.31","5,728.31"
07/03/2023,"5,853.80","5,854.56","5,786.80","5,786.80"
07/04/2023,"5,894.34","5,903.32","5,852.88","5,853.80"
07/05/2023,"5,835.13","5,894.34","5,834.82","5,894.34"
07/06/2023,"5,792.17","5,836.09","5,770.61","5,835.13"
07/07/2023,"5,942.20","5,942.20","5,792.17","5,792.17"
07/10/2023,"5,951.95","5,974.07","5,930.46","5,942.20"
07/11/2023,"5,995.47","5,999.48","5,951.95","5,951.95"
07/12/2023,"6,078.57","6,078.57","5,995.47","5,995.47"
07/13/2023,"6,061.93","6,112.80","6,058.16","6,078.57"
07/14/2023,"6,130.68","6,130.68","6,054.72","6,061.93"
07/17/2023,"6,197.19","6,197.83","6,105.28","6,130.68"
07/18/2023,"6,286.50","6,286.50","6,178.46","6,197.19"
07/19/2023,"6,320.48","6,320.61","6,243.83","6,286.50"
07/20/2023,"6,322.92","6,324.43","6,251.77","6,320.48"
07/21/2023,"6,300.91","6,322.92","6,281.45","6,322.92"
07/24/2023,"6,351.09","6,374.83","6,266.71","6,300.91"
07/25/2023,"6,411.38","6,449.20","6,351.09","6,351.09"
07/26/2023,"6,379.42","6,411.43","6,369.65","6,411.43"
07/27/2023,"6,318.63","6,389.96","6,316.48","6,379.42"
07/28/2023,"6,339.04","6,374.06","6,316.09","6,318.63"
07/31/2023,"6,394.40","6,430.87","6,339.04","6,339.04"
08/01/2023,"6,432.76","6,432.76","6,387.26","6,394.40"
08/02/2023,"6,332.10","6,432.76","6,318.27","6,432.76"
08/03/2023,"6,272.29","6,360.26","6,272.29","6,332.10"
08/04/2023,"6,292.64","6,341.08","6,272.29","6,272.29"
08/07/2023,"6,318.35","6,318.78","6,273.33","6,292.64"
08/08/2023,"6,241.32","6,320.16","6,240.43","6,318.35"
08/09/2023,"6,341.36","6,342.02","6,241.32","6,241.32"
08/10/2023,"6,290.34","6,357.20","6,279.50","6,341.36"
08/11/2023,"6,257.44","6,290.34","6,249.11","6,290.34"
08/14/2023,"6,216.27","6,257.44","6,201.44","6,257.44"
08/16/2023,"6,213.18","6,216.27","6,162.69","6,216.27"
08/17/2023,"6,131.50","6,213.18","6,129.35","6,213.18"
08/18/2023,"6,133.26","6,133.36","6,040.46","6,131.50"
08/21/2023,"6,122.92","6,167.19","6,095.34","6,133.26"
08/22/2023,"6,158.74","6,165.66","6,119.96","6,122.92"
08/23/2023,"6,189.92","6,232.21","6,141.79","6,158.74"
08/24/2023,"6,067.74","6,207.94","6,066.71","6,189.92"
08/25/2023,"6,046.62","6,081.80","6,030.83","6,067.74"
08/28/2023,"6,030.15","6,081.31","6,025.25","6,046.62"
08/29/2023,"6,059.65","6,059.65","6,016.14","6,030.15"
08/30/2023,"6,028.19","6,062.77","6,028.19","6,059.65"
08/31/2023,"6,009.28","6,049.00","6,009.28","6,028.19"
09/01/2023,"5,996.36","6,057.69","5,985.69","6,009.28"
09/04/2023,"5,990.24","6,020.26","5,976.23","5,996.36"
09/05/2023,"5,927.93","6,001.45","5,924.51","5,990.24"
09/06/2023,"5,905.74","5,937.37","5,899.31","5,927.93"
09/07/2023,"5,885.52","5,932.43","5,870.03","5,905.74"
09/08/2023,"5,868.85","5,904.46","5,868.47","5,885.52"
09/11/2023,"5,879.15","5,893.87","5,865.64","5,868.85"
09/12/2023,"5,886.42","5,909.28","5,879.15","5,879.15"
09/13/2023,"5,915.52","5,949.22","5,880.14","5,886.42"
09/14/2023,"6,002.07","6,002.07","5,915.52","5,915.52"
09/15/2023,"6,002.67","6,058.88","6,002.07","6,002.07"
09/20/2023,"5,932.83","6,002.67","5,932.83","6,002.67"
09/21/2023,"5,857.72","5,935.57","5,856.36","5,932.83"
09/22/2023,"5,831.95","5,888.57","5,823.28","5,857.72"
09/25/2023,"5,785.84","5,852.66","5,775.40","5,831.95"
09/26/2023,"5,762.58","5,807.55","5,756.01","5,785.84"
09/27/2023,"5,762.70","5,787.43","5,734.70","5,762.58"
09/28/2023,"5,824.68","5,837.24","5,762.60","5,762.70"
09/29/2023,"5,833.36","5,868.68","5,818.68","5,824.68"
10/02/2023,"5,755.64","5,853.19","5,748.11","5,833.36"
10/03/2023,"5,685.84","5,756.85","5,685.07","5,755.64"
10/04/2023,"5,699.33","5,726.53","5,668.99","5,685.84"
10/05/2023,"5,615.83","5,728.72","5,615.83","5,699.33"
10/06/2023,"5,659.29","5,669.38","5,562.47","5,615.83"
10/10/2023,"5,781.40","5,781.92","5,647.30","5,659.29"
10/11/2023,"5,780.96","5,838.18","5,767.03","5,781.40"
10/12/2023,"5,800.22","5,846.57","5,780.96","5,780.96"
10/13/2023,"5,777.75","5,842.07","5,767.75","5,800.22"
10/16/2023,"5,853.21","5,867.12","5,760.72","5,777.75"
10/17/2023,"5,890.74","5,916.01","5,831.45","5,853.21"
10/18/2023,"5,796.44","5,890.74","5,779.70","5,890.74"
10/19/2023,"5,713.44","5,796.44","5,712.80","5,796.44"
10/20/2023,"5,631.33","5,713.71","5,615.06","5,713.44"
10/23/2023,"5,503.33","5,633.35","5,503.33","5,631.33"
10/24/2023,"5,557.62","5,574.47","5,503.33","5,503.33"
10/25/2023,"5,515.62","5,575.57","5,489.83","5,557.62"
10/26/2023,"5,568.35","5,594.08","5,503.09","5,515.62"
10/30/2023,"5,433.36","5,568.35","5,429.68","5,568.35"
10/31/2023,"5,407.50","5,464.82","5,369.95","5,433.36"
11/02/2023,"5,460.65","5,466.83","5,363.16","5,407.50"
11/03/2023,"5,620.57","5,620.71","5,448.88","5,460.65"
11/06/2023,"5,575.48","5,661.92","5,559.23","5,620.57"
11/07/2023,"5,650.77","5,656.72","5,569.92","5,575.48"
11/08/2023,"5,647.95","5,688.36","5,641.77","5,650.77"
11/09/2023,"5,630.63","5,695.36","5,618.67","5,647.95"
11/10/2023,"5,618.68","5,647.69","5,609.40","5,630.63"
11/13/2023,"5,726.94","5,726.94","5,607.69","5,618.68"
11/14/2023,"5,712.10","5,737.65","5,681.24","5,726.94"
11/15/2023,"5,775.38","5,783.79","5,712.10","5,712.10"
11/16/2023,"5,729.71","5,775.88","5,688.68","5,775.38"
11/17/2023,"5,771.10","5,778.80","5,720.95","5,729.71"
11/20/2023,"5,841.76","5,844.21","5,771.10","5,771.10"
11/21/2023,"5,790.24","5,842.33","5,776.07","5,841.76"
11/22/2023,"5,800.57","5,806.17","5,770.13","5,790.24"
11/23/2023,"5,807.19","5,816.96","5,770.95","5,800.57"
11/24/2023,"5,776.74","5,820.47","5,774.93","5,807.19"
11/27/2023,"5,757.42","5,776.74","5,735.09","5,776.74"
11/28/2023,"5,776.56","5,783.63","5,743.32","5,757.42"
11/29/2023,"5,792.78","5,809.98","5,773.34","5,776.56"
11/30/2023,"5,818.51","5,834.68","5,760.23","5,792.78"
12/01/2023,"5,886.71","5,889.28","5,788.56","5,818.51"
12/04/2023,"5,823.36","5,888.30","5,823.36","5,886.71"
12/05/2023,"5,905.31","5,905.31","5,807.74","5,823.36"
12/06/2023,"5,920.01","5,943.32","5,898.47","5,905.31"
12/07/2023,"5,970.81","5,971.46","5,910.72","5,920.01"
12/11/2023,"5,884.78","5,993.80","5,843.78","5,970.81"
12/12/2023,"5,913.50","5,915.56","5,866.83","5,884.78"
12/13/2023,"6,020.41","6,030.57","5,905.45","5,913.50"
12/14/2023,"6,146.59","6,150.83","6,020.41","6,020.41"
12/15/2023,"6,138.10","6,207.37","6,135.08","6,146.59"
12/18/2023,"6,051.52","6,191.67","6,051.46","6,138.10"
12/19/2023,"6,060.44","6,099.06","6,037.83","6,051.52"
12/20/2023,"6,073.86","6,095.89","6,057.56","6,060.44"
12/21/2023,"6,107.78","6,109.70","6,044.88","6,073.86"
12/22/2023,"6,153.66","6,156.38","6,100.05","6,107.78"
12/26/2023,"6,218.05","6,233.79","6,153.66","6,153.66"
12/27/2023,"6,201.66","6,233.56","6,190.56","6,218.05"
12/28/2023,"6,249.47","6,294.18","6,201.66","6,201.66"
12/29/2023,"6,197.77","6,289.65","6,180.56","6,249.47"
01/02/2024,"6,210.59","6,210.59","6,152.58","6,197.77"
01/03/2024,"6,139.45","6,210.59","6,109.56","6,210.59"
01/04/2024,"6,076.18","6,171.50","6,058.16","6,139.45"
01/05/2024,"6,047.64","6,091.74","5,989.57","6,076.18"
01/08/2024,"6,056.32","6,079.56","6,040.51","6,047.64"
01/09/2024,"6,107.72","6,107.86","6,047.99","6,056.32"
01/10/2024,"6,056.06","6,107.72","6,049.72","6,107.72"
01/11/2024,"6,029.02","6,065.28","6,005.14","6,056.06"
01/12/2024,"5,968.61","6,043.58","5,968.61","6,029.02"
01/15/2024,"5,995.96","5,997.60","5,932.53","5,968.61"
01/16/2024,"5,970.45","6,014.25","5,968.85","5,995.96"
01/17/2024,"5,901.72","5,973.51","5,901.72","5,970.45"
01/18/2024,"5,867.72","5,949.07","5,867.57","5,901.72"
01/19/2024,"5,844.56","5,894.31","5,822.66","5,867.72"
01/22/2024,"5,921.04","5,926.09","5,832.13","5,844.56"
01/23/2024,"5,964.58","5,985.63","5,921.04","5,921.04"
01/24/2024,"6,057.80","6,063.57","5,964.58","5,964.58"
01/25/2024,"5,987.47","6,065.26","5,980.97","6,057.80"
01/26/2024,"6,058.58","6,074.46","5,987.46","5,987.47"
01/29/2024,"6,064.57","6,090.37","6,042.18","6,058.58"
01/30/2024,"5,970.63","6,069.41","5,970.04","6,064.57"
01/31/2024,"5,987.14","6,004.00","5,961.59","5,970.63"
02/01/2024,"6,051.42","6,067.05","5,981.84","5,987.14"
02/02/2024,"5,994.60","6,060.48","5,972.18","6,051.42"
02/05/2024,"6,005.28","6,015.37","5,956.07","5,994.60"
02/06/2024,"6,005.19","6,033.49","5,983.95","6,005.28"
02/07/2024,"6,010.29","6,026.54","5,995.95","6,005.19"
02/08/2024,"6,001.20","6,016.53","5,978.65","6,010.29"
02/09/2024,"6,032.61","6,036.58","6,001.20","6,001.20"
02/12/2024,"6,100.93","6,107.98","6,032.61","6,032.61"
02/13/2024,"6,024.12","6,115.97","6,014.13","6,100.93"
02/14/2024,"6,083.37","6,085.23","6,024.12","6,024.12"
02/15/2024,"6,188.40","6,194.54","6,081.67","6,083.37"
02/16/2024,"6,336.81","6,336.81","6,188.40","6,188.40"
02/19/2024,"6,382.51","6,384.46","6,302.56","6,336.81"
02/20/2024,"6,349.00","6,404.62","6,306.75","6,382.51"
02/21/2024,"6,251.42","6,350.63","6,251.42","6,349.00"
02/22/2024,"6,237.63","6,307.77","6,216.56","6,251.42"
02/23/2024,"6,189.56","6,253.48","6,188.91","6,237.63"
02/26/2024,"6,208.29","6,229.29","6,183.78","6,189.56"
02/27/2024,"6,322.20","6,322.20","6,208.29","6,208.29"
02/28/2024,"6,344.44","6,382.05","6,322.20","6,322.20"
02/29/2024,"6,449.88","6,472.80","6,344.44","6,344.44"
03/01/2024,"6,481.25","6,499.38","6,449.88","6,449.88"
03/04/2024,"6,340.77","6,512.17","6,339.45","6,481.25"
03/05/2024,"6,258.86","6,340.77","6,238.07","6,340.77"
03/06/2024,"6,348.02","6,388.41","6,258.86","6,258.86"
03/07/2024,"6,357.56","6,382.59","6,330.43","6,348.02"
03/08/2024,"6,337.61","6,384.43","6,337.61","6,357.56"
03/11/2024,"6,416.46","6,417.27","6,331.68","6,337.61"
03/12/2024,"6,502.18","6,502.18","6,415.25","6,416.46"
03/13/2024,"6,491.11","6,523.91","6,484.38","6,502.18"
03/14/2024,"6,460.71","6,498.30","6,424.96","6,491.11"
03/15/2024,"6,463.76","6,491.82","6,447.79","6,460.71"
03/18/2024,"6,454.41","6,518.02","6,449.10","6,463.76"
03/19/2024,"6,416.89","6,454.42","6,416.61","6,454.41"
03/20/2024,"6,501.27","6,501.27","6,416.89","6,416.89"
03/21/2024,"6,485.92","6,585.43","6,485.02","6,501.27"
03/22/2024,"6,516.37","6,534.28","6,472.19","6,485.92"
03/25/2024,"6,494.29","6,572.31","6,462.76","6,516.37"
03/26/2024,"6,520.39","6,560.43","6,493.12","6,494.29"
03/27/2024,"6,597.94","6,604.60","6,507.66","6,520.39"
03/28/2024,"6,647.40","6,681.12","6,597.94","6,597.94"
04/01/2024,"6,637.91","6,705.61","6,614.54","6,643.76"
04/02/2024,"6,634.20","6,649.37","6,589.99","6,637.91"
04/03/2024,"6,616.76","6,642.13","6,600.22","6,634.20"
04/04/2024,"6,588.75","6,667.90","6,588.75","6,616.76"
04/05/2024,"6,512.36","6,590.24","6,511.10","6,588.75"
04/08/2024,"6,603.31","6,606.16","6,512.36","6,512.36"
04/09/2024,"6,668.55","6,670.35","6,602.85","6,603.31"
04/10/2024,"6,688.02","6,703.74","6,640.69","6,668.55"
04/11/2024,"6,726.52","6,730.75","6,680.32","6,688.02"
04/12/2024,"6,564.10","6,729.68","6,544.01","6,726.52"
04/15/2024,"6,479.79","6,611.67","6,463.43","6,564.10"
04/16/2024,"6,430.61","6,479.67","6,405.64","6,479.67"
04/17/2024,"6,455.59","6,474.91","6,384.88","6,430.61"
04/18/2024,"6,451.30","6,473.61","6,432.52","6,455.59"
04/19/2024,"6,365.09","6,469.67","6,365.09","6,451.30"
04/22/2024,"6,359.10","6,375.57","6,330.76","6,365.09"
04/23/2024,"6,467.81","6,478.92","6,368.14","6,374.35"
04/24/2024,"6,363.48","6,473.63","6,363.48","6,467.81"
04/25/2024,"6,311.56","6,377.71","6,310.07","6,363.48"
04/26/2024,"6,394.20","6,394.20","6,311.56","6,311.56"
04/29/2024,"6,550.39","6,551.33","6,393.15","6,393.15"
04/30/2024,"6,511.90","6,551.64","6,491.57","6,550.39"
05/02/2024,"6,497.82","6,542.89","6,492.18","6,511.93"
05/03/2024,"6,559.05","6,570.92","6,497.82","6,497.82"
05/06/2024,"6,496.72","6,596.66","6,494.06","6,559.05"
05/07/2024,"6,600.83","6,602.23","6,496.01","6,496.72"
05/08/2024,"6,644.43","6,644.96","6,576.01","6,600.83"
05/09/2024,"6,629.90","6,687.94","6,629.39","6,644.43"
05/10/2024,"6,640.32","6,648.15","6,599.40","6,629.90"
05/13/2024,"6,695.26","6,697.14","6,640.32","6,640.32"
05/14/2024,"6,728.41","6,740.34","6,670.30","6,695.26"
05/15/2024,"6,711.70","6,757.07","6,711.31","6,728.41"
05/16/2024,"6,651.46","6,688.24","6,651.46","6,683.74"
05/17/2024,"6,658.98","6,678.52","6,644.85","6,651.46"
05/20/2024,"6,710.41","6,717.48","6,658.98","6,658.98"
05/22/2024,"6,737.61","6,744.86","6,687.60","6,710.41"
05/23/2024,"6,781.88","6,794.66","6,737.61","6,737.61"
05/24/2024,"6,775.88","6,815.18","6,766.87","6,781.88"
05/27/2024,"6,810.91","6,826.19","6,775.88","6,775.88"
05/28/2024,"6,774.61","6,838.39","6,774.61","6,810.91"
05/29/2024,"6,681.68","6,764.31","6,681.68","6,759.04"
05/30/2024,"6,639.13","6,706.44","6,630.66","6,681.68"
05/31/2024,"6,632.80","6,675.91","6,593.70","6,639.13"
06/03/2024,"6,614.36","6,650.92","6,590.51","6,632.80"
06/04/2024,"6,597.70","6,623.67","6,578.26","6,614.36"
06/05/2024,"6,655.87","6,681.04","6,597.70","6,597.70"
06/06/2024,"6,688.12","6,688.65","6,648.86","6,655.87"
06/07/2024,"6,637.66","6,701.81","6,629.02","6,688.12"
06/10/2024,"6,622.04","6,670.43","6,621.66","6,637.66"
06/11/2024,"6,541.45","6,622.04","6,540.65","6,622.04"
06/12/2024,"6,535.26","6,586.35","6,519.88","6,541.45"
06/13/2024,"6,486.36","6,552.63","6,486.36","6,535.26"
06/14/2024,"6,518.12","6,518.12","6,453.30","6,486.36"
06/17/2024,"6,506.51","6,529.20","6,484.54","6,518.11"
06/18/2024,"6,542.55","6,557.51","6,506.51","6,506.51"
06/19/2024,"6,589.32","6,590.75","6,541.20","6,542.55"
06/21/2024,"6,488.75","6,589.32","6,485.70","6,589.32"
06/24/2024,"6,491.50","6,498.64","6,453.97","6,488.75"
06/25/2024,"6,412.01","6,515.27","6,410.17","6,491.50"
06/26/2024,"6,512.13","6,554.56","6,412.01","6,412.01"
06/27/2024,"6,504.53","6,512.13","6,477.37","6,512.13"
06/28/2024,"6,413.88","6,504.53","6,413.81","6,504.53"
07/01/2024,"6,406.94","6,465.55","6,379.68","6,413.88"
07/02/2024,"6,385.39","6,414.70","6,342.90","6,406.94"
07/03/2024,"6,533.69","6,534.61","6,385.39","6,385.39"
07/04/2024,"6,532.51","6,552.68","6,509.96","6,533.69"
07/05/2024,"6,483.67","6,532.51","6,467.63","6,532.51"
07/08/2024,"6,520.93","6,522.01","6,473.39","6,483.67"
07/09/2024,"6,470.13","6,520.93","6,470.13","6,520.93"
07/10/2024,"6,467.17","6,496.04","6,453.02","6,470.13"
07/11/2024,"6,544.62","6,544.62","6,467.17","6,467.17"
07/12/2024,"6,550.01","6,552.63","6,503.61","6,544.62"
07/15/2024,"6,566.38","6,588.90","6,531.73","6,550.01"
07/17/2024,"6,568.77","6,597.30","6,521.34","6,566.38"
07/18/2024,"6,576.70","6,616.84","6,553.09","6,568.77"
07/19/2024,"6,558.68","6,588.96","6,547.73","6,576.70"
07/22/2024,"6,600.64","6,605.30","6,558.68","6,558.68"
07/23/2024,"6,551.36","6,603.95","6,551.36","6,600.64"
07/24/2024,"6,513.85","6,559.41","6,506.42","6,551.36"
07/25/2024,"6,441.01","6,513.85","6,441.01","6,513.85"
07/26/2024,"6,432.16","6,486.73","6,432.16","6,441.01"
07/29/2024,"6,486.19","6,487.34","6,421.67","6,432.16"
07/30/2024,"6,466.13","6,494.73","6,466.13","6,486.19"
07/31/2024,"6,440.56","6,502.40","6,440.56","6,466.13"
08/01/2024,"6,418.15","6,453.68","6,379.61","6,440.56"
08/02/2024,"6,315.46","6,418.15","6,290.44","6,418.15"
08/05/2024,"6,098.87","6,315.46","6,082.02","6,315.46"
08/06/2024,"6,178.55","6,192.33","6,098.87","6,098.87"
08/07/2024,"6,192.69","6,263.88","6,174.68","6,178.55"
08/08/2024,"6,293.62","6,295.34","6,184.09","6,192.69"
08/09/2024,"6,320.96","6,341.62","6,293.62","6,293.62"
08/12/2024,"6,326.05","6,351.84","6,317.65","6,320.96"
08/13/2024,"6,369.74","6,374.86","6,326.05","6,326.05"
08/14/2024,"6,405.12","6,405.96","6,294.94","6,369.74"
08/16/2024,"6,444.38","6,475.02","6,404.31","6,405.12"
08/19/2024,"6,458.78","6,484.15","6,437.80","6,457.74"
08/20/2024,"6,491.04","6,510.85","6,458.38","6,458.78"
08/21/2024,"6,495.43","6,525.48","6,461.36","6,491.04"
08/22/2024,"6,476.39","6,504.54","6,434.67","6,495.43"
08/23/2024,"6,463.24","6,510.10","6,461.66","6,476.39"
08/26/2024,"6,442.19","6,497.22","6,434.08","6,463.24"
08/27/2024,"6,379.46","6,448.73","6,379.46","6,442.19"
08/28/2024,"6,385.52","6,411.04","6,364.69","6,379.46"
08/29/2024,"6,448.28","6,461.22","6,385.52","6,385.52"
08/30/2024,"6,459.96","6,486.18","6,429.19","6,448.28"
09/02/2024,"6,457.74","6,471.05","6,437.93","6,459.96"
09/03/2024,"6,386.58","6,456.73","6,375.33","6,456.25"
09/04/2024,"6,388.90","6,437.02","6,385.94","6,387.18"
09/05/2024,"6,361.09","6,403.82","6,346.16","6,389.05"
09/06/2024,"6,242.96","6,361.59","6,242.96","6,361.59"
09/09/2024,"6,232.58","6,297.47","6,229.79","6,245.42"
09/10/2024,"6,214.95","6,268.77","6,205.15","6,232.11"
09/11/2024,"6,301.88","6,319.81","6,214.86","6,214.86"
09/12/2024,"6,343.16","6,347.51","6,297.55","6,301.58"
09/13/2024,"6,351.31","6,373.65","6,326.26","6,343.16"
09/16/2024,"6,346.81","6,359.64","6,319.91","6,351.31"
09/17/2024,"6,323.95","6,364.11","6,319.91","6,351.31"
09/23/2024,"6,374.35","6,374.35","6,309.27","6,333.16"
09/24/2024,"6,449.90","6,456.54","6,374.35","6,374.35"
09/25/2024,"6,440.87","6,468.91","6,415.09","6,449.90"
09/26/2024,"6,529.98","6,529.98","6,440.87","6,440.87"
09/27/2024,"6,530.73","6,583.78","6,529.98","6,529.98"
09/30/2024,"6,490.57","6,548.79","6,480.44","6,530.73"
10/01/2024,"6,448.86","6,496.94","6,417.82","6,490.57"
10/02/2024,"6,392.09","6,462.28","6,391.80","6,448.86"
10/03/2024,"6,389.82","6,398.11","6,336.11","6,392.09"
10/04/2024,"6,480.93","6,480.93","6,389.82","6,389.82"
10/07/2024,"6,475.15","6,519.74","6,436.97","6,480.93"
10/08/2024,"6,492.75","6,506.83","6,433.05","6,475.15"
10/09/2024,"6,541.29","6,547.71","6,492.75","6,492.75"
10/10/2024,"6,578.77","6,578.77","6,525.93","6,541.29"
10/11/2024,"6,572.95","6,578.77","6,543.71","6,578.77"
10/14/2024,"6,572.00","6,573.24","6,525.44","6,572.95"
10/15/2024,"6,558.98","6,572.00","6,521.65","6,572.00"
10/16/2024,"6,542.64","6,596.61","6,540.45","6,558.98"
10/17/2024,"6,571.59","6,582.29","6,526.79","6,542.64"
10/18/2024,"6,643.52","6,649.46","6,571.59","6,571.59"
10/21/2024,"6,671.07","6,671.10","6,625.27","6,643.52"
10/22/2024,"6,674.66","6,689.11","6,664.45","6,671.07"
10/23/2024,"6,686.98","6,722.26","6,666.83","6,674.66"
10/24/2024,"6,725.80","6,741.62","6,686.98","6,686.98"
10/25/2024,"6,754.69","6,776.85","6,723.41","6,725.80"
10/28/2024,"6,735.46","6,780.84","6,731.71","6,754.69"
10/29/2024,"6,672.61","6,752.67","6,660.71","6,735.46"
10/30/2024,"6,550.32","6,680.98","6,550.08","6,672.61"
11/04/2024,"6,629.96","6,649.37","6,537.89","6,550.32"
11/05/2024,"6,525.38","6,644.20","6,524.21","6,629.96"
11/06/2024,"6,579.65","6,586.70","6,469.32","6,525.38"
11/07/2024,"6,561.83","6,620.10","6,550.57","6,579.65"
11/08/2024,"6,519.72","6,563.23","6,498.48","6,561.83"
11/11/2024,"6,539.35","6,563.58","6,519.72","6,519.72"
11/12/2024,"6,508.64","6,556.41","6,500.97","6,539.35"
11/13/2024,"6,558.50","6,579.45","6,508.64","6,508.64"
11/14/2024,"6,478.97","6,562.09","6,472.32","6,558.50"
11/15/2024,"6,527.02","6,528.26","6,463.49","6,478.97"
11/18/2024,"6,542.39","6,559.46","6,502.58","6,527.02"
11/19/2024,"6,549.37","6,586.87","6,541.43","6,542.39"
11/20/2024,"6,576.33","6,614.86","6,539.00","6,549.37"
11/21/2024,"6,592.93","6,615.20","6,558.52","6,576.33"
11/22/2024,"6,564.16","6,596.76","6,542.12","6,592.93"
11/25/2024,"6,549.16","6,588.00","6,549.16","6,564.16"
11/26/2024,"6,558.30","6,572.26","6,543.84","6,549.16"
11/27/2024,"6,578.98","6,602.34","6,558.30","6,558.30"
11/28/2024,"6,587.35","6,606.87","6,576.84","6,578.98"
11/29/2024,"6,576.60","6,605.70","6,562.73","6,587.35"
12/02/2024,"6,639.86","6,639.86","6,568.39","6,576.60"
12/03/2024,"6,629.72","6,663.43","6,618.88","6,639.86"
12/04/2024,"6,631.36","6,644.79","6,616.45","6,629.72"
12/05/2024,"6,660.14","6,660.14","6,616.26","6,631.36"
12/06/2024,"6,648.65","6,682.67","6,647.55","6,660.14"
12/09/2024,"6,714.12","6,735.58","6,648.65","6,648.65"
12/10/2024,"6,720.21","6,721.33","6,691.29","6,714.12"
12/11/2024,"6,731.67","6,734.10","6,702.52","6,720.21"
12/12/2024,"6,781.04","6,781.65","6,711.06","6,731.67"
12/13/2024,"6,767.25","6,797.11","6,764.42","6,781.04"
12/16/2024,"6,798.99","6,806.67","6,761.66","6,767.25"
12/17/2024,"6,730.22","6,806.56","6,730.22","6,798.99"
12/18/2024,"6,731.49","6,746.97","6,712.61","6,730.22"
12/19/2024,"6,699.84","6,731.49","6,657.19","6,731.49"
12/20/2024,"6,700.82","6,700.82","6,659.82","6,699.84"
12/23/2024,"6,665.37","6,710.81","6,636.37","6,700.82"
12/24/2024,"6,677.05","6,683.11","6,653.24","6,665.37"
12/26/2024,"6,691.09","6,709.03","6,677.98","6,680.17"
12/27/2024,"6,703.27","6,724.89","6,690.30","6,691.09"
12/30/2024,"6,710.02","6,723.05","6,690.70","6,703.27"
01/02/2025,"6,681.92","6,732.06","6,675.53","6,710.02"
01/03/2025,"6,700.98","6,712.90","6,681.92","6,681.92"
01/06/2025,"6,780.03","6,780.66","6,700.98","6,700.98"
01/07/2025,"6,806.47","6,812.78","6,780.03","6,780.03"
01/08/2025,"6,762.74","6,806.82","6,762.73","6,806.47"
01/09/2025,"6,802.58","6,817.11","6,762.74","6,762.74"
01/10/2025,"6,814.12","6,821.52","6,781.22","6,802.58"
01/13/2025,"6,756.50","6,814.12","6,756.47","6,814.12"
01/14/2025,"6,823.01","6,832.79","6,756.50","6,756.50"
01/15/2025,"6,900.05","6,901.39","6,823.01","6,823.01"
01/16/2025,"6,957.67","6,957.67","6,886.35","6,900.05"
01/17/2025,"6,958.79","6,992.98","6,945.06","6,957.67"
01/20/2025,"7,010.22","7,010.59","6,958.79","6,958.79"
01/21/2025,"7,038.23","7,041.66","6,989.62","7,010.22"
01/22/2025,"7,026.97","7,056.53","7,020.65","7,038.23"
01/23/2025,"7,050.96","7,053.63","7,004.75","7,026.97"
01/24/2025,"7,068.67","7,082.07","7,046.23","7,050.96"
01/27/2025,"7,028.46","7,088.52","6,989.06","7,068.67"
01/28/2025,"7,035.01","7,065.59","7,020.38","7,028.46"
01/29/2025,"7,088.79","7,095.45","7,035.01","7,035.01"
01/30/2025,"7,222.08","7,227.88","7,088.79","7,088.79"
01/31/2025,"7,199.59","7,309.03","7,199.59","7,222.08"
02/03/2025,"7,204.69","7,204.70","7,111.74","7,199.59"
02/04/2025,"7,269.19","7,298.51","7,204.69","7,204.69"
02/05/2025,"7,273.99","7,301.77","7,244.94","7,269.19"
02/06/2025,"7,301.44","7,313.03","7,243.73","7,273.99"
02/07/2025,"7,285.11","7,315.12","7,261.68","7,301.44"
02/10/2025,"7,294.64","7,322.69","7,272.50","7,285.11"
02/11/2025,"7,278.04","7,315.82","7,251.30","7,294.64"
02/12/2025,"7,282.34","7,327.06","7,267.10","7,278.04"
02/13/2025,"7,328.35","7,328.35","7,282.34","7,282.34"
02/14/2025,"7,359.91","7,366.62","7,328.35","7,328.35"
02/17/2025,"7,303.62","7,380.29","7,269.59","7,359.91"
02/18/2025,"7,297.91","7,323.31","7,251.82","7,303.62"
02/19/2025,"7,281.33","7,305.04","7,257.56","7,297.91"
02/20/2025,"7,322.48","7,341.48","7,275.21","7,281.33"
02/21/2025,"7,311.75","7,351.88","7,302.87","7,322.48"
02/24/2025,"7,311.33","7,336.98","7,273.00","7,311.75"
02/25/2025,"7,316.01","7,316.72","7,294.18","7,311.33"
02/26/2025,"7,351.06","7,351.79","7,311.89","7,316.01"
02/27/2025,"7,392.85","7,392.88","7,349.55","7,351.06"
02/28/2025,"7,332.12","7,397.19","7,313.73","7,392.85"
03/03/2025,"7,344.96","7,371.60","7,325.46","7,332.12"
03/04/2025,"7,313.89","7,344.96","7,272.66","7,344.96"
03/05/2025,"7,333.10","7,354.62","7,299.42","7,313.89"
03/06/2025,"7,370.32","7,370.32","7,312.77","7,333.10"
03/07/2025,"7,377.09","7,412.27","7,370.32","7,370.32"
03/10/2025,"7,369.67","7,397.96","7,354.50","7,377.09"
03/11/2025,"7,365.82","7,412.79","7,352.66","7,369.67"
03/12/2025,"7,391.30","7,391.30","7,327.35","7,365.82"
03/13/2025,"7,449.87","7,451.41","7,385.99","7,391.30"
03/14/2025,"7,509.00","7,522.65","7,449.87","7,449.87"
03/17/2025,"7,601.82","7,603.03","7,509.00","7,509.00"
03/18/2025,"7,585.61","7,617.24","7,579.50","7,601.82"
03/19/2025,"7,594.95","7,611.04","7,578.29","7,585.61"
03/20/2025,"7,575.53","7,607.40","7,562.08","7,594.95"
03/21/2025,"7,585.81","7,603.73","7,571.25","7,575.53"
03/24/2025,"7,632.66","7,656.77","7,585.81","7,585.81"
03/25/2025,"7,606.42","7,632.66","7,587.44","7,632.66"
03/26/2025,"7,593.44","7,626.89","7,568.86","7,606.42"
03/27/2025,"7,654.06","7,654.70","7,590.17","7,593.44"
03/28/2025,"7,694.49","7,694.49","7,648.56","7,654.06"
03/31/2025,"7,648.59","7,695.15","7,617.14","7,694.49"
04/01/2025,"7,685.60","7,709.90","7,642.84","7,648.59"
04/02/2025,"7,698.70","7,719.13","7,659.58","7,685.60"
04/03/2025,"7,719.22","7,729.94","7,602.18","7,698.70"
04/04/2025,"7,504.21","7,733.51","7,483.97","7,719.22"
04/07/2025,"7,252.56","7,504.21","7,227.96","7,504.21"
04/08/2025,"7,163.09","7,364.22","7,151.04","7,252.56"
04/09/2025,"7,473.43","7,473.43","7,135.88","7,163.09"
04/10/2025,"7,372.09","7,482.80","7,273.72","7,473.43"
04/11/2025,"7,430.69","7,465.00","7,354.85","7,372.09"
04/14/2025,"7,572.20","7,592.85","7,430.69","7,430.69"
04/15/2025,"7,695.06","7,695.38","7,563.44","7,572.20"
04/16/2025,"7,710.55","7,724.07","7,676.56","7,695.06"
04/17/2025,"7,815.25","7,815.25","7,710.55","7,710.55"
04/21/2025,"7,751.38","7,816.32","7,748.20","7,815.25"
04/22/2025,"7,814.36","7,840.69","7,751.38","7,751.38"
04/23/2025,"7,922.51","7,942.31","7,814.36","7,814.36"
04/24/2025,"7,998.60","8,028.95","7,922.07","7,922.51"
04/25/2025,"7,991.62","8,016.09","7,977.82","7,998.60"
04/28/2025,"7,986.82","8,021.10","7,923.93","7,991.62"
04/29/2025,"8,059.40","8,059.40","7,986.82","7,986.82"
04/30/2025,"8,041.14","8,070.44","7,960.71","8,059.40"
05/02/2025,"8,039.23","8,054.91","7,953.25","8,041.14"
05/05/2025,"8,019.77","8,056.54","8,009.78","8,039.23"
05/06/2025,"8,069.80","8,072.94","7,981.78","8,019.77"
05/07/2025,"8,173.81","8,195.36","8,069.80","8,069.80"
05/08/2025,"8,162.87","8,207.55","8,162.87","8,173.81"
05/09/2025,"8,233.12","8,233.12","8,158.89","8,162.87"
05/12/2025,"8,326.19","8,357.61","8,233.12","8,233.12"
05/13/2025,"8,368.76","8,371.66","8,323.86","8,326.19"
05/14/2025,"8,469.64","8,479.36","8,368.13","8,368.76"
05/15/2025,"8,411.01","8,492.60","8,392.68","8,469.64"
05/16/2025,"8,386.16","8,416.23","8,283.72","8,411.01"
05/19/2025,"8,392.10","8,404.56","8,329.41","8,386.16"
05/20/2025,"8,418.38","8,455.36","8,387.33","8,392.10"
05/22/2025,"8,367.62","8,418.33","8,349.43","8,418.33"
05/23/2025,"8,399.59","8,400.28","8,309.87","8,367.62"
05/26/2025,"8,390.20","8,447.74","8,367.39","8,399.59"
05/27/2025,"8,351.79","8,404.47","8,343.05","8,390.20"
05/28/2025,"8,244.52","8,372.93","8,244.35","8,351.79"
05/29/2025,"8,192.18","8,278.82","8,182.86","8,244.52"
05/30/2025,"8,047.51","8,204.49","8,047.51","8,192.18"
06/02/2025,"8,048.93","8,093.59","8,025.14","8,047.51"
06/03/2025,"8,112.07","8,131.53","8,020.82","8,048.93"
06/04/2025,"8,169.98","8,233.75","8,111.76","8,112.07"
06/05/2025,"8,145.59","8,190.63","8,145.59","8,169.98"
06/06/2025,"8,170.04","8,196.07","8,139.72","8,145.59"
06/09/2025,"8,172.55","8,198.37","8,166.07","8,170.04"
06/10/2025,"8,227.18","8,228.87","8,163.73","8,172.55"
06/11/2025,"8,320.11","8,365.90","8,227.18","8,227.18"
06/12/2025,"8,269.44","8,337.49","8,264.94","8,320.11"
06/13/2025,"8,209.92","8,269.44","8,176.78","8,269.44"
06/16/2025,"8,165.29","8,253.46","8,165.10","8,209.92"
06/17/2025,"8,091.57","8,165.29","8,081.45","8,165.29"
06/18/2025,"8,086.72","8,091.57","8,048.23","8,091.57"
06/19/2025,"8,077.48","8,108.06","8,033.62","8,086.72"
06/23/2025,"8,029.71","8,077.48","7,943.88","8,077.48"
06/24/2025,"8,148.15","8,166.24","8,029.71","8,029.71"
06/25/2025,"8,140.84","8,171.02","8,119.80","8,148.15"
06/26/2025,"8,176.94","8,213.79","8,140.84","8,140.84"
06/27/2025,"8,213.08","8,213.61","8,140.08","8,176.94"
06/30/2025,"8,247.57","8,248.18","8,165.13","8,213.08"
07/01/2025,"8,211.83","8,292.19","8,208.77","8,247.57"
07/02/2025,"8,268.45","8,296.65","8,211.83","8,211.83"
07/03/2025,"8,290.26","8,307.47","8,247.10","8,268.45"
07/04/2025,"8,285.29","8,305.26","8,268.55","8,290.26"
07/07/2025,"8,256.55","8,285.29","8,217.06","8,285.29"
07/08/2025,"8,316.74","8,338.44","8,255.90","8,256.55"
07/09/2025,"8,329.49","8,336.79","8,299.29","8,316.74"
07/10/2025,"8,343.68","8,344.90","8,306.64","8,329.49"
07/11/2025,"8,231.92","8,343.68","8,225.22","8,343.68"
07/14/2025,"8,233.73","8,255.89","8,211.63","8,231.92"
07/15/2025,"8,152.47","8,238.51","8,137.67","8,233.73"
07/17/2025,"8,210.46","8,234.31","8,152.47","8,152.47"
07/18/2025,"8,184.50","8,227.61","8,154.84","8,210.46"
07/21/2025,"8,123.96","8,228.58","8,123.96","8,184.50"
07/22/2025,"8,118.91","8,187.85","8,118.29","8,125.16"
07/23/2025,"8,140.70","8,140.70","8,084.43","8,118.91"
07/24/2025,"8,141.82","8,191.52","8,136.72","8,140.70"
07/25/2025,"8,221.90","8,221.96","8,141.82","8,141.82"
07/28/2025,"8,074.31","8,221.90","8,074.31","8,221.90"
07/29/2025,"8,121.42","8,122.54","8,037.78","8,074.31"
07/30/2025,"8,121.45","8,178.56","8,118.30","8,121.42"
07/31/2025,"8,186.09","8,186.96","8,089.61","8,121.45"
08/01/2025,"8,161.33","8,186.34","8,135.86","8,186.09"
08/04/2025,"8,209.84","8,221.83","8,161.33","8,161.33"
08/05/2025,"8,195.17","8,241.97","8,179.22","8,209.84"
08/06/2025,"8,247.31","8,268.73","8,195.17","8,195.17"
08/07/2025,"8,360.90","8,360.90","8,247.31","8,247.31"
08/08/2025,"8,520.53","8,520.66","8,360.90","8,360.90"
08/11/2025,"8,591.50","8,649.22","8,520.53","8,520.53"
08/12/2025,"8,585.60","8,625.11","8,581.18","8,591.50"
08/13/2025,"8,737.86","8,741.92","8,585.60","8,585.60"
08/14/2025,"8,739.42","8,753.31","8,654.70","8,737.86"
08/18/2025,"8,827.17","8,852.04","8,739.42","8,739.42"
08/19/2025,"8,736.84","8,842.00","8,736.84","8,827.17"
08/20/2025,"8,683.66","8,736.84","8,654.45","8,736.84"
08/21/2025,"8,724.78","8,745.19","8,683.66","8,683.66"
08/22/2025,"8,854.26","8,854.61","8,736.17","8,738.95"
08/25/2025,"8,883.36","8,938.51","8,854.26","8,854.26"
08/26/2025,"8,827.00","8,897.99","8,767.49","8,883.36"
08/27/2025,"8,884.47","8,899.22","8,819.42","8,827.00"
08/28/2025,"8,920.99","8,920.99","8,864.99","8,884.47"
08/29/2025,"8,899.91","8,943.47","8,899.51","8,920.99"
09/01/2025,"8,922.00","8,930.74","8,887.28","8,899.91"
09/02/2025,"8,991.50","8,991.56","8,868.51","8,922.00"
09/03/2025,"9,062.92","9,071.99","8,960.60","8,991.50"
09/04/2025,"9,175.32","9,175.32","9,042.27","9,062.92"
09/05/2025,"9,210.68","9,285.27","9,205.05","9,270.10"
09/08/2025,"9,089.29","9,237.72","9,081.47","9,210.68"
09/09/2025,"8,985.16","9,089.29","8,940.69","9,089.29"
09/10/2025,"8,973.69","9,013.10","8,961.09","8,985.16"
09/11/2025,"9,151.39","9,151.39","8,973.69","8,973.69"
09/12/2025,"8,989.75","9,177.58","8,982.52","9,151.39"
09/15/2025,"9,088.53","9,113.91","8,989.75","8,989.75"
09/16/2025,"9,066.03","9,116.15","9,033.55","9,088.53"
09/17/2025,"9,007.14","9,096.77","9,007.14","9,066.03"
09/22/2025,"9,116.93","9,116.93","8,973.81","9,016.70"
09/23/2025,"9,146.80","9,160.53","9,106.12","9,112.28"
09/24/2025,"9,114.79","9,196.77","9,080.25","9,146.80"
09/25/2025,"9,040.46","9,121.10","9,008.42","9,114.79"
09/26/2025,"9,023.05","9,083.17","9,023.05","9,040.46"
09/29/2025,"8,996.57","9,086.91","8,996.57","9,080.77"
09/30/2025,"8,970.68","9,031.66","8,951.27","8,996.57"
10/01/2025,"8,939.08","9,030.97","8,936.79","8,970.68"
10/02/2025,"8,899.67","8,958.18","8,860.36","8,948.48"
10/03/2025,"8,890.29","8,934.87","8,859.64","8,899.67"
10/06/2025,"8,832.48","8,903.59","8,811.22","8,890.29"
10/07/2025,"8,829.98","8,858.22","8,805.79","8,832.48"
10/08/2025,"8,909.39","8,909.39","8,818.36","8,829.98"
10/09/2025,"8,818.68","8,972.16","8,769.55","8,909.39"
10/10/2025,"8,675.80","8,838.77","8,668.73","8,818.68"
10/13/2025,"8,794.53","8,795.38","8,675.80","8,675.80"
10/14/2025,"9,013.34","9,013.34","8,771.92","8,794.53"
10/15/2025,"9,112.58","9,112.66","9,019.80","9,024.25"
10/16/2025,"9,112.15","9,204.01","9,087.36","9,112.58"
10/17/2025,"9,129.98","9,129.98","9,067.60","9,112.15"
10/20/2025,"9,159.75","9,187.60","9,129.98","9,129.98"
10/21/2025,"9,114.74","9,187.10","9,110.45","9,159.75"
10/22/2025,"9,049.45","9,127.07","9,018.06","9,114.74"
10/23/2025,"9,149.64","9,156.63","9,049.45","9,049.45"
10/24/2025,"9,184.41","9,248.97","9,149.64","9,149.64"
10/27/2025,"9,207.64","9,311.03","9,184.41","9,184.41"
10/28/2025,"9,232.17","9,261.47","9,192.99","9,207.64"
10/29/2025,"9,326.50","9,326.50","9,232.17","9,232.17"
10/30/2025,"9,428.89","9,429.11","9,402.51","9,424.27"
11/03/2025,"9,511.78","9,513.85","9,497.59","9,509.42"
11/04/2025,"9,322.90","9,511.78","9,319.39","9,511.78"
11/05/2025,"9,432.13","9,449.22","9,322.90","9,322.90"
11/06/2025,"9,459.59","9,506.23","9,432.13","9,432.13"
11/07/2025,"9,605.06","9,625.76","9,446.48","9,459.59"
11/10/2025,"9,660.17","9,733.44","9,605.06","9,605.06"
11/11/2025,"9,710.83","9,736.26","9,614.45","9,660.17"
11/12/2025,"9,893.86","9,906.09","9,710.83","9,710.83"
11/13/2025,"9,710.38","9,939.93","9,710.38","9,893.86"
11/14/2025,"9,603.02","9,710.38","9,558.82","9,710.38"
11/17/2025,"9,904.47","9,933.76","9,603.02","9,603.02"
11/18/2025,"9,809.37","9,904.47","9,696.73","9,904.47"
11/19/2025,"9,873.59","9,992.17","9,809.37","9,809.37"
11/20/2025,"9,802.08","9,959.21","9,802.08","9,873.59"
11/21/2025,"9,826.58","9,829.87","9,714.71","9,802.08"
11/24/2025,"9,802.98","9,871.99","9,799.31","9,826.58"
11/25/2025,"9,950.81","9,950.81","9,802.98","9,802.98"
11/26/2025,"9,998.30","10,021.88","9,948.49","9,950.81"
11/27/2025,"10,078.13","10,079.77","9,996.54","9,998.30"
11/28/2025,"10,128.58","10,130.65","10,064.16","10,078.13"
12/01/2025,"10,144.02","10,146.84","10,033.28","10,128.58"
12/02/2025,"10,146.49","10,169.88","10,109.69","10,144.02"
12/03/2025,"10,176.08","10,201.07","10,129.74","10,146.49"
12/04/2025,"10,179.42","10,219.84","10,130.45","10,176.08"
12/05/2025,"10,222.61","10,278.13","10,128.77","10,179.42"
12/09/2025,"10,179.97","10,227.13","10,136.82","10,222.61"
12/10/2025,"10,170.37","10,234.62","10,148.08","10,179.97"
12/11/2025,"10,362.86","10,362.86","10,170.37","10,170.37"
12/12/2025,"10,400.01","10,425.35","10,327.26","10,362.86"
12/15/2025,"10,302.23","10,500.77","10,296.84","10,400.01"
12/16/2025,"10,188.43","10,305.73","10,177.12","10,302.23"
12/17/2025,"10,134.52","10,275.40","10,111.75","10,188.43"
12/18/2025,"10,194.26","10,206.62","10,134.52","10,134.52"
12/19/2025,"10,304.26","10,348.80","10,194.26","10,194.26"
12/22/2025,"10,389.39","10,391.16","10,304.26","10,304.26"
12/23/2025,"10,403.73","10,431.00","10,352.98","10,389.39"
12/24/2025,"10,386.99","10,415.97","10,350.46","10,403.73"
12/26/2025,"10,483.15","10,483.15","10,386.99","10,386.99"
12/29/2025,"10,521.68","10,521.73","10,427.59","10,483.15"
12/30/2025,"10,481.40","10,531.77","10,456.26","10,521.68"
01/02/2026,"10,428.63","10,489.03","10,388.93","10,481.40"
01/05/2026,"10,693.57","10,693.66","10,428.63","10,428.63"
01/06/2026,"10,927.79","10,996.34","10,692.78","10,693.57"
01/07/2026,"10,876.80","10,955.64","10,802.42","10,927.79"
01/08/2026,"10,916.08","10,953.52","10,851.55","10,876.80"
01/09/2026,"10,929.15","10,971.50","10,909.26","10,916.08"
01/12/2026,"11,066.16","11,073.36","10,929.15","10,929.15"
01/13/2026,"11,254.48","11,254.68","11,066.16","11,066.16"
01/14/2026,"11,219.98","11,263.70","11,171.36","11,254.48"
01/15/2026,"11,088.48","11,310.05","11,087.98","11,219.98"
01/16/2026,"11,156.73","11,157.65","10,988.01","11,088.48"
01/19/2026,"11,143.40","11,163.59","11,101.88","11,156.73"
01/20/2026,"11,159.35","11,159.35","11,023.52","11,143.40"
01/21/2026,"11,254.87","11,335.05","11,159.35","11,159.35"
01/22/2026,"11,507.70","11,507.70","11,254.87","11,254.87"
01/23/2026,"11,500.10","11,562.16","11,440.57","11,507.70"
01/26/2026,"11,546.28","11,600.81","11,448.06","11,500.10"
01/27/2026,"11,626.20","11,679.37","11,546.28","11,546.28"
01/28/2026,"11,627.58","11,721.38","11,541.55","11,626.20"
01/29/2026,"11,523.45","11,650.32","11,475.31","11,627.58"
01/30/2026,"11,420.07","11,523.45","11,340.39","11,523.45"
02/02/2026,"11,482.71","11,482.71","11,291.28","11,420.07"
02/03/2026,"11,609.40","11,674.72","11,482.46","11,482.71"
02/04/2026,"11,425.88","11,693.34","11,338.58","11,609.40"
02/05/2026,"11,251.62","11,425.88","11,250.12","11,425.88"
02/06/2026,"11,210.78","11,350.49","11,157.24","11,251.62"
02/09/2026,"11,250.56","11,298.65","11,196.23","11,210.78"
02/10/2026,"11,009.28","11,250.56","11,009.28","11,250.56"
02/11/2026,"11,217.82","11,221.11","11,009.28","11,009.28"
02/12/2026,"10,974.84","11,246.62","10,949.54","11,217.82"
02/13/2026,"10,897.74","10,974.84","10,800.53","10,974.84"
02/16/2026,"10,911.58","10,945.60","10,837.94","10,897.74"
02/17/2026,"10,892.26","10,948.47","10,824.35","10,911.58"
02/18/2026,"10,864.48","10,989.29","10,831.15","10,892.26"
02/19/2026,"10,809.15","10,871.38","10,695.09","10,864.48"
02/20/2026,"10,855.08","10,866.91","10,745.67","10,809.15"
02/23/2026,"10,923.25","10,936.73","10,810.98","10,855.08"
02/24/2026,"10,991.76","11,015.41","10,904.09","10,923.25"
02/25/2026,"11,133.28","11,149.63","10,991.76","10,991.76"
02/26/2026,"11,049.69","11,145.17","10,956.62","11,133.28"
02/27/2026,"10,877.74","11,071.31","10,877.11","11,049.69"
03/02/2026,"10,549.28","10,877.74","10,546.10","10,877.74"
03/03/2026,"10,248.96","10,549.28","9,931.28","10,549.28"
03/04/2026,"10,494.97","10,500.52","10,248.96","10,248.96"
03/05/2026,"10,297.93","10,591.68","10,224.45","10,494.97"
03/06/2026,"10,314.03","10,418.73","10,138.55","10,297.93"
03/09/2026,"10,428.64","10,458.66","10,097.58","10,314.03"
03/10/2026,"10,604.52","10,633.38","10,428.64","10,428.64"
03/11/2026,"10,505.21","10,621.62","10,478.31","10,604.52"
03/12/2026,"10,399.64","10,505.21","10,292.02","10,505.21"
03/13/2026,"10,466.52","10,469.30","10,306.41","10,399.64"
03/16/2026,"10,584.63","10,584.63","10,463.53","10,466.52"
03/17/2026,"10,620.89","10,662.39","10,553.64","10,584.63"
03/18/2026,"10,619.69","10,663.35","10,539.08","10,620.89"
03/19/2026,"10,473.45","10,619.69","10,389.35","10,619.69"
03/20/2026,"10,277.05","10,550.30","10,277.05","10,473.45"
03/23/2026,"10,227.64","10,421.67","10,225.41","10,277.51"
03/24/2026,"10,206.16","10,230.91","10,122.69","10,227.64"
06/05/2026,10273.0898,10348.3398,10259.6504,10304.04
