Date,Price
01/03/2000,52.7
01/04/2000,52.7
01/05/2000,52.7
01/06/2000,52.4
01/07/2000,52.2
01/10/2000,52.3
01/11/2000,52.7
01/12/2000,52.8
01/13/2000,52.2
01/14/2000,52.5
01/18/2000,52.3
01/19/2000,53.5
01/20/2000,53.0
01/21/2000,53.0
01/24/2000,53.3
01/25/2000,54.0
01/26/2000,54.1
01/27/2000,54.1
01/28/2000,54.7
01/31/2000,55.3
02/01/2000,55.5
02/02/2000,55.0
02/03/2000,54.3
02/04/2000,54.9
02/07/2000,54.7
02/08/2000,55.2
02/09/2000,54.9
02/10/2000,55.0
02/11/2000,54.8
02/14/2000,54.6
02/15/2000,55.8
02/16/2000,55.5
02/17/2000,55.7
02/18/2000,55.7
02/22/2000,56.0
02/23/2000,56.4
02/24/2000,56.4
02/25/2000,56.2
02/28/2000,56.6
02/29/2000,56.4
03/01/2000,56.0
03/02/2000,55.9
03/03/2000,56.3
03/06/2000,56.5
03/07/2000,56.5
03/08/2000,56.7
03/09/2000,56.6
03/10/2000,56.8
03/13/2000,57.1
03/14/2000,57.1
03/15/2000,56.9
03/16/2000,57.0
03/17/2000,57.0
03/20/2000,57.3
03/21/2000,57.4
03/22/2000,57.4
03/23/2000,57.3
03/24/2000,57.2
03/27/2000,56.8
03/28/2000,57.1
03/29/2000,57.2
03/30/2000,57.1
03/31/2000,57.2
04/03/2000,56.9
04/04/2000,56.7
04/05/2000,57.0
04/06/2000,57.1
04/07/2000,57.1
04/10/2000,56.9
04/11/2000,56.7
04/12/2000,56.7
04/13/2000,56.4
04/14/2000,56.4
04/17/2000,56.4
04/18/2000,56.4
04/19/2000,56.4
04/20/2000,56.2
04/24/2000,56.0
04/25/2000,56.3
04/26/2000,55.9
04/27/2000,55.8
04/28/2000,56.5
05/01/2000,56.7
05/02/2000,57.4
05/03/2000,57.4
05/04/2000,57.2
05/05/2000,57.9
05/08/2000,58.9
05/09/2000,59.6
05/10/2000,59.3
05/11/2000,59.1
05/12/2000,59.6
05/15/2000,59.3
05/16/2000,60.1
05/17/2000,59.1
05/18/2000,57.3
05/19/2000,57.0
05/22/2000,57.0
05/23/2000,57.8
05/24/2000,57.4
05/25/2000,56.6
05/26/2000,56.5
05/30/2000,56.0
05/31/2000,54.9
06/01/2000,55.6
06/02/2000,57.0
06/05/2000,57.1
06/06/2000,58.2
06/07/2000,57.5
06/08/2000,57.5
06/09/2000,57.5
06/12/2000,56.7
06/13/2000,57.2
06/14/2000,56.6
06/15/2000,56.5
06/16/2000,56.4
06/19/2000,56.4
06/20/2000,56.2
06/21/2000,56.4
06/22/2000,56.6
06/23/2000,56.9
06/26/2000,56.5
06/27/2000,56.5
06/28/2000,56.4
06/29/2000,56.7
06/30/2000,57.0
07/03/2000,58.7
07/05/2000,58.1
07/06/2000,58.4
07/07/2000,58.5
07/10/2000,58.8
07/11/2000,59.2
07/12/2000,59.9
07/13/2000,59.8
07/14/2000,59.7
07/17/2000,59.6
07/18/2000,59.7
07/19/2000,59.8
07/20/2000,60.0
07/21/2000,59.4
07/24/2000,59.7
07/25/2000,60.1
07/26/2000,59.9
07/27/2000,60.2
07/28/2000,60.0
07/31/2000,60.2
08/01/2000,60.6
08/02/2000,60.5
08/03/2000,60.4
08/04/2000,60.4
08/07/2000,60.4
08/08/2000,60.7
08/09/2000,60.5
08/10/2000,60.6
08/11/2000,60.9
08/14/2000,60.8
08/15/2000,60.8
08/16/2000,60.8
08/17/2000,60.7
08/18/2000,60.7
08/21/2000,60.8
08/22/2000,60.8
08/23/2000,60.9
08/24/2000,60.9
08/25/2000,61.1
08/28/2000,61.3
08/29/2000,61.2
08/30/2000,61.2
08/31/2000,61.1
09/01/2000,60.8
09/05/2000,60.6
09/06/2000,60.1
09/07/2000,60.0
09/08/2000,59.6
09/11/2000,59.4
09/12/2000,59.1
09/13/2000,59.1
09/14/2000,59.5
09/15/2000,59.6
09/18/2000,59.5
09/19/2000,59.7
09/20/2000,59.7
09/21/2000,59.6
09/22/2000,59.7
09/25/2000,59.8
09/26/2000,59.8
09/27/2000,60.1
09/28/2000,60.5
09/29/2000,60.3
10/02/2000,60.1
10/03/2000,60.5
10/04/2000,60.4
10/05/2000,60.5
10/06/2000,60.5
10/09/2000,60.5
10/10/2000,60.4
10/11/2000,60.4
10/12/2000,60.0
10/13/2000,60.0
10/16/2000,60.4
10/17/2000,60.9
10/18/2000,61.2
10/19/2000,61.2
10/20/2000,61.2
10/23/2000,61.5
10/24/2000,61.6
10/25/2000,61.8
10/26/2000,61.6
10/27/2000,61.5
10/30/2000,61.8
10/31/2000,61.5
11/01/2000,61.7
11/02/2000,61.7
11/03/2000,61.9
11/06/2000,62.2
11/07/2000,62.2
11/08/2000,62.1
11/09/2000,61.8
11/10/2000,61.7
11/13/2000,61.7
11/14/2000,61.5
11/15/2000,61.7
11/16/2000,61.5
11/17/2000,61.5
11/20/2000,61.6
11/21/2000,61.7
11/22/2000,61.7
11/24/2000,61.7
11/27/2000,61.3
11/28/2000,61.0
11/29/2000,60.5
11/30/2000,60.1
12/01/2000,60.4
12/04/2000,59.8
12/05/2000,59.0
12/06/2000,59.0
12/07/2000,59.2
12/08/2000,59.0
12/11/2000,58.9
12/12/2000,58.9
12/13/2000,54.3
12/14/2000,58.7
12/15/2000,58.3
12/18/2000,57.8
12/19/2000,57.5
12/20/2000,56.7
12/21/2000,52.2
12/22/2000,51.2
12/26/2000,55.9
12/27/2000,56.0
12/28/2000,57.0
12/29/2000,57.3
01/02/2001,56.8
01/03/2001,55.3
01/04/2001,52.4
01/05/2001,49.7
01/08/2001,50.5
01/09/2001,50.9
01/10/2001,51.4
01/11/2001,51.6
01/12/2001,51.3
01/16/2001,52.1
01/17/2001,52.2
01/18/2001,51.4
01/19/2001,50.9
01/22/2001,51.0
01/23/2001,50.9
01/24/2001,51.3
01/25/2001,51.2
01/26/2001,50.3
01/29/2001,49.8
01/30/2001,48.8
01/31/2001,48.4
02/01/2001,48.5
02/02/2001,49.2
02/05/2001,49.5
02/06/2001,49.3
02/07/2001,49.3
02/08/2001,49.4
02/09/2001,49.1
02/12/2001,49.2
02/13/2001,49.1
02/14/2001,49.3
02/15/2001,49.4
02/16/2001,48.8
02/20/2001,49.1
02/21/2001,48.8
02/22/2001,48.7
02/23/2001,47.5
02/26/2001,47.0
02/27/2001,46.8
02/28/2001,47.2
03/01/2001,47.0
03/02/2001,47.1
03/05/2001,47.2
03/06/2001,46.5
03/07/2001,45.6
03/08/2001,45.5
03/09/2001,46.0
03/12/2001,45.4
03/13/2001,45.1
03/14/2001,44.2
03/15/2001,43.8
03/16/2001,44.1
03/19/2001,44.4
03/20/2001,43.8
03/21/2001,41.9
03/22/2001,41.5
03/23/2001,41.7
03/26/2001,41.5
03/27/2001,42.4
03/28/2001,42.3
03/29/2001,42.2
03/30/2001,41.8
04/02/2001,41.5
04/03/2001,40.4
04/04/2001,40.0
04/05/2001,39.9
04/06/2001,38.4
04/09/2001,38.3
04/10/2001,38.3
04/11/2001,39.8
04/12/2001,39.0
04/16/2001,40.3
04/17/2001,40.0
04/18/2001,38.0
04/19/2001,37.6
04/20/2001,36.7
04/23/2001,36.3
04/24/2001,36.9
04/25/2001,37.4
04/26/2001,37.3
04/27/2001,37.4
04/30/2001,38.3
05/01/2001,38.1
05/02/2001,37.9
05/03/2001,37.5
05/04/2001,36.4
05/07/2001,36.2
05/08/2001,35.9
05/09/2001,36.3
05/10/2001,36.2
05/11/2001,36.8
05/14/2001,36.1
05/15/2001,35.4
05/16/2001,34.8
05/17/2001,34.8
05/18/2001,35.1
05/21/2001,35.4
05/22/2001,35.6
05/23/2001,35.6
05/24/2001,36.0
05/25/2001,35.7
05/29/2001,36.0
05/30/2001,35.9
05/31/2001,35.4
06/01/2001,35.4
06/04/2001,35.9
06/05/2001,35.3
06/06/2001,35.3
06/07/2001,35.2
06/08/2001,35.3
06/11/2001,35.1
06/12/2001,34.7
06/13/2001,34.6
06/14/2001,34.4
06/15/2001,34.3
06/18/2001,34.0
06/19/2001,34.1
06/20/2001,34.1
06/21/2001,34.2
06/22/2001,33.6
06/25/2001,33.6
06/26/2001,34.1
06/27/2001,34.1
06/28/2001,35.5
06/29/2001,35.6
07/02/2001,35.6
07/03/2001,35.7
07/05/2001,35.6
07/06/2001,35.2
07/09/2001,35.5
07/10/2001,35.3
07/11/2001,34.9
07/12/2001,35.1
07/13/2001,35.2
07/16/2001,35.4
07/17/2001,35.1
07/18/2001,34.4
07/19/2001,34.5
07/20/2001,34.4
07/23/2001,34.6
07/24/2001,34.7
07/25/2001,34.6
07/26/2001,34.8
07/27/2001,34.6
07/30/2001,34.7
07/31/2001,34.4
08/01/2001,34.3
08/02/2001,34.3
08/03/2001,34.3
08/06/2001,34.3
08/07/2001,34.2
08/08/2001,34.0
08/09/2001,33.7
08/10/2001,33.5
08/13/2001,33.5
08/14/2001,33.5
08/15/2001,33.4
08/16/2001,33.1
08/17/2001,32.9
08/20/2001,33.4
08/21/2001,33.0
08/22/2001,33.0
08/23/2001,33.1
08/24/2001,33.3
08/27/2001,33.5
08/28/2001,33.3
08/29/2001,33.3
08/30/2001,32.8
08/31/2001,32.8
09/04/2001,33.6
09/05/2001,33.2
09/06/2001,32.7
09/07/2001,31.8
09/10/2001,31.8
09/17/2001,26.1
09/18/2001,24.5
09/19/2001,24.1
09/20/2001,22.1
09/21/2001,22.0
09/24/2001,23.2
09/25/2001,23.4
09/26/2001,23.4
09/27/2001,23.3
09/28/2001,23.0
10/01/2001,23.0
10/02/2001,22.7
10/03/2001,21.8
10/04/2001,21.7
10/05/2001,21.5
10/09/2001,21.7
10/10/2001,21.8
10/11/2001,22.2
10/12/2001,21.9
10/15/2001,22.1
10/16/2001,21.6
10/17/2001,21.7
10/18/2001,21.5
10/19/2001,21.5
10/22/2001,21.8
10/23/2001,21.5
10/24/2001,21.2
10/25/2001,21.0
10/26/2001,21.0
10/29/2001,20.6
10/30/2001,19.9
10/31/2001,20.1
11/01/2001,20.1
11/02/2001,19.5
11/05/2001,19.7
11/06/2001,18.2
11/07/2001,17.6
11/08/2001,18.1
11/09/2001,18.0
11/13/2001,18.0
11/14/2001,18.4
11/15/2001,18.7
11/16/2001,18.9
11/19/2001,19.0
11/20/2001,19.0
11/21/2001,19.1
11/23/2001,19.3
11/26/2001,19.4
11/27/2001,18.6
11/28/2001,18.3
11/29/2001,17.6
11/30/2001,17.3
12/03/2001,17.4
12/04/2001,17.1
12/05/2001,17.3
12/06/2001,17.1
12/07/2001,16.5
12/10/2001,16.8
12/11/2001,16.1
12/12/2001,16.4
12/13/2001,16.6
12/14/2001,16.8
12/17/2001,17.1
12/18/2001,16.8
12/19/2001,16.7
12/20/2001,16.4
12/21/2001,16.6
12/24/2001,16.9
12/26/2001,17.1
12/27/2001,17.0
12/28/2001,16.8
12/31/2001,16.7
01/02/2002,17.0
01/03/2002,16.9
01/04/2002,16.8
01/07/2002,16.6
01/08/2002,16.5
01/09/2002,16.5
01/10/2002,16.5
01/11/2002,15.9
01/14/2002,15.4
01/15/2002,15.6
01/16/2002,15.7
01/17/2002,16.0
01/18/2002,15.8
01/22/2002,16.4
01/23/2002,16.7
01/24/2002,16.7
01/25/2002,16.8
01/28/2002,16.9
01/29/2002,17.0
01/30/2002,16.9
01/31/2002,17.2
02/01/2002,17.1
02/04/2002,17.2
02/05/2002,17.2
02/06/2002,17.0
02/07/2002,16.9
02/08/2002,16.7
02/11/2002,17.0
02/12/2002,17.1
02/13/2002,17.1
02/14/2002,17.1
02/15/2002,17.0
02/19/2002,17.0
02/20/2002,17.2
02/21/2002,17.2
02/22/2002,17.2
02/25/2002,17.3
02/26/2002,17.3
02/27/2002,17.3
02/28/2002,17.2
03/01/2002,17.5
03/04/2002,17.5
03/05/2002,17.5
03/06/2002,17.4
03/07/2002,17.5
03/08/2002,17.7
03/11/2002,17.9
03/12/2002,18.0
03/13/2002,17.9
03/14/2002,18.1
03/15/2002,18.2
03/18/2002,18.2
03/19/2002,18.0
03/20/2002,18.1
03/21/2002,18.1
03/22/2002,18.0
03/25/2002,17.8
03/26/2002,17.9
03/27/2002,17.8
03/28/2002,17.4
04/01/2002,17.6
04/02/2002,17.6
04/03/2002,17.5
04/04/2002,17.4
04/05/2002,17.2
04/08/2002,17.1
04/09/2002,16.9
04/10/2002,16.7
04/11/2002,16.7
04/12/2002,16.7
04/15/2002,16.7
04/16/2002,17.0
04/17/2002,16.9
04/18/2002,16.7
04/19/2002,17.0
04/22/2002,16.8
04/23/2002,17.0
04/24/2002,16.8
04/25/2002,17.0
04/26/2002,17.0
04/29/2002,17.2
04/30/2002,17.3
05/01/2002,17.2
05/02/2002,17.3
05/03/2002,17.2
05/06/2002,17.3
05/07/2002,17.1
05/08/2002,17.3
05/09/2002,17.3
05/10/2002,17.3
05/13/2002,17.3
05/14/2002,17.4
05/15/2002,17.3
05/16/2002,17.4
05/17/2002,17.2
05/20/2002,17.1
05/21/2002,17.01
05/22/2002,16.97
05/23/2002,17.04
05/24/2002,17.07
05/28/2002,17.22
05/29/2002,17.17
05/30/2002,17.13
05/31/2002,17.05
06/03/2002,17.15
06/04/2002,17.15
06/05/2002,17.18
06/06/2002,17.05
06/07/2002,17.07
06/10/2002,17.11
06/11/2002,17.14
06/12/2002,17.02
06/13/2002,16.85
06/14/2002,16.75
06/17/2002,16.9
06/18/2002,16.92
06/19/2002,16.7
06/20/2002,16.9
06/21/2002,16.78
06/24/2002,16.92
06/25/2002,16.9
06/26/2002,16.62
06/27/2002,16.6
06/28/2002,16.59
07/01/2002,16.77
07/02/2002,16.82
07/03/2002,16.82
07/05/2002,16.87
07/08/2002,16.9
07/09/2002,16.85
07/10/2002,16.87
07/11/2002,16.82
07/12/2002,16.72
07/15/2002,16.75
07/16/2002,16.75
07/17/2002,16.9
07/18/2002,16.9
07/19/2002,16.72
07/22/2002,16.7
07/23/2002,16.62
07/24/2002,16.43
07/25/2002,16.6
07/26/2002,16.47
07/29/2002,16.77
07/30/2002,16.82
07/31/2002,16.65
08/01/2002,16.42
08/02/2002,15.92
08/05/2002,16.02
08/06/2002,16.12
08/07/2002,15.58
08/08/2002,15.78
08/09/2002,15.75
08/12/2002,16.33
08/13/2002,15.97
08/14/2002,16.02
08/15/2002,15.82
08/16/2002,15.85
08/19/2002,16.25
08/20/2002,15.75
08/21/2002,15.95
08/22/2002,16.11
08/23/2002,16.17
08/26/2002,16.25
08/27/2002,16.42
08/28/2002,16.37
08/29/2002,16.4
08/30/2002,16.45
09/03/2002,16.05
09/04/2002,15.92
09/05/2002,15.77
09/06/2002,16.22
09/09/2002,16.37
09/10/2002,16.31
09/11/2002,16.55
09/12/2002,16.52
09/13/2002,16.5
09/16/2002,16.57
09/17/2002,16.57
09/18/2002,16.42
09/19/2002,16.17
09/20/2002,16.12
09/23/2002,16.17
09/24/2002,16.14
09/25/2002,16.22
09/26/2002,16.17
09/27/2002,15.97
09/30/2002,15.27
10/01/2002,15.52
10/02/2002,15.4
10/03/2002,15.3
10/04/2002,15.67
10/07/2002,15.82
10/08/2002,15.72
10/09/2002,15.28
10/10/2002,15.38
10/11/2002,15.46
10/14/2002,15.45
10/15/2002,16.25
10/16/2002,16.2
10/17/2002,16.27
10/18/2002,16.32
10/21/2002,16.62
10/22/2002,16.57
10/23/2002,16.42
10/24/2002,16.22
10/25/2002,16.02
10/28/2002,15.52
10/29/2002,14.72
10/30/2002,14.68
10/31/2002,14.17
11/01/2002,13.97
11/04/2002,14.07
11/05/2002,13.95
11/06/2002,12.07
11/07/2002,11.95
11/08/2002,11.97
11/12/2002,11.9
11/13/2002,11.87
11/14/2002,11.91
11/15/2002,11.97
11/18/2002,12.02
11/19/2002,11.9
11/20/2002,11.96
11/21/2002,11.97
11/22/2002,11.98
11/25/2002,12.02
11/26/2002,12.02
11/27/2002,12.07
11/29/2002,12.02
12/02/2002,12.05
12/03/2002,12.0
12/04/2002,11.97
12/05/2002,11.87
12/06/2002,11.83
12/09/2002,11.97
12/10/2002,11.92
12/11/2002,11.82
12/12/2002,11.85
12/13/2002,11.87
12/16/2002,12.02
12/17/2002,11.92
12/18/2002,11.82
12/19/2002,11.77
12/20/2002,11.77
12/23/2002,11.62
12/24/2002,11.65
12/26/2002,11.55
12/27/2002,11.35
12/30/2002,11.65
12/31/2002,11.82
01/02/2003,11.9
01/03/2003,11.92
01/06/2003,11.82
01/07/2003,11.72
01/08/2003,11.67
01/09/2003,11.77
01/10/2003,11.72
01/13/2003,11.72
01/14/2003,11.72
01/15/2003,11.67
01/16/2003,11.65
01/17/2003,11.52
01/21/2003,11.52
01/22/2003,11.42
01/23/2003,11.42
01/24/2003,11.27
01/27/2003,11.42
01/28/2003,11.5
01/29/2003,11.52
01/30/2003,11.52
01/31/2003,11.48
02/03/2003,11.52
02/04/2003,11.47
02/05/2003,11.47
02/06/2003,11.42
02/07/2003,11.37
02/10/2003,11.5
02/11/2003,11.52
02/12/2003,11.5
02/13/2003,11.47
02/14/2003,11.51
02/18/2003,11.55
02/19/2003,11.57
02/20/2003,11.57
02/21/2003,11.67
02/24/2003,11.72
02/25/2003,11.75
02/26/2003,11.82
02/27/2003,11.82
02/28/2003,11.75
03/03/2003,11.72
03/04/2003,11.65
03/05/2003,11.52
03/06/2003,11.47
03/07/2003,10.97
03/10/2003,10.6
03/11/2003,10.62
03/12/2003,10.67
03/13/2003,11.02
03/14/2003,11.03
03/17/2003,11.17
03/18/2003,11.25
03/19/2003,11.35
03/20/2003,11.37
03/21/2003,11.57
03/24/2003,11.55
03/25/2003,11.52
03/26/2003,11.49
03/27/2003,11.32
03/28/2003,11.11
03/31/2003,10.9
04/01/2003,10.95
04/02/2003,11.02
04/03/2003,10.87
04/04/2003,10.82
04/07/2003,11.32
04/08/2003,11.27
04/09/2003,11.1
04/10/2003,11.17
04/11/2003,11.47
04/14/2003,11.57
04/15/2003,11.6
04/16/2003,11.47
04/17/2003,11.47
04/21/2003,11.52
04/22/2003,11.52
04/23/2003,11.47
04/24/2003,11.29
04/25/2003,11.17
04/28/2003,11.12
04/29/2003,11.17
04/30/2003,11.01
05/01/2003,10.77
05/02/2003,10.96
05/05/2003,10.92
05/06/2003,10.8
05/07/2003,10.87
05/08/2003,10.67
05/09/2003,10.82
05/12/2003,10.67
05/13/2003,10.62
05/14/2003,10.37
05/15/2003,10.3
05/16/2003,10.22
05/19/2003,10.17
05/20/2003,10.0
05/21/2003,10.47
05/22/2003,10.5
05/23/2003,10.55
05/27/2003,10.63
05/28/2003,10.87
05/29/2003,10.75
05/30/2003,10.85
06/02/2003,11.02
06/03/2003,10.62
06/04/2003,10.22
06/05/2003,10.17
06/06/2003,10.27
06/09/2003,10.07
06/10/2003,9.57
06/11/2003,9.1
06/12/2003,8.92
06/13/2003,8.33
06/16/2003,8.37
06/17/2003,8.67
06/18/2003,8.62
06/19/2003,7.92
06/20/2003,8.07
06/23/2003,8.2
06/24/2003,8.0
06/25/2003,8.97
06/26/2003,8.75
06/27/2003,8.42
06/30/2003,8.38
07/01/2003,8.68
07/02/2003,8.47
07/03/2003,8.42
07/07/2003,8.62
07/08/2003,8.85
07/09/2003,8.7
07/10/2003,8.63
07/11/2003,8.66
07/14/2003,8.67
07/15/2003,8.88
07/16/2003,8.82
07/17/2003,8.71
07/18/2003,8.77
07/21/2003,8.87
07/22/2003,9.02
07/23/2003,8.92
07/24/2003,9.01
07/25/2003,9.02
07/28/2003,9.37
07/29/2003,9.57
07/30/2003,9.47
07/31/2003,9.27
08/01/2003,9.18
08/04/2003,9.37
08/05/2003,9.35
08/06/2003,9.22
08/07/2003,9.2
08/08/2003,9.27
08/11/2003,9.26
08/12/2003,9.27
08/13/2003,9.27
08/14/2003,9.35
08/15/2003,9.27
08/18/2003,9.37
08/19/2003,9.37
08/20/2003,9.37
08/21/2003,9.46
08/22/2003,9.51
08/25/2003,9.72
08/26/2003,9.77
08/27/2003,9.77
08/28/2003,9.62
08/29/2003,9.6
09/02/2003,9.52
09/03/2003,9.52
09/04/2003,9.42
09/05/2003,9.27
09/08/2003,9.32
09/09/2003,9.32
09/10/2003,9.32
09/11/2003,9.32
09/12/2003,9.32
09/15/2003,9.26
09/16/2003,9.27
09/17/2003,9.27
09/18/2003,9.32
09/19/2003,9.27
09/22/2003,9.22
09/23/2003,9.25
09/24/2003,9.17
09/25/2003,9.17
09/26/2003,9.17
09/29/2003,9.21
09/30/2003,9.26
10/01/2003,9.1
10/02/2003,9.12
10/03/2003,9.12
10/06/2003,9.05
10/07/2003,9.02
10/08/2003,8.77
10/09/2003,8.8
10/10/2003,8.87
10/13/2003,8.87
10/14/2003,8.87
10/15/2003,9.03
10/16/2003,9.02
10/17/2003,9.07
10/20/2003,9.12
10/21/2003,9.36
10/22/2003,9.32
10/23/2003,9.3
10/24/2003,9.27
10/27/2003,9.41
10/28/2003,9.45
10/29/2003,9.37
10/30/2003,9.32
10/31/2003,9.32
11/03/2003,9.21
11/04/2003,9.28
11/05/2003,9.33
11/06/2003,9.27
11/07/2003,9.32
11/10/2003,9.22
11/12/2003,9.28
11/13/2003,9.27
11/14/2003,9.27
11/17/2003,9.28
11/18/2003,9.36
11/19/2003,9.27
11/20/2003,9.22
11/21/2003,9.12
11/24/2003,9.17
11/25/2003,9.2
11/26/2003,9.12
11/28/2003,9.08
12/01/2003,8.97
12/02/2003,9.17
12/03/2003,9.12
12/04/2003,9.01
12/05/2003,8.95
12/08/2003,8.92
12/09/2003,8.92
12/10/2003,8.87
12/11/2003,8.72
12/12/2003,8.77
12/15/2003,8.8
12/16/2003,8.78
12/17/2003,8.72
12/18/2003,8.63
12/19/2003,8.58
12/22/2003,8.61
12/23/2003,8.82
12/24/2003,8.72
12/26/2003,8.47
12/29/2003,8.57
12/30/2003,9.12
12/31/2003,9.07
01/02/2004,9.02
01/05/2004,9.02
01/06/2004,9.01
01/07/2004,8.86
01/08/2004,8.47
01/09/2004,8.42
01/12/2004,8.47
01/13/2004,8.62
01/14/2004,8.58
01/15/2004,8.52
01/16/2004,8.62
01/20/2004,8.57
01/21/2004,8.67
01/22/2004,8.52
01/23/2004,8.67
01/26/2004,8.82
01/27/2004,8.97
01/28/2004,9.17
01/29/2004,9.17
01/30/2004,8.97
02/02/2004,9.02
02/03/2004,9.12
02/04/2004,9.12
02/05/2004,9.11
02/06/2004,9.07
02/09/2004,9.12
02/10/2004,9.21
02/11/2004,9.1
02/12/2004,8.98
02/13/2004,8.97
02/17/2004,8.97
02/18/2004,9.12
02/19/2004,9.12
02/20/2004,9.16
02/23/2004,9.27
02/24/2004,9.38
02/25/2004,9.38
02/26/2004,9.32
02/27/2004,9.27
03/01/2004,9.36
03/02/2004,9.42
03/03/2004,9.42
03/04/2004,9.41
03/05/2004,9.31
03/08/2004,9.27
03/09/2004,9.32
03/10/2004,9.37
03/11/2004,9.37
03/12/2004,9.32
03/15/2004,9.32
03/16/2004,9.38
03/17/2004,9.18
03/18/2004,9.17
03/19/2004,9.17
03/22/2004,9.23
03/23/2004,9.23
03/24/2004,9.18
03/25/2004,9.17
03/26/2004,9.22
03/29/2004,9.23
03/30/2004,9.33
03/31/2004,9.23
04/01/2004,9.16
04/02/2004,9.27
04/05/2004,9.12
04/06/2004,9.18
04/07/2004,9.18
04/08/2004,9.13
04/12/2004,9.12
04/13/2004,9.22
04/14/2004,9.34
04/15/2004,9.27
04/16/2004,9.17
04/19/2004,9.22
04/20/2004,9.47
04/21/2004,9.67
04/22/2004,9.37
04/23/2004,9.52
04/26/2004,9.43
04/27/2004,9.62
04/28/2004,9.48
04/29/2004,9.49
04/30/2004,9.52
05/03/2004,9.59
05/04/2004,9.86
05/05/2004,9.67
05/06/2004,9.71
05/07/2004,10.37
05/10/2004,10.27
05/11/2004,10.31
05/12/2004,10.07
05/13/2004,9.8
05/14/2004,9.69
05/17/2004,9.77
05/18/2004,10.27
05/19/2004,10.16
05/20/2004,10.04
05/21/2004,10.04
05/24/2004,10.12
05/25/2004,10.57
05/26/2004,10.52
05/27/2004,10.39
05/28/2004,10.52
06/01/2004,10.93
06/02/2004,11.42
06/03/2004,11.47
06/04/2004,11.77
06/07/2004,11.84
06/08/2004,12.42
06/09/2004,12.42
06/10/2004,12.67
06/14/2004,13.39
06/15/2004,13.12
06/16/2004,12.77
06/17/2004,12.42
06/18/2004,12.47
06/21/2004,12.38
06/22/2004,12.93
06/23/2004,12.57
06/24/2004,12.54
06/25/2004,12.72
06/28/2004,12.82
06/29/2004,13.52
06/30/2004,13.03
07/01/2004,11.97
07/02/2004,12.63
07/06/2004,12.54
07/07/2004,12.68
07/08/2004,12.51
07/09/2004,12.47
07/12/2004,12.62
07/13/2004,13.15
07/14/2004,13.17
07/15/2004,13.17
07/16/2004,13.12
07/19/2004,13.02
07/20/2004,13.32
07/21/2004,13.22
07/22/2004,13.34
07/23/2004,13.38
07/26/2004,13.92
07/27/2004,14.37
07/28/2004,14.2
07/29/2004,14.12
07/30/2004,14.12
08/02/2004,14.32
08/03/2004,14.57
08/04/2004,14.52
08/05/2004,14.44
08/06/2004,14.06
08/09/2004,14.44
08/10/2004,14.72
08/11/2004,14.15
08/12/2004,14.08
08/13/2004,14.01
08/16/2004,14.27
08/17/2004,14.54
08/18/2004,14.47
08/19/2004,14.42
08/20/2004,14.54
08/23/2004,14.77
08/24/2004,15.17
08/25/2004,15.12
08/26/2004,15.16
08/27/2004,15.22
08/30/2004,15.42
08/31/2004,15.68
09/01/2004,15.47
09/02/2004,15.63
09/03/2004,16.12
09/07/2004,15.97
09/08/2004,16.12
09/09/2004,16.08
09/10/2004,16.23
09/13/2004,16.16
09/14/2004,16.23
09/15/2004,16.32
09/16/2004,16.32
09/17/2004,16.68
09/20/2004,16.63
09/21/2004,16.82
09/22/2004,16.74
09/23/2004,16.86
09/24/2004,16.91
09/27/2004,16.82
09/28/2004,16.87
09/29/2004,16.8
09/30/2004,16.74
10/01/2004,16.57
10/04/2004,16.51
10/05/2004,16.71
10/06/2004,16.73
10/07/2004,16.62
10/08/2004,16.57
10/11/2004,16.57
10/12/2004,16.53
10/13/2004,16.87
10/14/2004,16.97
10/15/2004,17.12
10/18/2004,17.37
10/19/2004,17.82
10/20/2004,17.87
10/21/2004,17.97
10/22/2004,18.07
10/25/2004,18.32
10/26/2004,18.74
10/27/2004,18.77
10/28/2004,18.67
10/29/2004,18.67
11/01/2004,18.82
11/02/2004,19.43
11/03/2004,19.18
11/04/2004,19.37
11/05/2004,19.82
11/08/2004,20.02
11/09/2004,20.37
11/10/2004,20.29
11/12/2004,20.36
11/15/2004,20.57
11/16/2004,20.91
11/17/2004,20.8
11/18/2004,20.87
11/19/2004,20.96
11/22/2004,21.22
11/23/2004,21.34
11/24/2004,21.32
11/26/2004,21.52
11/29/2004,21.57
11/30/2004,21.82
12/01/2004,21.72
12/02/2004,21.72
12/03/2004,21.67
12/06/2004,21.84
12/07/2004,22.02
12/08/2004,21.97
12/09/2004,21.97
12/10/2004,22.01
12/13/2004,21.79
12/14/2004,21.77
12/15/2004,21.67
12/16/2004,21.55
12/17/2004,21.52
12/20/2004,21.58
12/21/2004,21.72
12/22/2004,21.47
12/23/2004,21.47
12/27/2004,21.82
12/28/2004,22.11
12/29/2004,21.82
12/30/2004,21.7
12/31/2004,21.82
01/03/2005,22.04
01/04/2005,22.92
01/05/2005,22.82
01/06/2005,22.67
01/07/2005,22.77
01/10/2005,22.73
01/11/2005,23.02
01/12/2005,22.92
01/13/2005,23.02
01/14/2005,23.2
01/18/2005,23.02
01/19/2005,23.27
01/20/2005,23.07
01/21/2005,23.02
01/24/2005,23.01
01/25/2005,23.61
01/26/2005,23.65
01/27/2005,23.87
01/28/2005,24.07
01/31/2005,24.22
02/01/2005,24.62
02/02/2005,24.58
02/03/2005,24.32
02/04/2005,24.22
02/07/2005,24.37
02/08/2005,24.65
02/09/2005,24.67
02/10/2005,24.67
02/11/2005,24.94
02/14/2005,24.82
02/15/2005,25.32
02/16/2005,25.27
02/17/2005,25.27
02/18/2005,25.52
02/22/2005,25.73
02/23/2005,26.25
02/24/2005,26.37
02/25/2005,26.75
02/28/2005,26.9
03/01/2005,26.92
03/02/2005,26.77
03/03/2005,26.92
03/04/2005,26.92
03/07/2005,26.77
03/08/2005,26.92
03/09/2005,26.92
03/10/2005,26.87
03/11/2005,26.92
03/14/2005,27.12
03/15/2005,27.37
03/16/2005,27.32
03/17/2005,27.27
03/18/2005,27.42
03/21/2005,27.57
03/22/2005,28.02
03/23/2005,27.61
03/24/2005,27.7
03/28/2005,27.72
03/29/2005,27.72
03/30/2005,27.62
03/31/2005,27.22
04/01/2005,27.27
04/04/2005,26.88
04/05/2005,27.28
04/06/2005,27.02
04/07/2005,27.0
04/08/2005,27.12
04/11/2005,26.97
04/12/2005,27.07
04/13/2005,27.17
04/14/2005,27.12
04/15/2005,27.24
04/18/2005,28.12
04/19/2005,28.47
04/20/2005,28.07
04/21/2005,28.17
04/22/2005,28.58
04/25/2005,28.32
04/26/2005,28.52
04/27/2005,28.2
04/28/2005,28.11
04/29/2005,28.37
05/02/2005,28.22
05/03/2005,28.5
05/04/2005,27.95
05/05/2005,27.47
05/06/2005,28.02
05/09/2005,27.97
05/10/2005,28.22
05/11/2005,28.02
05/12/2005,28.17
05/13/2005,27.57
05/16/2005,27.47
05/17/2005,28.12
05/18/2005,27.87
05/19/2005,28.02
05/20/2005,28.25
05/23/2005,28.45
05/24/2005,28.82
05/25/2005,28.7
05/26/2005,28.67
05/27/2005,28.87
05/31/2005,28.82
06/01/2005,29.07
06/02/2005,29.08
06/03/2005,29.3
06/06/2005,29.32
06/07/2005,29.47
06/08/2005,29.47
06/09/2005,29.27
06/10/2005,29.37
06/13/2005,29.37
06/14/2005,29.62
06/15/2005,29.55
06/16/2005,29.02
06/17/2005,29.13
06/20/2005,29.2
06/21/2005,29.5
06/22/2005,29.62
06/23/2005,30.0
06/24/2005,30.0
06/27/2005,30.35
06/28/2005,30.75
06/29/2005,30.63
06/30/2005,30.6
07/01/2005,30.9
07/05/2005,31.37
07/06/2005,31.2
07/07/2005,30.8
07/08/2005,30.95
07/11/2005,30.95
07/12/2005,31.35
07/13/2005,31.45
07/14/2005,31.52
07/15/2005,31.78
07/18/2005,31.8
07/19/2005,32.22
07/20/2005,32.28
07/21/2005,32.68
07/22/2005,32.93
07/25/2005,33.15
07/26/2005,33.59
07/27/2005,33.25
07/28/2005,33.15
07/29/2005,33.32
08/01/2005,33.55
08/02/2005,34.02
08/03/2005,33.85
08/04/2005,33.8
08/05/2005,34.37
08/08/2005,34.28
08/09/2005,34.35
08/10/2005,34.34
08/11/2005,34.22
08/12/2005,34.33
08/15/2005,34.27
08/16/2005,34.52
08/17/2005,34.35
08/18/2005,34.1
08/19/2005,34.28
08/22/2005,34.22
08/23/2005,34.4
08/24/2005,34.3
08/25/2005,34.35
08/26/2005,34.67
08/29/2005,34.85
08/30/2005,34.77
08/31/2005,34.3
09/01/2005,33.65
09/02/2005,33.77
09/06/2005,34.1
09/07/2005,34.05
09/08/2005,33.98
09/09/2005,33.97
09/12/2005,34.15
09/13/2005,34.04
09/14/2005,33.45
09/15/2005,33.55
09/16/2005,34.09
09/19/2005,34.4
09/20/2005,35.25
09/21/2005,33.42
09/22/2005,33.8
09/23/2005,33.9
09/26/2005,34.25
09/27/2005,34.05
09/28/2005,33.87
09/29/2005,34.58
09/30/2005,34.7
10/03/2005,34.85
10/04/2005,35.35
10/05/2005,34.9
10/06/2005,35.12
10/07/2005,35.33
10/11/2005,35.6
10/12/2005,36.15
10/13/2005,36.62
10/14/2005,37.02
10/17/2005,36.97
10/18/2005,37.7
10/19/2005,37.57
10/20/2005,37.6
10/21/2005,37.65
10/24/2005,37.65
10/25/2005,38.37
10/26/2005,38.05
10/27/2005,37.92
10/28/2005,38.25
10/31/2005,38.05
11/01/2005,38.62
11/02/2005,38.37
11/03/2005,38.47
11/04/2005,38.65
11/07/2005,38.27
11/08/2005,38.62
11/09/2005,38.77
11/10/2005,38.72
11/14/2005,38.82
11/15/2005,39.15
11/16/2005,39.12
11/17/2005,39.12
11/18/2005,39.12
11/21/2005,38.95
11/22/2005,38.32
11/23/2005,38.52
11/25/2005,38.52
11/28/2005,38.3
11/29/2005,38.87
11/30/2005,38.57
12/01/2005,38.77
12/02/2005,38.92
12/05/2005,39.1
12/06/2005,39.32
12/07/2005,39.3
12/08/2005,38.45
12/09/2005,38.42
12/12/2005,38.25
12/13/2005,38.27
12/14/2005,38.02
12/15/2005,38.4
12/16/2005,38.32
12/19/2005,38.6
12/20/2005,38.87
12/21/2005,38.92
12/22/2005,39.02
12/23/2005,38.95
12/27/2005,38.77
12/28/2005,38.62
12/29/2005,39.12
12/30/2005,39.85
01/03/2006,40.2
01/04/2006,40.82
01/05/2006,40.9
01/06/2006,41.07
01/09/2006,41.17
01/10/2006,41.77
01/11/2006,41.92
01/12/2006,42.05
01/13/2006,42.2
01/17/2006,42.32
01/18/2006,42.47
01/19/2006,42.42
01/20/2006,42.52
01/23/2006,42.47
01/24/2006,42.95
01/25/2006,43.07
01/26/2006,43.32
01/27/2006,43.37
01/30/2006,43.42
01/31/2006,43.7
02/01/2006,43.62
02/02/2006,43.62
02/03/2006,43.62
02/06/2006,43.47
02/07/2006,43.82
02/08/2006,43.92
02/09/2006,43.97
02/10/2006,44.25
02/13/2006,44.22
02/14/2006,44.47
02/15/2006,44.32
02/16/2006,44.3
02/17/2006,44.27
02/21/2006,44.45
02/22/2006,44.52
02/23/2006,44.77
02/24/2006,44.82
02/27/2006,44.9
02/28/2006,45.07
03/01/2006,44.87
03/02/2006,44.87
03/03/2006,44.92
03/06/2006,44.65
03/07/2006,44.82
03/08/2006,44.85
03/09/2006,44.75
03/10/2006,44.9
03/13/2006,44.92
03/14/2006,44.77
03/15/2006,45.0
03/16/2006,44.92
03/17/2006,45.17
03/20/2006,45.3
03/21/2006,45.67
03/22/2006,45.67
03/23/2006,45.47
03/24/2006,45.35
03/27/2006,45.17
03/28/2006,45.27
03/29/2006,45.02
03/30/2006,44.85
03/31/2006,45.15
04/03/2006,45.27
04/04/2006,45.52
04/05/2006,45.47
04/06/2006,45.52
04/07/2006,45.62
04/10/2006,45.67
04/11/2006,45.72
04/12/2006,45.82
04/13/2006,45.77
04/17/2006,45.77
04/18/2006,45.97
04/19/2006,46.02
04/20/2006,46.02
04/21/2006,46.25
04/24/2006,46.22
04/25/2006,46.55
04/26/2006,46.57
04/27/2006,46.57
04/28/2006,46.5
05/01/2006,46.47
05/02/2006,46.82
05/03/2006,46.97
05/04/2006,46.72
05/05/2006,46.95
05/08/2006,47.0
05/09/2006,47.55
05/10/2006,47.52
05/11/2006,46.95
05/12/2006,47.07
05/15/2006,46.97
05/16/2006,47.07
05/17/2006,47.07
05/18/2006,47.07
05/19/2006,46.97
05/22/2006,46.82
05/23/2006,47.12
05/24/2006,47.02
05/25/2006,46.97
05/26/2006,47.12
05/30/2006,46.97
05/31/2006,47.15
06/01/2006,47.07
06/02/2006,46.82
06/05/2006,47.02
06/06/2006,47.37
06/07/2006,47.32
06/08/2006,47.35
06/09/2006,47.47
06/12/2006,47.82
06/13/2006,47.72
06/14/2006,47.6
06/15/2006,47.2
06/16/2006,47.45
06/19/2006,47.55
06/20/2006,48.0
06/21/2006,47.85
06/22/2006,47.75
06/23/2006,48.35
06/26/2006,48.5
06/27/2006,49.1
06/28/2006,48.7
06/29/2006,48.65
06/30/2006,48.6
07/03/2006,48.85
07/05/2006,48.7
07/06/2006,48.7
07/07/2006,48.75
07/10/2006,48.75
07/11/2006,49.15
07/12/2006,49.25
07/13/2006,49.15
07/14/2006,49.15
07/17/2006,49.4
07/18/2006,50.0
07/19/2006,49.7
07/20/2006,49.45
07/21/2006,49.45
07/24/2006,49.45
07/25/2006,50.0
07/26/2006,49.7
07/27/2006,49.55
07/28/2006,49.2
07/31/2006,49.35
08/01/2006,49.85
08/02/2006,49.65
08/03/2006,49.7
08/04/2006,49.45
08/07/2006,49.7
08/08/2006,49.75
08/09/2006,49.35
08/10/2006,49.15
08/11/2006,49.35
08/14/2006,49.55
08/15/2006,49.6
08/16/2006,49.3
08/17/2006,49.55
08/18/2006,49.6
08/21/2006,49.55
08/22/2006,49.65
08/23/2006,49.6
08/24/2006,49.55
08/25/2006,49.65
08/28/2006,49.6
08/29/2006,49.35
08/30/2006,49.2
08/31/2006,49.05
09/01/2006,48.85
09/05/2006,48.5
09/06/2006,48.3
09/07/2006,48.3
09/08/2006,48.0
09/11/2006,48.1
09/12/2006,47.8
09/13/2006,47.8
09/14/2006,48.1
09/15/2006,48.15
09/18/2006,48.05
09/19/2006,48.2
09/20/2006,48.1
09/21/2006,47.85
09/22/2006,47.9
09/25/2006,47.7
09/26/2006,47.55
09/27/2006,47.5
09/28/2006,47.4
09/29/2006,47.6
10/02/2006,47.6
10/03/2006,47.75
10/04/2006,47.95
10/05/2006,48.0
10/06/2006,48.1
10/09/2006,48.1
10/10/2006,48.55
10/11/2006,48.85
10/12/2006,49.2
10/13/2006,49.2
10/16/2006,49.3
10/17/2006,49.5
10/18/2006,49.5
10/19/2006,49.6
10/20/2006,49.5
10/23/2006,49.7
10/24/2006,49.9
10/25/2006,49.85
10/26/2006,49.75
10/27/2006,49.65
10/30/2006,49.45
10/31/2006,49.4
11/01/2006,49.35
11/02/2006,49.35
11/03/2006,49.55
11/06/2006,49.4
11/07/2006,49.45
11/08/2006,49.6
11/09/2006,49.6
11/10/2006,49.55
11/13/2006,49.45
11/14/2006,49.55
11/15/2006,49.5
11/16/2006,49.55
11/17/2006,49.45
11/20/2006,49.25
11/21/2006,49.3
11/22/2006,49.2
11/24/2006,49.05
11/27/2006,49.05
11/28/2006,49.05
11/29/2006,49.05
11/30/2006,48.9
12/01/2006,48.9
12/04/2006,48.7
12/05/2006,48.5
12/06/2006,48.55
12/07/2006,48.4
12/08/2006,48.3
12/11/2006,48.15
12/12/2006,48.05
12/13/2006,48.15
12/14/2006,48.15
12/15/2006,47.75
12/18/2006,48.05
12/19/2006,48.3
12/20/2006,48.35
12/21/2006,48.35
12/22/2006,48.5
12/26/2006,48.5
12/27/2006,48.45
12/28/2006,48.65
12/29/2006,48.85
01/03/2007,49.15
01/04/2007,49.0
01/05/2007,49.1
01/08/2007,49.1
01/09/2007,49.45
01/10/2007,49.5
01/11/2007,49.65
01/12/2007,49.55
01/16/2007,49.55
01/17/2007,49.8
01/18/2007,49.8
01/19/2007,50.0
01/22/2007,49.9
01/23/2007,50.05
01/24/2007,49.9
01/25/2007,50.0
01/26/2007,49.95
01/29/2007,49.95
01/30/2007,49.95
01/31/2007,49.75
02/01/2007,49.9
02/02/2007,50.0
02/05/2007,49.95
02/06/2007,50.1
02/07/2007,50.1
02/08/2007,50.15
02/09/2007,50.15
02/12/2007,50.2
02/13/2007,50.25
02/14/2007,50.1
02/15/2007,50.2
02/16/2007,50.3
02/20/2007,50.35
02/21/2007,50.35
02/22/2007,50.45
02/23/2007,50.4
02/26/2007,50.45
02/27/2007,49.9
02/28/2007,49.95
03/01/2007,49.9
03/02/2007,49.7
03/05/2007,49.6
03/06/2007,49.75
03/07/2007,49.55
03/08/2007,49.45
03/09/2007,49.5
03/12/2007,49.5
03/13/2007,49.35
03/14/2007,49.15
03/15/2007,48.95
03/16/2007,48.85
03/19/2007,48.95
03/20/2007,49.1
03/21/2007,49.1
03/22/2007,49.2
03/23/2007,49.25
03/26/2007,49.3
03/27/2007,49.2
03/28/2007,49.1
03/29/2007,49.05
03/30/2007,48.95
04/02/2007,49.05
04/03/2007,49.05
04/04/2007,49.05
04/05/2007,48.95
04/09/2007,48.85
04/10/2007,48.8
04/11/2007,48.85
04/12/2007,48.85
04/13/2007,48.7
04/16/2007,48.65
04/17/2007,48.6
04/18/2007,48.5
04/19/2007,48.45
04/20/2007,48.35
04/23/2007,48.4
04/24/2007,48.35
04/25/2007,48.2
04/26/2007,48.0
04/27/2007,47.95
04/30/2007,47.25
05/01/2007,47.55
05/02/2007,47.55
05/03/2007,47.5
05/04/2007,47.5
05/07/2007,47.3
05/08/2007,47.55
05/09/2007,47.3
05/10/2007,47.2
05/11/2007,47.15
05/14/2007,47.0
05/15/2007,46.9
05/16/2007,46.1
05/17/2007,46.6
05/18/2007,46.85
05/21/2007,47.1
05/22/2007,47.75
05/23/2007,47.65
05/24/2007,47.65
05/25/2007,47.4
05/29/2007,46.85
05/30/2007,47.05
05/31/2007,45.9
06/01/2007,46.55
06/04/2007,46.25
06/05/2007,46.9
06/06/2007,46.55
06/07/2007,46.6
06/08/2007,46.3
06/11/2007,45.9
06/12/2007,45.9
06/13/2007,45.15
06/14/2007,45.1
06/15/2007,44.3
06/18/2007,44.1
06/19/2007,45.15
06/20/2007,46.0
06/21/2007,45.6
06/22/2007,45.85
06/25/2007,46.4
06/26/2007,46.75
06/27/2007,46.35
06/28/2007,46.4
06/29/2007,46.7
07/02/2007,47.3
07/03/2007,48.15
07/05/2007,48.1
07/06/2007,47.9
07/09/2007,47.85
07/10/2007,48.05
07/11/2007,48.05
07/12/2007,48.15
07/13/2007,48.2
07/16/2007,47.9
07/17/2007,48.1
07/18/2007,48.15
07/19/2007,48.3
07/20/2007,48.25
07/23/2007,48.55
07/24/2007,48.75
07/25/2007,48.35
07/26/2007,47.7
07/27/2007,47.05
07/30/2007,47.2
07/31/2007,48.1
08/01/2007,47.4
08/02/2007,47.45
08/03/2007,47.0
08/06/2007,47.15
08/07/2007,47.85
08/08/2007,48.05
08/09/2007,47.2
08/10/2007,44.15
08/13/2007,45.3
08/14/2007,45.0
08/15/2007,41.3
08/16/2007,37.0
08/17/2007,36.2
08/20/2007,29.5
08/21/2007,34.2
08/22/2007,35.65
08/23/2007,37.1
08/24/2007,40.8
08/27/2007,43.8
08/28/2007,42.7
08/29/2007,38.5
08/30/2007,37.3
08/31/2007,39.9
09/04/2007,42.8
09/05/2007,42.2
09/06/2007,41.6
09/07/2007,39.4
09/10/2007,38.7
09/11/2007,39.9
09/12/2007,39.0
09/13/2007,39.5
09/14/2007,38.8
09/17/2007,39.9
09/18/2007,38.6
09/19/2007,38.1
09/20/2007,36.7
09/21/2007,36.2
09/24/2007,36.7
09/25/2007,36.9
09/26/2007,36.25
09/27/2007,36.0
09/28/2007,37.0
10/01/2007,37.95
10/02/2007,38.5
10/03/2007,38.4
10/04/2007,38.35
10/05/2007,38.7
10/08/2007,38.65
10/09/2007,39.1
10/10/2007,39.35
10/11/2007,40.05
10/12/2007,40.8
10/15/2007,41.6
10/16/2007,41.25
10/17/2007,38.9
10/18/2007,36.4
10/19/2007,37.4
10/22/2007,38.6
10/23/2007,38.6
10/24/2007,37.1
10/25/2007,38.2
10/26/2007,38.4
10/29/2007,38.6
10/30/2007,38.5
10/31/2007,38.2
11/01/2007,37.05
11/02/2007,35.0
11/05/2007,35.8
11/06/2007,36.3
11/07/2007,33.6
11/08/2007,32.8
11/09/2007,31.7
11/12/2007,31.8
11/13/2007,33.6
11/14/2007,33.15
11/15/2007,31.9
11/16/2007,32.9
11/19/2007,32.75
11/20/2007,31.6
11/21/2007,30.4
11/23/2007,31.4
11/26/2007,30.55
11/27/2007,30.75
11/28/2007,29.6
11/29/2007,28.85
11/30/2007,30.7
12/03/2007,29.6
12/04/2007,29.8
12/05/2007,29.8
12/06/2007,29.6
12/07/2007,30.2
12/10/2007,29.7
12/11/2007,28.7
12/12/2007,28.1
12/13/2007,27.8
12/14/2007,27.95
12/17/2007,29.3
12/18/2007,29.7
12/19/2007,28.35
12/20/2007,28.05
12/21/2007,29.0
12/24/2007,32.0
12/26/2007,32.25
12/27/2007,30.75
12/28/2007,30.8
12/31/2007,31.4
01/02/2008,31.7
01/03/2008,31.5
01/04/2008,31.15
01/07/2008,31.65
01/08/2008,31.6
01/09/2008,31.1
01/10/2008,31.3
01/11/2008,30.1
01/14/2008,30.85
01/15/2008,30.85
01/16/2008,30.4
01/17/2008,29.8
01/18/2008,27.9
01/22/2008,22.3
01/23/2008,21.1
01/24/2008,23.0
01/25/2008,22.2
01/28/2008,22.15
01/29/2008,22.05
01/30/2008,21.4
01/31/2008,18.7
02/01/2008,20.5
02/04/2008,21.7
02/05/2008,21.45
02/06/2008,20.4
02/07/2008,21.0
02/08/2008,21.6
02/11/2008,21.9
02/12/2008,22.5
02/13/2008,22.1
02/14/2008,22.2
02/15/2008,21.3
02/19/2008,21.7
02/20/2008,21.75
02/21/2008,21.4
02/22/2008,21.4
02/25/2008,21.1
02/26/2008,20.75
02/27/2008,19.3
02/28/2008,18.55
02/29/2008,18.0
03/03/2008,16.4
03/04/2008,15.95
03/05/2008,14.8
03/06/2008,13.65
03/07/2008,14.0
03/10/2008,13.0
03/11/2008,14.4
03/12/2008,14.4
03/13/2008,13.0
03/14/2008,11.2
03/17/2008,9.9
03/18/2008,9.0
03/19/2008,6.5
03/20/2008,5.0
03/24/2008,10.15
03/25/2008,12.55
03/26/2008,12.7
03/27/2008,12.5
03/28/2008,13.5
03/31/2008,12.75
04/01/2008,13.55
04/02/2008,13.65
04/03/2008,13.6
04/04/2008,13.2
04/07/2008,13.6
04/08/2008,13.5
04/09/2008,12.75
04/10/2008,12.35
04/11/2008,11.6
04/14/2008,10.75
04/15/2008,11.0
04/16/2008,11.15
04/17/2008,12.1
04/18/2008,13.2
04/21/2008,12.7
04/22/2008,12.55
04/23/2008,12.0
04/24/2008,12.2
04/25/2008,12.85
04/28/2008,13.3
04/29/2008,14.4
04/30/2008,13.4
05/01/2008,13.7
05/02/2008,14.65
05/05/2008,15.5
05/06/2008,15.95
05/07/2008,16.3
05/08/2008,16.2
05/09/2008,16.5
05/12/2008,17.5
05/13/2008,17.85
05/14/2008,17.85
05/15/2008,17.9
05/16/2008,18.0
05/19/2008,18.05
05/20/2008,18.25
05/21/2008,18.1
05/22/2008,18.25
05/23/2008,18.0
05/27/2008,18.5
05/28/2008,18.55
05/29/2008,18.65
05/30/2008,18.5
06/02/2008,17.9
06/03/2008,18.1
06/04/2008,18.05
06/05/2008,18.1
06/06/2008,18.0
06/09/2008,18.5
06/10/2008,19.7
06/11/2008,19.05
06/12/2008,19.5
06/13/2008,19.3
06/16/2008,19.4
06/17/2008,19.55
06/18/2008,18.8
06/19/2008,18.6
06/20/2008,18.0
06/23/2008,18.5
06/24/2008,17.95
06/25/2008,17.6
06/26/2008,16.8
06/27/2008,16.3
06/30/2008,17.05
07/01/2008,18.25
07/02/2008,17.9
07/03/2008,18.1
07/07/2008,17.75
07/08/2008,18.2
07/09/2008,17.9
07/10/2008,16.3
07/11/2008,15.7
07/14/2008,14.25
07/15/2008,13.75
07/16/2008,13.45
07/17/2008,13.9
07/18/2008,14.2
07/21/2008,13.8
07/22/2008,15.0
07/23/2008,15.45
07/24/2008,16.1
07/25/2008,16.9
07/28/2008,16.65
07/29/2008,16.8
07/30/2008,16.7
07/31/2008,16.35
08/01/2008,16.3
08/04/2008,16.6
08/05/2008,17.1
08/06/2008,16.0
08/07/2008,16.3
08/08/2008,16.65
08/11/2008,17.7
08/12/2008,18.25
08/13/2008,18.15
08/14/2008,18.3
08/15/2008,18.0
08/18/2008,17.4
08/19/2008,17.65
08/20/2008,16.7
08/21/2008,16.85
08/22/2008,16.65
08/24/2008,15.45
08/25/2008,16.45
08/26/2008,16.75
08/27/2008,16.4
08/28/2008,17.0
08/29/2008,16.9
09/02/2008,16.5
09/03/2008,16.65
09/04/2008,16.5
09/05/2008,16.4
09/08/2008,16.7
09/09/2008,16.4
09/10/2008,16.2
09/11/2008,15.8
09/12/2008,14.6
09/15/2008,8.1
09/16/2008,8.6
09/17/2008,0.2
09/18/2008,0.7
09/19/2008,9.2
09/22/2008,8.75
09/23/2008,8.0
09/24/2008,4.4
09/25/2008,7.1
09/26/2008,8.3
09/29/2008,4.5
09/30/2008,9.0
10/01/2008,8.0
10/02/2008,5.9
10/03/2008,4.7
10/06/2008,4.1
10/07/2008,7.85
10/08/2008,6.4
10/09/2008,5.8
10/10/2008,2.1
10/14/2008,2.35
10/15/2008,2.0
10/16/2008,4.35
10/17/2008,7.8
10/20/2008,10.2
10/21/2008,10.95
10/22/2008,10.1
10/23/2008,9.1
10/24/2008,8.2
10/27/2008,7.3
10/28/2008,7.5
10/29/2008,5.65
10/30/2008,3.75
10/31/2008,4.35
11/03/2008,4.2
11/04/2008,4.65
11/05/2008,3.8
11/06/2008,3.15
11/07/2008,2.9
11/10/2008,2.0
11/11/2008,1.95
11/12/2008,1.4
11/13/2008,1.9
11/14/2008,1.3
11/17/2008,0.9
11/18/2008,1.1
11/19/2008,0.65
11/20/2008,0.05
11/21/2008,0.1
11/24/2008,0.1
11/25/2008,1.0
11/26/2008,0.3
11/28/2008,0.2
12/01/2008,0.1
12/02/2008,0.5
12/03/2008,0.15
12/04/2008,0.05
12/05/2008,0.1
12/08/2008,0.05
12/09/2008,0.1
12/10/2008,0.05
12/11/2008,0.1
12/12/2008,0.1
12/15/2008,0.05
12/16/2008,0.25
12/17/2008,0.05
12/18/2008,0.05
12/19/2008,0.05
12/22/2008,0.05
12/23/2008,0.05
12/24/2008,0.05
12/26/2008,0.05
12/29/2008,0.1
12/30/2008,0.9
12/31/2008,1.15
01/02/2009,0.85
01/05/2009,0.85
01/06/2009,1.3
01/07/2009,1.0
01/08/2009,0.8
01/09/2009,0.65
01/12/2009,0.65
01/13/2009,1.05
01/14/2009,1.1
01/15/2009,1.0
01/16/2009,1.15
01/20/2009,1.0
01/21/2009,1.1
01/22/2009,1.0
01/23/2009,0.9
01/26/2009,1.0
01/27/2009,1.3
01/28/2009,1.8
01/29/2009,2.2
01/30/2009,2.2
02/02/2009,2.45
02/03/2009,3.1
02/04/2009,2.9
02/05/2009,2.7
02/06/2009,2.7
02/09/2009,2.75
02/10/2009,3.05
02/11/2009,3.0
02/12/2009,2.9
02/13/2009,2.9
02/17/2009,2.85
02/18/2009,3.0
02/19/2009,3.0
02/20/2009,2.65
02/23/2009,2.7
02/24/2009,2.95
02/25/2009,2.95
02/26/2009,2.65
02/27/2009,2.5
03/02/2009,2.3
03/03/2009,2.65
03/04/2009,2.5
03/05/2009,2.0
03/06/2009,1.85
03/09/2009,2.0
03/10/2009,2.35
03/11/2009,2.2
03/12/2009,2.0
03/13/2009,1.9
03/16/2009,2.2
03/17/2009,2.25
03/18/2009,2.05
03/19/2009,1.9
03/20/2009,2.0
03/23/2009,1.9
03/24/2009,2.05
03/25/2009,1.85
03/26/2009,1.4
03/27/2009,1.25
03/30/2009,1.2
03/31/2009,2.0
04/01/2009,2.1
04/02/2009,1.9
04/03/2009,2.0
04/06/2009,1.85
04/07/2009,1.9
04/08/2009,1.8
04/09/2009,1.75
04/13/2009,1.7
04/14/2009,1.65
04/15/2009,1.4
04/16/2009,1.25
04/17/2009,1.3
04/20/2009,1.2
04/21/2009,1.4
04/22/2009,1.35
04/23/2009,0.95
04/24/2009,0.95
04/27/2009,0.9
04/28/2009,1.2
04/29/2009,0.95
04/30/2009,1.25
05/01/2009,1.45
05/04/2009,1.75
05/05/2009,1.75
05/06/2009,1.8
05/07/2009,1.8
05/08/2009,1.65
05/11/2009,1.55
05/12/2009,1.8
05/13/2009,1.7
05/14/2009,1.55
05/15/2009,1.55
05/18/2009,1.6
05/19/2009,1.75
05/20/2009,1.7
05/21/2009,1.75
05/22/2009,1.75
05/26/2009,1.65
05/27/2009,1.6
05/28/2009,1.35
05/29/2009,1.3
06/01/2009,0.85
06/02/2009,1.3
06/03/2009,1.3
06/04/2009,1.35
06/05/2009,1.8
06/08/2009,1.7
06/09/2009,1.75
06/10/2009,1.75
06/11/2009,1.7
06/12/2009,1.65
06/15/2009,1.55
06/16/2009,1.65
06/17/2009,1.65
06/18/2009,1.7
06/19/2009,1.7
06/22/2009,1.85
06/23/2009,1.95
06/24/2009,1.8
06/25/2009,1.65
06/26/2009,1.75
06/29/2009,1.6
06/30/2009,1.8
07/01/2009,1.65
07/02/2009,1.55
07/06/2009,1.55
07/07/2009,1.8
07/08/2009,1.75
07/09/2009,1.75
07/10/2009,1.65
07/13/2009,1.7
07/14/2009,1.75
07/15/2009,1.75
07/16/2009,1.65
07/17/2009,1.65
07/20/2009,1.6
07/21/2009,1.8
07/22/2009,1.8
07/23/2009,1.8
07/24/2009,1.8
07/27/2009,1.8
07/28/2009,1.85
07/29/2009,1.75
07/30/2009,1.75
07/31/2009,1.75
08/03/2009,1.75
08/04/2009,1.75
08/05/2009,1.75
08/06/2009,1.7
08/07/2009,1.7
08/10/2009,1.6
08/11/2009,1.8
08/12/2009,1.7
08/13/2009,1.65
08/14/2009,1.7
08/17/2009,1.7
08/18/2009,1.75
08/19/2009,1.65
08/20/2009,1.6
08/21/2009,1.6
08/24/2009,1.55
08/25/2009,1.55
08/26/2009,1.45
08/27/2009,1.4
08/28/2009,1.3
08/31/2009,1.3
09/01/2009,1.3
09/02/2009,1.3
09/03/2009,1.25
09/04/2009,1.25
09/08/2009,1.25
09/09/2009,1.35
09/10/2009,1.35
09/11/2009,1.35
09/14/2009,1.3
09/15/2009,1.25
09/16/2009,0.95
09/17/2009,0.95
09/18/2009,0.8
09/21/2009,0.9
09/22/2009,0.95
09/23/2009,0.95
09/24/2009,0.9
09/25/2009,0.9
09/28/2009,0.9
09/29/2009,1.2
09/30/2009,1.15
10/01/2009,0.95
10/02/2009,0.9
10/05/2009,0.9
10/06/2009,0.7
10/07/2009,0.6
10/08/2009,0.6
10/09/2009,0.65
10/12/2009,0.6
10/13/2009,0.6
10/14/2009,0.65
10/15/2009,0.55
10/16/2009,0.6
10/19/2009,0.6
10/20/2009,0.75
10/21/2009,0.65
10/22/2009,0.5
10/23/2009,0.5
10/26/2009,0.5
10/27/2009,0.7
10/28/2009,0.6
10/29/2009,0.5
10/30/2009,0.45
11/02/2009,0.4
11/03/2009,0.5
11/04/2009,0.45
11/05/2009,0.35
11/06/2009,0.45
11/09/2009,0.45
11/10/2009,0.6
11/11/2009,0.6
11/12/2009,0.55
11/13/2009,0.55
11/16/2009,0.55
11/17/2009,0.55
11/18/2009,0.3
11/19/2009,0.05
11/20/2009,0.1
11/23/2009,0.2
11/24/2009,0.4
11/25/2009,0.4
11/27/2009,0.25
11/30/2009,0.5
12/01/2009,0.5
12/02/2009,0.4
12/03/2009,0.4
12/04/2009,0.4
12/07/2009,0.15
12/08/2009,0.25
12/09/2009,0.25
12/10/2009,0.25
12/11/2009,0.2
12/14/2009,0.2
12/15/2009,0.4
12/16/2009,0.35
12/17/2009,0.4
12/18/2009,0.4
12/21/2009,0.45
12/22/2009,0.7
12/23/2009,0.55
12/24/2009,0.4
12/28/2009,0.55
12/29/2009,0.95
12/30/2009,0.4
12/31/2009,0.5
01/04/2010,0.55
01/05/2010,0.6
01/06/2010,0.45
01/07/2010,0.45
01/08/2010,0.4
01/11/2010,0.25
01/12/2010,0.4
01/13/2010,0.5
01/14/2010,0.45
01/15/2010,0.55
01/19/2010,0.5
01/20/2010,0.5
01/21/2010,0.4
01/22/2010,0.45
01/25/2010,0.45
01/26/2010,0.65
01/27/2010,0.7
01/28/2010,0.7
01/29/2010,0.7
02/01/2010,0.85
02/02/2010,0.9
02/03/2010,0.9
02/04/2010,0.85
02/05/2010,0.85
02/08/2010,0.9
02/09/2010,1.0
02/10/2010,1.0
02/11/2010,0.95
02/12/2010,0.9
02/16/2010,0.85
02/17/2010,0.9
02/18/2010,0.85
02/19/2010,0.95
02/22/2010,0.85
02/23/2010,1.15
02/24/2010,1.1
02/25/2010,1.15
02/26/2010,1.15
03/01/2010,1.2
03/02/2010,1.25
03/03/2010,1.35
03/04/2010,1.35
03/05/2010,1.45
03/08/2010,1.45
03/09/2010,1.5
03/10/2010,1.45
03/11/2010,1.45
03/12/2010,1.4
03/15/2010,1.45
03/16/2010,1.55
03/17/2010,1.5
03/18/2010,1.45
03/19/2010,1.45
03/22/2010,1.4
03/23/2010,1.3
03/24/2010,1.35
03/25/2010,1.3
03/26/2010,1.3
03/29/2010,1.25
03/30/2010,1.5
03/31/2010,1.5
04/01/2010,1.5
04/05/2010,1.6
04/06/2010,1.65
04/07/2010,1.6
04/08/2010,1.55
04/09/2010,1.5
04/12/2010,1.35
04/13/2010,1.5
04/14/2010,1.55
04/15/2010,1.5
04/16/2010,1.5
04/19/2010,1.5
04/20/2010,1.45
04/21/2010,1.45
04/22/2010,1.5
04/23/2010,1.55
04/26/2010,1.5
04/27/2010,1.45
04/28/2010,1.55
04/29/2010,1.6
04/30/2010,1.55
05/03/2010,1.6
05/04/2010,1.55
05/05/2010,1.45
05/06/2010,1.0
05/07/2010,1.2
05/10/2010,1.45
05/11/2010,1.5
05/12/2010,1.5
05/13/2010,1.55
05/14/2010,1.45
05/17/2010,1.5
05/18/2010,1.65
05/19/2010,1.65
05/20/2010,1.55
05/21/2010,1.5
05/24/2010,1.5
05/25/2010,1.6
05/26/2010,1.6
05/27/2010,1.6
05/28/2010,1.5
06/01/2010,1.45
06/02/2010,1.45
06/03/2010,1.3
06/04/2010,1.2
06/07/2010,1.05
06/08/2010,1.1
06/09/2010,0.95
06/10/2010,0.85
06/11/2010,0.7
06/14/2010,0.55
06/15/2010,0.8
06/16/2010,0.9
06/17/2010,0.9
06/18/2010,0.95
06/21/2010,1.05
06/22/2010,1.25
06/23/2010,1.2
06/24/2010,1.25
06/25/2010,1.25
06/28/2010,1.35
06/29/2010,1.6
06/30/2010,1.7
07/01/2010,1.65
07/02/2010,1.6
07/06/2010,1.6
07/07/2010,1.55
07/08/2010,1.45
07/09/2010,1.45
07/12/2010,1.4
07/13/2010,1.45
07/14/2010,1.45
07/15/2010,1.45
07/16/2010,1.45
07/19/2010,1.45
07/20/2010,1.5
07/21/2010,1.5
07/22/2010,1.45
07/23/2010,1.45
07/26/2010,1.45
07/27/2010,1.5
07/28/2010,1.45
07/29/2010,1.45
07/30/2010,1.4
08/02/2010,1.4
08/03/2010,1.5
08/04/2010,1.45
08/05/2010,1.4
08/06/2010,1.4
08/09/2010,1.4
08/10/2010,1.45
08/11/2010,1.45
08/12/2010,1.5
08/13/2010,1.45
08/16/2010,1.5
08/17/2010,1.55
08/18/2010,1.5
08/19/2010,1.45
08/20/2010,1.45
08/23/2010,1.5
08/24/2010,1.55
08/25/2010,1.5
08/26/2010,1.45
08/27/2010,1.4
08/30/2010,1.3
08/31/2010,1.35
09/01/2010,1.3
09/02/2010,1.25
09/03/2010,1.25
09/07/2010,1.2
09/08/2010,1.3
09/09/2010,1.35
09/10/2010,1.35
09/13/2010,1.35
09/14/2010,1.45
09/15/2010,1.5
09/16/2010,1.5
09/17/2010,1.45
09/20/2010,1.5
09/21/2010,1.55
09/22/2010,1.55
09/23/2010,1.5
09/24/2010,1.4
09/27/2010,1.3
09/28/2010,1.5
09/29/2010,1.55
09/30/2010,1.55
10/01/2010,1.5
10/04/2010,1.45
10/05/2010,1.15
10/06/2010,1.15
10/07/2010,1.15
10/08/2010,1.15
10/12/2010,1.15
10/13/2010,1.3
10/14/2010,1.35
10/15/2010,1.35
10/18/2010,1.35
10/19/2010,1.35
10/20/2010,1.35
10/21/2010,1.2
10/22/2010,1.2
10/25/2010,1.15
10/26/2010,1.3
10/27/2010,1.3
10/28/2010,1.25
10/29/2010,1.1
11/01/2010,1.05
11/02/2010,1.25
11/03/2010,1.2
11/04/2010,1.15
11/05/2010,1.2
11/08/2010,1.1
11/09/2010,1.25
11/10/2010,1.25
11/12/2010,1.25
11/15/2010,1.3
11/16/2010,1.35
11/17/2010,1.35
11/18/2010,1.35
11/19/2010,1.3
11/22/2010,1.25
11/23/2010,1.4
11/24/2010,1.5
11/26/2010,1.55
11/29/2010,1.55
11/30/2010,1.6
12/01/2010,1.55
12/02/2010,1.45
12/03/2010,1.3
12/06/2010,1.25
12/07/2010,1.4
12/08/2010,1.35
12/09/2010,1.35
12/10/2010,1.15
12/13/2010,1.2
12/14/2010,1.35
12/15/2010,1.35
12/16/2010,1.25
12/17/2010,1.05
12/20/2010,1.0
12/21/2010,1.3
12/22/2010,1.3
12/23/2010,1.3
12/27/2010,1.2
12/28/2010,1.4
12/29/2010,1.25
12/30/2010,1.1
12/31/2010,1.15
01/03/2011,1.2
01/04/2011,1.35
01/05/2011,1.35
01/06/2011,1.4
01/07/2011,1.35
01/10/2011,1.35
01/11/2011,1.45
01/12/2011,1.45
01/13/2011,1.4
01/14/2011,1.45
01/18/2011,1.45
01/19/2011,1.55
01/20/2011,1.55
01/21/2011,1.5
01/24/2011,1.5
01/25/2011,1.5
01/26/2011,1.55
01/27/2011,1.4
01/28/2011,1.35
01/31/2011,1.45
02/01/2011,1.5
02/02/2011,1.5
02/03/2011,1.45
02/04/2011,1.45
02/07/2011,1.4
02/08/2011,1.45
02/09/2011,1.3
02/10/2011,1.1
02/11/2011,1.1
02/14/2011,1.1
02/15/2011,1.25
02/16/2011,1.1
02/17/2011,0.9
02/18/2011,0.9
02/22/2011,1.0
02/23/2011,1.15
02/24/2011,1.2
02/25/2011,1.25
02/28/2011,1.35
03/01/2011,1.3
03/02/2011,1.2
03/03/2011,1.25
03/04/2011,1.1
03/07/2011,1.0
03/08/2011,1.05
03/09/2011,0.95
03/10/2011,0.65
03/11/2011,0.7
03/14/2011,0.75
03/15/2011,0.95
03/16/2011,0.85
03/17/2011,0.7
03/18/2011,0.65
03/21/2011,0.7
03/22/2011,0.9
03/23/2011,0.85
03/24/2011,0.8
03/25/2011,0.8
03/28/2011,0.8
03/29/2011,0.95
03/30/2011,0.95
03/31/2011,0.9
04/01/2011,0.55
04/04/2011,0.35
04/05/2011,0.65
04/06/2011,0.5
04/07/2011,0.35
04/08/2011,0.35
04/11/2011,0.35
04/12/2011,0.45
04/13/2011,0.5
04/14/2011,0.65
04/15/2011,0.6
04/18/2011,0.55
04/19/2011,0.55
04/20/2011,0.55
04/21/2011,0.45
04/25/2011,0.45
04/26/2011,0.55
04/27/2011,0.5
04/28/2011,0.35
04/29/2011,0.4
05/02/2011,0.3
05/03/2011,0.25
05/04/2011,0.2
05/05/2011,0.1
05/06/2011,0.05
05/09/2011,0.05
05/10/2011,0.25
05/11/2011,0.2
05/12/2011,0.2
05/13/2011,0.2
05/16/2011,0.2
05/17/2011,0.35
05/18/2011,0.4
05/19/2011,0.4
05/20/2011,0.4
05/23/2011,0.45
05/24/2011,0.5
05/25/2011,0.45
05/26/2011,0.45
05/27/2011,0.35
05/31/2011,0.4
06/01/2011,0.4
06/02/2011,0.35
06/03/2011,0.3
06/06/2011,0.3
06/07/2011,0.4
06/08/2011,0.35
06/09/2011,0.4
06/10/2011,0.35
06/13/2011,0.4
06/14/2011,0.5
06/15/2011,0.45
06/16/2011,0.35
06/17/2011,0.25
06/20/2011,0.15
06/21/2011,0.2
06/22/2011,0.1
06/23/2011,0.05
06/24/2011,0.1
06/27/2011,0.15
06/28/2011,0.25
06/29/2011,0.2
06/30/2011,0.15
07/01/2011,0.1
07/05/2011,0.1
07/06/2011,0.05
07/07/2011,0.2
07/08/2011,0.2
07/11/2011,0.15
07/12/2011,0.3
07/13/2011,0.05
07/14/2011,0.05
07/15/2011,0.05
07/18/2011,0.05
07/19/2011,0.25
07/20/2011,0.2
07/21/2011,0.35
07/22/2011,0.3
07/25/2011,0.35
07/26/2011,0.65
07/27/2011,0.7
07/28/2011,0.65
07/29/2011,0.9
08/01/2011,0.75
08/02/2011,0.5
08/03/2011,0.1
08/04/2011,0.1
08/05/2011,0.1
08/08/2011,0.15
08/09/2011,0.3
08/10/2011,0.15
08/11/2011,0.1
08/12/2011,0.05
08/15/2011,0.05
08/16/2011,0.2
08/17/2011,0.05
08/18/2011,0.1
08/19/2011,0.1
08/22/2011,0.05
08/23/2011,0.05
08/24/2011,0.1
08/25/2011,0.1
08/26/2011,0.1
08/29/2011,0.05
08/30/2011,0.15
08/31/2011,0.15
09/01/2011,0.1
09/02/2011,0.15
09/06/2011,0.15
09/07/2011,0.15
09/08/2011,0.1
09/09/2011,0.05
09/12/2011,0.05
09/13/2011,0.05
09/14/2011,0.05
09/15/2011,0.05
09/16/2011,0.05
09/19/2011,0.05
09/20/2011,0.05
09/21/2011,0.05
09/22/2011,0.05
09/23/2011,0.05
09/26/2011,0.05
09/27/2011,0.1
09/28/2011,0.1
09/29/2011,0.1
09/30/2011,0.1
10/03/2011,0.2
10/04/2011,0.05
10/05/2011,0.05
10/06/2011,0.05
10/07/2011,0.05
10/10/2011,0.05
10/11/2011,0.05
10/12/2011,0.15
10/13/2011,0.15
10/14/2011,0.15
10/17/2011,0.2
10/18/2011,0.25
10/19/2011,0.2
10/20/2011,0.15
10/21/2011,0.15
10/24/2011,0.05
10/25/2011,0.15
10/26/2011,0.15
10/27/2011,0.1
10/28/2011,0.1
10/31/2011,0.05
11/01/2011,0.05
11/02/2011,0.05
11/03/2011,0.05
11/04/2011,0.05
11/07/2011,0.05
11/08/2011,0.05
11/09/2011,0.05
11/10/2011,0.05
11/11/2011,0.05
11/14/2011,0.05
11/15/2011,0.1
11/16/2011,0.05
11/17/2011,0.05
11/18/2011,0.05
11/21/2011,0.05
11/22/2011,0.15
11/23/2011,0.15
11/25/2011,0.05
11/28/2011,0.1
11/29/2011,0.15
11/30/2011,0.15
12/01/2011,0.15
12/02/2011,0.15
12/05/2011,0.15
12/06/2011,0.05
12/07/2011,0.05
12/08/2011,0.05
12/09/2011,0.05
12/12/2011,0.05
12/13/2011,0.05
12/14/2011,0.05
12/15/2011,0.05
12/16/2011,0.05
12/19/2011,0.05
12/20/2011,0.05
12/21/2011,0.05
12/22/2011,0.05
12/23/2011,0.05
12/27/2011,0.05
12/28/2011,0.05
12/29/2011,0.05
12/30/2011,0.05
01/03/2012,0.05
01/04/2012,0.1
01/05/2012,0.1
01/06/2012,0.15
01/09/2012,0.05
01/10/2012,0.1
01/11/2012,0.15
01/12/2012,0.2
01/13/2012,0.2
01/17/2012,0.2
01/18/2012,0.25
01/19/2012,0.4
01/20/2012,0.4
01/23/2012,0.35
01/24/2012,0.35
01/25/2012,0.35
01/26/2012,0.45
01/27/2012,0.5
01/30/2012,0.45
01/31/2012,0.55
02/01/2012,0.55
02/02/2012,0.75
02/03/2012,0.7
02/06/2012,0.65
02/07/2012,0.8
02/08/2012,0.75
02/09/2012,0.85
02/10/2012,0.8
02/13/2012,0.95
02/14/2012,1.1
02/15/2012,1.05
02/16/2012,0.95
02/17/2012,0.75
02/21/2012,0.7
02/22/2012,0.8
02/23/2012,0.85
02/24/2012,0.9
02/27/2012,1.0
02/28/2012,0.95
02/29/2012,0.75
03/01/2012,0.7
03/02/2012,0.6
03/05/2012,0.6
03/06/2012,0.7
03/07/2012,0.75
03/08/2012,0.75
03/09/2012,0.8
03/12/2012,0.75
03/13/2012,0.8
03/14/2012,0.8
03/15/2012,0.75
03/16/2012,0.8
03/19/2012,0.75
03/20/2012,0.95
03/21/2012,0.85
03/22/2012,0.7
03/23/2012,0.7
03/26/2012,0.7
03/27/2012,0.8
03/28/2012,0.75
03/29/2012,0.55
03/30/2012,0.65
04/02/2012,0.6
04/03/2012,0.75
04/04/2012,0.7
04/05/2012,0.7
04/09/2012,0.75
04/10/2012,0.85
04/11/2012,0.85
04/12/2012,0.85
04/13/2012,0.8
04/16/2012,0.75
04/17/2012,0.75
04/18/2012,0.65
04/19/2012,0.65
04/20/2012,0.65
04/23/2012,0.7
04/24/2012,0.8
04/25/2012,0.85
04/26/2012,0.85
04/27/2012,0.85
04/30/2012,0.9
05/01/2012,0.85
05/02/2012,0.8
05/03/2012,0.75
05/04/2012,0.7
05/07/2012,0.75
05/08/2012,0.9
05/09/2012,0.9
05/10/2012,0.9
05/11/2012,0.9
05/14/2012,0.85
05/15/2012,0.9
05/16/2012,0.95
05/17/2012,0.9
05/18/2012,0.75
05/21/2012,0.6
05/22/2012,0.85
05/23/2012,0.8
05/24/2012,0.9
05/25/2012,0.8
05/29/2012,0.75
05/30/2012,0.65
05/31/2012,0.6
06/01/2012,0.65
06/04/2012,0.65
06/05/2012,0.8
06/06/2012,0.8
06/07/2012,0.8
06/08/2012,0.8
06/11/2012,0.75
06/12/2012,0.9
06/13/2012,0.9
06/14/2012,0.95
06/15/2012,0.85
06/18/2012,0.75
06/19/2012,0.9
06/20/2012,0.8
06/21/2012,0.75
06/22/2012,0.75
06/25/2012,0.75
06/26/2012,0.95
06/27/2012,0.8
06/28/2012,0.75
06/29/2012,0.8
07/02/2012,0.7
07/03/2012,0.75
07/05/2012,0.75
07/06/2012,0.7
07/09/2012,0.7
07/10/2012,0.9
07/11/2012,0.9
07/12/2012,0.95
07/13/2012,0.9
07/16/2012,0.85
07/17/2012,0.95
07/18/2012,0.85
07/19/2012,0.8
07/20/2012,0.85
07/23/2012,0.9
07/24/2012,0.95
07/25/2012,0.95
07/26/2012,1.0
07/27/2012,1.0
07/30/2012,0.9
07/31/2012,1.0
08/01/2012,0.9
08/02/2012,0.85
08/03/2012,0.75
08/06/2012,0.75
08/07/2012,1.0
08/08/2012,1.05
08/09/2012,1.1
08/10/2012,0.95
08/13/2012,0.95
08/14/2012,1.05
08/15/2012,0.8
08/16/2012,0.75
08/17/2012,0.8
08/20/2012,0.85
08/21/2012,1.05
08/22/2012,1.0
08/23/2012,0.95
08/24/2012,0.9
08/27/2012,0.95
08/28/2012,1.0
08/29/2012,0.95
08/30/2012,0.9
08/31/2012,0.85
09/04/2012,0.9
09/05/2012,1.0
09/06/2012,1.0
09/07/2012,1.0
09/10/2012,0.95
09/11/2012,1.0
09/12/2012,0.95
09/13/2012,0.95
09/14/2012,0.95
09/17/2012,0.9
09/18/2012,1.0
09/19/2012,1.05
09/20/2012,1.05
09/21/2012,1.0
09/24/2012,0.95
09/25/2012,1.05
09/26/2012,1.0
09/27/2012,0.85
09/28/2012,0.9
10/01/2012,0.8
10/02/2012,0.9
10/03/2012,0.85
10/04/2012,0.95
10/05/2012,1.0
10/08/2012,0.95
10/09/2012,0.95
10/10/2012,0.95
10/11/2012,0.95
10/12/2012,1.0
10/15/2012,0.95
10/16/2012,1.0
10/17/2012,1.05
10/18/2012,0.95
10/19/2012,0.9
10/22/2012,0.9
10/23/2012,1.0
10/24/2012,1.05
10/25/2012,1.1
10/26/2012,1.05
10/31/2012,1.05
11/01/2012,0.9
11/02/2012,0.9
11/05/2012,0.9
11/06/2012,1.0
11/07/2012,0.9
11/08/2012,0.85
11/09/2012,0.9
11/12/2012,0.87
11/13/2012,0.85
11/14/2012,0.95
11/15/2012,0.75
11/16/2012,0.75
11/19/2012,0.75
11/20/2012,0.85
11/21/2012,0.9
11/23/2012,0.9
11/26/2012,0.9
11/27/2012,0.95
11/28/2012,0.92
11/29/2012,0.8
11/30/2012,0.75
12/03/2012,0.77
12/04/2012,0.9
12/05/2012,0.9
12/06/2012,0.9
12/07/2012,0.8
12/10/2012,0.75
12/11/2012,0.75
12/12/2012,0.6
12/13/2012,0.52
12/14/2012,0.25
12/17/2012,0.22
12/18/2012,0.55
12/19/2012,0.45
12/20/2012,0.5
12/21/2012,0.5
12/24/2012,0.5
12/26/2012,0.55
12/27/2012,0.7
12/28/2012,0.1
12/31/2012,0.35
01/02/2013,0.55
01/03/2013,0.65
01/04/2013,0.65
01/07/2013,0.58
01/08/2013,0.6
01/09/2013,0.55
01/10/2013,0.55
01/11/2013,0.63
01/14/2013,0.6
01/15/2013,0.8
01/16/2013,0.72
01/17/2013,0.7
01/18/2013,0.7
01/22/2013,0.6
01/23/2013,0.7
01/24/2013,0.75
01/25/2013,0.7
01/28/2013,0.6
01/29/2013,0.63
01/30/2013,0.6
01/31/2013,0.65
02/01/2013,0.6
02/04/2013,0.55
02/05/2013,0.7
02/06/2013,0.65
02/07/2013,0.65
02/08/2013,0.65
02/11/2013,0.65
02/12/2013,0.83
02/13/2013,0.85
02/14/2013,0.95
02/15/2013,0.95
02/19/2013,1.0
02/20/2013,1.15
02/21/2013,1.2
02/22/2013,1.2
02/25/2013,1.15
02/26/2013,1.1
02/27/2013,1.0
02/28/2013,1.0
03/01/2013,1.0
03/04/2013,0.85
03/05/2013,0.85
03/06/2013,0.92
03/07/2013,0.9
03/08/2013,0.87
03/11/2013,0.87
03/12/2013,0.92
03/13/2013,0.85
03/14/2013,0.9
03/15/2013,0.83
03/18/2013,0.72
03/19/2013,0.7
03/20/2013,0.63
03/21/2013,0.6
03/22/2013,0.65
03/25/2013,0.58
03/26/2013,0.72
03/27/2013,0.8
03/28/2013,0.65
04/01/2013,0.65
04/02/2013,0.68
04/03/2013,0.55
04/04/2013,0.65
04/05/2013,0.6
04/08/2013,0.55
04/09/2013,0.63
04/10/2013,0.65
04/11/2013,0.63
04/12/2013,0.55
04/15/2013,0.55
04/16/2013,0.52
04/17/2013,0.5
04/18/2013,0.5
04/19/2013,0.45
04/22/2013,0.45
04/23/2013,0.45
04/24/2013,0.48
04/25/2013,0.5
04/26/2013,0.45
04/29/2013,0.45
04/30/2013,0.45
05/01/2013,0.5
05/02/2013,0.5
05/03/2013,0.45
05/06/2013,0.3
05/07/2013,0.35
05/08/2013,0.35
05/09/2013,0.35
05/10/2013,0.35
05/13/2013,0.35
05/14/2013,0.4
05/15/2013,0.37
05/16/2013,0.25
05/17/2013,0.3
05/20/2013,0.35
05/21/2013,0.4
05/22/2013,0.35
05/23/2013,0.4
05/24/2013,0.37
05/28/2013,0.35
05/29/2013,0.4
05/30/2013,0.25
05/31/2013,0.3
06/03/2013,0.3
06/04/2013,0.4
06/05/2013,0.45
06/06/2013,0.45
06/07/2013,0.4
06/10/2013,0.4
06/11/2013,0.45
06/12/2013,0.4
06/13/2013,0.43
06/14/2013,0.4
06/17/2013,0.4
06/18/2013,0.45
06/19/2013,0.4
06/20/2013,0.4
06/21/2013,0.4
06/24/2013,0.4
06/25/2013,0.58
06/26/2013,0.55
06/27/2013,0.45
06/28/2013,0.3
07/01/2013,0.1
07/02/2013,0.35
07/03/2013,0.35
07/05/2013,0.35
07/08/2013,0.35
07/09/2013,0.35
07/10/2013,0.3
07/11/2013,0.3
07/12/2013,0.3
07/15/2013,0.2
07/16/2013,0.35
07/17/2013,0.25
07/18/2013,0.22
07/19/2013,0.2
07/22/2013,0.05
07/23/2013,0.2
07/24/2013,0.2
07/25/2013,0.15
07/26/2013,0.15
07/29/2013,0.2
07/30/2013,0.3
07/31/2013,0.3
08/01/2013,0.35
08/02/2013,0.3
08/05/2013,0.35
08/06/2013,0.4
08/07/2013,0.4
08/08/2013,0.45
08/09/2013,0.48
08/12/2013,0.48
08/13/2013,0.52
08/14/2013,0.5
08/15/2013,0.45
08/16/2013,0.4
08/19/2013,0.4
08/20/2013,0.45
08/21/2013,0.33
08/22/2013,0.2
08/23/2013,0.22
08/26/2013,0.13
08/27/2013,0.33
08/28/2013,0.3
08/29/2013,0.2
08/30/2013,0.2
09/03/2013,0.15
09/04/2013,0.15
09/05/2013,0.15
09/06/2013,0.15
09/09/2013,0.1
09/10/2013,0.15
09/11/2013,0.15
09/12/2013,0.1
09/13/2013,0.1
09/16/2013,0.03
09/17/2013,0.05
09/18/2013,0.05
09/19/2013,0.05
09/20/2013,0.05
09/23/2013,0.05
09/24/2013,0.15
09/25/2013,0.15
09/26/2013,0.03
09/27/2013,0.05
09/30/2013,0.05
10/01/2013,0.13
10/02/2013,0.1
10/03/2013,0.2
10/04/2013,0.18
10/07/2013,0.18
10/08/2013,0.45
10/09/2013,0.37
10/10/2013,0.4
10/11/2013,0.63
10/14/2013,0.58
10/15/2013,0.92
10/16/2013,0.92
10/17/2013,0.37
10/18/2013,0.25
10/21/2013,0.25
10/22/2013,0.33
10/23/2013,0.3
10/24/2013,0.3
10/25/2013,0.3
10/28/2013,0.2
10/29/2013,0.4
10/30/2013,0.35
10/31/2013,0.33
11/01/2013,0.33
11/04/2013,0.33
11/05/2013,0.45
11/06/2013,0.45
11/07/2013,0.48
11/08/2013,0.52
11/11/2013,0.52
11/12/2013,0.58
11/13/2013,0.7
11/14/2013,0.68
11/15/2013,0.7
11/18/2013,0.65
11/19/2013,0.8
11/20/2013,0.77
11/21/2013,0.7
11/22/2013,0.65
11/25/2013,0.6
11/26/2013,0.68
11/27/2013,0.63
11/29/2013,0.55
12/02/2013,0.5
12/03/2013,0.35
12/04/2013,0.52
12/05/2013,0.48
12/06/2013,0.52
12/09/2013,0.52
12/10/2013,0.7
12/11/2013,0.68
12/12/2013,0.63
12/13/2013,0.6
12/16/2013,0.58
12/17/2013,0.63
12/18/2013,0.6
12/19/2013,0.58
12/20/2013,0.55
12/23/2013,0.58
12/24/2013,0.68
12/26/2013,0.6
12/27/2013,0.58
12/30/2013,0.55
12/31/2013,0.63
01/02/2014,0.58
01/03/2014,0.58
01/06/2014,0.45
01/07/2014,0.43
01/08/2014,0.4
01/09/2014,0.33
01/10/2014,0.33
01/13/2014,0.3
01/14/2014,0.33
01/15/2014,0.35
01/16/2014,0.3
01/17/2014,0.3
01/21/2014,0.28
01/22/2014,0.3
01/23/2014,0.3
01/24/2014,0.33
01/27/2014,0.48
01/28/2014,0.45
01/29/2014,0.4
01/30/2014,0.15
01/31/2014,0.1
02/03/2014,0.2
02/04/2014,0.55
02/05/2014,0.55
02/06/2014,0.6
02/07/2014,0.72
02/10/2014,0.55
02/11/2014,0.45
02/12/2014,0.43
02/13/2014,0.25
02/14/2014,0.1
02/18/2014,0.15
02/19/2014,0.45
02/20/2014,0.4
02/21/2014,0.35
02/24/2014,0.33
02/25/2014,0.4
02/26/2014,0.4
02/27/2014,0.35
02/28/2014,0.43
03/03/2014,0.43
03/04/2014,0.48
03/05/2014,0.5
03/06/2014,0.45
03/07/2014,0.45
03/10/2014,0.4
03/11/2014,0.45
03/12/2014,0.4
03/13/2014,0.4
03/14/2014,0.4
03/17/2014,0.43
03/18/2014,0.5
03/19/2014,0.5
03/20/2014,0.52
03/21/2014,0.45
03/24/2014,0.43
03/25/2014,0.45
03/26/2014,0.37
03/27/2014,0.33
03/28/2014,0.33
03/31/2014,0.28
04/01/2014,0.3
04/02/2014,0.18
04/03/2014,0.15
04/04/2014,0.2
04/07/2014,0.2
04/08/2014,0.25
04/09/2014,0.28
04/10/2014,0.28
04/11/2014,0.3
04/14/2014,0.3
04/15/2014,0.3
04/16/2014,0.25
04/17/2014,0.25
04/21/2014,0.25
04/22/2014,0.25
04/23/2014,0.15
04/24/2014,0.07
04/25/2014,0.07
04/28/2014,0.03
04/29/2014,0.15
04/30/2014,0.2
05/01/2014,0.18
05/02/2014,0.15
05/05/2014,0.15
05/06/2014,0.2
05/07/2014,0.2
05/08/2014,0.22
05/09/2014,0.22
05/12/2014,0.2
05/13/2014,0.2
05/14/2014,0.2
05/15/2014,0.18
05/16/2014,0.15
05/19/2014,0.18
05/20/2014,0.25
05/21/2014,0.25
05/22/2014,0.28
05/23/2014,0.28
05/27/2014,0.28
05/28/2014,0.28
05/29/2014,0.3
05/30/2014,0.3
06/02/2014,0.25
06/03/2014,0.3
06/04/2014,0.3
06/05/2014,0.3
06/06/2014,0.28
06/09/2014,0.3
06/10/2014,0.35
06/11/2014,0.33
06/12/2014,0.33
06/13/2014,0.3
06/16/2014,0.25
06/17/2014,0.33
06/18/2014,0.18
06/19/2014,0.1
06/20/2014,0.1
06/23/2014,0.05
06/24/2014,0.22
06/25/2014,0.2
06/26/2014,0.25
06/27/2014,0.18
06/30/2014,0.2
07/01/2014,0.25
07/02/2014,0.07
07/03/2014,0.03
07/07/2014,0.07
07/08/2014,0.25
07/09/2014,0.15
07/10/2014,0.15
07/11/2014,0.15
07/14/2014,0.15
07/15/2014,0.2
07/16/2014,0.18
07/17/2014,0.07
07/18/2014,0.1
07/21/2014,0.13
07/22/2014,0.2
07/23/2014,0.2
07/24/2014,0.2
07/25/2014,0.2
07/28/2014,0.25
07/29/2014,0.28
07/30/2014,0.28
07/31/2014,0.18
08/01/2014,0.18
08/04/2014,0.15
08/05/2014,0.25
08/06/2014,0.2
08/07/2014,0.2
08/08/2014,0.2
08/11/2014,0.25
08/12/2014,0.25
08/13/2014,0.3
08/14/2014,0.28
08/15/2014,0.22
08/18/2014,0.22
08/19/2014,0.25
08/20/2014,0.25
08/21/2014,0.15
08/22/2014,0.15
08/25/2014,0.15
08/26/2014,0.25
08/27/2014,0.25
08/28/2014,0.22
08/29/2014,0.18
09/02/2014,0.2
09/03/2014,0.2
09/04/2014,0.2
09/05/2014,0.2
09/08/2014,0.2
09/09/2014,0.15
09/10/2014,0.15
09/11/2014,0.1
09/12/2014,0.1
09/15/2014,0.1
09/16/2014,0.15
09/17/2014,0.13
09/18/2014,0.1
09/19/2014,0.07
09/22/2014,0.03
09/23/2014,0.07
09/24/2014,0.07
09/25/2014,0.05
09/26/2014,0.05
09/29/2014,0.05
09/30/2014,0.13
10/01/2014,0.13
10/02/2014,0.1
10/03/2014,0.1
10/06/2014,0.1
10/07/2014,0.1
10/08/2014,0.05
10/09/2014,0.05
10/10/2014,0.05
10/14/2014,0.05
10/15/2014,0.1
10/16/2014,0.2
10/17/2014,0.22
10/20/2014,0.2
10/21/2014,0.18
10/22/2014,0.15
10/23/2014,0.15
10/24/2014,0.05
10/27/2014,0.05
10/28/2014,0.15
10/29/2014,0.15
10/30/2014,0.03
10/31/2014,0.03
11/03/2014,0.03
11/04/2014,0.22
11/05/2014,0.2
11/06/2014,0.18
11/07/2014,0.18
11/10/2014,0.15
11/11/2014,0.15
11/12/2014,0.13
11/13/2014,0.05
11/14/2014,0.03
11/17/2014,0.1
11/18/2014,0.15
11/19/2014,0.15
11/20/2014,0.15
11/21/2014,0.03
11/24/2014,0.05
11/25/2014,0.18
11/26/2014,0.1
11/28/2014,0.05
12/01/2014,0.07
12/02/2014,0.15
12/03/2014,0.05
12/04/2014,0.13
12/05/2014,0.1
12/08/2014,0.05
12/09/2014,0.28
12/10/2014,0.25
12/11/2014,0.22
12/12/2014,0.15
12/15/2014,0.1
12/16/2014,0.3
12/17/2014,0.2
12/18/2014,0.33
12/19/2014,0.25
12/22/2014,0.15
12/23/2014,0.2
12/24/2014,0.2
12/26/2014,0.1
12/29/2014,0.03
12/30/2014,0.22
12/31/2014,0.37
01/02/2015,0.15
01/05/2015,0.03
01/06/2015,0.2
01/07/2015,0.2
01/08/2015,0.18
01/09/2015,0.15
01/12/2015,0.13
01/13/2015,0.23
01/14/2015,0.25
01/15/2015,0.23
01/16/2015,0.18
01/20/2015,0.08
01/21/2015,0.2
01/22/2015,0.15
01/23/2015,0.13
01/26/2015,0.05
01/27/2015,0.18
01/28/2015,0.15
01/29/2015,0.1
01/30/2015,0.05
02/02/2015,0.05
02/03/2015,0.15
02/04/2015,0.05
02/05/2015,0.08
02/06/2015,0.15
02/09/2015,0.03
02/10/2015,0.05
02/11/2015,0.05
02/12/2015,0.08
02/13/2015,0.05
02/17/2015,0.08
02/18/2015,0.13
02/19/2015,0.13
02/20/2015,0.1
02/23/2015,0.15
02/24/2015,0.18
02/25/2015,0.15
02/26/2015,0.13
02/27/2015,0.08
03/02/2015,0.05
03/03/2015,0.13
03/04/2015,0.1
03/05/2015,0.03
03/06/2015,0.05
03/09/2015,0.05
03/10/2015,0.1
03/11/2015,0.13
03/12/2015,0.18
03/13/2015,0.23
03/16/2015,0.3
03/17/2015,0.48
03/18/2015,0.38
03/19/2015,0.1
03/20/2015,0.03
03/23/2015,0.03
03/24/2015,0.15
03/25/2015,0.18
03/26/2015,0.28
03/27/2015,0.3
03/30/2015,0.23
03/31/2015,0.25
04/01/2015,0.33
04/02/2015,0.1
04/06/2015,0.03
04/07/2015,0.15
04/08/2015,0.18
04/09/2015,0.2
04/10/2015,0.15
04/13/2015,0.05
04/14/2015,0.1
04/15/2015,0.15
04/16/2015,0.1
04/17/2015,0.13
04/20/2015,0.13
04/21/2015,0.2
04/22/2015,0.2
04/23/2015,0.2
04/24/2015,0.15
04/27/2015,0.13
04/28/2015,0.13
04/29/2015,0.03
04/30/2015,0.05
05/01/2015,0.03
05/04/2015,0.03
05/05/2015,0.08
05/06/2015,0.1
05/07/2015,0.05
05/08/2015,0.03
05/11/2015,0.05
05/12/2015,0.13
05/13/2015,0.1
05/14/2015,0.1
05/15/2015,0.1
05/18/2015,0.08
05/19/2015,0.1
05/20/2015,0.13
05/21/2015,0.13
05/22/2015,0.1
05/26/2015,0.08
05/27/2015,0.13
05/28/2015,0.03
05/29/2015,0.03
06/01/2015,0.08
06/02/2015,0.1
06/03/2015,0.1
06/04/2015,0.05
06/05/2015,0.1
06/08/2015,0.1
06/09/2015,0.13
06/10/2015,0.13
06/11/2015,0.08
06/12/2015,0.05
06/15/2015,0.03
06/16/2015,0.08
06/17/2015,0.03
06/18/2015,0.03
06/19/2015,0.03
06/22/2015,0.03
06/23/2015,0.08
06/24/2015,0.05
06/25/2015,0.05
06/26/2015,0.05
06/29/2015,0.05
06/30/2015,0.1
07/01/2015,0.03
07/02/2015,0.03
07/06/2015,0.05
07/07/2015,0.1
07/08/2015,0.1
07/09/2015,0.08
07/10/2015,0.08
07/13/2015,0.08
07/14/2015,0.1
07/15/2015,0.13
07/16/2015,0.1
07/17/2015,0.13
07/20/2015,0.23
07/21/2015,0.3
07/22/2015,0.3
07/23/2015,0.3
07/24/2015,0.3
07/27/2015,0.28
07/28/2015,0.43
07/29/2015,0.45
07/30/2015,0.6
07/31/2015,0.58
08/03/2015,0.63
08/04/2015,0.75
08/05/2015,0.75
08/06/2015,0.28
08/07/2015,0.55
08/10/2015,0.65
08/11/2015,0.98
08/12/2015,0.9
08/13/2015,0.83
08/14/2015,0.8
08/17/2015,0.6
08/18/2015,0.85
08/19/2015,0.4
08/20/2015,0.15
08/21/2015,0.2
08/24/2015,0.15
08/25/2015,0.53
08/26/2015,0.55
08/27/2015,0.5
08/28/2015,0.5
08/31/2015,0.03
09/01/2015,0.38
09/02/2015,0.25
09/03/2015,0.15
09/04/2015,0.25
09/08/2015,0.25
09/09/2015,0.35
09/10/2015,0.15
09/11/2015,0.23
09/14/2015,0.25
09/15/2015,0.58
09/16/2015,0.53
09/17/2015,0.03
09/18/2015,0.1
09/21/2015,0.13
09/22/2015,0.03
09/23/2015,0.03
09/24/2015,0.05
09/25/2015,0.2
09/28/2015,0.13
09/29/2015,0.03
09/30/2015,0.05
10/01/2015,0.18
10/02/2015,0.08
10/05/2015,0.08
10/06/2015,0.05
10/07/2015,0.05
10/08/2015,0.03
10/09/2015,0.03
10/13/2015,0.05
10/14/2015,0.1
10/15/2015,0.05
10/16/2015,0.05
10/19/2015,0.05
10/20/2015,0.1
10/21/2015,0.05
10/22/2015,0.05
10/23/2015,0.03
10/26/2015,0.08
10/27/2015,0.1
10/28/2015,0.35
10/29/2015,0.53
10/30/2015,0.68
11/02/2015,0.53
11/03/2015,0.58
11/04/2015,0.55
11/05/2015,0.4
11/06/2015,0.73
11/09/2015,0.75
11/10/2015,1.25
11/11/2015,1.23
11/12/2015,1.23
11/13/2015,1.13
11/16/2015,0.98
11/17/2015,1.35
11/18/2015,1.23
11/19/2015,0.88
11/20/2015,0.93
11/23/2015,1.05
11/24/2015,1.53
11/25/2015,1.75
11/27/2015,1.6
11/30/2015,1.7
12/01/2015,2.03
12/02/2015,2.0
12/03/2015,1.98
12/04/2015,2.05
12/07/2015,2.35
12/08/2015,2.68
12/09/2015,2.45
12/10/2015,2.3
12/11/2015,2.13
12/14/2015,1.98
12/15/2015,2.5
12/16/2015,2.35
12/17/2015,2.13
12/18/2015,1.75
12/21/2015,1.53
12/22/2015,1.93
12/23/2015,1.9
12/24/2015,1.83
12/28/2015,1.9
12/29/2015,2.15
12/30/2015,1.95
12/31/2015,1.48
01/04/2016,1.55
01/05/2016,2.05
01/06/2016,2.05
01/07/2016,1.9
01/08/2016,1.9
01/11/2016,1.75
01/12/2016,2.1
01/13/2016,2.15
01/14/2016,2.38
01/15/2016,2.23
01/19/2016,2.3
01/20/2016,2.53
01/21/2016,2.73
01/22/2016,2.88
01/25/2016,2.75
01/26/2016,3.0
01/27/2016,3.0
01/28/2016,3.18
01/29/2016,3.0
02/01/2016,2.95
02/02/2016,3.3
02/03/2016,3.33
02/04/2016,2.83
02/05/2016,2.78
02/08/2016,2.6
02/09/2016,2.98
02/10/2016,2.98
02/11/2016,2.73
02/12/2016,2.7
02/16/2016,2.73
02/17/2016,2.93
02/18/2016,2.88
02/19/2016,2.83
02/22/2016,2.93
02/23/2016,3.18
02/24/2016,3.15
02/25/2016,3.15
02/26/2016,3.03
02/29/2016,3.08
03/01/2016,3.2
03/02/2016,3.03
03/03/2016,2.63
03/04/2016,2.65
03/07/2016,2.65
03/08/2016,3.05
03/09/2016,2.88
03/10/2016,3.03
03/11/2016,3.08
03/14/2016,3.08
03/15/2016,3.25
03/16/2016,3.0
03/17/2016,2.75
03/18/2016,2.8
03/21/2016,2.88
03/22/2016,2.95
03/23/2016,2.93
03/24/2016,2.75
03/28/2016,2.55
03/29/2016,2.25
03/30/2016,1.85
03/31/2016,1.93
04/01/2016,2.18
04/04/2016,1.83
04/05/2016,2.18
04/06/2016,2.2
04/07/2016,2.2
04/08/2016,2.18
04/11/2016,2.1
04/12/2016,2.3
04/13/2016,2.23
04/14/2016,2.15
04/15/2016,2.1
04/18/2016,1.98
04/19/2016,2.15
04/20/2016,2.18
04/21/2016,2.25
04/22/2016,2.25
04/25/2016,2.38
04/26/2016,2.45
04/27/2016,2.45
04/28/2016,2.1
04/29/2016,1.93
05/02/2016,1.85
05/03/2016,2.03
05/04/2016,1.98
05/05/2016,1.83
05/06/2016,1.8
05/09/2016,2.03
05/10/2016,2.43
05/11/2016,2.48
05/12/2016,2.58
05/13/2016,2.58
05/16/2016,2.58
05/17/2016,2.68
05/18/2016,2.7
05/19/2016,2.9
05/20/2016,2.98
05/23/2016,3.13
05/24/2016,3.43
05/25/2016,3.15
05/26/2016,2.75
05/27/2016,2.98
05/31/2016,2.83
06/01/2016,2.95
06/02/2016,2.7
06/03/2016,2.7
06/06/2016,2.48
06/07/2016,2.65
06/08/2016,2.35
06/09/2016,2.4
06/10/2016,2.4
06/13/2016,2.45
06/14/2016,2.63
06/15/2016,2.55
06/16/2016,2.45
06/17/2016,2.48
06/20/2016,2.48
06/21/2016,2.65
06/22/2016,2.68
06/23/2016,2.75
06/24/2016,2.38
06/27/2016,2.35
06/28/2016,2.6
06/29/2016,2.55
06/30/2016,2.48
07/01/2016,2.43
07/05/2016,2.38
07/06/2016,2.63
07/07/2016,2.7
07/08/2016,2.73
07/11/2016,2.75
07/12/2016,2.95
07/13/2016,2.98
07/14/2016,3.03
07/15/2016,2.98
07/18/2016,2.88
07/19/2016,3.1
07/20/2016,3.15
07/21/2016,3.03
07/22/2016,3.03
07/25/2016,2.98
07/26/2016,3.08
07/27/2016,2.83
07/28/2016,2.2
07/29/2016,2.4
08/01/2016,2.38
08/02/2016,2.8
08/03/2016,2.68
08/04/2016,2.48
08/05/2016,2.5
08/08/2016,2.5
08/09/2016,2.93
08/10/2016,2.73
08/11/2016,2.75
08/12/2016,2.63
08/15/2016,2.75
08/16/2016,2.88
08/17/2016,2.88
08/18/2016,2.85
08/19/2016,2.93
08/22/2016,2.8
08/23/2016,3.05
08/24/2016,3.05
08/25/2016,3.05
08/26/2016,3.05
08/29/2016,3.05
08/30/2016,3.25
08/31/2016,3.2
09/01/2016,3.15
09/02/2016,3.03
09/06/2016,3.03
09/07/2016,3.3
09/08/2016,3.33
09/09/2016,3.33
09/12/2016,3.5
09/13/2016,3.45
09/14/2016,3.15
09/15/2016,2.78
09/16/2016,2.73
09/19/2016,2.38
09/20/2016,2.88
09/21/2016,2.23
09/22/2016,1.6
09/23/2016,1.65
09/26/2016,1.73
09/27/2016,2.55
09/28/2016,2.63
09/29/2016,2.35
09/30/2016,2.6
10/03/2016,2.88
10/04/2016,3.15
10/05/2016,3.13
10/06/2016,3.1
10/07/2016,3.1
10/10/2016,3.08
10/11/2016,3.2
10/12/2016,3.4
10/13/2016,2.75
10/14/2016,2.9
10/17/2016,2.95
10/18/2016,3.33
10/19/2016,3.23
10/20/2016,3.2
10/21/2016,3.15
10/24/2016,3.13
10/25/2016,3.25
10/26/2016,3.13
10/27/2016,2.75
10/28/2016,2.73
10/31/2016,2.95
11/01/2016,3.45
11/02/2016,3.45
11/03/2016,3.58
11/04/2016,3.58
11/07/2016,3.9
11/08/2016,4.2
11/09/2016,4.18
11/10/2016,4.58
11/14/2016,5.03
11/15/2016,4.88
11/16/2016,4.53
11/17/2016,4.2
11/18/2016,4.18
11/21/2016,4.2
11/22/2016,4.75
11/23/2016,4.85
11/25/2016,4.8
11/28/2016,4.5
11/29/2016,4.68
11/30/2016,4.68
12/01/2016,4.58
12/02/2016,4.55
12/05/2016,4.53
12/06/2016,4.85
12/07/2016,4.88
12/08/2016,4.9
12/09/2016,5.2
12/12/2016,5.0
12/13/2016,5.23
12/14/2016,5.23
12/15/2016,4.88
12/16/2016,4.85
12/19/2016,4.78
12/20/2016,5.13
12/21/2016,5.03
12/22/2016,4.93
12/23/2016,5.0
12/27/2016,4.95
12/28/2016,4.95
12/29/2016,4.4
12/30/2016,4.8
01/03/2017,4.75
01/04/2017,5.18
01/05/2017,5.08
01/06/2017,5.03
01/09/2017,4.85
01/10/2017,5.03
01/11/2017,4.98
01/12/2017,5.03
01/13/2017,5.13
01/17/2017,5.13
01/18/2017,5.15
01/19/2017,5.03
01/20/2017,4.8
01/23/2017,4.73
01/24/2017,4.93
01/25/2017,4.83
01/26/2017,4.88
01/27/2017,4.98
01/30/2017,4.95
01/31/2017,5.0
02/01/2017,5.0
02/02/2017,4.88
02/03/2017,4.88
02/06/2017,5.03
02/07/2017,5.25
02/08/2017,5.25
02/09/2017,5.28
02/10/2017,5.23
02/13/2017,5.23
02/14/2017,5.35
02/15/2017,5.2
02/16/2017,5.08
02/17/2017,5.08
02/21/2017,5.05
02/22/2017,5.1
02/23/2017,4.98
02/24/2017,4.98
02/27/2017,4.9
02/28/2017,5.23
03/01/2017,6.15
03/02/2017,6.45
03/03/2017,6.83
03/06/2017,7.05
03/07/2017,7.35
03/08/2017,7.08
03/09/2017,7.13
03/10/2017,7.25
03/13/2017,7.28
03/14/2017,7.53
03/15/2017,7.15
03/16/2017,7.08
03/17/2017,7.08
03/20/2017,7.1
03/21/2017,7.53
03/22/2017,7.48
03/23/2017,7.48
03/24/2017,7.48
03/27/2017,7.58
03/28/2017,7.73
03/29/2017,7.55
03/30/2017,7.58
03/31/2017,7.38
04/03/2017,7.4
04/04/2017,7.8
04/05/2017,7.8
04/06/2017,7.88
04/07/2017,7.98
04/10/2017,7.88
04/11/2017,8.0
04/12/2017,7.93
04/13/2017,7.9
04/17/2017,7.93
04/18/2017,8.05
04/19/2017,7.85
04/20/2017,7.7
04/21/2017,7.63
04/24/2017,7.7
04/25/2017,8.08
04/26/2017,8.03
04/27/2017,7.85
04/28/2017,7.8
05/01/2017,7.85
05/02/2017,8.43
05/03/2017,8.48
05/04/2017,8.55
05/05/2017,8.68
05/08/2017,8.7
05/09/2017,8.9
05/10/2017,8.75
05/11/2017,8.6
05/12/2017,8.55
05/15/2017,8.63
05/16/2017,8.9
05/17/2017,8.75
05/18/2017,8.93
05/19/2017,8.88
05/22/2017,8.78
05/23/2017,9.13
05/24/2017,9.05
05/25/2017,9.08
05/26/2017,9.1
05/30/2017,9.1
05/31/2017,9.5
06/01/2017,9.48
06/02/2017,9.53
06/05/2017,9.48
06/06/2017,9.58
06/07/2017,9.73
06/08/2017,9.73
06/09/2017,9.8
06/12/2017,9.73
06/13/2017,9.83
06/14/2017,9.83
06/15/2017,9.93
06/16/2017,9.85
06/19/2017,9.85
06/20/2017,9.93
06/21/2017,9.68
06/22/2017,9.33
06/23/2017,9.33
06/26/2017,9.33
06/27/2017,9.9
06/28/2017,9.85
06/29/2017,10.03
06/30/2017,9.93
07/03/2017,10.0
07/05/2017,10.2
07/06/2017,10.08
07/07/2017,10.08
07/10/2017,10.13
07/11/2017,10.33
07/12/2017,10.23
07/13/2017,10.13
07/14/2017,10.08
07/17/2017,10.2
07/18/2017,10.4
07/19/2017,10.85
07/20/2017,11.13
07/21/2017,11.38
07/24/2017,11.5
07/25/2017,11.43
07/26/2017,10.95
07/27/2017,10.78
07/28/2017,10.53
07/31/2017,10.53
08/01/2017,10.58
08/02/2017,10.5
08/03/2017,10.58
08/04/2017,10.53
08/07/2017,10.33
08/08/2017,10.3
08/09/2017,10.25
08/10/2017,10.18
08/11/2017,10.13
08/14/2017,10.03
08/15/2017,10.08
08/16/2017,9.85
08/17/2017,9.78
08/18/2017,9.88
08/21/2017,9.65
08/22/2017,9.95
08/23/2017,9.8
08/24/2017,9.98
08/25/2017,9.95
08/28/2017,10.05
08/29/2017,10.1
08/30/2017,9.98
08/31/2017,9.78
09/01/2017,9.85
09/05/2017,9.83
09/06/2017,10.38
09/07/2017,10.23
09/08/2017,10.2
09/11/2017,10.2
09/12/2017,10.18
09/13/2017,10.18
09/14/2017,10.28
09/15/2017,10.1
09/18/2017,10.0
09/19/2017,10.18
09/20/2017,10.2
09/21/2017,10.08
09/22/2017,10.03
09/25/2017,9.98
09/26/2017,10.43
09/27/2017,10.38
09/28/2017,10.3
09/29/2017,10.28
10/02/2017,10.13
10/03/2017,10.35
10/04/2017,10.43
10/05/2017,10.43
10/06/2017,10.43
10/09/2017,10.45
10/10/2017,10.55
10/11/2017,10.68
10/12/2017,10.53
10/13/2017,10.5
10/16/2017,10.55
10/17/2017,10.73
10/18/2017,10.68
10/19/2017,10.65
10/20/2017,10.75
10/23/2017,10.7
10/24/2017,10.98
10/25/2017,10.83
10/26/2017,10.8
10/27/2017,10.73
10/30/2017,10.75
10/31/2017,11.23
11/01/2017,11.38
11/02/2017,11.38
11/03/2017,11.48
11/06/2017,11.58
11/07/2017,11.88
11/08/2017,11.95
11/09/2017,12.03
11/10/2017,12.0
11/13/2017,11.85
11/14/2017,12.4
11/15/2017,12.3
11/16/2017,12.3
11/17/2017,12.4
11/20/2017,12.4
11/21/2017,12.78
11/22/2017,12.65
11/24/2017,12.4
11/27/2017,12.23
11/28/2017,12.65
11/29/2017,12.58
11/30/2017,12.38
12/01/2017,12.35
12/04/2017,12.45
12/05/2017,12.83
12/06/2017,12.63
12/07/2017,12.6
12/08/2017,12.53
12/11/2017,12.63
12/12/2017,13.1
12/13/2017,12.73
12/14/2017,12.83
12/15/2017,12.85
12/18/2017,13.15
12/19/2017,13.53
12/20/2017,13.5
12/21/2017,13.2
12/22/2017,12.98
12/26/2017,13.03
12/27/2017,14.08
12/28/2017,13.7
12/29/2017,13.55
01/02/2018,13.78
01/03/2018,13.7
01/04/2018,13.7
01/05/2018,13.7
01/08/2018,13.8
01/09/2018,14.15
01/10/2018,13.95
01/11/2018,14.03
01/12/2018,14.1
01/16/2018,13.95
01/17/2018,14.15
01/18/2018,14.05
01/19/2018,14.03
01/22/2018,13.9
01/23/2018,14.13
01/24/2018,14.1
01/25/2018,13.93
01/26/2018,13.88
01/29/2018,13.75
01/30/2018,14.25
01/31/2018,14.3
02/01/2018,14.53
02/02/2018,14.5
02/05/2018,14.58
02/06/2018,14.88
02/07/2018,15.15
02/08/2018,15.15
02/09/2018,15.25
02/12/2018,15.35
02/13/2018,15.7
02/14/2018,15.5
02/15/2018,15.6
02/16/2018,15.7
02/20/2018,15.73
02/21/2018,16.08
02/22/2018,16.05
02/23/2018,16.05
02/26/2018,16.08
02/27/2018,16.35
02/28/2018,16.18
03/01/2018,15.9
03/02/2018,16.05
03/05/2018,16.25
03/06/2018,16.43
03/07/2018,16.5
03/08/2018,16.35
03/09/2018,16.35
03/12/2018,16.43
03/13/2018,16.9
03/14/2018,17.18
03/15/2018,17.33
03/16/2018,17.38
03/19/2018,17.28
03/20/2018,17.58
03/21/2018,17.1
03/22/2018,16.83
03/23/2018,16.88
03/26/2018,17.05
03/27/2018,17.33
03/28/2018,16.95
03/29/2018,16.7
04/02/2018,16.83
04/03/2018,17.13
04/04/2018,16.68
04/05/2018,16.75
04/06/2018,16.8
04/09/2018,16.75
04/10/2018,16.95
04/11/2018,16.93
04/12/2018,17.05
04/13/2018,17.18
04/16/2018,17.13
04/17/2018,17.55
04/18/2018,17.7
04/19/2018,17.83
04/20/2018,17.65
04/23/2018,17.83
04/24/2018,18.23
04/25/2018,18.15
04/26/2018,17.85
04/27/2018,17.7
04/30/2018,17.63
05/01/2018,18.1
05/02/2018,17.85
05/03/2018,17.88
05/04/2018,17.93
05/07/2018,17.93
05/08/2018,18.35
05/09/2018,18.45
05/10/2018,18.45
05/11/2018,18.6
05/14/2018,18.55
05/15/2018,18.75
05/16/2018,18.65
05/17/2018,18.63
05/18/2018,18.55
05/21/2018,18.63
05/22/2018,18.93
05/23/2018,18.73
05/24/2018,18.6
05/25/2018,18.53
05/29/2018,18.4
05/30/2018,18.78
05/31/2018,18.7
06/01/2018,18.68
06/04/2018,18.65
06/05/2018,19.03
06/06/2018,19.0
06/07/2018,18.85
06/08/2018,18.8
06/11/2018,18.68
06/12/2018,18.88
06/13/2018,18.95
06/14/2018,18.83
06/15/2018,18.88
06/18/2018,18.83
06/19/2018,18.98
06/20/2018,18.88
06/21/2018,18.9
06/22/2018,18.7
06/25/2018,18.53
06/26/2018,18.93
06/27/2018,18.8
06/28/2018,18.8
06/29/2018,18.8
07/02/2018,18.95
07/03/2018,19.33
07/05/2018,19.1
07/06/2018,19.05
07/09/2018,19.15
07/10/2018,19.35
07/11/2018,19.2
07/12/2018,19.28
07/13/2018,19.28
07/16/2018,19.38
07/17/2018,19.75
07/18/2018,19.6
07/19/2018,19.48
07/20/2018,19.33
07/23/2018,19.2
07/24/2018,19.6
07/25/2018,19.53
07/26/2018,19.45
07/27/2018,19.45
07/30/2018,19.45
07/31/2018,19.85
08/01/2018,19.78
08/02/2018,19.65
08/03/2018,19.6
08/06/2018,19.68
08/07/2018,20.08
08/08/2018,20.08
08/09/2018,20.05
08/10/2018,20.0
08/13/2018,19.95
08/14/2018,20.33
08/15/2018,20.2
08/16/2018,20.15
08/17/2018,19.95
08/20/2018,19.93
08/21/2018,20.35
08/22/2018,20.35
08/23/2018,20.33
08/24/2018,20.48
08/27/2018,20.6
08/28/2018,20.78
08/29/2018,20.8
08/30/2018,20.58
08/31/2018,20.55
09/04/2018,20.68
09/05/2018,20.9
09/06/2018,20.8
09/07/2018,20.88
09/10/2018,20.83
09/11/2018,21.08
09/12/2018,21.05
09/13/2018,20.93
09/14/2018,21.03
09/17/2018,21.08
09/18/2018,21.25
09/19/2018,21.2
09/20/2018,21.18
09/21/2018,21.23
09/24/2018,21.23
09/25/2018,21.68
09/26/2018,21.6
09/27/2018,21.4
09/28/2018,21.5
10/01/2018,21.55
10/02/2018,21.75
10/03/2018,21.7
10/04/2018,21.7
10/05/2018,21.65
10/08/2018,21.65
10/09/2018,21.85
10/10/2018,22.2
10/11/2018,22.15
10/12/2018,22.18
10/15/2018,22.3
10/16/2018,22.6
10/17/2018,22.6
10/18/2018,22.55
10/19/2018,22.6
10/22/2018,22.58
10/23/2018,22.9
10/24/2018,22.85
10/25/2018,22.8
10/26/2018,22.73
10/29/2018,22.6
10/30/2018,22.83
10/31/2018,22.78
11/01/2018,22.7
11/02/2018,22.73
11/05/2018,22.68
11/06/2018,23.1
11/07/2018,23.1
11/08/2018,23.03
11/09/2018,23.0
11/12/2018,23.0
11/13/2018,22.95
11/14/2018,23.25
11/15/2018,23.1
11/16/2018,23.0
11/19/2018,23.0
11/20/2018,23.35
11/21/2018,23.5
11/23/2018,23.48
11/26/2018,23.43
11/27/2018,23.53
11/28/2018,23.35
11/29/2018,23.1
11/30/2018,23.08
12/03/2018,22.88
12/04/2018,23.65
12/06/2018,23.53
12/07/2018,23.4
12/10/2018,23.3
12/11/2018,23.7
12/12/2018,23.75
12/13/2018,23.63
12/14/2018,23.68
12/17/2018,23.4
12/18/2018,23.28
12/19/2018,23.38
12/20/2018,23.35
12/21/2018,23.3
12/24/2018,23.33
12/26/2018,23.8
12/27/2018,23.48
12/28/2018,23.28
12/31/2018,23.0
01/02/2019,23.65
01/03/2019,23.55
01/04/2019,23.58
01/07/2019,23.53
01/08/2019,24.0
01/09/2019,23.9
01/10/2019,23.75
01/11/2019,23.7
01/14/2019,23.6
01/15/2019,23.83
01/16/2019,23.63
01/17/2019,23.55
01/18/2019,23.48
01/22/2019,23.45
01/23/2019,23.53
01/24/2019,23.05
01/25/2019,23.28
01/28/2019,23.33
01/29/2019,23.65
01/30/2019,23.65
01/31/2019,23.4
02/01/2019,23.4
02/04/2019,23.35
02/05/2019,23.65
02/06/2019,23.65
02/07/2019,23.55
02/08/2019,23.65
02/11/2019,23.75
02/12/2019,23.78
02/13/2019,23.73
02/14/2019,23.73
02/15/2019,23.7
02/19/2019,23.73
02/20/2019,23.83
02/21/2019,23.95
02/22/2019,23.93
02/25/2019,23.93
02/26/2019,24.0
02/27/2019,23.93
02/28/2019,23.83
03/01/2019,23.78
03/04/2019,23.75
03/05/2019,24.0
03/06/2019,24.05
03/07/2019,23.95
03/08/2019,23.93
03/11/2019,23.8
03/12/2019,23.95
03/13/2019,23.88
03/14/2019,23.88
03/15/2019,23.88
03/18/2019,23.85
03/19/2019,24.05
03/20/2019,24.08
03/21/2019,24.08
03/22/2019,23.98
03/25/2019,23.9
03/26/2019,24.05
03/27/2019,23.78
03/28/2019,23.7
03/29/2019,23.28
04/01/2019,23.23
04/02/2019,23.7
04/03/2019,23.73
04/04/2019,23.7
04/05/2019,23.7
04/08/2019,23.65
04/09/2019,23.65
04/10/2019,23.63
04/11/2019,23.65
04/12/2019,23.75
04/15/2019,23.6
04/16/2019,23.78
04/17/2019,23.8
04/18/2019,23.65
04/22/2019,23.75
04/23/2019,23.9
04/24/2019,23.75
04/25/2019,23.65
04/26/2019,23.6
04/29/2019,23.6
04/30/2019,23.68
05/01/2019,23.63
05/02/2019,23.73
05/03/2019,23.68
05/06/2019,23.63
05/07/2019,23.68
05/08/2019,23.7
05/09/2019,23.7
05/10/2019,23.7
05/13/2019,23.5
05/14/2019,23.53
05/15/2019,23.5
05/16/2019,23.38
05/17/2019,23.3
05/20/2019,23.2
05/21/2019,23.3
05/22/2019,23.2
05/23/2019,23.03
05/24/2019,22.88
05/28/2019,22.98
05/29/2019,22.98
05/30/2019,23.1
05/31/2019,22.93
06/03/2019,22.8
06/04/2019,22.95
06/05/2019,22.85
06/06/2019,22.55
06/07/2019,22.15
06/10/2019,22.2
06/11/2019,22.13
06/12/2019,21.65
06/13/2019,21.4
06/14/2019,21.25
06/17/2019,21.38
06/18/2019,21.68
06/19/2019,21.25
06/20/2019,20.78
06/21/2019,20.55
06/24/2019,20.58
06/25/2019,20.83
06/26/2019,20.93
06/27/2019,20.85
06/28/2019,20.35
07/01/2019,20.65
07/02/2019,21.48
07/03/2019,21.5
07/05/2019,21.63
07/08/2019,21.78
07/09/2019,21.95
07/10/2019,21.3
07/11/2019,20.98
07/12/2019,20.9
07/15/2019,20.85
07/16/2019,21.03
07/17/2019,20.73
07/18/2019,20.13
07/19/2019,20.13
07/22/2019,20.25
07/23/2019,20.33
07/24/2019,20.4
07/25/2019,20.6
07/26/2019,20.63
07/29/2019,20.5
07/30/2019,20.4
07/31/2019,20.3
08/01/2019,20.3
08/02/2019,20.0
08/05/2019,19.53
08/06/2019,19.95
08/07/2019,19.68
08/08/2019,19.7
08/09/2019,19.5
08/12/2019,19.28
08/13/2019,19.55
08/14/2019,19.08
08/15/2019,18.43
08/16/2019,18.23
08/19/2019,18.53
08/20/2019,19.0
08/21/2019,19.28
08/22/2019,19.38
08/23/2019,19.1
08/26/2019,19.33
08/27/2019,19.43
08/28/2019,19.4
08/29/2019,19.4
08/30/2019,19.33
09/03/2019,19.1
09/04/2019,19.05
09/05/2019,19.2
09/06/2019,19.1
09/09/2019,19.08
09/10/2019,19.13
09/11/2019,19.13
09/12/2019,18.95
09/13/2019,19.0
09/16/2019,19.45
09/17/2019,19.38
09/18/2019,18.8
09/19/2019,18.83
09/20/2019,18.5
09/23/2019,18.45
09/24/2019,18.8
09/25/2019,18.45
09/26/2019,17.7
09/27/2019,17.3
09/30/2019,17.7
10/01/2019,17.53
10/02/2019,17.35
10/03/2019,16.65
10/04/2019,16.55
10/07/2019,16.73
10/08/2019,16.55
10/09/2019,16.28
10/10/2019,16.33
10/11/2019,16.23
10/14/2019,16.18
10/15/2019,16.18
10/16/2019,16.15
10/17/2019,16.25
10/18/2019,16.25
10/21/2019,16.25
10/22/2019,16.15
10/23/2019,16.15
10/24/2019,16.23
10/25/2019,16.25
10/28/2019,16.05
10/29/2019,15.95
10/30/2019,15.95
10/31/2019,14.98
11/01/2019,14.85
11/04/2019,15.03
11/05/2019,15.18
11/06/2019,15.15
11/07/2019,15.18
11/08/2019,15.1
11/11/2019,15.13
11/12/2019,15.33
11/13/2019,15.35
11/14/2019,15.28
11/15/2019,15.28
11/18/2019,15.23
11/19/2019,15.25
11/20/2019,15.2
11/21/2019,15.3
11/22/2019,15.43
11/25/2019,15.45
11/26/2019,15.65
11/27/2019,15.65
11/29/2019,15.4
12/02/2019,15.38
12/03/2019,15.38
12/04/2019,14.98
12/05/2019,14.93
12/06/2019,14.8
12/09/2019,14.98
12/10/2019,15.15
12/11/2019,15.2
12/12/2019,15.3
12/13/2019,15.23
12/16/2019,15.25
12/17/2019,15.3
12/18/2019,15.18
12/19/2019,15.33
12/20/2019,15.28
12/23/2019,15.2
12/24/2019,15.38
12/26/2019,15.35
12/27/2019,15.18
12/30/2019,14.9
12/31/2019,15.05
01/02/2020,14.95
01/03/2020,14.73
01/06/2020,14.88
01/07/2020,15.0
01/08/2020,14.93
01/09/2020,15.0
01/10/2020,14.98
01/13/2020,15.1
01/14/2020,15.3
01/15/2020,15.08
01/16/2020,15.18
01/17/2020,15.23
01/21/2020,15.03
01/22/2020,15.13
01/23/2020,15.15
01/24/2020,14.9
01/27/2020,15.05
01/28/2020,15.3
01/29/2020,15.2
01/30/2020,15.28
01/31/2020,15.1
02/03/2020,15.18
02/04/2020,15.38
02/05/2020,15.2
02/06/2020,15.3
02/07/2020,15.18
02/10/2020,15.2
02/11/2020,15.38
02/12/2020,15.35
02/13/2020,15.45
02/14/2020,15.35
02/18/2020,15.35
02/19/2020,15.43
02/20/2020,15.38
02/21/2020,15.18
02/24/2020,15.03
02/25/2020,14.9
02/26/2020,14.78
02/27/2020,13.95
02/28/2020,12.3
03/02/2020,11.35
03/03/2020,9.18
03/04/2020,6.75
03/05/2020,5.95
03/06/2020,4.15
03/09/2020,3.3
03/10/2020,3.9
03/11/2020,3.68
03/12/2020,2.73
03/13/2020,2.43
03/16/2020,1.85
03/17/2020,1.65
03/18/2020,0.03
03/19/2020,-0.28
03/20/2020,-0.33
03/23/2020,-0.4
03/24/2020,-0.33
03/25/2020,-0.7
03/26/2020,-1.05
03/27/2020,-0.58
03/30/2020,0.13
03/31/2020,0.3
04/01/2020,0.63
04/02/2020,0.65
04/03/2020,0.58
04/06/2020,0.6
04/07/2020,1.28
04/08/2020,1.85
04/09/2020,2.1
04/13/2020,2.0
04/14/2020,1.65
04/15/2020,1.15
04/16/2020,1.1
04/17/2020,1.03
04/20/2020,0.7
04/21/2020,0.98
04/22/2020,0.93
04/23/2020,0.93
04/24/2020,1.0
04/27/2020,0.93
04/28/2020,0.85
04/29/2020,0.9
04/30/2020,0.9
05/01/2020,0.93
05/04/2020,0.9
05/05/2020,1.1
05/06/2020,1.08
05/07/2020,0.95
05/08/2020,0.95
05/11/2020,1.05
05/12/2020,1.23
05/13/2020,1.15
05/14/2020,1.05
05/15/2020,1.03
05/18/2020,1.05
05/19/2020,1.18
05/20/2020,1.18
05/21/2020,1.1
05/22/2020,1.1
05/26/2020,1.18
05/27/2020,1.35
05/28/2020,1.38
05/29/2020,1.28
06/01/2020,1.28
06/02/2020,1.45
06/03/2020,1.48
06/04/2020,1.4
06/05/2020,1.45
06/08/2020,1.53
06/09/2020,1.65
06/10/2020,1.65
06/11/2020,1.53
06/12/2020,1.5
06/15/2020,1.55
06/16/2020,1.6
06/17/2020,1.65
06/18/2020,1.4
06/19/2020,1.43
06/22/2020,1.4
06/23/2020,1.4
06/24/2020,1.35
06/25/2020,1.3
06/26/2020,1.33
06/29/2020,1.25
06/30/2020,1.35
07/01/2020,1.3
07/02/2020,1.33
07/06/2020,1.28
07/07/2020,1.4
07/08/2020,1.35
07/09/2020,1.23
07/10/2020,1.2
07/13/2020,1.25
07/14/2020,1.33
07/15/2020,1.25
07/16/2020,1.03
07/17/2020,1.05
07/20/2020,1.05
07/21/2020,1.1
07/22/2020,1.0
07/23/2020,1.03
07/24/2020,0.98
07/27/2020,0.93
07/28/2020,1.03
07/29/2020,0.9
07/30/2020,0.85
07/31/2020,0.83
08/03/2020,0.78
08/04/2020,0.9
08/05/2020,0.95
08/06/2020,0.88
08/07/2020,0.88
08/10/2020,0.88
08/11/2020,1.0
08/12/2020,1.0
08/13/2020,0.9
08/14/2020,0.88
08/17/2020,0.85
08/18/2020,1.0
08/19/2020,0.95
08/20/2020,0.88
08/21/2020,0.88
08/24/2020,0.85
08/25/2020,0.95
08/26/2020,0.93
08/27/2020,0.95
08/28/2020,0.95
08/31/2020,0.95
09/01/2020,1.0
09/02/2020,1.0
09/03/2020,1.0
09/04/2020,1.03
09/08/2020,1.08
09/09/2020,1.05
09/10/2020,1.03
09/11/2020,1.03
09/14/2020,1.0
09/15/2020,1.0
09/16/2020,1.0
09/17/2020,0.85
09/18/2020,0.83
09/21/2020,0.8
09/22/2020,0.88
09/23/2020,0.88
09/24/2020,0.93
09/25/2020,0.9
09/28/2020,0.88
09/29/2020,0.85
09/30/2020,0.85
10/01/2020,0.83
10/02/2020,0.85
10/05/2020,0.85
10/06/2020,0.88
10/07/2020,0.88
10/08/2020,0.88
10/09/2020,0.93
10/12/2020,0.9
10/13/2020,0.93
10/14/2020,1.0
10/15/2020,0.95
10/16/2020,0.9
10/19/2020,0.9
10/20/2020,0.95
10/21/2020,0.9
10/22/2020,0.85
10/23/2020,0.83
10/26/2020,0.8
10/27/2020,0.9
10/28/2020,0.9
10/29/2020,0.83
10/30/2020,0.83
11/02/2020,0.83
11/03/2020,0.9
11/04/2020,0.83
11/05/2020,0.85
11/06/2020,0.83
11/09/2020,0.88
11/10/2020,0.9
11/11/2020,0.9
11/12/2020,0.85
11/13/2020,0.83
11/16/2020,0.75
11/17/2020,0.8
11/18/2020,0.75
11/19/2020,0.6
11/20/2020,0.58
11/23/2020,0.7
11/24/2020,0.8
11/25/2020,0.8
11/27/2020,0.73
11/30/2020,0.75
12/01/2020,0.8
12/02/2020,0.75
12/03/2020,0.75
12/04/2020,0.75
12/07/2020,0.7
12/08/2020,0.68
12/09/2020,0.7
12/10/2020,0.7
12/11/2020,0.65
12/14/2020,0.6
12/15/2020,0.7
12/16/2020,0.75
12/17/2020,0.8
12/18/2020,0.8
12/21/2020,0.78
12/22/2020,0.78
12/23/2020,0.75
12/24/2020,0.75
12/28/2020,0.8
12/29/2020,0.9
12/30/2020,0.7
12/31/2020,0.65
01/04/2021,0.68
01/05/2021,0.78
01/06/2021,0.78
01/07/2021,0.8
01/08/2021,0.8
01/11/2021,0.8
01/12/2021,0.8
01/13/2021,0.8
01/14/2021,0.75
01/15/2021,0.75
01/19/2021,0.73
01/20/2021,0.75
01/21/2021,0.73
01/22/2021,0.7
01/25/2021,0.7
01/26/2021,0.68
01/27/2021,0.6
01/28/2021,0.55
01/29/2021,0.48
02/01/2021,0.48
02/02/2021,0.5
02/03/2021,0.4
02/04/2021,0.3
02/05/2021,0.23
02/08/2021,0.2
02/09/2021,0.33
02/10/2021,0.35
02/11/2021,0.35
02/12/2021,0.35
02/16/2021,0.35
02/17/2021,0.35
02/18/2021,0.23
02/19/2021,0.23
02/22/2021,0.25
02/23/2021,0.23
02/24/2021,0.28
02/25/2021,0.33
02/26/2021,0.35
03/01/2021,0.28
03/02/2021,0.35
03/03/2021,0.35
03/04/2021,0.28
03/05/2021,0.28
03/08/2021,0.35
03/09/2021,0.35
03/10/2021,0.3
03/11/2021,0.28
03/12/2021,0.25
03/15/2021,0.15
03/16/2021,0.08
03/17/2021,0.08
03/18/2021,0.03
03/19/2021,-0.05
03/22/2021,-0.05
03/23/2021,0.1
03/24/2021,0.15
03/25/2021,0.15
03/26/2021,0.15
03/29/2021,0.08
03/30/2021,0.13
03/31/2021,0.13
04/01/2021,0.08
04/05/2021,0.15
04/06/2021,0.15
04/07/2021,0.1
04/08/2021,0.05
04/09/2021,0.03
04/12/2021,0.1
04/13/2021,0.15
04/14/2021,0.15
04/15/2021,0.1
04/16/2021,0.08
04/19/2021,0.15
04/20/2021,0.15
04/21/2021,0.13
04/22/2021,0.15
04/23/2021,0.15
04/26/2021,0.08
04/27/2021,0.1
04/28/2021,0.08
04/29/2021,0.08
04/30/2021,0.03
05/03/2021,0.05
05/04/2021,0.1
05/05/2021,0.08
05/06/2021,0.08
05/07/2021,0.08
05/10/2021,0.05
05/11/2021,0.1
05/12/2021,0.1
05/13/2021,0.08
05/14/2021,0.05
05/17/2021,0.05
05/18/2021,0.1
05/19/2021,0.05
05/20/2021,-0.03
05/21/2021,-0.03
05/24/2021,0.03
05/25/2021,0.1
05/26/2021,0.05
05/27/2021,0.05
05/28/2021,0.08
06/01/2021,0.1
06/02/2021,0.15
06/03/2021,0.15
06/04/2021,0.15
06/07/2021,0.18
06/08/2021,0.2
06/09/2021,0.2
06/10/2021,0.2
06/11/2021,0.18
06/14/2021,0.15
06/15/2021,0.2
06/16/2021,0.28
06/17/2021,0.28
06/18/2021,0.28
06/21/2021,0.3
06/22/2021,0.38
06/23/2021,0.4
06/24/2021,0.43
06/25/2021,0.43
06/28/2021,0.4
06/29/2021,0.4
06/30/2021,0.4
07/01/2021,0.4
07/02/2021,0.38
07/06/2021,0.4
07/07/2021,0.43
07/08/2021,0.43
07/09/2021,0.43
07/12/2021,0.43
07/13/2021,0.45
07/14/2021,0.45
07/15/2021,0.38
07/16/2021,0.38
07/19/2021,0.4
07/20/2021,0.45
07/21/2021,0.45
07/22/2021,0.43
07/23/2021,0.45
07/26/2021,0.4
07/27/2021,0.45
07/28/2021,0.45
07/29/2021,0.4
07/30/2021,0.4
08/02/2021,0.38
08/03/2021,0.45
08/04/2021,0.45
08/05/2021,0.43
08/06/2021,0.43
08/09/2021,0.45
08/10/2021,0.5
08/11/2021,0.45
08/12/2021,0.43
08/13/2021,0.45
08/16/2021,0.58
08/17/2021,0.63
08/18/2021,0.55
08/19/2021,0.43
08/20/2021,0.43
08/23/2021,0.4
08/24/2021,0.48
08/25/2021,0.45
08/26/2021,0.43
08/27/2021,0.43
08/30/2021,0.38
08/31/2021,0.4
09/01/2021,0.4
09/02/2021,0.4
09/03/2021,0.4
09/07/2021,0.35
09/08/2021,0.4
09/09/2021,0.38
09/10/2021,0.38
09/13/2021,0.38
09/14/2021,0.35
09/15/2021,0.35
09/16/2021,0.3
09/17/2021,0.28
09/20/2021,0.25
09/21/2021,0.2
09/22/2021,0.25
09/23/2021,0.25
09/24/2021,0.25
09/27/2021,0.25
09/28/2021,0.3
09/29/2021,0.3
09/30/2021,0.28
10/01/2021,0.28
10/04/2021,0.28
10/05/2021,0.35
10/06/2021,0.4
10/07/2021,0.4
10/08/2021,0.4
10/11/2021,0.4
10/12/2021,0.4
10/13/2021,0.45
10/14/2021,0.4
10/15/2021,0.38
10/18/2021,0.43
10/19/2021,0.5
10/20/2021,0.5
10/21/2021,0.5
10/22/2021,0.5
10/25/2021,0.5
10/26/2021,0.5
10/27/2021,0.5
10/28/2021,0.48
10/29/2021,0.48
11/01/2021,0.4
11/02/2021,0.45
11/03/2021,0.45
11/04/2021,0.35
11/05/2021,0.4
11/08/2021,0.35
11/09/2021,0.4
11/10/2021,0.45
11/11/2021,0.4
11/12/2021,0.43
11/15/2021,0.38
11/16/2021,0.4
11/17/2021,0.45
11/18/2021,0.45
11/19/2021,0.45
11/22/2021,0.4
11/23/2021,0.45
11/24/2021,0.5
11/26/2021,0.43
11/29/2021,0.38
11/30/2021,0.48
12/01/2021,0.5
12/02/2021,0.43
12/03/2021,0.43
12/06/2021,0.43
12/07/2021,0.58
12/08/2021,0.6
12/09/2021,0.53
12/10/2021,0.5
12/13/2021,0.43
12/14/2021,0.48
12/15/2021,0.45
12/16/2021,0.35
12/17/2021,0.3
12/20/2021,0.38
12/21/2021,0.65
12/22/2021,0.65
12/23/2021,0.58
12/27/2021,0.43
12/28/2021,0.5
12/29/2021,0.45
12/30/2021,0.25
12/31/2021,0.33
01/03/2022,0.53
01/04/2022,0.8
01/05/2022,0.85
01/06/2022,0.9
01/07/2022,0.88
01/10/2022,0.9
01/11/2022,1.18
01/12/2022,1.15
01/13/2022,1.1
01/14/2022,1.18
01/18/2022,1.3
01/19/2022,1.65
01/20/2022,1.68
01/21/2022,1.58
01/24/2022,1.55
01/25/2022,1.85
01/26/2022,1.78
01/27/2022,1.85
01/28/2022,1.73
01/31/2022,1.73
02/01/2022,2.03
02/02/2022,1.85
02/03/2022,1.93
02/04/2022,2.23
02/07/2022,2.03
02/08/2022,2.75
02/09/2022,2.7
02/10/2022,3.7
02/11/2022,3.38
02/14/2022,3.6
02/15/2022,4.0
02/16/2022,3.73
02/17/2022,3.45
02/18/2022,3.18
02/22/2022,3.3
02/23/2022,3.4
02/24/2022,2.83
02/25/2022,2.98
02/28/2022,2.88
03/01/2022,3.13
03/02/2022,3.25
03/03/2022,3.35
03/04/2022,3.05
03/07/2022,3.05
03/08/2022,3.6
03/09/2022,3.7
03/10/2022,3.6
03/11/2022,3.65
03/14/2022,3.78
03/15/2022,4.48
03/16/2022,4.33
03/17/2022,3.6
03/18/2022,3.83
03/21/2022,4.55
03/22/2022,5.2
03/23/2022,4.8
03/24/2022,4.83
03/25/2022,5.2
03/28/2022,5.08
03/29/2022,5.55
03/30/2022,5.25
03/31/2022,4.93
04/01/2022,5.0
04/04/2022,5.38
04/05/2022,6.68
04/06/2022,6.63
04/07/2022,6.6
04/08/2022,6.68
04/11/2022,6.8
04/12/2022,7.38
04/13/2022,7.4
04/14/2022,7.48
04/18/2022,7.55
04/19/2022,8.33
04/20/2022,7.95
04/21/2022,8.0
04/22/2022,7.8
04/25/2022,7.98
04/26/2022,8.33
04/27/2022,8.08
04/28/2022,7.85
04/29/2022,8.08
05/02/2022,7.65
05/03/2022,8.95
05/04/2022,8.33
05/05/2022,8.03
05/06/2022,8.15
05/09/2022,8.0
05/10/2022,8.78
05/11/2022,8.83
05/12/2022,9.05
05/13/2022,9.43
05/16/2022,9.8
05/17/2022,10.38
05/18/2022,10.03
05/19/2022,10.0
05/20/2022,9.78
05/23/2022,9.93
05/24/2022,10.43
05/25/2022,10.45
05/26/2022,10.28
05/27/2022,10.25
05/31/2022,10.3
06/01/2022,11.03
06/02/2022,11.13
06/03/2022,11.35
06/06/2022,11.6
06/07/2022,12.25
06/08/2022,12.33
06/09/2022,12.38
06/10/2022,12.88
06/13/2022,14.98
06/14/2022,17.43
06/15/2022,16.95
06/16/2022,14.83
06/17/2022,15.1
06/21/2022,14.88
06/22/2022,15.45
06/23/2022,15.6
06/24/2022,15.98
06/27/2022,16.33
06/28/2022,17.38
06/29/2022,17.05
06/30/2022,16.0
07/01/2022,16.03
07/05/2022,16.3
07/06/2022,18.4
07/07/2022,18.53
07/08/2022,18.43
07/11/2022,19.53
07/12/2022,21.13
07/13/2022,23.23
07/14/2022,22.73
07/15/2022,22.4
07/18/2022,22.6
07/19/2022,24.5
07/20/2022,23.78
07/21/2022,23.6
07/22/2022,23.55
07/25/2022,23.93
07/26/2022,24.75
07/27/2022,23.83
07/28/2022,23.08
07/29/2022,22.98
08/01/2022,22.65
08/02/2022,24.63
08/03/2022,24.28
08/04/2022,23.78
08/05/2022,24.1
08/08/2022,24.6
08/09/2022,25.7
08/10/2022,25.35
08/11/2022,24.9
08/12/2022,25.0
08/15/2022,25.13
08/16/2022,25.98
08/17/2022,25.68
08/18/2022,25.65
08/19/2022,25.8
08/22/2022,26.48
08/23/2022,27.03
08/24/2022,27.13
08/25/2022,27.3
08/26/2022,27.55
08/29/2022,27.98
08/30/2022,28.73
08/31/2022,28.6
09/01/2022,28.63
09/02/2022,28.2
09/06/2022,28.45
09/07/2022,29.33
09/08/2022,29.5
09/09/2022,29.68
09/12/2022,29.95
09/13/2022,31.53
09/14/2022,31.28
09/15/2022,30.95
09/16/2022,30.7
09/19/2022,30.35
09/20/2022,32.43
09/21/2022,31.9
09/22/2022,31.3
09/23/2022,31.08
09/26/2022,31.65
09/27/2022,32.5
09/28/2022,32.3
09/29/2022,32.18
09/30/2022,31.8
10/03/2022,31.5
10/04/2022,33.15
10/05/2022,32.93
10/06/2022,32.88
10/07/2022,32.93
10/10/2022,32.85
10/11/2022,33.4
10/12/2022,35.33
10/13/2022,35.83
10/14/2022,36.28
10/17/2022,36.88
10/18/2022,38.33
10/19/2022,38.93
10/20/2022,38.9
10/21/2022,38.85
10/24/2022,39.13
10/25/2022,39.65
10/26/2022,39.3
10/27/2022,39.3
10/28/2022,39.7
10/31/2022,39.75
11/01/2022,40.5
11/02/2022,40.25
11/03/2022,40.25
11/04/2022,40.13
11/07/2022,39.83
11/08/2022,40.9
11/09/2022,40.93
11/10/2022,40.55
11/11/2022,40.63
11/14/2022,40.68
11/15/2022,41.3
11/16/2022,41.25
11/17/2022,41.13
11/18/2022,41.35
11/21/2022,40.98
11/22/2022,41.98
11/23/2022,42.0
11/25/2022,41.75
11/28/2022,41.83
11/29/2022,42.53
11/30/2022,42.53
12/01/2022,41.93
12/02/2022,42.08
12/05/2022,41.58
12/06/2022,42.2
12/07/2022,41.83
12/08/2022,41.5
12/09/2022,41.73
12/12/2022,41.68
12/13/2022,42.48
12/14/2022,42.2
12/15/2022,42.13
12/16/2022,41.63
12/19/2022,41.63
12/20/2022,42.3
12/21/2022,42.05
12/22/2022,42.08
12/23/2022,41.93
12/27/2022,41.95
12/28/2022,43.38
12/29/2022,42.95
12/30/2022,42.6
01/03/2023,42.55
01/04/2023,44.0
01/05/2023,44.98
01/06/2023,44.93
01/09/2023,44.83
01/10/2023,45.65
01/11/2023,45.55
01/12/2023,44.75
01/13/2023,44.88
01/17/2023,44.93
01/18/2023,45.3
01/19/2023,45.25
01/20/2023,45.38
01/23/2023,45.35
01/24/2023,45.73
01/25/2023,45.45
01/26/2023,45.43
01/27/2023,45.48
01/30/2023,45.35
01/31/2023,45.7
02/01/2023,45.2
02/02/2023,45.1
02/03/2023,45.23
02/06/2023,45.33
02/07/2023,45.7
02/08/2023,45.85
02/09/2023,46.13
02/10/2023,46.35
02/13/2023,46.45
02/14/2023,46.6
02/15/2023,46.43
02/16/2023,46.65
02/17/2023,46.8
02/21/2023,46.88
02/22/2023,46.95
02/23/2023,46.9
02/24/2023,47.03
02/27/2023,46.65
02/28/2023,47.1
03/01/2023,47.25
03/02/2023,47.23
03/03/2023,47.18
03/06/2023,47.28
03/07/2023,48.45
03/08/2023,48.83
03/09/2023,48.48
03/10/2023,48.03
03/13/2023,46.58
03/14/2023,46.8
03/15/2023,45.58
03/16/2023,45.3
03/17/2023,42.93
03/20/2023,44.65
03/21/2023,46.05
03/22/2023,45.63
03/23/2023,45.03
03/24/2023,45.03
03/27/2023,45.83
03/28/2023,46.28
03/29/2023,46.3
03/30/2023,46.65
03/31/2023,45.85
04/03/2023,45.7
04/04/2023,47.28
04/05/2023,47.05
04/06/2023,47.1
04/10/2023,48.38
04/11/2023,48.8
04/12/2023,48.6
04/13/2023,48.55
04/14/2023,49.03
04/17/2023,49.23
04/18/2023,50.3
04/19/2023,49.95
04/20/2023,49.45
04/21/2023,49.5
04/24/2023,48.73
04/25/2023,49.53
04/26/2023,49.85
04/27/2023,50.0
04/28/2023,49.23
05/01/2023,48.65
05/02/2023,50.4
05/03/2023,50.95
05/04/2023,50.55
05/05/2023,50.8
05/08/2023,50.83
05/09/2023,51.23
05/10/2023,50.65
05/11/2023,50.15
05/12/2023,50.28
05/15/2023,50.0
05/16/2023,50.58
05/17/2023,50.88
05/18/2023,51.25
05/19/2023,50.85
05/22/2023,50.95
05/23/2023,51.53
05/24/2023,51.85
05/25/2023,51.63
05/26/2023,51.15
05/30/2023,51.43
05/31/2023,52.48
06/01/2023,52.03
06/02/2023,52.15
06/05/2023,51.43
06/06/2023,51.58
06/07/2023,51.53
06/08/2023,51.0
06/09/2023,50.95
06/12/2023,50.95
06/13/2023,51.0
06/14/2023,50.8
06/15/2023,50.55
06/16/2023,50.65
06/20/2023,50.75
06/21/2023,51.35
06/22/2023,51.35
06/23/2023,51.38
06/26/2023,51.55
06/27/2023,51.8
06/28/2023,51.7
06/29/2023,51.75
06/30/2023,51.53
07/03/2023,51.45
07/05/2023,51.93
07/06/2023,52.13
07/07/2023,52.13
07/10/2023,52.25
07/11/2023,52.43
07/12/2023,52.3
07/13/2023,52.23
07/14/2023,52.15
07/17/2023,52.33
07/18/2023,52.48
07/19/2023,52.45
07/20/2023,52.43
07/21/2023,52.48
07/24/2023,52.5
07/25/2023,52.65
07/26/2023,52.68
07/27/2023,52.68
07/28/2023,52.55
07/31/2023,52.48
08/01/2023,52.6
08/02/2023,52.6
08/03/2023,52.58
08/04/2023,52.53
08/07/2023,52.6
08/08/2023,52.75
08/09/2023,52.8
08/10/2023,52.68
08/11/2023,52.65
08/14/2023,52.7
08/15/2023,52.8
08/16/2023,52.85
08/17/2023,52.78
08/18/2023,52.78
08/21/2023,52.8
08/22/2023,52.95
08/23/2023,52.95
08/24/2023,53.03
08/25/2023,53.15
08/28/2023,53.23
08/29/2023,53.2
08/30/2023,53.15
08/31/2023,52.98
09/01/2023,52.68
09/05/2023,52.78
09/06/2023,53.0
09/07/2023,52.83
09/08/2023,52.93
09/11/2023,52.93
09/12/2023,53.05
09/13/2023,53.05
09/14/2023,52.95
09/15/2023,52.98
09/18/2023,53.0
09/19/2023,53.1
09/20/2023,53.15
09/21/2023,53.05
09/22/2023,53.05
09/25/2023,53.13
09/26/2023,53.25
09/27/2023,53.3
09/28/2023,53.08
09/29/2023,53.0
10/02/2023,53.15
10/03/2023,53.4
10/04/2023,53.35
10/05/2023,53.25
10/06/2023,53.48
10/09/2023,53.48
10/10/2023,53.23
10/11/2023,53.35
10/12/2023,53.35
10/13/2023,53.28
10/16/2023,53.28
10/17/2023,53.4
10/18/2023,53.3
10/19/2023,53.1
10/20/2023,53.0
10/23/2023,52.93
10/24/2023,53.08
10/25/2023,53.15
10/26/2023,53.0
10/27/2023,53.05
10/30/2023,53.13
10/31/2023,53.2
11/01/2023,53.0
11/02/2023,52.7
11/03/2023,52.53
11/06/2023,52.6
11/07/2023,52.73
11/08/2023,52.68
11/09/2023,52.63
11/10/2023,52.5
11/13/2023,52.6
11/14/2023,52.53
11/15/2023,52.55
11/16/2023,52.43
11/17/2023,52.33
11/20/2023,52.38
11/21/2023,52.55
11/22/2023,52.65
11/24/2023,52.53
11/27/2023,52.58
11/28/2023,52.6
11/29/2023,52.4
11/30/2023,52.38
12/01/2023,52.15
12/04/2023,52.23
12/05/2023,52.43
12/06/2023,52.43
12/07/2023,52.33
12/08/2023,52.33
12/11/2023,52.33
12/12/2023,52.48
12/13/2023,52.23
12/14/2023,52.15
12/15/2023,52.25
12/18/2023,52.25
12/19/2023,52.38
12/20/2023,52.3
12/21/2023,52.1
12/22/2023,52.08
12/26/2023,52.03
12/27/2023,52.35
12/28/2023,52.18
12/29/2023,51.8
01/02/2024,52.13
01/03/2024,52.35
01/04/2024,52.28
01/05/2024,52.2
01/08/2024,52.2
01/09/2024,52.3
01/10/2024,52.25
01/11/2024,52.18
01/12/2024,51.98
01/16/2024,52.03
01/17/2024,52.15
01/18/2024,52.0
01/19/2024,51.98
01/22/2024,52.0
01/23/2024,52.1
01/24/2024,52.1
01/25/2024,51.95
01/26/2024,52.0
01/29/2024,52.0
01/30/2024,52.03
01/31/2024,51.88
02/01/2024,52.0
02/02/2024,52.1
02/05/2024,52.28
02/06/2024,52.23
02/07/2024,52.23
02/08/2024,52.18
02/09/2024,52.2
02/12/2024,52.28
02/13/2024,52.33
02/14/2024,52.18
02/15/2024,52.18
02/16/2024,52.23
02/20/2024,52.13
02/21/2024,52.35
02/22/2024,52.33
02/23/2024,52.4
02/26/2024,52.5
02/27/2024,52.45
02/28/2024,52.4
02/29/2024,52.23
03/01/2024,52.15
03/04/2024,52.23
03/05/2024,52.25
03/06/2024,52.3
03/07/2024,52.28
03/08/2024,52.28
03/11/2024,52.4
03/12/2024,52.4
03/13/2024,52.38
03/14/2024,52.38
03/15/2024,52.38
03/18/2024,52.38
03/19/2024,52.38
03/20/2024,52.28
03/21/2024,52.28
03/22/2024,52.2
03/25/2024,52.18
03/26/2024,52.18
03/27/2024,52.15
03/28/2024,52.03
04/01/2024,52.18
04/02/2024,52.13
04/03/2024,52.1
04/04/2024,52.03
04/05/2024,52.15
04/08/2024,52.23
04/09/2024,52.2
04/10/2024,52.43
04/11/2024,52.38
04/12/2024,52.3
04/15/2024,52.38
04/16/2024,52.33
04/17/2024,52.4
04/18/2024,52.43
04/19/2024,52.45
04/22/2024,52.45
04/23/2024,52.45
04/24/2024,52.55
04/25/2024,52.45
04/26/2024,52.38
04/29/2024,52.43
04/30/2024,52.45
05/01/2024,52.5
05/02/2024,52.38
05/03/2024,52.35
05/06/2024,52.4
05/07/2024,52.43
05/08/2024,52.45
05/09/2024,52.4
05/10/2024,52.43
05/13/2024,52.4
05/14/2024,52.35
05/15/2024,52.4
05/16/2024,52.43
05/17/2024,52.4
05/20/2024,52.4
05/21/2024,52.4
05/22/2024,52.45
05/23/2024,52.45
05/24/2024,52.45
05/28/2024,52.48
05/29/2024,52.5
05/30/2024,52.48
05/31/2024,52.45
06/03/2024,52.43
06/04/2024,52.4
06/05/2024,52.4
06/06/2024,52.33
06/07/2024,52.38
06/10/2024,52.33
06/11/2024,52.45
06/12/2024,52.43
06/13/2024,52.4
06/14/2024,52.4
06/17/2024,52.43
06/18/2024,52.35
06/20/2024,52.25
06/21/2024,52.15
06/24/2024,52.1
06/25/2024,52.23
06/26/2024,52.3
06/27/2024,52.23
06/28/2024,52.13
07/01/2024,52.18
07/02/2024,52.28
07/03/2024,52.3
07/05/2024,52.25
07/08/2024,52.18
07/09/2024,52.25
07/10/2024,52.25
07/11/2024,51.98
07/12/2024,51.98
07/15/2024,51.93
07/16/2024,51.93
07/17/2024,51.95
07/18/2024,51.93
07/19/2024,51.93
07/22/2024,51.9
07/23/2024,51.73
07/24/2024,51.7
07/25/2024,51.6
07/26/2024,51.55
07/29/2024,51.47
07/30/2024,51.35
07/31/2024,51.35
08/01/2024,51.15
08/02/2024,50.3
08/05/2024,50.6
08/06/2024,50.8
08/07/2024,50.8
08/08/2024,50.83
08/09/2024,50.75
08/12/2024,50.73
08/13/2024,50.53
08/14/2024,50.63
08/15/2024,50.8
08/16/2024,50.75
08/19/2024,50.63
08/20/2024,50.33
08/21/2024,50.05
08/22/2024,50.25
08/23/2024,50.0
08/26/2024,49.98
08/27/2024,49.68
08/28/2024,49.55
08/29/2024,49.65
08/30/2024,49.68
09/03/2024,49.7
09/04/2024,49.48
09/05/2024,49.32
09/06/2024,49.08
09/09/2024,48.95
09/10/2024,48.35
09/11/2024,48.75
09/12/2024,48.4
09/13/2024,47.63
09/16/2024,47.45
09/17/2024,47.35
09/18/2024,46.15
09/19/2024,45.93
09/20/2024,45.45
09/23/2024,45.03
09/24/2024,44.95
09/25/2024,44.87
09/26/2024,44.68
09/27/2024,44.82
09/30/2024,44.98
10/01/2024,44.82
10/02/2024,44.73
10/03/2024,44.65
10/04/2024,45.05
10/07/2024,45.25
10/08/2024,45.28
10/09/2024,45.35
10/10/2024,45.3
10/11/2024,45.15
10/14/2024,45.18
10/15/2024,45.15
10/16/2024,45.03
10/17/2024,45.15
10/18/2024,45.13
10/21/2024,45.18
10/22/2024,45.0
10/23/2024,45.05
10/24/2024,44.87
10/25/2024,45.1
10/28/2024,44.82
10/29/2024,44.8
10/30/2024,44.63
10/31/2024,44.32
11/01/2024,44.0
11/04/2024,44.18
11/05/2024,44.23
11/06/2024,44.3
11/07/2024,44.2
11/08/2024,44.23
11/11/2024,44.15
11/12/2024,44.23
11/13/2024,43.9
11/14/2024,43.83
11/15/2024,43.93
11/18/2024,44.03
11/19/2024,44.08
11/20/2024,44.1
11/21/2024,44.13
11/22/2024,44.15
11/25/2024,44.05
11/26/2024,43.95
11/27/2024,43.85
11/29/2024,43.73
12/02/2024,43.8
12/03/2024,43.57
12/04/2024,43.45
12/05/2024,43.3
12/06/2024,42.95
12/09/2024,42.93
12/10/2024,42.85
12/11/2024,42.55
12/12/2024,42.23
12/13/2024,42.18
12/16/2024,42.28
12/17/2024,42.4
12/18/2024,42.32
12/19/2024,42.2
12/20/2024,42.15
12/23/2024,42.15
12/24/2024,42.0
12/26/2024,42.15
12/27/2024,41.78
12/30/2024,41.82
12/31/2024,42.08
01/02/2025,42.08
01/03/2025,41.93
01/06/2025,41.9
01/07/2025,42.03
01/08/2025,42.05
01/10/2025,42.13
01/13/2025,42.18
01/14/2025,42.13
01/15/2025,42.05
01/16/2025,41.95
01/17/2025,41.93
01/21/2025,41.97
01/22/2025,42.15
01/23/2025,42.13
01/24/2025,42.05
01/27/2025,41.88
01/28/2025,41.9
01/29/2025,41.88
01/30/2025,41.82
01/31/2025,41.88
02/03/2025,41.9
02/04/2025,42.13
02/05/2025,42.1
02/06/2025,42.13
02/07/2025,42.28
02/10/2025,42.28
02/11/2025,42.25
02/12/2025,42.28
02/13/2025,42.13
02/14/2025,42.13
02/18/2025,42.13
02/19/2025,42.18
02/20/2025,42.05
02/21/2025,41.97
02/24/2025,41.9
02/25/2025,41.82
02/26/2025,41.93
02/27/2025,41.95
02/28/2025,41.93
03/03/2025,41.93
03/04/2025,41.95
03/05/2025,42.05
03/06/2025,41.97
03/07/2025,41.97
03/10/2025,41.85
03/11/2025,41.95
03/12/2025,41.97
03/13/2025,41.88
03/14/2025,41.88
03/17/2025,41.88
03/18/2025,41.95
03/19/2025,41.9
03/20/2025,41.82
03/21/2025,41.85
03/24/2025,41.82
03/25/2025,41.82
03/26/2025,41.9
03/27/2025,41.88
03/28/2025,41.88
03/31/2025,41.93
04/01/2025,42.0
04/02/2025,42.03
04/03/2025,41.85
04/04/2025,41.55
04/07/2025,41.5
04/08/2025,41.78
04/09/2025,42.28
04/10/2025,41.97
04/11/2025,42.13
04/15/2025,42.0
04/16/2025,42.08
04/17/2025,42.05
04/21/2025,42.1
04/22/2025,42.13
04/23/2025,42.08
04/24/2025,41.97
04/25/2025,41.93
04/28/2025,41.93
04/29/2025,41.9
04/30/2025,41.9
05/01/2025,41.85
05/02/2025,42.08
05/05/2025,42.08
05/06/2025,42.1
05/07/2025,42.15
05/08/2025,42.15
05/09/2025,42.15
05/12/2025,42.8
05/13/2025,42.85
05/14/2025,42.85
05/15/2025,42.58
05/16/2025,42.37
05/19/2025,42.4
05/20/2025,42.48
05/21/2025,42.35
05/22/2025,42.32
05/23/2025,42.3
05/27/2025,42.03
05/28/2025,42.25
05/29/2025,42.3
05/30/2025,42.32
06/02/2025,42.32
06/03/2025,42.35
06/04/2025,42.4
06/05/2025,42.32
06/06/2025,42.32
06/09/2025,42.4
06/10/2025,42.5
06/11/2025,42.5
06/12/2025,42.58
06/13/2025,42.4
06/16/2025,42.48
06/17/2025,42.18
06/18/2025,42.23
06/20/2025,41.95
06/23/2025,41.58
06/24/2025,41.82
06/25/2025,41.88
06/26/2025,41.93
06/27/2025,41.97
06/30/2025,41.9
07/01/2025,42.25
07/02/2025,42.23
07/03/2025,42.4
07/07/2025,42.45
07/08/2025,42.5
07/09/2025,42.45
07/10/2025,42.4
07/11/2025,42.37
07/14/2025,42.28
07/15/2025,42.32
07/16/2025,42.25
07/17/2025,42.35
07/18/2025,42.3
07/21/2025,42.23
07/22/2025,42.3
07/23/2025,42.4
07/24/2025,42.45
07/25/2025,42.45
07/28/2025,42.35
07/29/2025,42.3
07/30/2025,42.32
07/31/2025,42.35
08/01/2025,41.82
08/04/2025,41.53
08/05/2025,41.5
08/06/2025,41.33
08/07/2025,41.38
08/08/2025,41.33
08/11/2025,41.43
08/12/2025,41.3
08/13/2025,41.1
08/14/2025,41.12
08/15/2025,41.12
08/18/2025,41.23
08/19/2025,41.1
08/20/2025,41.15
08/21/2025,41.28
08/22/2025,40.88
08/25/2025,40.93
08/26/2025,40.88
08/27/2025,40.6
08/28/2025,40.72
08/29/2025,40.43
09/02/2025,40.32
09/03/2025,40.18
09/04/2025,39.98
09/05/2025,39.1
09/08/2025,39.28
09/09/2025,39.43
09/10/2025,39.3
09/11/2025,39.28
09/12/2025,39.28
09/15/2025,39.0
09/16/2025,38.9
09/17/2025,38.68
09/18/2025,38.8
09/19/2025,38.78
09/22/2025,38.48
09/23/2025,38.45
09/24/2025,38.58
09/25/2025,38.83
09/26/2025,38.6
09/29/2025,38.63
09/30/2025,38.45
10/01/2025,38.45
10/02/2025,38.48
10/03/2025,38.58
10/06/2025,38.6
10/07/2025,38.43
10/08/2025,38.43
10/09/2025,38.53
10/10/2025,38.53
10/13/2025,38.53
10/14/2025,38.53
10/15/2025,38.58
10/16/2025,38.53
10/17/2025,38.32
10/20/2025,37.98
10/21/2025,37.85
10/22/2025,37.88
10/23/2025,37.88
10/24/2025,37.63
10/27/2025,37.18
10/28/2025,37.2
10/29/2025,37.3
10/30/2025,37.57
10/31/2025,37.18
11/03/2025,37.83
11/04/2025,37.93
11/05/2025,37.88
11/06/2025,37.63
11/07/2025,37.57
11/10/2025,37.83
11/11/2025,37.83
11/12/2025,37.78
11/13/2025,37.93
11/14/2025,37.88
11/17/2025,37.72
11/18/2025,37.72
11/19/2025,37.72
11/20/2025,37.75
11/21/2025,37.4
11/24/2025,37.3
11/25/2025,37.32
11/26/2025,37.53
11/28/2025,36.97
12/01/2025,36.93
12/02/2025,36.72
12/03/2025,36.35
12/04/2025,36.12
12/05/2025,36.03
12/08/2025,36.18
12/09/2025,36.32
12/10/2025,35.93
12/11/2025,35.68
12/12/2025,35.25
12/15/2025,35.38
12/16/2025,35.45
12/17/2025,35.43
12/18/2025,35.22
12/19/2025,35.22
12/22/2025,35.28
12/23/2025,35.47
12/24/2025,35.55
12/26/2025,35.43
12/29/2025,35.38
12/30/2025,35.4
12/31/2025,35.47
01/02/2026,35.33
01/05/2026,35.15
01/06/2026,35.2
01/07/2026,35.15
01/08/2026,35.07
01/09/2026,35.13
01/12/2026,35.33
01/13/2026,35.6
01/14/2026,35.6
01/15/2026,35.65
01/16/2026,35.57
01/20/2026,35.72
01/21/2026,35.88
01/22/2026,35.88
01/23/2026,35.82
01/26/2026,35.75
01/27/2026,35.7
01/28/2026,35.82
01/29/2026,35.8
01/30/2026,35.72
02/02/2026,35.78
02/03/2026,35.9
02/04/2026,35.95
02/05/2026,35.78
02/06/2026,35.9
02/09/2026,35.93
02/10/2026,35.9
02/11/2026,36.0
02/12/2026,35.98
02/13/2026,35.93
02/17/2026,35.93
02/18/2026,36.03
02/19/2026,35.95
02/20/2026,35.95
02/23/2026,35.88
02/24/2026,35.88
02/25/2026,35.88
02/26/2026,35.88
02/27/2026,35.78
03/02/2026,35.9
03/03/2026,35.95
03/04/2026,35.95
03/05/2026,35.88
03/06/2026,35.7
03/09/2026,35.93
03/10/2026,35.95
03/11/2026,36.0
03/12/2026,36.05
03/13/2026,36.03
03/16/2026,36.05
03/17/2026,36.05
03/18/2026,36.1
03/19/2026,36.12
03/20/2026,36.18
03/23/2026,36.12
03/24/2026,36.2
06/01/2026,3.62
06/02/2026,3.618
06/03/2026,3.623
06/04/2026,3.62
06/05/2026,3.625
