Date,Price
01/03/2000,"1,455.20"
01/04/2000,"1,399.40"
01/05/2000,"1,402.10"
01/06/2000,"1,403.50"
01/07/2000,"1,441.50"
01/10/2000,"1,457.60"
01/11/2000,"1,438.60"
01/12/2000,"1,432.20"
01/13/2000,"1,449.70"
01/14/2000,"1,465.20"
01/18/2000,"1,455.10"
01/19/2000,"1,455.90"
01/20/2000,"1,445.60"
01/21/2000,"1,441.40"
01/24/2000,"1,401.50"
01/25/2000,"1,410.00"
01/26/2000,"1,404.10"
01/27/2000,"1,398.60"
01/28/2000,"1,360.20"
01/31/2000,"1,394.50"
02/01/2000,"1,409.30"
02/02/2000,"1,409.10"
02/03/2000,"1,425.00"
02/04/2000,"1,424.40"
02/07/2000,"1,424.20"
02/08/2000,"1,441.70"
02/09/2000,"1,411.70"
02/10/2000,"1,416.80"
02/11/2000,"1,387.10"
02/14/2000,"1,389.90"
02/15/2000,"1,402.00"
02/16/2000,"1,387.70"
02/17/2000,"1,388.30"
02/18/2000,"1,346.10"
02/22/2000,"1,352.20"
02/23/2000,"1,360.70"
02/24/2000,"1,353.40"
02/25/2000,"1,333.40"
02/28/2000,"1,348.00"
02/29/2000,"1,366.40"
03/01/2000,"1,379.20"
03/02/2000,"1,381.80"
03/03/2000,"1,409.20"
03/06/2000,"1,391.30"
03/07/2000,"1,355.60"
03/08/2000,"1,366.70"
03/09/2000,"1,401.70"
03/10/2000,"1,395.10"
03/13/2000,"1,383.60"
03/14/2000,"1,359.20"
03/15/2000,"1,392.20"
03/16/2000,"1,458.50"
03/17/2000,"1,464.50"
03/20/2000,"1,456.60"
03/21/2000,"1,493.90"
03/22/2000,"1,500.60"
03/23/2000,"1,527.30"
03/24/2000,"1,527.50"
03/27/2000,"1,523.90"
03/28/2000,"1,507.70"
03/29/2000,"1,508.50"
03/30/2000,"1,487.90"
03/31/2000,"1,498.60"
04/03/2000,"1,506.00"
04/04/2000,"1,494.70"
04/05/2000,"1,487.40"
04/06/2000,"1,501.30"
04/07/2000,"1,516.30"
04/10/2000,"1,504.50"
04/11/2000,"1,500.60"
04/12/2000,"1,467.20"
04/13/2000,"1,440.50"
04/14/2000,"1,356.60"
04/17/2000,"1,401.40"
04/18/2000,"1,441.60"
04/19/2000,"1,427.50"
04/20/2000,"1,434.50"
04/24/2000,"1,429.90"
04/25/2000,"1,477.40"
04/26/2000,"1,461.00"
04/27/2000,"1,464.90"
04/28/2000,"1,452.40"
05/01/2000,"1,468.20"
05/02/2000,"1,446.30"
05/03/2000,"1,415.10"
05/04/2000,"1,409.60"
05/05/2000,"1,432.60"
05/08/2000,"1,424.20"
05/09/2000,"1,412.10"
05/10/2000,"1,383.00"
05/11/2000,"1,407.80"
05/12/2000,"1,421.00"
05/15/2000,"1,452.40"
05/16/2000,"1,466.00"
05/17/2000,"1,447.80"
05/18/2000,"1,437.20"
05/19/2000,"1,407.00"
05/22/2000,"1,400.70"
05/23/2000,"1,373.90"
05/24/2000,"1,399.00"
05/25/2000,"1,381.50"
05/26/2000,"1,378.00"
05/30/2000,"1,422.50"
05/31/2000,"1,420.60"
06/01/2000,"1,448.80"
06/02/2000,"1,477.30"
06/05/2000,"1,467.60"
06/06/2000,"1,457.80"
06/07/2000,"1,471.40"
06/08/2000,"1,461.70"
06/09/2000,"1,457.00"
06/12/2000,"1,446.00"
06/13/2000,"1,469.40"
06/14/2000,"1,470.50"
06/15/2000,"1,478.70"
06/16/2000,"1,464.50"
06/19/2000,"1,486.00"
06/20/2000,"1,476.00"
06/21/2000,"1,479.10"
06/22/2000,"1,452.20"
06/23/2000,"1,441.50"
06/26/2000,"1,455.30"
06/27/2000,"1,450.50"
06/28/2000,"1,454.80"
06/29/2000,"1,442.40"
06/30/2000,"1,454.60"
07/03/2000,"1,469.50"
07/05/2000,"1,446.20"
07/06/2000,"1,456.70"
07/07/2000,"1,478.90"
07/10/2000,"1,475.60"
07/11/2000,"1,480.90"
07/12/2000,"1,492.90"
07/13/2000,"1,495.80"
07/14/2000,"1,510.00"
07/17/2000,"1,510.50"
07/18/2000,"1,493.70"
07/19/2000,"1,482.00"
07/20/2000,"1,495.60"
07/21/2000,"1,480.20"
07/24/2000,"1,464.30"
07/25/2000,"1,474.50"
07/26/2000,"1,452.40"
07/27/2000,"1,449.60"
07/28/2000,"1,419.90"
07/31/2000,"1,430.80"
08/01/2000,"1,438.10"
08/02/2000,"1,438.70"
08/03/2000,"1,452.60"
08/04/2000,"1,462.90"
08/07/2000,"1,479.30"
08/08/2000,"1,482.80"
08/09/2000,"1,472.90"
08/10/2000,"1,460.20"
08/11/2000,"1,471.80"
08/14/2000,"1,491.60"
08/15/2000,"1,484.40"
08/16/2000,"1,479.80"
08/17/2000,"1,496.10"
08/18/2000,"1,491.70"
08/21/2000,"1,499.50"
08/22/2000,"1,498.10"
08/23/2000,"1,506.00"
08/24/2000,"1,508.30"
08/25/2000,"1,506.50"
08/28/2000,"1,514.10"
08/29/2000,"1,509.80"
08/30/2000,"1,502.60"
08/31/2000,"1,517.70"
09/01/2000,"1,520.80"
09/05/2000,"1,507.10"
09/06/2000,"1,492.20"
09/07/2000,"1,502.50"
09/08/2000,"1,494.50"
09/11/2000,"1,489.30"
09/12/2000,"1,482.00"
09/13/2000,"1,484.90"
09/14/2000,"1,480.90"
09/15/2000,"1,465.80"
09/18/2000,"1,444.50"
09/19/2000,"1,459.90"
09/20/2000,"1,451.30"
09/21/2000,"1,449.00"
09/22/2000,"1,448.70"
09/25/2000,"1,439.00"
09/26/2000,"1,427.20"
09/27/2000,"1,426.60"
09/28/2000,"1,458.30"
09/29/2000,"1,436.50"
10/02/2000,"1,436.20"
10/03/2000,"1,426.50"
10/04/2000,"1,434.30"
10/05/2000,"1,436.30"
10/06/2000,"1,409.00"
10/09/2000,"1,402.00"
10/10/2000,"1,387.00"
10/11/2000,"1,364.60"
10/12/2000,"1,329.80"
10/13/2000,"1,374.20"
10/16/2000,"1,374.60"
10/17/2000,"1,350.00"
10/18/2000,"1,342.10"
10/19/2000,"1,388.80"
10/20/2000,"1,396.90"
10/23/2000,"1,395.80"
10/24/2000,"1,398.10"
10/25/2000,"1,364.90"
10/26/2000,"1,364.40"
10/27/2000,"1,379.60"
10/30/2000,"1,398.70"
10/31/2000,"1,429.40"
11/01/2000,"1,421.20"
11/02/2000,"1,428.30"
11/03/2000,"1,426.70"
11/06/2000,"1,432.20"
11/07/2000,"1,431.90"
11/08/2000,"1,409.30"
11/09/2000,"1,400.10"
11/10/2000,"1,366.00"
11/13/2000,"1,351.30"
11/14/2000,"1,383.00"
11/15/2000,"1,389.80"
11/16/2000,"1,372.30"
11/17/2000,"1,367.70"
11/20/2000,"1,342.60"
11/21/2000,"1,347.30"
11/22/2000,"1,322.40"
11/24/2000,"1,341.80"
11/27/2000,"1,349.00"
11/28/2000,"1,336.10"
11/29/2000,"1,341.90"
11/30/2000,"1,315.00"
12/01/2000,"1,315.20"
12/04/2000,"1,325.00"
12/05/2000,"1,376.50"
12/06/2000,"1,351.50"
12/07/2000,"1,343.50"
12/08/2000,"1,369.90"
12/11/2000,"1,380.20"
12/12/2000,"1,371.20"
12/13/2000,"1,360.00"
12/14/2000,"1,340.90"
12/15/2000,"1,312.20"
12/18/2000,"1,322.70"
12/19/2000,"1,305.60"
12/20/2000,"1,264.70"
12/21/2000,"1,274.90"
12/22/2000,"1,306.00"
12/26/2000,"1,315.20"
12/27/2000,"1,328.90"
12/28/2000,"1,334.20"
12/29/2000,"1,320.30"
01/02/2001,"1,283.30"
01/03/2001,"1,347.60"
01/04/2001,"1,333.30"
01/05/2001,"1,298.30"
01/08/2001,"1,295.90"
01/09/2001,"1,300.80"
01/10/2001,"1,313.30"
01/11/2001,"1,326.80"
01/12/2001,"1,318.30"
01/16/2001,"1,326.70"
01/17/2001,"1,329.50"
01/18/2001,"1,348.00"
01/19/2001,"1,342.50"
01/22/2001,"1,342.90"
01/23/2001,"1,360.40"
01/24/2001,"1,364.30"
01/25/2001,"1,357.50"
01/26/2001,"1,355.00"
01/29/2001,"1,364.20"
01/30/2001,"1,373.70"
01/31/2001,"1,366.00"
02/01/2001,"1,373.50"
02/02/2001,"1,349.50"
02/05/2001,"1,354.30"
02/06/2001,"1,352.30"
02/07/2001,"1,340.90"
02/08/2001,"1,332.50"
02/09/2001,"1,314.80"
02/12/2001,"1,330.30"
02/13/2001,"1,318.80"
02/14/2001,"1,315.90"
02/15/2001,"1,326.60"
02/16/2001,"1,301.50"
02/20/2001,"1,278.90"
02/21/2001,"1,255.30"
02/22/2001,"1,252.80"
02/23/2001,"1,245.90"
02/26/2001,"1,267.70"
02/27/2001,"1,257.90"
02/28/2001,"1,239.90"
03/01/2001,"1,241.20"
03/02/2001,"1,234.20"
03/05/2001,"1,241.40"
03/06/2001,"1,253.80"
03/07/2001,"1,261.90"
03/08/2001,"1,264.70"
03/09/2001,"1,233.40"
03/12/2001,"1,180.20"
03/13/2001,"1,197.70"
03/14/2001,"1,166.70"
03/15/2001,"1,173.60"
03/16/2001,"1,150.50"
03/19/2001,"1,170.80"
03/20/2001,"1,142.60"
03/21/2001,"1,122.10"
03/22/2001,"1,117.60"
03/23/2001,"1,139.80"
03/26/2001,"1,152.70"
03/27/2001,"1,182.20"
03/28/2001,"1,153.30"
03/29/2001,"1,148.00"
03/30/2001,"1,160.30"
04/02/2001,"1,145.90"
04/03/2001,"1,106.50"
04/04/2001,"1,103.20"
04/05/2001,"1,151.40"
04/06/2001,"1,128.40"
04/09/2001,"1,137.60"
04/10/2001,"1,168.40"
04/11/2001,"1,165.90"
04/12/2001,"1,183.50"
04/16/2001,"1,179.70"
04/17/2001,"1,191.80"
04/18/2001,"1,238.20"
04/19/2001,"1,253.70"
04/20/2001,"1,243.00"
04/23/2001,"1,224.40"
04/24/2001,"1,209.50"
04/25/2001,"1,228.80"
04/26/2001,"1,234.50"
04/27/2001,"1,253.00"
04/30/2001,"1,249.50"
05/01/2001,"1,266.40"
05/02/2001,"1,267.40"
05/03/2001,"1,248.60"
05/04/2001,"1,266.60"
05/07/2001,"1,263.50"
05/08/2001,"1,261.20"
05/09/2001,"1,255.50"
05/10/2001,"1,255.20"
05/11/2001,"1,245.70"
05/14/2001,"1,248.90"
05/15/2001,"1,249.40"
05/16/2001,"1,285.00"
05/17/2001,"1,288.50"
05/18/2001,"1,292.00"
05/21/2001,"1,312.80"
05/22/2001,"1,309.40"
05/23/2001,"1,289.00"
05/24/2001,"1,293.20"
05/25/2001,"1,277.90"
05/29/2001,"1,267.90"
05/30/2001,"1,248.10"
05/31/2001,"1,255.80"
06/01/2001,"1,260.70"
06/04/2001,"1,267.10"
06/05/2001,"1,283.60"
06/06/2001,"1,270.00"
06/07/2001,"1,277.00"
06/08/2001,"1,265.00"
06/11/2001,"1,254.40"
06/12/2001,"1,255.80"
06/13/2001,"1,241.60"
06/14/2001,"1,219.90"
06/15/2001,"1,214.40"
06/18/2001,"1,208.40"
06/19/2001,"1,212.60"
06/20/2001,"1,223.10"
06/21/2001,"1,237.00"
06/22/2001,"1,225.30"
06/25/2001,"1,218.60"
06/26/2001,"1,216.80"
06/27/2001,"1,211.10"
06/28/2001,"1,226.20"
06/29/2001,"1,224.40"
07/02/2001,"1,236.70"
07/03/2001,"1,234.50"
07/05/2001,"1,219.20"
07/06/2001,"1,190.60"
07/09/2001,"1,198.80"
07/10/2001,"1,181.50"
07/11/2001,"1,180.20"
07/12/2001,"1,208.10"
07/13/2001,"1,215.70"
07/16/2001,"1,202.50"
07/17/2001,"1,214.40"
07/18/2001,"1,207.70"
07/19/2001,"1,215.00"
07/20/2001,"1,210.80"
07/23/2001,"1,191.00"
07/24/2001,"1,171.70"
07/25/2001,"1,190.50"
07/26/2001,"1,202.90"
07/27/2001,"1,205.80"
07/30/2001,"1,204.50"
07/31/2001,"1,211.20"
08/01/2001,"1,215.90"
08/02/2001,"1,220.80"
08/03/2001,"1,214.30"
08/06/2001,"1,200.50"
08/07/2001,"1,204.40"
08/08/2001,"1,183.50"
08/09/2001,"1,183.40"
08/10/2001,"1,190.20"
08/13/2001,"1,191.30"
08/14/2001,"1,186.70"
08/15/2001,"1,178.00"
08/16/2001,"1,181.70"
08/17/2001,"1,162.00"
08/20/2001,"1,171.40"
08/21/2001,"1,157.30"
08/22/2001,"1,165.30"
08/23/2001,"1,162.10"
08/24/2001,"1,184.90"
08/27/2001,"1,179.20"
08/28/2001,"1,161.50"
08/29/2001,"1,148.60"
08/30/2001,"1,129.00"
08/31/2001,"1,133.60"
09/04/2001,"1,132.90"
09/05/2001,"1,131.70"
09/06/2001,"1,106.40"
09/07/2001,"1,085.80"
09/10/2001,"1,092.50"
09/17/2001,"1,038.80"
09/18/2001,"1,032.70"
09/19/2001,"1,016.10"
09/20/2001,984.5
09/21/2001,965.8
09/24/2001,"1,003.50"
09/25/2001,"1,012.30"
09/26/2001,"1,007.00"
09/27/2001,"1,018.60"
09/28/2001,"1,040.90"
10/01/2001,"1,038.50"
10/02/2001,"1,051.30"
10/03/2001,"1,072.30"
10/04/2001,"1,069.60"
10/05/2001,"1,071.40"
10/08/2001,"1,062.40"
10/09/2001,"1,056.80"
10/10/2001,"1,081.00"
10/11/2001,"1,097.40"
10/12/2001,"1,091.70"
10/15/2001,"1,090.00"
10/16/2001,"1,097.50"
10/17/2001,"1,077.10"
10/18/2001,"1,068.60"
10/19/2001,"1,073.50"
10/22/2001,"1,089.90"
10/23/2001,"1,084.80"
10/24/2001,"1,085.20"
10/25/2001,"1,100.10"
10/26/2001,"1,104.60"
10/29/2001,"1,078.30"
10/30/2001,"1,059.80"
10/31/2001,"1,059.80"
11/01/2001,"1,084.10"
11/02/2001,"1,087.20"
11/05/2001,"1,102.80"
11/06/2001,"1,118.90"
11/07/2001,"1,115.80"
11/08/2001,"1,118.50"
11/09/2001,"1,120.30"
11/12/2001,"1,118.30"
11/13/2001,"1,139.10"
11/14/2001,"1,141.20"
11/15/2001,"1,142.20"
11/16/2001,"1,138.70"
11/19/2001,"1,151.10"
11/20/2001,"1,142.70"
11/21/2001,"1,137.00"
11/23/2001,"1,150.30"
11/26/2001,"1,157.40"
11/27/2001,"1,149.50"
11/28/2001,"1,128.50"
11/29/2001,"1,140.20"
11/30/2001,"1,139.50"
12/03/2001,"1,129.90"
12/04/2001,"1,144.80"
12/05/2001,"1,170.30"
12/06/2001,"1,167.10"
12/07/2001,"1,158.30"
12/10/2001,"1,139.90"
12/11/2001,"1,136.80"
12/12/2001,"1,137.10"
12/13/2001,"1,119.40"
12/14/2001,"1,123.10"
12/17/2001,"1,134.40"
12/18/2001,"1,142.90"
12/19/2001,"1,149.60"
12/20/2001,"1,139.90"
12/21/2001,"1,144.90"
12/24/2001,"1,144.70"
12/26/2001,"1,149.40"
12/27/2001,"1,157.10"
12/28/2001,"1,161.00"
12/31/2001,"1,148.10"
01/02/2002,"1,154.70"
01/03/2002,"1,165.30"
01/04/2002,"1,172.50"
01/07/2002,"1,164.90"
01/08/2002,"1,160.70"
01/09/2002,"1,155.10"
01/10/2002,"1,156.50"
01/11/2002,"1,145.60"
01/14/2002,"1,138.40"
01/15/2002,"1,146.20"
01/16/2002,"1,127.60"
01/17/2002,"1,138.90"
01/18/2002,"1,127.60"
01/22/2002,"1,119.30"
01/23/2002,"1,128.20"
01/24/2002,"1,132.20"
01/25/2002,"1,133.30"
01/28/2002,"1,133.10"
01/29/2002,"1,100.60"
01/30/2002,"1,113.60"
01/31/2002,"1,130.20"
02/01/2002,"1,122.20"
02/04/2002,"1,094.40"
02/05/2002,"1,090.00"
02/06/2002,"1,083.50"
02/07/2002,"1,080.20"
02/08/2002,"1,096.20"
02/11/2002,"1,111.90"
02/12/2002,"1,107.50"
02/13/2002,"1,118.50"
02/14/2002,"1,116.50"
02/15/2002,"1,104.20"
02/19/2002,"1,083.30"
02/20/2002,"1,098.00"
02/21/2002,"1,081.00"
02/22/2002,"1,089.80"
02/25/2002,"1,109.40"
02/26/2002,"1,109.40"
02/27/2002,"1,109.90"
02/28/2002,"1,106.70"
03/01/2002,"1,131.80"
03/04/2002,"1,153.80"
03/05/2002,"1,146.10"
03/06/2002,"1,162.80"
03/07/2002,"1,157.50"
03/08/2002,"1,164.30"
03/11/2002,"1,168.30"
03/12/2002,"1,165.60"
03/13/2002,"1,154.10"
03/14/2002,"1,153.00"
03/15/2002,"1,166.20"
03/18/2002,"1,165.50"
03/19/2002,"1,170.30"
03/20/2002,"1,151.80"
03/21/2002,"1,153.60"
03/22/2002,"1,148.70"
03/25/2002,"1,131.90"
03/26/2002,"1,138.50"
03/27/2002,"1,144.60"
03/28/2002,"1,147.40"
04/01/2002,"1,146.50"
04/02/2002,"1,136.80"
04/03/2002,"1,125.40"
04/04/2002,"1,126.30"
04/05/2002,"1,122.70"
04/08/2002,"1,125.30"
04/09/2002,"1,117.80"
04/10/2002,"1,130.50"
04/11/2002,"1,103.70"
04/12/2002,"1,111.00"
04/15/2002,"1,102.50"
04/16/2002,"1,128.40"
04/17/2002,"1,126.10"
04/18/2002,"1,124.50"
04/19/2002,"1,125.20"
04/22/2002,"1,107.80"
04/23/2002,"1,101.00"
04/24/2002,"1,093.10"
04/25/2002,"1,091.50"
04/26/2002,"1,076.30"
04/29/2002,"1,065.50"
04/30/2002,"1,076.90"
05/01/2002,"1,086.50"
05/02/2002,"1,084.60"
05/03/2002,"1,073.40"
05/06/2002,"1,052.70"
05/07/2002,"1,049.50"
05/08/2002,"1,088.80"
05/09/2002,"1,073.00"
05/10/2002,"1,055.00"
05/13/2002,"1,074.60"
05/14/2002,"1,097.30"
05/15/2002,"1,091.10"
05/16/2002,"1,098.20"
05/17/2002,"1,106.60"
05/20/2002,"1,091.90"
05/21/2002,"1,079.90"
05/22/2002,"1,086.00"
05/23/2002,"1,097.10"
05/24/2002,"1,083.80"
05/28/2002,"1,074.50"
05/29/2002,"1,067.70"
05/30/2002,"1,064.70"
05/31/2002,"1,067.10"
06/03/2002,"1,040.70"
06/04/2002,"1,040.70"
06/05/2002,"1,049.90"
06/06/2002,"1,029.20"
06/07/2002,"1,027.50"
06/10/2002,"1,030.70"
06/11/2002,"1,013.60"
06/12/2002,"1,020.30"
06/13/2002,"1,009.60"
06/14/2002,"1,007.30"
06/17/2002,"1,036.20"
06/18/2002,"1,037.10"
06/19/2002,"1,020.00"
06/20/2002,"1,006.30"
06/21/2002,989.1
06/24/2002,992.7
06/25/2002,976.1
06/26/2002,973.5
06/27/2002,990.6
06/28/2002,989.8
07/01/2002,968.6
07/02/2002,948.1
07/03/2002,954
07/05/2002,989
07/08/2002,977
07/09/2002,952.8
07/10/2002,920.5
07/11/2002,927.4
07/12/2002,921.4
07/15/2002,917.9
07/16/2002,901
07/17/2002,906
07/18/2002,881.6
07/19/2002,847.8
07/22/2002,819.9
07/23/2002,797.7
07/24/2002,843.4
07/25/2002,838.7
07/26/2002,852.8
07/29/2002,899
07/30/2002,902.8
07/31/2002,911.6
08/01/2002,884.7
08/02/2002,864.2
08/05/2002,834.6
08/06/2002,859.6
08/07/2002,876.8
08/08/2002,905.5
08/09/2002,908.6
08/12/2002,903.8
08/13/2002,884.2
08/14/2002,919.6
08/15/2002,930.2
08/16/2002,928.8
08/19/2002,950.7
08/20/2002,937.4
08/21/2002,949.4
08/22/2002,962.7
08/23/2002,940.9
08/26/2002,948
08/27/2002,934.8
08/28/2002,917.9
08/29/2002,917.8
08/30/2002,916.1
09/03/2002,878
09/04/2002,893.4
09/05/2002,879.1
09/06/2002,893.9
09/09/2002,903
09/10/2002,909.6
09/11/2002,909.5
09/12/2002,886.9
09/13/2002,889.8
09/16/2002,891.1
09/17/2002,873.5
09/18/2002,869.5
09/19/2002,843.3
09/20/2002,845.4
09/23/2002,833.7
09/24/2002,819.3
09/25/2002,839.7
09/26/2002,855
09/27/2002,827.4
09/30/2002,815.3
10/01/2002,847.9
10/02/2002,827.9
10/03/2002,819
10/04/2002,800.6
10/07/2002,785.3
10/08/2002,798.5
10/09/2002,776.8
10/10/2002,803.9
10/11/2002,835.3
10/14/2002,841.4
10/15/2002,881.3
10/16/2002,860
10/17/2002,879.2
10/18/2002,884.4
10/21/2002,899.7
10/22/2002,890.2
10/23/2002,896.1
10/24/2002,882.5
10/25/2002,897.6
10/28/2002,890.2
10/29/2002,882.1
10/30/2002,890.7
10/31/2002,885.8
11/01/2002,901
11/04/2002,908.4
11/05/2002,915.4
11/06/2002,923.8
11/07/2002,902.6
11/08/2002,894.7
11/11/2002,876.2
11/12/2002,883
11/13/2002,882.5
11/14/2002,904.3
11/15/2002,909.8
11/18/2002,900.4
11/19/2002,896.7
11/20/2002,914.1
11/21/2002,933.8
11/22/2002,930.5
11/25/2002,932.9
11/26/2002,913.3
11/27/2002,938.9
11/29/2002,936.3
12/02/2002,934.5
12/03/2002,920.8
12/04/2002,917.6
12/05/2002,906.5
12/06/2002,912.2
12/09/2002,892
12/10/2002,904.5
12/11/2002,905
12/12/2002,901.6
12/13/2002,889.5
12/16/2002,910.4
12/17/2002,903
12/18/2002,891.1
12/19/2002,884.2
12/20/2002,895.8
12/23/2002,897.4
12/24/2002,892.5
12/26/2002,889.7
12/27/2002,875.4
12/30/2002,879.4
12/31/2002,879.8
01/02/2003,909
01/03/2003,908.6
01/06/2003,929
01/07/2003,922.9
01/08/2003,909.9
01/09/2003,927.6
01/10/2003,927.6
01/13/2003,926.3
01/14/2003,931.7
01/15/2003,918.2
01/16/2003,914.6
01/17/2003,901.8
01/21/2003,887.6
01/22/2003,878.4
01/23/2003,887.3
01/24/2003,861.4
01/27/2003,847.5
01/28/2003,858.5
01/29/2003,864.4
01/30/2003,844.6
01/31/2003,855.7
02/03/2003,860.3
02/04/2003,848.2
02/05/2003,843.6
02/06/2003,838.1
02/07/2003,829.7
02/10/2003,836
02/11/2003,829.2
02/12/2003,818.7
02/13/2003,817.4
02/14/2003,834.9
02/18/2003,851.2
02/19/2003,845.1
02/20/2003,837.1
02/21/2003,848.2
02/24/2003,832.6
02/25/2003,838.6
02/26/2003,827.5
02/27/2003,837.3
02/28/2003,841.1
03/03/2003,834.8
03/04/2003,822
03/05/2003,829.9
03/06/2003,822.1
03/07/2003,828.9
03/10/2003,807.5
03/11/2003,800.7
03/12/2003,804.2
03/13/2003,831.9
03/14/2003,833.3
03/17/2003,862.8
03/18/2003,866.5
03/19/2003,874
03/20/2003,875.7
03/21/2003,895.8
03/24/2003,864.2
03/25/2003,874.7
03/26/2003,870
03/27/2003,868.5
03/28/2003,863.5
03/31/2003,848.2
04/01/2003,858.5
04/02/2003,880.9
04/03/2003,876.5
04/04/2003,878.9
04/07/2003,879.9
04/08/2003,878.3
04/09/2003,866
04/10/2003,871.6
04/11/2003,868.3
04/14/2003,885.2
04/15/2003,890.8
04/16/2003,879.9
04/17/2003,893.6
04/21/2003,892
04/22/2003,911.4
04/23/2003,919
04/24/2003,911.4
04/25/2003,898.8
04/28/2003,914.8
04/29/2003,917.8
04/30/2003,916.9
05/01/2003,916.3
05/02/2003,930.1
05/05/2003,926.5
05/06/2003,934.4
05/07/2003,929.6
05/08/2003,920.3
05/09/2003,933.4
05/12/2003,945.1
05/13/2003,942.3
05/14/2003,939.3
05/15/2003,946.7
05/16/2003,944.3
05/19/2003,920.8
05/20/2003,919.7
05/21/2003,923.4
05/22/2003,931.9
05/23/2003,933.2
05/27/2003,951.5
05/28/2003,953.2
05/29/2003,949.6
05/30/2003,963.6
06/02/2003,967
06/03/2003,971.6
06/04/2003,986.2
06/05/2003,990.1
06/06/2003,987.8
06/09/2003,975.9
06/10/2003,984.8
06/11/2003,997.5
06/12/2003,998.5
06/13/2003,988.6
06/16/2003,"1,010.70"
06/17/2003,"1,011.70"
06/18/2003,"1,010.10"
06/19/2003,994.7
06/20/2003,995.7
06/23/2003,981.6
06/24/2003,983.5
06/25/2003,975.3
06/26/2003,985.8
06/27/2003,976.2
06/30/2003,974.5
07/01/2003,982.3
07/02/2003,993.8
07/03/2003,985.7
07/07/2003,"1,004.40"
07/08/2003,"1,007.80"
07/09/2003,"1,002.20"
07/10/2003,988.7
07/11/2003,998.1
07/14/2003,"1,003.90"
07/15/2003,"1,000.40"
07/16/2003,994
07/17/2003,981.7
07/18/2003,993.3
07/21/2003,978.8
07/22/2003,988.1
07/23/2003,988.6
07/24/2003,981.6
07/25/2003,998.7
07/28/2003,996.5
07/29/2003,989.3
07/30/2003,987.5
07/31/2003,990.3
08/01/2003,980.1
08/04/2003,982.8
08/05/2003,965.5
08/06/2003,967.1
08/07/2003,974.1
08/08/2003,977.6
08/11/2003,980.6
08/12/2003,990.4
08/13/2003,984
08/14/2003,990.5
08/15/2003,990.7
08/18/2003,999.7
08/19/2003,"1,002.40"
08/20/2003,"1,000.30"
08/21/2003,"1,003.30"
08/22/2003,993.1
08/25/2003,993.7
08/26/2003,996.7
08/27/2003,996.8
08/28/2003,"1,002.80"
08/29/2003,"1,008.00"
09/02/2003,"1,022.00"
09/03/2003,"1,026.30"
09/04/2003,"1,028.00"
09/05/2003,"1,021.40"
09/08/2003,"1,031.60"
09/09/2003,"1,023.20"
09/10/2003,"1,010.90"
09/11/2003,"1,016.40"
09/12/2003,"1,018.60"
09/15/2003,"1,014.80"
09/16/2003,"1,029.30"
09/17/2003,"1,026.00"
09/18/2003,"1,039.60"
09/19/2003,"1,036.30"
09/22/2003,"1,022.80"
09/23/2003,"1,029.00"
09/24/2003,"1,009.40"
09/25/2003,"1,003.30"
09/26/2003,996.9
09/29/2003,"1,006.60"
09/30/2003,996
10/01/2003,"1,018.20"
10/02/2003,"1,020.20"
10/03/2003,"1,029.80"
10/06/2003,"1,034.30"
10/07/2003,"1,039.20"
10/08/2003,"1,033.80"
10/09/2003,"1,038.70"
10/10/2003,"1,038.10"
10/13/2003,"1,045.30"
10/14/2003,"1,049.50"
10/15/2003,"1,046.80"
10/16/2003,"1,050.10"
10/17/2003,"1,039.30"
10/20/2003,"1,044.70"
10/21/2003,"1,046.00"
10/22/2003,"1,030.40"
10/23/2003,"1,033.80"
10/24/2003,"1,028.90"
10/27/2003,"1,031.10"
10/28/2003,"1,046.80"
10/29/2003,"1,048.10"
10/30/2003,"1,046.90"
10/31/2003,"1,050.70"
11/03/2003,"1,059.00"
11/04/2003,"1,053.20"
11/05/2003,"1,051.80"
11/06/2003,"1,058.00"
11/07/2003,"1,053.20"
11/10/2003,"1,047.10"
11/11/2003,"1,046.60"
11/12/2003,"1,058.60"
11/13/2003,"1,058.40"
11/14/2003,"1,050.30"
11/17/2003,"1,043.60"
11/18/2003,"1,034.20"
11/19/2003,"1,042.40"
11/20/2003,"1,033.70"
11/21/2003,"1,035.30"
11/24/2003,"1,052.10"
11/25/2003,"1,053.90"
11/26/2003,"1,058.50"
11/28/2003,"1,058.20"
12/01/2003,"1,070.10"
12/02/2003,"1,066.60"
12/03/2003,"1,064.70"
12/04/2003,"1,069.70"
12/05/2003,"1,061.50"
12/08/2003,"1,069.30"
12/09/2003,"1,060.20"
12/10/2003,"1,059.00"
12/11/2003,"1,071.20"
12/12/2003,"1,074.10"
12/15/2003,"1,068.00"
12/16/2003,"1,075.10"
12/17/2003,"1,076.50"
12/18/2003,"1,089.20"
12/19/2003,"1,088.70"
12/22/2003,"1,092.90"
12/23/2003,"1,096.00"
12/24/2003,"1,094.00"
12/26/2003,"1,095.90"
12/29/2003,"1,109.50"
12/30/2003,"1,109.60"
12/31/2003,"1,111.90"
01/02/2004,"1,108.50"
01/05/2004,"1,122.20"
01/06/2004,"1,123.70"
01/07/2004,"1,126.30"
01/08/2004,"1,131.90"
01/09/2004,"1,121.90"
01/12/2004,"1,127.20"
01/13/2004,"1,121.20"
01/14/2004,"1,130.50"
01/15/2004,"1,132.00"
01/16/2004,"1,139.80"
01/20/2004,"1,138.80"
01/21/2004,"1,147.60"
01/22/2004,"1,143.90"
01/23/2004,"1,141.50"
01/26/2004,"1,155.40"
01/27/2004,"1,144.00"
01/28/2004,"1,128.50"
01/29/2004,"1,134.10"
01/30/2004,"1,131.10"
02/02/2004,"1,135.30"
02/03/2004,"1,136.00"
02/04/2004,"1,126.50"
02/05/2004,"1,128.60"
02/06/2004,"1,142.80"
02/09/2004,"1,139.80"
02/10/2004,"1,145.50"
02/11/2004,"1,157.80"
02/12/2004,"1,152.10"
02/13/2004,"1,145.80"
02/17/2004,"1,157.00"
02/18/2004,"1,151.80"
02/19/2004,"1,147.10"
02/20/2004,"1,144.10"
02/23/2004,"1,141.00"
02/24/2004,"1,139.10"
02/25/2004,"1,143.70"
02/26/2004,"1,144.90"
02/27/2004,"1,144.90"
03/01/2004,"1,156.00"
03/02/2004,"1,149.10"
03/03/2004,"1,151.00"
03/04/2004,"1,154.90"
03/05/2004,"1,156.90"
03/08/2004,"1,147.20"
03/09/2004,"1,140.60"
03/10/2004,"1,123.90"
03/11/2004,"1,106.80"
03/12/2004,"1,120.60"
03/15/2004,"1,104.50"
03/16/2004,"1,110.70"
03/17/2004,"1,123.80"
03/18/2004,"1,122.30"
03/19/2004,"1,109.80"
03/22/2004,"1,095.40"
03/23/2004,"1,094.00"
03/24/2004,"1,091.30"
03/25/2004,"1,109.20"
03/26/2004,"1,108.10"
03/29/2004,"1,122.50"
03/30/2004,"1,127.00"
03/31/2004,"1,126.20"
04/01/2004,"1,132.20"
04/02/2004,"1,141.80"
04/05/2004,"1,150.60"
04/06/2004,"1,148.20"
04/07/2004,"1,140.50"
04/08/2004,"1,139.30"
04/12/2004,"1,145.20"
04/13/2004,"1,129.40"
04/14/2004,"1,128.20"
04/15/2004,"1,128.80"
04/16/2004,"1,134.60"
04/19/2004,"1,135.80"
04/20/2004,"1,118.20"
04/21/2004,"1,124.10"
04/22/2004,"1,139.90"
04/23/2004,"1,140.60"
04/26/2004,"1,135.50"
04/27/2004,"1,138.10"
04/28/2004,"1,122.40"
04/29/2004,"1,113.90"
04/30/2004,"1,107.30"
05/03/2004,"1,117.50"
05/04/2004,"1,119.50"
05/05/2004,"1,121.50"
05/06/2004,"1,114.00"
05/07/2004,"1,098.70"
05/10/2004,"1,087.10"
05/11/2004,"1,095.50"
05/12/2004,"1,097.30"
05/13/2004,"1,096.40"
05/14/2004,"1,095.70"
05/17/2004,"1,084.10"
05/18/2004,"1,091.50"
05/19/2004,"1,088.70"
05/20/2004,"1,089.20"
05/21/2004,"1,093.60"
05/24/2004,"1,095.40"
05/25/2004,"1,113.00"
05/26/2004,"1,114.90"
05/27/2004,"1,121.30"
05/28/2004,"1,120.70"
06/01/2004,"1,121.20"
06/02/2004,"1,125.00"
06/03/2004,"1,116.60"
06/04/2004,"1,122.50"
06/07/2004,"1,140.40"
06/08/2004,"1,142.20"
06/09/2004,"1,131.30"
06/10/2004,"1,136.50"
06/14/2004,"1,125.30"
06/15/2004,"1,132.00"
06/16/2004,"1,133.60"
06/17/2004,"1,132.00"
06/18/2004,"1,135.00"
06/21/2004,"1,130.30"
06/22/2004,"1,134.40"
06/23/2004,"1,144.10"
06/24/2004,"1,140.70"
06/25/2004,"1,134.40"
06/28/2004,"1,133.30"
06/29/2004,"1,136.20"
06/30/2004,"1,140.80"
07/01/2004,"1,128.90"
07/02/2004,"1,125.40"
07/06/2004,"1,116.20"
07/07/2004,"1,118.30"
07/08/2004,"1,109.10"
07/09/2004,"1,112.80"
07/12/2004,"1,114.30"
07/13/2004,"1,115.10"
07/14/2004,"1,111.50"
07/15/2004,"1,106.70"
07/16/2004,"1,101.40"
07/19/2004,"1,100.90"
07/20/2004,"1,108.70"
07/21/2004,"1,093.90"
07/22/2004,"1,096.80"
07/23/2004,"1,086.20"
07/26/2004,"1,084.10"
07/27/2004,"1,094.80"
07/28/2004,"1,095.40"
07/29/2004,"1,100.40"
07/30/2004,"1,101.70"
08/02/2004,"1,106.60"
08/03/2004,"1,099.70"
08/04/2004,"1,098.60"
08/05/2004,"1,080.70"
08/06/2004,"1,064.00"
08/09/2004,"1,065.20"
08/10/2004,"1,079.00"
08/11/2004,"1,075.80"
08/12/2004,"1,063.20"
08/13/2004,"1,064.80"
08/16/2004,"1,079.30"
08/17/2004,"1,081.70"
08/18/2004,"1,095.20"
08/19/2004,"1,091.20"
08/20/2004,"1,098.30"
08/23/2004,"1,095.70"
08/24/2004,"1,096.20"
08/25/2004,"1,105.00"
08/26/2004,"1,105.10"
08/27/2004,"1,107.80"
08/30/2004,"1,099.20"
08/31/2004,"1,104.20"
09/01/2004,"1,105.90"
09/02/2004,"1,118.30"
09/03/2004,"1,113.60"
09/07/2004,"1,121.30"
09/08/2004,"1,116.30"
09/09/2004,"1,118.40"
09/10/2004,"1,123.90"
09/13/2004,"1,125.80"
09/14/2004,"1,128.30"
09/15/2004,"1,120.40"
09/16/2004,"1,123.50"
09/17/2004,"1,128.50"
09/20/2004,"1,122.20"
09/21/2004,"1,129.30"
09/22/2004,"1,113.60"
09/23/2004,"1,108.40"
09/24/2004,"1,110.10"
09/27/2004,"1,103.50"
09/28/2004,"1,110.10"
09/29/2004,"1,114.80"
09/30/2004,"1,114.60"
10/01/2004,"1,131.50"
10/04/2004,"1,135.20"
10/05/2004,"1,134.50"
10/06/2004,"1,142.00"
10/07/2004,"1,130.70"
10/08/2004,"1,122.10"
10/11/2004,"1,124.40"
10/12/2004,"1,121.80"
10/13/2004,"1,113.70"
10/14/2004,"1,103.30"
10/15/2004,"1,108.20"
10/18/2004,"1,114.00"
10/19/2004,"1,103.20"
10/20/2004,"1,103.70"
10/21/2004,"1,106.50"
10/22/2004,"1,095.70"
10/25/2004,"1,094.80"
10/26/2004,"1,111.10"
10/27/2004,"1,125.40"
10/28/2004,"1,127.40"
10/29/2004,"1,130.20"
11/01/2004,"1,130.50"
11/02/2004,"1,130.50"
11/03/2004,"1,143.20"
11/04/2004,"1,161.70"
11/05/2004,"1,166.20"
11/08/2004,"1,164.90"
11/09/2004,"1,164.10"
11/10/2004,"1,162.90"
11/11/2004,"1,173.50"
11/12/2004,"1,184.20"
11/15/2004,"1,183.80"
11/16/2004,"1,175.40"
11/17/2004,"1,181.90"
11/18/2004,"1,183.50"
11/19/2004,"1,170.30"
11/22/2004,"1,177.20"
11/23/2004,"1,176.90"
11/24/2004,"1,181.80"
11/26/2004,"1,182.70"
11/29/2004,"1,178.60"
11/30/2004,"1,173.80"
12/01/2004,"1,191.40"
12/02/2004,"1,190.30"
12/03/2004,"1,191.20"
12/06/2004,"1,190.20"
12/07/2004,"1,177.10"
12/08/2004,"1,182.80"
12/09/2004,"1,189.20"
12/10/2004,"1,188.00"
12/13/2004,"1,198.70"
12/14/2004,"1,203.40"
12/15/2004,"1,205.70"
12/16/2004,"1,203.20"
12/17/2004,"1,194.20"
12/20/2004,"1,194.70"
12/21/2004,"1,205.50"
12/22/2004,"1,209.60"
12/23/2004,"1,210.10"
12/27/2004,"1,204.90"
12/28/2004,"1,213.50"
12/29/2004,"1,213.50"
12/30/2004,"1,213.50"
12/31/2004,"1,211.90"
01/03/2005,"1,202.10"
01/04/2005,"1,188.00"
01/05/2005,"1,183.70"
01/06/2005,"1,187.90"
01/07/2005,"1,186.20"
01/10/2005,"1,190.20"
01/11/2005,"1,183.00"
01/12/2005,"1,187.70"
01/13/2005,"1,177.50"
01/14/2005,"1,184.50"
01/18/2005,"1,196.00"
01/19/2005,"1,184.60"
01/20/2005,"1,175.40"
01/21/2005,"1,167.90"
01/24/2005,"1,163.80"
01/25/2005,"1,168.40"
01/26/2005,"1,174.10"
01/27/2005,"1,174.50"
01/28/2005,"1,171.40"
01/31/2005,"1,181.30"
02/01/2005,"1,189.40"
02/02/2005,"1,193.20"
02/03/2005,"1,189.90"
02/04/2005,"1,203.00"
02/07/2005,"1,201.70"
02/08/2005,"1,202.30"
02/09/2005,"1,192.00"
02/10/2005,"1,197.00"
02/11/2005,"1,205.30"
02/14/2005,"1,206.10"
02/15/2005,"1,210.10"
02/16/2005,"1,210.30"
02/17/2005,"1,200.80"
02/18/2005,"1,201.60"
02/22/2005,"1,184.20"
02/23/2005,"1,190.80"
02/24/2005,"1,200.20"
02/25/2005,"1,211.40"
02/28/2005,"1,203.60"
03/01/2005,"1,210.40"
03/02/2005,"1,210.10"
03/03/2005,"1,210.50"
03/04/2005,"1,222.10"
03/07/2005,"1,225.30"
03/08/2005,"1,219.40"
03/09/2005,"1,207.00"
03/10/2005,"1,209.20"
03/11/2005,"1,200.10"
03/14/2005,"1,206.80"
03/15/2005,"1,197.80"
03/16/2005,"1,188.10"
03/17/2005,"1,190.20"
03/18/2005,"1,189.70"
03/21/2005,"1,183.80"
03/22/2005,"1,171.70"
03/23/2005,"1,172.50"
03/24/2005,"1,171.40"
03/28/2005,"1,174.30"
03/29/2005,"1,165.40"
03/30/2005,"1,181.40"
03/31/2005,"1,180.60"
04/01/2005,"1,172.90"
04/04/2005,"1,176.10"
04/05/2005,"1,181.40"
04/06/2005,"1,184.10"
04/07/2005,"1,191.10"
04/08/2005,"1,181.20"
04/11/2005,"1,181.20"
04/12/2005,"1,187.80"
04/13/2005,"1,173.80"
04/14/2005,"1,162.00"
04/15/2005,"1,142.60"
04/18/2005,"1,146.00"
04/19/2005,"1,152.80"
04/20/2005,"1,137.50"
04/21/2005,"1,160.00"
04/22/2005,"1,152.10"
04/25/2005,"1,162.10"
04/26/2005,"1,151.70"
04/27/2005,"1,156.40"
04/28/2005,"1,143.20"
04/29/2005,"1,156.80"
05/02/2005,"1,162.20"
05/03/2005,"1,161.20"
05/04/2005,"1,175.70"
05/05/2005,"1,172.60"
05/06/2005,"1,171.30"
05/09/2005,"1,178.80"
05/10/2005,"1,166.20"
05/11/2005,"1,171.10"
05/12/2005,"1,159.40"
05/13/2005,"1,154.00"
05/16/2005,"1,165.70"
05/17/2005,"1,173.80"
05/18/2005,"1,185.60"
05/19/2005,"1,191.10"
05/20/2005,"1,189.30"
05/23/2005,"1,193.90"
05/24/2005,"1,194.10"
05/25/2005,"1,190.00"
05/26/2005,"1,197.60"
05/27/2005,"1,198.80"
05/31/2005,"1,191.50"
06/01/2005,"1,202.30"
06/02/2005,"1,204.30"
06/03/2005,"1,196.00"
06/06/2005,"1,197.50"
06/07/2005,"1,197.30"
06/08/2005,"1,194.70"
06/09/2005,"1,200.90"
06/10/2005,"1,198.10"
06/13/2005,"1,200.80"
06/14/2005,"1,203.90"
06/15/2005,"1,206.60"
06/16/2005,"1,211.00"
06/17/2005,"1,217.00"
06/20/2005,"1,216.10"
06/21/2005,"1,213.60"
06/22/2005,"1,213.90"
06/23/2005,"1,200.70"
06/24/2005,"1,191.60"
06/27/2005,"1,190.70"
06/28/2005,"1,201.60"
06/29/2005,"1,199.80"
06/30/2005,"1,191.30"
07/01/2005,"1,194.40"
07/05/2005,"1,205.00"
07/06/2005,"1,194.90"
07/07/2005,"1,197.90"
07/08/2005,"1,211.90"
07/11/2005,"1,219.40"
07/12/2005,"1,222.20"
07/13/2005,"1,223.30"
07/14/2005,"1,226.50"
07/15/2005,"1,227.90"
07/18/2005,"1,221.10"
07/19/2005,"1,229.30"
07/20/2005,"1,235.20"
07/21/2005,"1,227.00"
07/22/2005,"1,233.70"
07/25/2005,"1,229.00"
07/26/2005,"1,231.20"
07/27/2005,"1,236.80"
07/28/2005,"1,243.70"
07/29/2005,"1,234.20"
08/01/2005,"1,235.30"
08/02/2005,"1,244.10"
08/03/2005,"1,245.00"
08/04/2005,"1,235.90"
08/05/2005,"1,226.40"
08/08/2005,"1,223.10"
08/09/2005,"1,231.40"
08/10/2005,"1,229.10"
08/11/2005,"1,237.80"
08/12/2005,"1,230.40"
08/15/2005,"1,233.90"
08/16/2005,"1,219.30"
08/17/2005,"1,220.20"
08/18/2005,"1,219.00"
08/19/2005,"1,219.70"
08/22/2005,"1,221.70"
08/23/2005,"1,217.60"
08/24/2005,"1,209.60"
08/25/2005,"1,212.40"
08/26/2005,"1,205.10"
08/29/2005,"1,212.30"
08/30/2005,"1,208.40"
08/31/2005,"1,220.30"
09/01/2005,"1,221.60"
09/02/2005,"1,218.00"
09/06/2005,"1,233.40"
09/07/2005,"1,236.40"
09/08/2005,"1,231.70"
09/09/2005,"1,241.50"
09/12/2005,"1,240.60"
09/13/2005,"1,231.20"
09/14/2005,"1,227.20"
09/15/2005,"1,227.70"
09/16/2005,"1,237.90"
09/19/2005,"1,231.00"
09/20/2005,"1,221.30"
09/21/2005,"1,210.20"
09/22/2005,"1,214.60"
09/23/2005,"1,215.30"
09/26/2005,"1,215.60"
09/27/2005,"1,215.70"
09/28/2005,"1,216.90"
09/29/2005,"1,227.70"
09/30/2005,"1,228.80"
10/03/2005,"1,226.70"
10/04/2005,"1,214.50"
10/05/2005,"1,196.40"
10/06/2005,"1,191.50"
10/07/2005,"1,195.90"
10/10/2005,"1,187.30"
10/11/2005,"1,184.90"
10/12/2005,"1,177.70"
10/13/2005,"1,176.80"
10/14/2005,"1,186.60"
10/17/2005,"1,190.10"
10/18/2005,"1,178.10"
10/19/2005,"1,195.80"
10/20/2005,"1,177.80"
10/21/2005,"1,179.60"
10/24/2005,"1,199.40"
10/25/2005,"1,196.50"
10/26/2005,"1,191.40"
10/27/2005,"1,178.90"
10/28/2005,"1,198.40"
10/31/2005,"1,207.00"
11/01/2005,"1,202.80"
11/02/2005,"1,214.80"
11/03/2005,"1,219.90"
11/04/2005,"1,220.10"
11/07/2005,"1,222.80"
11/08/2005,"1,218.60"
11/09/2005,"1,220.70"
11/10/2005,"1,231.00"
11/11/2005,"1,234.70"
11/14/2005,"1,233.80"
11/15/2005,"1,229.00"
11/16/2005,"1,231.20"
11/17/2005,"1,242.80"
11/18/2005,"1,248.30"
11/21/2005,"1,254.80"
11/22/2005,"1,261.20"
11/23/2005,"1,265.60"
11/25/2005,"1,268.20"
11/28/2005,"1,257.50"
11/29/2005,"1,257.50"
11/30/2005,"1,249.50"
12/01/2005,"1,264.70"
12/02/2005,"1,265.10"
12/05/2005,"1,262.10"
12/06/2005,"1,263.70"
12/07/2005,"1,257.40"
12/08/2005,"1,255.80"
12/09/2005,"1,259.40"
12/12/2005,"1,260.40"
12/13/2005,"1,267.40"
12/14/2005,"1,272.70"
12/15/2005,"1,270.90"
12/16/2005,"1,267.30"
12/19/2005,"1,259.90"
12/20/2005,"1,259.60"
12/21/2005,"1,262.80"
12/22/2005,"1,268.10"
12/23/2005,"1,268.70"
12/27/2005,"1,256.50"
12/28/2005,"1,258.20"
12/29/2005,"1,254.40"
12/30/2005,"1,248.30"
01/03/2006,"1,268.80"
01/04/2006,"1,273.50"
01/05/2006,"1,273.50"
01/06/2006,"1,285.50"
01/09/2006,"1,290.20"
01/10/2006,"1,289.70"
01/11/2006,"1,294.20"
01/12/2006,"1,286.10"
01/13/2006,"1,287.60"
01/17/2006,"1,282.90"
01/18/2006,"1,277.90"
01/19/2006,"1,285.00"
01/20/2006,"1,261.50"
01/23/2006,"1,263.80"
01/24/2006,"1,266.90"
01/25/2006,"1,264.70"
01/26/2006,"1,273.80"
01/27/2006,"1,283.70"
01/30/2006,"1,285.20"
01/31/2006,"1,280.10"
02/01/2006,"1,282.50"
02/02/2006,"1,270.80"
02/03/2006,"1,264.00"
02/06/2006,"1,265.00"
02/07/2006,"1,254.80"
02/08/2006,"1,265.70"
02/09/2006,"1,263.80"
02/10/2006,"1,267.00"
02/13/2006,"1,262.90"
02/14/2006,"1,275.50"
02/15/2006,"1,280.00"
02/16/2006,"1,289.40"
02/17/2006,"1,287.20"
02/21/2006,"1,283.00"
02/22/2006,"1,292.70"
02/23/2006,"1,287.80"
02/24/2006,"1,289.40"
02/27/2006,"1,294.10"
02/28/2006,"1,280.70"
03/01/2006,"1,291.20"
03/02/2006,"1,289.10"
03/03/2006,"1,287.20"
03/06/2006,"1,278.30"
03/07/2006,"1,275.90"
03/08/2006,"1,278.50"
03/09/2006,"1,272.20"
03/10/2006,"1,281.60"
03/13/2006,"1,284.10"
03/14/2006,"1,297.50"
03/15/2006,"1,303.00"
03/16/2006,"1,305.30"
03/17/2006,"1,307.20"
03/20/2006,"1,305.10"
03/21/2006,"1,297.20"
03/22/2006,"1,305.00"
03/23/2006,"1,301.70"
03/24/2006,"1,303.00"
03/27/2006,"1,301.60"
03/28/2006,"1,293.20"
03/29/2006,"1,302.90"
03/30/2006,"1,300.20"
03/31/2006,"1,294.80"
04/03/2006,"1,297.80"
04/04/2006,"1,305.90"
04/05/2006,"1,311.60"
04/06/2006,"1,309.00"
04/07/2006,"1,295.50"
04/10/2006,"1,296.60"
04/11/2006,"1,286.60"
04/12/2006,"1,288.10"
04/13/2006,"1,289.10"
04/17/2006,"1,285.30"
04/18/2006,"1,307.70"
04/19/2006,"1,309.90"
04/20/2006,"1,311.50"
04/21/2006,"1,311.30"
04/24/2006,"1,308.10"
04/25/2006,"1,301.70"
04/26/2006,"1,305.40"
04/27/2006,"1,309.70"
04/28/2006,"1,310.60"
05/01/2006,"1,305.20"
05/02/2006,"1,313.20"
05/03/2006,"1,307.80"
05/04/2006,"1,312.20"
05/05/2006,"1,325.80"
05/08/2006,"1,324.70"
05/09/2006,"1,325.10"
05/10/2006,"1,322.80"
05/11/2006,"1,305.90"
05/12/2006,"1,291.20"
05/15/2006,"1,294.50"
05/16/2006,"1,292.10"
05/17/2006,"1,270.30"
05/18/2006,"1,261.80"
05/19/2006,"1,267.00"
05/22/2006,"1,262.10"
05/23/2006,"1,256.60"
05/24/2006,"1,258.60"
05/25/2006,"1,272.90"
05/26/2006,"1,280.20"
05/30/2006,"1,259.80"
05/31/2006,"1,270.10"
06/01/2006,"1,285.70"
06/02/2006,"1,288.20"
06/05/2006,"1,265.30"
06/06/2006,"1,263.80"
06/07/2006,"1,256.20"
06/08/2006,"1,257.90"
06/09/2006,"1,252.30"
06/12/2006,"1,236.40"
06/13/2006,"1,223.70"
06/14/2006,"1,230.00"
06/15/2006,"1,256.20"
06/16/2006,"1,251.50"
06/19/2006,"1,240.10"
06/20/2006,"1,240.10"
06/21/2006,"1,252.20"
06/22/2006,"1,245.60"
06/23/2006,"1,244.50"
06/26/2006,"1,250.60"
06/27/2006,"1,239.20"
06/28/2006,"1,246.00"
06/29/2006,"1,272.90"
06/30/2006,"1,270.20"
07/03/2006,"1,280.20"
07/05/2006,"1,270.90"
07/06/2006,"1,274.10"
07/07/2006,"1,265.50"
07/10/2006,"1,267.30"
07/11/2006,"1,272.50"
07/12/2006,"1,258.60"
07/13/2006,"1,242.30"
07/14/2006,"1,236.20"
07/17/2006,"1,234.50"
07/18/2006,"1,236.90"
07/19/2006,"1,259.80"
07/20/2006,"1,249.10"
07/21/2006,"1,240.30"
07/24/2006,"1,260.90"
07/25/2006,"1,268.90"
07/26/2006,"1,268.40"
07/27/2006,"1,263.20"
07/28/2006,"1,278.50"
07/31/2006,"1,276.70"
08/01/2006,"1,270.90"
08/02/2006,"1,278.50"
08/03/2006,"1,280.30"
08/04/2006,"1,279.40"
08/07/2006,"1,275.80"
08/08/2006,"1,271.50"
08/09/2006,"1,266.00"
08/10/2006,"1,271.80"
08/11/2006,"1,266.70"
08/14/2006,"1,268.20"
08/15/2006,"1,285.60"
08/16/2006,"1,295.40"
08/17/2006,"1,297.50"
08/18/2006,"1,302.30"
08/21/2006,"1,297.50"
08/22/2006,"1,298.80"
08/23/2006,"1,293.00"
08/24/2006,"1,296.10"
08/25/2006,"1,295.10"
08/28/2006,"1,301.80"
08/29/2006,"1,304.30"
08/30/2006,"1,304.30"
08/31/2006,"1,303.80"
09/01/2006,"1,311.00"
09/05/2006,"1,313.20"
09/06/2006,"1,300.30"
09/07/2006,"1,294.00"
09/08/2006,"1,298.90"
09/11/2006,"1,299.50"
09/12/2006,"1,313.10"
09/13/2006,"1,318.10"
09/14/2006,"1,316.30"
09/15/2006,"1,319.90"
09/18/2006,"1,321.20"
09/19/2006,"1,318.30"
09/20/2006,"1,325.20"
09/21/2006,"1,318.00"
09/22/2006,"1,314.80"
09/25/2006,"1,326.40"
09/26/2006,"1,336.30"
09/27/2006,"1,336.60"
09/28/2006,"1,339.20"
09/29/2006,"1,335.80"
10/02/2006,"1,331.30"
10/03/2006,"1,334.10"
10/04/2006,"1,350.20"
10/05/2006,"1,353.20"
10/06/2006,"1,349.60"
10/09/2006,"1,350.70"
10/10/2006,"1,353.40"
10/11/2006,"1,350.00"
10/12/2006,"1,362.80"
10/13/2006,"1,365.60"
10/16/2006,"1,369.00"
10/17/2006,"1,364.00"
10/18/2006,"1,366.00"
10/19/2006,"1,367.00"
10/20/2006,"1,368.60"
10/23/2006,"1,377.00"
10/24/2006,"1,377.40"
10/25/2006,"1,382.20"
10/26/2006,"1,389.10"
10/27/2006,"1,377.30"
10/30/2006,"1,377.90"
10/31/2006,"1,377.90"
11/01/2006,"1,367.80"
11/02/2006,"1,367.30"
11/03/2006,"1,364.30"
11/06/2006,"1,379.80"
11/07/2006,"1,382.80"
11/08/2006,"1,385.70"
11/09/2006,"1,378.30"
11/10/2006,"1,380.90"
11/13/2006,"1,384.40"
11/14/2006,"1,393.20"
11/15/2006,"1,396.60"
11/16/2006,"1,399.80"
11/17/2006,"1,401.20"
11/20/2006,"1,400.50"
11/21/2006,"1,402.80"
11/22/2006,"1,406.10"
11/24/2006,"1,401.00"
11/27/2006,"1,381.90"
11/28/2006,"1,386.70"
11/29/2006,"1,399.50"
11/30/2006,"1,400.60"
12/01/2006,"1,396.70"
12/04/2006,"1,409.10"
12/05/2006,"1,414.80"
12/06/2006,"1,412.90"
12/07/2006,"1,407.30"
12/08/2006,"1,409.80"
12/11/2006,"1,413.00"
12/12/2006,"1,411.60"
12/13/2006,"1,413.20"
12/14/2006,"1,425.50"
12/15/2006,"1,427.10"
12/18/2006,"1,422.50"
12/19/2006,"1,425.50"
12/20/2006,"1,423.50"
12/21/2006,"1,418.30"
12/22/2006,"1,410.80"
12/26/2006,"1,416.90"
12/27/2006,"1,426.80"
12/28/2006,"1,424.70"
12/29/2006,"1,418.30"
01/03/2007,"1,416.60"
01/04/2007,"1,418.30"
01/05/2007,"1,409.70"
01/08/2007,"1,412.80"
01/09/2007,"1,412.10"
01/10/2007,"1,414.80"
01/11/2007,"1,423.80"
01/12/2007,"1,430.70"
01/16/2007,"1,431.90"
01/17/2007,"1,430.60"
01/18/2007,"1,426.40"
01/19/2007,"1,430.50"
01/22/2007,"1,423.00"
01/23/2007,"1,428.00"
01/24/2007,"1,440.10"
01/25/2007,"1,423.90"
01/26/2007,"1,422.20"
01/29/2007,"1,420.60"
01/30/2007,"1,428.80"
01/31/2007,"1,438.20"
02/01/2007,"1,445.90"
02/02/2007,"1,448.40"
02/05/2007,"1,447.00"
02/06/2007,"1,448.00"
02/07/2007,"1,450.00"
02/08/2007,"1,448.30"
02/09/2007,"1,438.10"
02/12/2007,"1,433.40"
02/13/2007,"1,444.30"
02/14/2007,"1,455.30"
02/15/2007,"1,456.80"
02/16/2007,"1,455.50"
02/20/2007,"1,459.70"
02/21/2007,"1,457.60"
02/22/2007,"1,456.40"
02/23/2007,"1,451.20"
02/26/2007,"1,449.40"
02/27/2007,"1,399.00"
02/28/2007,"1,406.80"
03/01/2007,"1,403.20"
03/02/2007,"1,387.20"
03/05/2007,"1,374.10"
03/06/2007,"1,395.40"
03/07/2007,"1,392.00"
03/08/2007,"1,401.90"
03/09/2007,"1,402.80"
03/12/2007,"1,406.60"
03/13/2007,"1,378.00"
03/14/2007,"1,387.20"
03/15/2007,"1,392.30"
03/16/2007,"1,387.00"
03/19/2007,"1,402.10"
03/20/2007,"1,410.90"
03/21/2007,"1,435.00"
03/22/2007,"1,434.50"
03/23/2007,"1,436.10"
03/26/2007,"1,437.50"
03/27/2007,"1,428.60"
03/28/2007,"1,417.20"
03/29/2007,"1,422.50"
03/30/2007,"1,420.90"
04/02/2007,"1,424.50"
04/03/2007,"1,437.80"
04/04/2007,"1,439.40"
04/05/2007,"1,443.80"
04/09/2007,"1,444.60"
04/10/2007,"1,448.40"
04/11/2007,"1,438.90"
04/12/2007,"1,447.80"
04/13/2007,"1,452.80"
04/16/2007,"1,468.50"
04/17/2007,"1,471.50"
04/18/2007,"1,472.50"
04/19/2007,"1,470.70"
04/20/2007,"1,484.30"
04/23/2007,"1,480.90"
04/24/2007,"1,480.40"
04/25/2007,"1,495.40"
04/26/2007,"1,494.20"
04/27/2007,"1,494.10"
04/30/2007,"1,482.40"
05/01/2007,"1,486.30"
05/02/2007,"1,495.90"
05/03/2007,"1,502.40"
05/04/2007,"1,505.60"
05/07/2007,"1,509.50"
05/08/2007,"1,507.70"
05/09/2007,"1,512.60"
05/10/2007,"1,491.50"
05/11/2007,"1,505.80"
05/14/2007,"1,503.20"
05/15/2007,"1,501.20"
05/16/2007,"1,514.10"
05/17/2007,"1,512.80"
05/18/2007,"1,522.80"
05/21/2007,"1,525.10"
05/22/2007,"1,524.10"
05/23/2007,"1,522.30"
05/24/2007,"1,507.50"
05/25/2007,"1,515.70"
05/29/2007,"1,518.10"
05/30/2007,"1,530.20"
05/31/2007,"1,530.60"
06/01/2007,"1,536.30"
06/04/2007,"1,539.20"
06/05/2007,"1,531.00"
06/06/2007,"1,517.40"
06/07/2007,"1,490.70"
06/08/2007,"1,507.70"
06/11/2007,"1,509.10"
06/12/2007,"1,493.00"
06/13/2007,"1,515.70"
06/14/2007,"1,523.00"
06/15/2007,"1,532.90"
06/18/2007,"1,531.00"
06/19/2007,"1,533.70"
06/20/2007,"1,512.80"
06/21/2007,"1,522.20"
06/22/2007,"1,502.60"
06/25/2007,"1,497.70"
06/26/2007,"1,492.90"
06/27/2007,"1,506.30"
06/28/2007,"1,505.70"
06/29/2007,"1,503.30"
07/02/2007,"1,519.40"
07/03/2007,"1,524.90"
07/05/2007,"1,525.40"
07/06/2007,"1,530.40"
07/09/2007,"1,531.80"
07/10/2007,"1,510.10"
07/11/2007,"1,518.80"
07/12/2007,"1,547.70"
07/13/2007,"1,552.50"
07/16/2007,"1,549.50"
07/17/2007,"1,549.40"
07/18/2007,"1,546.20"
07/19/2007,"1,553.10"
07/20/2007,"1,534.10"
07/23/2007,"1,541.60"
07/24/2007,"1,511.00"
07/25/2007,"1,518.10"
07/26/2007,"1,482.70"
07/27/2007,"1,459.00"
07/30/2007,"1,473.90"
07/31/2007,"1,455.30"
08/01/2007,"1,465.80"
08/02/2007,"1,472.20"
08/03/2007,"1,433.10"
08/06/2007,"1,467.70"
08/07/2007,"1,476.70"
08/08/2007,"1,497.50"
08/09/2007,"1,453.10"
08/10/2007,"1,453.60"
08/13/2007,"1,452.90"
08/14/2007,"1,426.50"
08/15/2007,"1,406.70"
08/16/2007,"1,411.30"
08/17/2007,"1,445.90"
08/20/2007,"1,445.50"
08/21/2007,"1,447.10"
08/22/2007,"1,464.10"
08/23/2007,"1,462.50"
08/24/2007,"1,479.40"
08/27/2007,"1,466.80"
08/28/2007,"1,432.40"
08/29/2007,"1,463.80"
08/30/2007,"1,457.60"
08/31/2007,"1,474.00"
09/04/2007,"1,489.40"
09/05/2007,"1,472.30"
09/06/2007,"1,478.50"
09/07/2007,"1,453.50"
09/10/2007,"1,451.70"
09/11/2007,"1,471.50"
09/12/2007,"1,471.60"
09/13/2007,"1,484.00"
09/14/2007,"1,484.20"
09/17/2007,"1,476.70"
09/18/2007,"1,519.80"
09/19/2007,"1,529.00"
09/20/2007,"1,518.80"
09/21/2007,"1,525.80"
09/24/2007,"1,517.70"
09/25/2007,"1,517.20"
09/26/2007,"1,525.40"
09/27/2007,"1,531.40"
09/28/2007,"1,526.80"
10/01/2007,"1,547.00"
10/02/2007,"1,546.60"
10/03/2007,"1,539.60"
10/04/2007,"1,542.80"
10/05/2007,"1,557.60"
10/08/2007,"1,552.60"
10/09/2007,"1,565.20"
10/10/2007,"1,562.50"
10/11/2007,"1,554.40"
10/12/2007,"1,561.80"
10/15/2007,"1,548.70"
10/16/2007,"1,538.50"
10/17/2007,"1,541.20"
10/18/2007,"1,540.10"
10/19/2007,"1,500.60"
10/22/2007,"1,506.30"
10/23/2007,"1,519.60"
10/24/2007,"1,515.90"
10/25/2007,"1,514.40"
10/26/2007,"1,535.30"
10/29/2007,"1,541.00"
10/30/2007,"1,531.00"
10/31/2007,"1,549.40"
11/01/2007,"1,508.40"
11/02/2007,"1,509.70"
11/05/2007,"1,502.20"
11/06/2007,"1,520.30"
11/07/2007,"1,475.60"
11/08/2007,"1,474.80"
11/09/2007,"1,453.70"
11/12/2007,"1,439.20"
11/13/2007,"1,481.00"
11/14/2007,"1,470.60"
11/15/2007,"1,451.20"
11/16/2007,"1,458.70"
11/19/2007,"1,433.30"
11/20/2007,"1,439.70"
11/21/2007,"1,416.80"
11/23/2007,"1,440.70"
11/26/2007,"1,407.20"
11/27/2007,"1,428.20"
11/28/2007,"1,469.00"
11/29/2007,"1,469.70"
11/30/2007,"1,481.10"
12/03/2007,"1,472.40"
12/04/2007,"1,462.80"
12/05/2007,"1,485.00"
12/06/2007,"1,507.30"
12/07/2007,"1,504.70"
12/10/2007,"1,516.00"
12/11/2007,"1,477.70"
12/12/2007,"1,486.60"
12/13/2007,"1,488.40"
12/14/2007,"1,468.00"
12/17/2007,"1,445.90"
12/18/2007,"1,455.00"
12/19/2007,"1,453.00"
12/20/2007,"1,460.10"
12/21/2007,"1,484.50"
12/24/2007,"1,496.50"
12/26/2007,"1,497.70"
12/27/2007,"1,476.40"
12/28/2007,"1,478.50"
12/31/2007,"1,468.40"
01/02/2008,"1,447.20"
01/03/2008,"1,447.20"
01/04/2008,"1,411.60"
01/07/2008,"1,416.20"
01/08/2008,"1,390.20"
01/09/2008,"1,409.10"
01/10/2008,"1,420.30"
01/11/2008,"1,401.00"
01/14/2008,"1,416.20"
01/15/2008,"1,381.00"
01/16/2008,"1,373.20"
01/17/2008,"1,333.20"
01/18/2008,"1,325.20"
01/22/2008,"1,310.50"
01/23/2008,"1,338.60"
01/24/2008,"1,352.10"
01/25/2008,"1,330.60"
01/28/2008,"1,354.00"
01/29/2008,"1,362.30"
01/30/2008,"1,355.80"
01/31/2008,"1,378.50"
02/01/2008,"1,395.40"
02/04/2008,"1,380.80"
02/05/2008,"1,336.60"
02/06/2008,"1,326.50"
02/07/2008,"1,336.90"
02/08/2008,"1,331.30"
02/11/2008,"1,339.10"
02/12/2008,"1,348.90"
02/13/2008,"1,367.20"
02/14/2008,"1,348.90"
02/15/2008,"1,350.00"
02/19/2008,"1,348.80"
02/20/2008,"1,360.00"
02/21/2008,"1,342.50"
02/22/2008,"1,353.10"
02/25/2008,"1,371.80"
02/26/2008,"1,381.30"
02/27/2008,"1,380.00"
02/28/2008,"1,367.70"
02/29/2008,"1,330.60"
03/03/2008,"1,331.30"
03/04/2008,"1,326.80"
03/05/2008,"1,333.70"
03/06/2008,"1,304.30"
03/07/2008,"1,293.40"
03/10/2008,"1,273.40"
03/11/2008,"1,320.70"
03/12/2008,"1,308.80"
03/13/2008,"1,315.50"
03/14/2008,"1,288.10"
03/17/2008,"1,276.60"
03/18/2008,"1,330.70"
03/19/2008,"1,298.40"
03/20/2008,"1,329.50"
03/24/2008,"1,349.90"
03/25/2008,"1,353.00"
03/26/2008,"1,341.10"
03/27/2008,"1,325.80"
03/28/2008,"1,315.20"
03/31/2008,"1,322.70"
04/01/2008,"1,370.20"
04/02/2008,"1,367.50"
04/03/2008,"1,369.30"
04/04/2008,"1,370.40"
04/07/2008,"1,372.50"
04/08/2008,"1,365.50"
04/09/2008,"1,354.50"
04/10/2008,"1,360.50"
04/11/2008,"1,332.80"
04/14/2008,"1,328.30"
04/15/2008,"1,334.40"
04/16/2008,"1,364.70"
04/17/2008,"1,365.60"
04/18/2008,"1,390.30"
04/21/2008,"1,388.20"
04/22/2008,"1,375.90"
04/23/2008,"1,379.90"
04/24/2008,"1,388.80"
04/25/2008,"1,397.80"
04/28/2008,"1,396.40"
04/29/2008,"1,390.90"
04/30/2008,"1,385.60"
05/01/2008,"1,409.30"
05/02/2008,"1,413.90"
05/05/2008,"1,407.50"
05/06/2008,"1,418.30"
05/07/2008,"1,392.60"
05/08/2008,"1,397.70"
05/09/2008,"1,388.30"
05/12/2008,"1,403.60"
05/13/2008,"1,403.00"
05/14/2008,"1,408.70"
05/15/2008,"1,423.60"
05/16/2008,"1,425.30"
05/19/2008,"1,426.60"
05/20/2008,"1,413.40"
05/21/2008,"1,390.70"
05/22/2008,"1,394.30"
05/23/2008,"1,375.90"
05/27/2008,"1,385.30"
05/28/2008,"1,390.80"
05/29/2008,"1,398.30"
05/30/2008,"1,400.40"
06/02/2008,"1,385.70"
06/03/2008,"1,377.70"
06/04/2008,"1,377.20"
06/05/2008,"1,404.00"
06/06/2008,"1,360.70"
06/09/2008,"1,361.80"
06/10/2008,"1,358.40"
06/11/2008,"1,335.50"
06/12/2008,"1,339.90"
06/13/2008,"1,360.00"
06/16/2008,"1,360.10"
06/17/2008,"1,350.90"
06/18/2008,"1,337.80"
06/19/2008,"1,342.80"
06/20/2008,"1,317.90"
06/23/2008,"1,318.00"
06/24/2008,"1,314.30"
06/25/2008,"1,322.00"
06/26/2008,"1,283.20"
06/27/2008,"1,278.40"
06/30/2008,"1,280.00"
07/01/2008,"1,284.90"
07/02/2008,"1,261.50"
07/03/2008,"1,262.90"
07/07/2008,"1,252.30"
07/08/2008,"1,273.70"
07/09/2008,"1,244.70"
07/10/2008,"1,253.40"
07/11/2008,"1,239.50"
07/14/2008,"1,228.30"
07/15/2008,"1,214.90"
07/16/2008,"1,245.40"
07/17/2008,"1,260.30"
07/18/2008,"1,260.70"
07/21/2008,"1,260.00"
07/22/2008,"1,277.00"
07/23/2008,"1,282.20"
07/24/2008,"1,252.50"
07/25/2008,"1,257.80"
07/28/2008,"1,234.40"
07/29/2008,"1,263.20"
07/30/2008,"1,284.30"
07/31/2008,"1,267.40"
08/01/2008,"1,260.30"
08/04/2008,"1,249.00"
08/05/2008,"1,284.90"
08/06/2008,"1,289.20"
08/07/2008,"1,266.10"
08/08/2008,"1,296.30"
08/11/2008,"1,305.30"
08/12/2008,"1,289.60"
08/13/2008,"1,285.80"
08/14/2008,"1,292.90"
08/15/2008,"1,298.20"
08/18/2008,"1,278.60"
08/19/2008,"1,266.70"
08/20/2008,"1,274.50"
08/21/2008,"1,277.70"
08/22/2008,"1,292.20"
08/25/2008,"1,266.80"
08/26/2008,"1,271.50"
08/27/2008,"1,281.70"
08/28/2008,"1,300.70"
08/29/2008,"1,282.80"
09/02/2008,"1,277.60"
09/03/2008,"1,275.00"
09/04/2008,"1,236.80"
09/05/2008,"1,242.30"
09/08/2008,"1,267.80"
09/09/2008,"1,224.50"
09/10/2008,"1,232.00"
09/11/2008,"1,249.00"
09/12/2008,"1,251.70"
09/15/2008,"1,192.70"
09/16/2008,"1,213.60"
09/17/2008,"1,156.40"
09/18/2008,"1,206.50"
09/19/2008,"1,255.10"
09/22/2008,"1,207.10"
09/23/2008,"1,188.20"
09/24/2008,"1,185.90"
09/25/2008,"1,209.20"
09/26/2008,"1,213.00"
09/29/2008,"1,106.40"
09/30/2008,"1,166.40"
10/01/2008,"1,161.10"
10/02/2008,"1,114.30"
10/03/2008,"1,099.20"
10/06/2008,"1,056.90"
10/07/2008,996.2
10/08/2008,984.9
10/09/2008,909.9
10/10/2008,899.2
10/13/2008,"1,003.40"
10/14/2008,998
10/15/2008,907.8
10/16/2008,946.4
10/17/2008,940.5
10/20/2008,985.4
10/21/2008,955
10/22/2008,896.8
10/23/2008,908.1
10/24/2008,876.8
10/27/2008,848.9
10/28/2008,940.5
10/29/2008,930.1
10/30/2008,954.1
10/31/2008,968.8
11/03/2008,966.3
11/04/2008,"1,005.80"
11/05/2008,952.8
11/06/2008,904.9
11/07/2008,931
11/10/2008,919.2
11/11/2008,899
11/12/2008,852.3
11/13/2008,911.3
11/14/2008,873.3
11/17/2008,850.8
11/18/2008,859.1
11/19/2008,806.6
11/20/2008,752.4
11/21/2008,800
11/24/2008,851.8
11/25/2008,857.4
11/26/2008,887.7
11/28/2008,896.2
12/01/2008,816.2
12/02/2008,848.8
12/03/2008,870.7
12/04/2008,845.2
12/05/2008,876.1
12/08/2008,909.7
12/09/2008,888.7
12/10/2008,899.2
12/11/2008,873.6
12/12/2008,879.7
12/15/2008,868.6
12/16/2008,913.2
12/17/2008,904.4
12/18/2008,885.3
12/19/2008,887.9
12/22/2008,871.6
12/23/2008,863.2
12/24/2008,868.1
12/26/2008,872.8
12/29/2008,869.4
12/30/2008,890.6
12/31/2008,903.2
01/02/2009,931.8
01/05/2009,927.5
01/06/2009,934.7
01/07/2009,906.6
01/08/2009,909.7
01/09/2009,890.4
01/12/2009,870.3
01/13/2009,871.8
01/14/2009,842.6
01/15/2009,843.7
01/16/2009,850.1
01/20/2009,805.2
01/21/2009,840.2
01/22/2009,827.5
01/23/2009,832
01/26/2009,836.6
01/27/2009,845.7
01/28/2009,874.1
01/29/2009,845.1
01/30/2009,825.9
02/02/2009,825.4
02/03/2009,838.5
02/04/2009,832.2
02/05/2009,845.9
02/06/2009,868.6
02/09/2009,869.9
02/10/2009,827.2
02/11/2009,833.7
02/12/2009,835.2
02/13/2009,826.8
02/17/2009,789.2
02/18/2009,788.4
02/19/2009,778.9
02/20/2009,770
02/23/2009,743.3
02/24/2009,773.1
02/25/2009,764.9
02/26/2009,752.8
02/27/2009,735.1
03/02/2009,700.8
03/03/2009,696.3
03/04/2009,712.9
03/05/2009,682.5
03/06/2009,683.4
03/09/2009,676.5
03/10/2009,719.6
03/11/2009,721.4
03/12/2009,750.7
03/13/2009,756.5
03/16/2009,753.9
03/17/2009,778.1
03/18/2009,794.4
03/19/2009,784
03/20/2009,768.5
03/23/2009,822.9
03/24/2009,806.1
03/25/2009,813.9
03/26/2009,832.9
03/27/2009,815.9
03/30/2009,787.5
03/31/2009,797.9
04/01/2009,811.1
04/02/2009,834.4
04/03/2009,842.5
04/06/2009,835.5
04/07/2009,815.5
04/08/2009,825.2
04/09/2009,856.6
04/13/2009,858.7
04/14/2009,841.5
04/15/2009,852.1
04/16/2009,865.3
04/17/2009,869.6
04/20/2009,832.4
04/21/2009,850.1
04/22/2009,843.5
04/23/2009,851.9
04/24/2009,866.2
04/27/2009,857.5
04/28/2009,855.2
04/29/2009,873.6
04/30/2009,872.8
05/01/2009,877.5
05/04/2009,907.2
05/05/2009,903.8
05/06/2009,919.5
05/07/2009,907.4
05/08/2009,929.2
05/11/2009,909.2
05/12/2009,908.4
05/13/2009,883.9
05/14/2009,893.1
05/15/2009,882.9
05/18/2009,909.7
05/19/2009,908.1
05/20/2009,903.5
05/21/2009,888.3
05/22/2009,887
05/26/2009,910.3
05/27/2009,893.1
05/28/2009,906.8
05/29/2009,919.1
06/01/2009,942.9
06/02/2009,944.7
06/03/2009,931.8
06/04/2009,942.5
06/05/2009,940.1
06/08/2009,939.1
06/09/2009,942.4
06/10/2009,939.1
06/11/2009,944.9
06/12/2009,946.2
06/15/2009,923.7
06/16/2009,912
06/17/2009,910.7
06/18/2009,918.4
06/19/2009,921.2
06/22/2009,893
06/23/2009,895.1
06/24/2009,900.9
06/25/2009,920.3
06/26/2009,918.9
06/29/2009,927.2
06/30/2009,919.3
07/01/2009,923.3
07/02/2009,896.4
07/06/2009,898.7
07/07/2009,881
07/08/2009,879.6
07/09/2009,882.7
07/10/2009,879.1
07/13/2009,901
07/14/2009,905.8
07/15/2009,932.7
07/16/2009,940.7
07/17/2009,940.4
07/20/2009,951.1
07/21/2009,954.6
07/22/2009,954.1
07/23/2009,976.3
07/24/2009,979.3
07/27/2009,982.2
07/28/2009,979.6
07/29/2009,975.1
07/30/2009,986.8
07/31/2009,987.5
08/03/2009,"1,002.60"
08/04/2009,"1,005.60"
08/05/2009,"1,002.70"
08/06/2009,997.1
08/07/2009,"1,010.50"
08/10/2009,"1,007.10"
08/11/2009,994.4
08/12/2009,"1,005.80"
08/13/2009,"1,012.70"
08/14/2009,"1,004.10"
08/17/2009,979.7
08/18/2009,989.7
08/19/2009,996.5
08/20/2009,"1,007.40"
08/21/2009,"1,026.10"
08/24/2009,"1,025.60"
08/25/2009,"1,028.00"
08/26/2009,"1,028.10"
08/27/2009,"1,031.00"
08/28/2009,"1,028.90"
08/31/2009,"1,020.60"
09/01/2009,998
09/02/2009,994.8
09/03/2009,"1,003.20"
09/04/2009,"1,016.40"
09/08/2009,"1,025.40"
09/09/2009,"1,033.40"
09/10/2009,"1,044.10"
09/11/2009,"1,042.70"
09/14/2009,"1,049.30"
09/15/2009,"1,052.60"
09/16/2009,"1,068.80"
09/17/2009,"1,065.50"
09/18/2009,"1,068.30"
09/21/2009,"1,064.70"
09/22/2009,"1,071.70"
09/23/2009,"1,060.90"
09/24/2009,"1,050.80"
09/25/2009,"1,044.40"
09/28/2009,"1,063.00"
09/29/2009,"1,060.60"
09/30/2009,"1,057.10"
10/01/2009,"1,029.80"
10/02/2009,"1,025.20"
10/05/2009,"1,040.50"
10/06/2009,"1,054.70"
10/07/2009,"1,057.60"
10/08/2009,"1,065.50"
10/09/2009,"1,071.50"
10/12/2009,"1,076.20"
10/13/2009,"1,073.20"
10/14/2009,"1,092.00"
10/15/2009,"1,096.60"
10/16/2009,"1,087.70"
10/19/2009,"1,097.90"
10/20/2009,"1,091.10"
10/21/2009,"1,081.40"
10/22/2009,"1,092.90"
10/23/2009,"1,079.60"
10/26/2009,"1,067.00"
10/27/2009,"1,063.40"
10/28/2009,"1,042.60"
10/29/2009,"1,066.10"
10/30/2009,"1,036.20"
11/02/2009,"1,042.90"
11/03/2009,"1,045.40"
11/04/2009,"1,046.50"
11/05/2009,"1,066.60"
11/06/2009,"1,069.30"
11/09/2009,"1,093.10"
11/10/2009,"1,093.00"
11/11/2009,"1,098.50"
11/12/2009,"1,087.20"
11/13/2009,"1,093.50"
11/16/2009,"1,109.30"
11/17/2009,"1,110.30"
11/18/2009,"1,109.80"
11/19/2009,"1,094.90"
11/20/2009,"1,091.40"
11/23/2009,"1,106.20"
11/24/2009,"1,105.70"
11/25/2009,"1,110.60"
11/27/2009,"1,091.50"
11/30/2009,"1,095.60"
12/01/2009,"1,108.90"
12/02/2009,"1,109.20"
12/03/2009,"1,099.90"
12/04/2009,"1,106.00"
12/07/2009,"1,103.20"
12/08/2009,"1,091.90"
12/09/2009,"1,096.00"
12/10/2009,"1,102.30"
12/11/2009,"1,106.40"
12/14/2009,"1,114.10"
12/15/2009,"1,107.90"
12/16/2009,"1,109.20"
12/17/2009,"1,096.10"
12/18/2009,"1,102.50"
12/21/2009,"1,114.00"
12/22/2009,"1,118.00"
12/23/2009,"1,120.60"
12/24/2009,"1,126.50"
12/28/2009,"1,127.80"
12/29/2009,"1,126.20"
12/30/2009,"1,126.40"
12/31/2009,"1,115.10"
01/04/2010,"1,133.00"
01/05/2010,"1,136.50"
01/06/2010,"1,137.10"
01/07/2010,"1,141.70"
01/08/2010,"1,145.00"
01/11/2010,"1,147.00"
01/12/2010,"1,136.20"
01/13/2010,"1,145.70"
01/14/2010,"1,148.50"
01/15/2010,"1,136.00"
01/19/2010,"1,150.20"
01/20/2010,"1,138.00"
01/21/2010,"1,116.50"
01/22/2010,"1,091.80"
01/25/2010,"1,096.80"
01/26/2010,"1,092.20"
01/27/2010,"1,097.50"
01/28/2010,"1,084.50"
01/29/2010,"1,073.90"
02/01/2010,"1,089.20"
02/02/2010,"1,103.30"
02/03/2010,"1,097.30"
02/04/2010,"1,063.10"
02/05/2010,"1,066.20"
02/08/2010,"1,056.70"
02/09/2010,"1,070.50"
02/10/2010,"1,068.10"
02/11/2010,"1,078.50"
02/12/2010,"1,075.50"
02/16/2010,"1,094.90"
02/17/2010,"1,099.50"
02/18/2010,"1,106.80"
02/19/2010,"1,109.20"
02/22/2010,"1,108.00"
02/23/2010,"1,094.60"
02/24/2010,"1,105.20"
02/25/2010,"1,102.90"
02/26/2010,"1,104.50"
03/01/2010,"1,115.70"
03/02/2010,"1,118.30"
03/03/2010,"1,118.80"
03/04/2010,"1,123.00"
03/05/2010,"1,138.70"
03/08/2010,"1,138.50"
03/09/2010,"1,140.50"
03/10/2010,"1,145.60"
03/11/2010,"1,150.20"
03/12/2010,"1,150.00"
03/15/2010,"1,150.50"
03/16/2010,"1,159.50"
03/17/2010,"1,166.20"
03/18/2010,"1,165.80"
03/19/2010,"1,159.90"
03/22/2010,"1,165.80"
03/23/2010,"1,174.20"
03/24/2010,"1,167.70"
03/25/2010,"1,165.70"
03/26/2010,"1,166.60"
03/29/2010,"1,173.20"
03/30/2010,"1,173.30"
03/31/2010,"1,169.40"
04/01/2010,"1,178.10"
04/05/2010,"1,187.40"
04/06/2010,"1,189.40"
04/07/2010,"1,182.50"
04/08/2010,"1,186.40"
04/09/2010,"1,194.40"
04/12/2010,"1,196.50"
04/13/2010,"1,197.30"
04/14/2010,"1,210.70"
04/15/2010,"1,211.70"
04/16/2010,"1,192.10"
04/19/2010,"1,197.50"
04/20/2010,"1,207.20"
04/21/2010,"1,205.90"
04/22/2010,"1,208.70"
04/23/2010,"1,217.30"
04/26/2010,"1,212.00"
04/27/2010,"1,183.70"
04/28/2010,"1,191.40"
04/29/2010,"1,206.80"
04/30/2010,"1,186.70"
05/03/2010,"1,202.30"
05/04/2010,"1,173.60"
05/05/2010,"1,165.90"
05/06/2010,"1,128.20"
05/07/2010,"1,110.90"
05/10/2010,"1,159.70"
05/11/2010,"1,155.80"
05/12/2010,"1,171.70"
05/13/2010,"1,157.40"
05/14/2010,"1,135.70"
05/17/2010,"1,136.90"
05/18/2010,"1,120.80"
05/19/2010,"1,115.00"
05/20/2010,"1,071.60"
05/21/2010,"1,087.70"
05/24/2010,"1,073.70"
05/25/2010,"1,074.00"
05/26/2010,"1,068.00"
05/27/2010,"1,103.10"
05/28/2010,"1,089.40"
06/01/2010,"1,070.70"
06/02/2010,"1,098.40"
06/03/2010,"1,102.80"
06/04/2010,"1,064.90"
06/07/2010,"1,050.50"
06/08/2010,"1,062.00"
06/09/2010,"1,055.70"
06/10/2010,"1,086.80"
06/11/2010,"1,091.60"
06/14/2010,"1,089.60"
06/15/2010,"1,115.20"
06/16/2010,"1,114.60"
06/17/2010,"1,116.00"
06/18/2010,"1,117.50"
06/21/2010,"1,113.20"
06/22/2010,"1,095.30"
06/23/2010,"1,092.00"
06/24/2010,"1,073.70"
06/25/2010,"1,076.80"
06/28/2010,"1,074.60"
06/29/2010,"1,041.20"
06/30/2010,"1,030.70"
07/01/2010,"1,027.40"
07/02/2010,"1,022.60"
07/06/2010,"1,028.10"
07/07/2010,"1,060.30"
07/08/2010,"1,070.20"
07/09/2010,"1,078.00"
07/12/2010,"1,078.80"
07/13/2010,"1,095.30"
07/14/2010,"1,095.20"
07/15/2010,"1,096.50"
07/16/2010,"1,064.90"
07/19/2010,"1,071.20"
07/20/2010,"1,083.50"
07/21/2010,"1,069.60"
07/22/2010,"1,093.70"
07/23/2010,"1,102.70"
07/26/2010,"1,115.00"
07/27/2010,"1,113.80"
07/28/2010,"1,106.10"
07/29/2010,"1,101.50"
07/30/2010,"1,101.60"
08/02/2010,"1,125.90"
08/03/2010,"1,120.50"
08/04/2010,"1,127.20"
08/05/2010,"1,125.80"
08/06/2010,"1,121.60"
08/09/2010,"1,127.80"
08/10/2010,"1,121.10"
08/11/2010,"1,089.50"
08/12/2010,"1,083.60"
08/13/2010,"1,079.20"
08/16/2010,"1,079.40"
08/17/2010,"1,092.50"
08/18/2010,"1,094.20"
08/19/2010,"1,075.60"
08/20/2010,"1,071.70"
08/23/2010,"1,067.40"
08/24/2010,"1,051.90"
08/25/2010,"1,055.30"
08/26/2010,"1,047.20"
08/27/2010,"1,064.60"
08/30/2010,"1,048.90"
08/31/2010,"1,049.30"
09/01/2010,"1,080.30"
09/02/2010,"1,090.10"
09/03/2010,"1,104.50"
09/07/2010,"1,091.80"
09/08/2010,"1,098.90"
09/09/2010,"1,104.20"
09/10/2010,"1,109.50"
09/13/2010,"1,121.90"
09/14/2010,"1,121.10"
09/15/2010,"1,125.10"
09/16/2010,"1,124.70"
09/17/2010,"1,125.60"
09/20/2010,"1,142.70"
09/21/2010,"1,139.80"
09/22/2010,"1,134.30"
09/23/2010,"1,124.80"
09/24/2010,"1,148.70"
09/27/2010,"1,142.20"
09/28/2010,"1,147.70"
09/29/2010,"1,144.70"
09/30/2010,"1,141.20"
10/01/2010,"1,146.20"
10/04/2010,"1,137.00"
10/05/2010,"1,160.80"
10/06/2010,"1,160.00"
10/07/2010,"1,158.10"
10/08/2010,"1,165.20"
10/11/2010,"1,165.30"
10/12/2010,"1,169.80"
10/13/2010,"1,178.10"
10/14/2010,"1,173.80"
10/15/2010,"1,176.20"
10/18/2010,"1,184.70"
10/19/2010,"1,165.90"
10/20/2010,"1,178.20"
10/21/2010,"1,180.30"
10/22/2010,"1,183.10"
10/25/2010,"1,185.60"
10/26/2010,"1,185.60"
10/27/2010,"1,182.50"
10/28/2010,"1,183.80"
10/29/2010,"1,183.30"
11/01/2010,"1,184.40"
11/02/2010,"1,193.60"
11/03/2010,"1,198.00"
11/04/2010,"1,221.10"
11/05/2010,"1,225.80"
11/08/2010,"1,223.20"
11/09/2010,"1,213.40"
11/10/2010,"1,218.70"
11/11/2010,"1,213.50"
11/12/2010,"1,199.20"
11/15/2010,"1,197.80"
11/16/2010,"1,178.30"
11/17/2010,"1,178.60"
11/18/2010,"1,196.70"
11/19/2010,"1,199.70"
11/22/2010,"1,197.80"
11/23/2010,"1,180.70"
11/24/2010,"1,198.30"
11/26/2010,"1,189.40"
11/29/2010,"1,187.80"
11/30/2010,"1,180.50"
12/01/2010,"1,206.10"
12/02/2010,"1,221.50"
12/03/2010,"1,224.70"
12/06/2010,"1,223.10"
12/07/2010,"1,223.80"
12/08/2010,"1,228.30"
12/09/2010,"1,233.00"
12/10/2010,"1,240.40"
12/13/2010,"1,240.50"
12/14/2010,"1,241.60"
12/15/2010,"1,235.20"
12/16/2010,"1,242.90"
12/17/2010,"1,243.90"
12/20/2010,"1,247.10"
12/21/2010,"1,254.60"
12/22/2010,"1,258.80"
12/23/2010,"1,256.80"
12/27/2010,"1,257.50"
12/28/2010,"1,258.50"
12/29/2010,"1,259.80"
12/30/2010,"1,257.90"
12/31/2010,"1,257.60"
01/03/2011,"1,271.90"
01/04/2011,"1,270.20"
01/05/2011,"1,276.60"
01/06/2011,"1,273.80"
01/07/2011,"1,271.50"
01/10/2011,"1,269.80"
01/11/2011,"1,274.50"
01/12/2011,"1,286.00"
01/13/2011,"1,283.80"
01/14/2011,"1,293.20"
01/18/2011,"1,295.00"
01/19/2011,"1,281.90"
01/20/2011,"1,280.30"
01/21/2011,"1,283.30"
01/24/2011,"1,290.80"
01/25/2011,"1,291.20"
01/26/2011,"1,296.60"
01/27/2011,"1,299.50"
01/28/2011,"1,276.30"
01/31/2011,"1,286.10"
02/01/2011,"1,307.60"
02/02/2011,"1,304.00"
02/03/2011,"1,307.10"
02/04/2011,"1,310.90"
02/07/2011,"1,319.00"
02/08/2011,"1,324.60"
02/09/2011,"1,320.90"
02/10/2011,"1,321.90"
02/11/2011,"1,329.20"
02/14/2011,"1,332.30"
02/15/2011,"1,328.00"
02/16/2011,"1,336.30"
02/17/2011,"1,340.40"
02/18/2011,"1,343.00"
02/22/2011,"1,315.40"
02/23/2011,"1,307.40"
02/24/2011,"1,306.10"
02/25/2011,"1,319.90"
02/28/2011,"1,327.20"
03/01/2011,"1,306.30"
03/02/2011,"1,308.40"
03/03/2011,"1,331.00"
03/04/2011,"1,321.20"
03/07/2011,"1,310.10"
03/08/2011,"1,321.80"
03/09/2011,"1,320.00"
03/10/2011,"1,295.10"
03/11/2011,"1,304.30"
03/14/2011,"1,296.40"
03/15/2011,"1,281.90"
03/16/2011,"1,256.90"
03/17/2011,"1,273.70"
03/18/2011,"1,279.20"
03/21/2011,"1,298.40"
03/22/2011,"1,293.80"
03/23/2011,"1,297.50"
03/24/2011,"1,309.70"
03/25/2011,"1,313.80"
03/28/2011,"1,310.20"
03/29/2011,"1,319.40"
03/30/2011,"1,328.30"
03/31/2011,"1,325.80"
04/01/2011,"1,332.40"
04/04/2011,"1,332.90"
04/05/2011,"1,332.60"
04/06/2011,"1,335.50"
04/07/2011,"1,333.50"
04/08/2011,"1,328.20"
04/11/2011,"1,324.50"
04/12/2011,"1,314.20"
04/13/2011,"1,314.40"
04/14/2011,"1,314.50"
04/15/2011,"1,319.70"
04/18/2011,"1,305.10"
04/19/2011,"1,312.60"
04/20/2011,"1,330.40"
04/21/2011,"1,337.40"
04/25/2011,"1,335.20"
04/26/2011,"1,347.20"
04/27/2011,"1,355.70"
04/28/2011,"1,360.50"
04/29/2011,"1,363.60"
05/02/2011,"1,361.20"
05/03/2011,"1,356.60"
05/04/2011,"1,347.30"
05/05/2011,"1,335.10"
05/06/2011,"1,340.20"
05/09/2011,"1,346.30"
05/10/2011,"1,357.20"
05/11/2011,"1,342.10"
05/12/2011,"1,348.70"
05/13/2011,"1,337.80"
05/16/2011,"1,329.50"
05/17/2011,"1,329.00"
05/18/2011,"1,340.70"
05/19/2011,"1,343.60"
05/20/2011,"1,333.30"
05/23/2011,"1,317.40"
05/24/2011,"1,316.30"
05/25/2011,"1,320.50"
05/26/2011,"1,325.70"
05/27/2011,"1,331.10"
05/31/2011,"1,345.20"
06/01/2011,"1,314.50"
06/02/2011,"1,312.90"
06/03/2011,"1,300.20"
06/06/2011,"1,286.20"
06/07/2011,"1,284.90"
06/08/2011,"1,279.60"
06/09/2011,"1,289.00"
06/10/2011,"1,271.00"
06/13/2011,"1,271.80"
06/14/2011,"1,287.90"
06/15/2011,"1,265.40"
06/16/2011,"1,267.60"
06/17/2011,"1,271.50"
06/20/2011,"1,278.40"
06/21/2011,"1,295.50"
06/22/2011,"1,287.10"
06/23/2011,"1,283.50"
06/24/2011,"1,268.50"
06/27/2011,"1,280.10"
06/28/2011,"1,296.70"
06/29/2011,"1,307.40"
06/30/2011,"1,320.60"
07/01/2011,"1,339.70"
07/05/2011,"1,337.90"
07/06/2011,"1,339.20"
07/07/2011,"1,353.20"
07/08/2011,"1,343.80"
07/11/2011,"1,319.50"
07/12/2011,"1,313.60"
07/13/2011,"1,317.70"
07/14/2011,"1,308.90"
07/15/2011,"1,316.10"
07/18/2011,"1,305.40"
07/19/2011,"1,326.70"
07/20/2011,"1,325.80"
07/21/2011,"1,343.80"
07/22/2011,"1,345.00"
07/25/2011,"1,337.40"
07/26/2011,"1,331.90"
07/27/2011,"1,304.90"
07/28/2011,"1,300.70"
07/29/2011,"1,292.30"
08/01/2011,"1,286.90"
08/02/2011,"1,254.00"
08/03/2011,"1,260.30"
08/04/2011,"1,200.10"
08/05/2011,"1,199.40"
08/08/2011,"1,119.50"
08/09/2011,"1,172.50"
08/10/2011,"1,120.80"
08/11/2011,"1,172.60"
08/12/2011,"1,178.80"
08/15/2011,"1,204.50"
08/16/2011,"1,192.80"
08/17/2011,"1,193.90"
08/18/2011,"1,140.70"
08/19/2011,"1,123.50"
08/22/2011,"1,123.80"
08/23/2011,"1,162.30"
08/24/2011,"1,177.60"
08/25/2011,"1,159.30"
08/26/2011,"1,176.80"
08/29/2011,"1,210.10"
08/30/2011,"1,212.90"
08/31/2011,"1,218.90"
09/01/2011,"1,204.40"
09/02/2011,"1,174.00"
09/06/2011,"1,165.20"
09/07/2011,"1,198.60"
09/08/2011,"1,185.90"
09/09/2011,"1,154.20"
09/12/2011,"1,162.30"
09/13/2011,"1,172.90"
09/14/2011,"1,188.70"
09/15/2011,"1,209.10"
09/16/2011,"1,216.00"
09/19/2011,"1,204.10"
09/20/2011,"1,202.10"
09/21/2011,"1,166.80"
09/22/2011,"1,129.60"
09/23/2011,"1,136.40"
09/26/2011,"1,163.00"
09/27/2011,"1,175.40"
09/28/2011,"1,151.10"
09/29/2011,"1,160.40"
09/30/2011,"1,131.40"
10/03/2011,"1,099.20"
10/04/2011,"1,124.00"
10/05/2011,"1,144.00"
10/06/2011,"1,165.00"
10/07/2011,"1,155.50"
10/10/2011,"1,194.90"
10/11/2011,"1,195.50"
10/12/2011,"1,207.20"
10/13/2011,"1,203.70"
10/14/2011,"1,224.60"
10/17/2011,"1,200.90"
10/18/2011,"1,225.40"
10/19/2011,"1,209.90"
10/20/2011,"1,215.40"
10/21/2011,"1,238.20"
10/24/2011,"1,254.20"
10/25/2011,"1,229.00"
10/26/2011,"1,242.00"
10/27/2011,"1,284.60"
10/28/2011,"1,285.10"
10/31/2011,"1,253.30"
11/01/2011,"1,218.30"
11/02/2011,"1,237.90"
11/03/2011,"1,261.20"
11/04/2011,"1,253.20"
11/07/2011,"1,261.10"
11/08/2011,"1,275.90"
11/09/2011,"1,229.10"
11/10/2011,"1,239.70"
11/11/2011,"1,263.80"
11/14/2011,"1,251.80"
11/15/2011,"1,257.80"
11/16/2011,"1,236.90"
11/17/2011,"1,216.10"
11/18/2011,"1,215.70"
11/21/2011,"1,193.00"
11/22/2011,"1,188.00"
11/23/2011,"1,161.80"
11/25/2011,"1,158.70"
11/28/2011,"1,192.50"
11/29/2011,"1,195.20"
11/30/2011,"1,247.00"
12/01/2011,"1,244.60"
12/02/2011,"1,244.30"
12/05/2011,"1,257.10"
12/06/2011,"1,258.50"
12/07/2011,"1,261.00"
12/08/2011,"1,234.30"
12/09/2011,"1,255.20"
12/12/2011,"1,236.50"
12/13/2011,"1,225.70"
12/14/2011,"1,211.80"
12/15/2011,"1,215.80"
12/16/2011,"1,219.70"
12/19/2011,"1,205.30"
12/20/2011,"1,241.30"
12/21/2011,"1,243.70"
12/22/2011,"1,254.00"
12/23/2011,"1,265.30"
12/27/2011,"1,265.40"
12/28/2011,"1,249.60"
12/29/2011,"1,263.00"
12/30/2011,"1,257.60"
01/03/2012,"1,277.10"
01/04/2012,"1,277.30"
01/05/2012,"1,281.10"
01/06/2012,"1,277.80"
01/09/2012,"1,280.70"
01/10/2012,"1,292.10"
01/11/2012,"1,292.50"
01/12/2012,"1,295.50"
01/13/2012,"1,289.10"
01/17/2012,"1,293.70"
01/18/2012,"1,308.00"
01/19/2012,"1,314.50"
01/20/2012,"1,315.40"
01/23/2012,"1,316.00"
01/24/2012,"1,314.70"
01/25/2012,"1,326.00"
01/26/2012,"1,318.40"
01/27/2012,"1,316.30"
01/30/2012,"1,313.00"
01/31/2012,"1,312.40"
02/01/2012,"1,324.10"
02/02/2012,"1,325.50"
02/03/2012,"1,344.90"
02/06/2012,"1,344.30"
02/07/2012,"1,347.00"
02/08/2012,"1,350.00"
02/09/2012,"1,352.00"
02/10/2012,"1,342.60"
02/13/2012,"1,351.80"
02/14/2012,"1,350.50"
02/15/2012,"1,343.20"
02/16/2012,"1,358.00"
02/17/2012,"1,361.20"
02/21/2012,"1,362.20"
02/22/2012,"1,357.70"
02/23/2012,"1,363.50"
02/24/2012,"1,365.70"
02/27/2012,"1,367.60"
02/28/2012,"1,372.20"
02/29/2012,"1,365.70"
03/01/2012,"1,374.10"
03/02/2012,"1,369.60"
03/05/2012,"1,364.30"
03/06/2012,"1,343.40"
03/07/2012,"1,352.60"
03/08/2012,"1,365.90"
03/09/2012,"1,370.90"
03/12/2012,"1,371.10"
03/13/2012,"1,396.00"
03/14/2012,"1,394.30"
03/15/2012,"1,402.60"
03/16/2012,"1,404.20"
03/19/2012,"1,409.80"
03/20/2012,"1,405.50"
03/21/2012,"1,402.90"
03/22/2012,"1,392.80"
03/23/2012,"1,397.10"
03/26/2012,"1,416.50"
03/27/2012,"1,412.50"
03/28/2012,"1,405.50"
03/29/2012,"1,403.30"
03/30/2012,"1,408.50"
04/02/2012,"1,419.00"
04/03/2012,"1,413.40"
04/04/2012,"1,399.00"
04/05/2012,"1,398.10"
04/09/2012,"1,382.20"
04/10/2012,"1,358.60"
04/11/2012,"1,368.70"
04/12/2012,"1,387.60"
04/13/2012,"1,370.30"
04/16/2012,"1,369.60"
04/17/2012,"1,390.80"
04/18/2012,"1,385.10"
04/19/2012,"1,376.90"
04/20/2012,"1,378.50"
04/23/2012,"1,366.90"
04/24/2012,"1,372.00"
04/25/2012,"1,390.70"
04/26/2012,"1,400.00"
04/27/2012,"1,403.40"
04/30/2012,"1,397.90"
05/01/2012,"1,405.80"
05/02/2012,"1,402.30"
05/03/2012,"1,391.60"
05/04/2012,"1,369.10"
05/07/2012,"1,369.60"
05/08/2012,"1,363.70"
05/09/2012,"1,354.60"
05/10/2012,"1,358.00"
05/11/2012,"1,353.40"
05/14/2012,"1,338.30"
05/15/2012,"1,330.70"
05/16/2012,"1,324.80"
05/17/2012,"1,304.90"
05/18/2012,"1,295.20"
05/21/2012,"1,316.00"
05/22/2012,"1,316.60"
05/23/2012,"1,318.90"
05/24/2012,"1,320.70"
05/25/2012,"1,317.80"
05/29/2012,"1,332.40"
05/30/2012,"1,313.30"
05/31/2012,"1,310.30"
06/01/2012,"1,278.00"
06/04/2012,"1,278.20"
06/05/2012,"1,285.50"
06/06/2012,"1,315.10"
06/07/2012,"1,315.00"
06/08/2012,"1,325.70"
06/11/2012,"1,308.90"
06/12/2012,"1,324.20"
06/13/2012,"1,314.90"
06/14/2012,"1,329.10"
06/15/2012,"1,342.80"
06/18/2012,"1,344.80"
06/19/2012,"1,358.00"
06/20/2012,"1,355.70"
06/21/2012,"1,325.50"
06/22/2012,"1,335.00"
06/25/2012,"1,313.70"
06/26/2012,"1,320.00"
06/27/2012,"1,331.80"
06/28/2012,"1,329.00"
06/29/2012,"1,362.20"
07/02/2012,"1,365.50"
07/03/2012,"1,374.00"
07/05/2012,"1,367.60"
07/06/2012,"1,354.70"
07/09/2012,"1,352.50"
07/10/2012,"1,341.50"
07/11/2012,"1,341.50"
07/12/2012,"1,334.80"
07/13/2012,"1,356.80"
07/16/2012,"1,353.60"
07/17/2012,"1,363.70"
07/18/2012,"1,372.80"
07/19/2012,"1,376.50"
07/20/2012,"1,362.70"
07/23/2012,"1,350.50"
07/24/2012,"1,338.30"
07/25/2012,"1,337.90"
07/26/2012,"1,360.00"
07/27/2012,"1,386.00"
07/30/2012,"1,385.30"
07/31/2012,"1,379.30"
08/01/2012,"1,375.10"
08/02/2012,"1,365.00"
08/03/2012,"1,391.00"
08/06/2012,"1,394.20"
08/07/2012,"1,401.30"
08/08/2012,"1,402.20"
08/09/2012,"1,402.80"
08/10/2012,"1,405.90"
08/13/2012,"1,404.10"
08/14/2012,"1,403.90"
08/15/2012,"1,405.50"
08/16/2012,"1,415.50"
08/17/2012,"1,418.20"
08/20/2012,"1,418.10"
08/21/2012,"1,413.20"
08/22/2012,"1,413.50"
08/23/2012,"1,402.10"
08/24/2012,"1,411.10"
08/27/2012,"1,410.40"
08/28/2012,"1,409.30"
08/29/2012,"1,410.50"
08/30/2012,"1,399.50"
08/31/2012,"1,406.60"
09/04/2012,"1,404.90"
09/05/2012,"1,403.40"
09/06/2012,"1,432.10"
09/07/2012,"1,437.90"
09/10/2012,"1,429.10"
09/11/2012,"1,433.60"
09/12/2012,"1,436.60"
09/13/2012,"1,460.00"
09/14/2012,"1,465.80"
09/17/2012,"1,461.20"
09/18/2012,"1,459.30"
09/19/2012,"1,461.00"
09/20/2012,"1,460.30"
09/21/2012,"1,460.20"
09/24/2012,"1,456.90"
09/25/2012,"1,441.60"
09/26/2012,"1,433.30"
09/27/2012,"1,447.20"
09/28/2012,"1,440.70"
10/01/2012,"1,444.50"
10/02/2012,"1,445.80"
10/03/2012,"1,451.00"
10/04/2012,"1,461.40"
10/05/2012,"1,460.90"
10/08/2012,"1,455.90"
10/09/2012,"1,441.50"
10/10/2012,"1,432.60"
10/11/2012,"1,432.80"
10/12/2012,"1,428.60"
10/15/2012,"1,440.10"
10/16/2012,"1,454.90"
10/17/2012,"1,460.90"
10/18/2012,"1,457.30"
10/19/2012,"1,433.20"
10/22/2012,"1,433.80"
10/23/2012,"1,413.10"
10/24/2012,"1,408.80"
10/25/2012,"1,413.00"
10/26/2012,"1,411.90"
10/31/2012,"1,412.20"
11/01/2012,"1,427.60"
11/02/2012,"1,414.20"
11/05/2012,"1,417.30"
11/06/2012,"1,428.40"
11/07/2012,"1,394.50"
11/08/2012,"1,377.50"
11/09/2012,"1,379.80"
11/12/2012,"1,380.00"
11/13/2012,"1,374.50"
11/14/2012,"1,355.50"
11/15/2012,"1,353.30"
11/16/2012,"1,359.90"
11/19/2012,"1,386.90"
11/20/2012,"1,387.80"
11/21/2012,"1,391.00"
11/23/2012,"1,409.20"
11/26/2012,"1,406.30"
11/27/2012,"1,398.90"
11/28/2012,"1,409.90"
11/29/2012,"1,416.00"
11/30/2012,"1,416.20"
12/03/2012,"1,409.50"
12/04/2012,"1,407.00"
12/05/2012,"1,409.30"
12/06/2012,"1,413.90"
12/07/2012,"1,418.10"
12/10/2012,"1,418.50"
12/11/2012,"1,427.80"
12/12/2012,"1,428.50"
12/13/2012,"1,419.50"
12/14/2012,"1,413.60"
12/17/2012,"1,430.40"
12/18/2012,"1,446.80"
12/19/2012,"1,435.80"
12/20/2012,"1,443.70"
12/21/2012,"1,430.20"
12/24/2012,"1,426.70"
12/26/2012,"1,419.80"
12/27/2012,"1,418.10"
12/28/2012,"1,402.40"
12/31/2012,"1,426.20"
01/02/2013,"1,462.40"
01/03/2013,"1,459.40"
01/04/2013,"1,466.50"
01/07/2013,"1,461.90"
01/08/2013,"1,457.20"
01/09/2013,"1,461.00"
01/10/2013,"1,472.10"
01/11/2013,"1,472.00"
01/14/2013,"1,470.70"
01/15/2013,"1,472.30"
01/16/2013,"1,472.60"
01/17/2013,"1,480.90"
01/18/2013,"1,486.00"
01/22/2013,"1,492.60"
01/23/2013,"1,494.80"
01/24/2013,"1,494.80"
01/25/2013,"1,503.00"
01/28/2013,"1,500.20"
01/29/2013,"1,507.80"
01/30/2013,"1,502.00"
01/31/2013,"1,498.10"
02/01/2013,"1,513.20"
02/04/2013,"1,495.70"
02/05/2013,"1,511.30"
02/06/2013,"1,512.10"
02/07/2013,"1,509.40"
02/08/2013,"1,517.90"
02/11/2013,"1,517.00"
02/12/2013,"1,519.40"
02/13/2013,"1,520.30"
02/14/2013,"1,521.40"
02/15/2013,"1,519.80"
02/19/2013,"1,530.90"
02/20/2013,"1,512.00"
02/21/2013,"1,502.40"
02/22/2013,"1,515.60"
02/25/2013,"1,487.80"
02/26/2013,"1,496.90"
02/27/2013,"1,516.00"
02/28/2013,"1,514.70"
03/01/2013,"1,518.20"
03/04/2013,"1,525.20"
03/05/2013,"1,539.80"
03/06/2013,"1,541.50"
03/07/2013,"1,544.30"
03/08/2013,"1,551.20"
03/11/2013,"1,556.20"
03/12/2013,"1,552.50"
03/13/2013,"1,554.50"
03/14/2013,"1,563.20"
03/15/2013,"1,560.70"
03/18/2013,"1,552.10"
03/19/2013,"1,548.30"
03/20/2013,"1,558.70"
03/21/2013,"1,545.80"
03/22/2013,"1,556.90"
03/25/2013,"1,551.70"
03/26/2013,"1,563.80"
03/27/2013,"1,562.80"
03/28/2013,"1,569.20"
04/01/2013,"1,562.20"
04/02/2013,"1,570.20"
04/03/2013,"1,553.70"
04/04/2013,"1,560.00"
04/05/2013,"1,553.30"
04/08/2013,"1,563.10"
04/09/2013,"1,568.60"
04/10/2013,"1,587.70"
04/11/2013,"1,593.40"
04/12/2013,"1,588.80"
04/15/2013,"1,552.40"
04/16/2013,"1,574.60"
04/17/2013,"1,552.00"
04/18/2013,"1,541.60"
04/19/2013,"1,555.20"
04/22/2013,"1,562.50"
04/23/2013,"1,578.80"
04/24/2013,"1,578.80"
04/25/2013,"1,585.20"
04/26/2013,"1,582.20"
04/29/2013,"1,593.60"
04/30/2013,"1,597.60"
05/01/2013,"1,582.70"
05/02/2013,"1,597.60"
05/03/2013,"1,614.40"
05/06/2013,"1,617.50"
05/07/2013,"1,626.00"
05/08/2013,"1,632.70"
05/09/2013,"1,626.70"
05/10/2013,"1,633.70"
05/13/2013,"1,633.80"
05/14/2013,"1,650.30"
05/15/2013,"1,658.80"
05/16/2013,"1,650.50"
05/17/2013,"1,667.50"
05/20/2013,"1,666.30"
05/21/2013,"1,669.20"
05/22/2013,"1,655.30"
05/23/2013,"1,650.50"
05/24/2013,"1,649.60"
05/28/2013,"1,660.10"
05/29/2013,"1,648.40"
05/30/2013,"1,654.40"
05/31/2013,"1,630.70"
06/03/2013,"1,640.40"
06/04/2013,"1,631.40"
06/05/2013,"1,608.90"
06/06/2013,"1,622.60"
06/07/2013,"1,643.40"
06/10/2013,"1,642.80"
06/11/2013,"1,626.10"
06/12/2013,"1,612.50"
06/13/2013,"1,636.40"
06/14/2013,"1,626.70"
06/17/2013,"1,639.00"
06/18/2013,"1,651.80"
06/19/2013,"1,628.90"
06/20/2013,"1,588.20"
06/21/2013,"1,592.40"
06/24/2013,"1,573.10"
06/25/2013,"1,588.00"
06/26/2013,"1,603.30"
06/27/2013,"1,613.20"
06/28/2013,"1,606.30"
07/01/2013,"1,615.00"
07/02/2013,"1,614.10"
07/03/2013,"1,615.40"
07/05/2013,"1,631.90"
07/08/2013,"1,640.50"
07/09/2013,"1,652.30"
07/10/2013,"1,652.60"
07/11/2013,"1,675.00"
07/12/2013,"1,680.20"
07/15/2013,"1,682.50"
07/16/2013,"1,676.30"
07/17/2013,"1,680.90"
07/18/2013,"1,689.40"
07/19/2013,"1,692.10"
07/22/2013,"1,695.50"
07/23/2013,"1,692.40"
07/24/2013,"1,685.90"
07/25/2013,"1,690.20"
07/26/2013,"1,691.70"
07/29/2013,"1,685.30"
07/30/2013,"1,686.00"
07/31/2013,"1,685.70"
08/01/2013,"1,706.90"
08/02/2013,"1,709.70"
08/05/2013,"1,707.10"
08/06/2013,"1,697.40"
08/07/2013,"1,690.90"
08/08/2013,"1,697.50"
08/09/2013,"1,691.40"
08/12/2013,"1,689.50"
08/13/2013,"1,694.20"
08/14/2013,"1,685.40"
08/15/2013,"1,661.30"
08/16/2013,"1,655.80"
08/19/2013,"1,646.10"
08/20/2013,"1,652.30"
08/21/2013,"1,642.80"
08/22/2013,"1,657.00"
08/23/2013,"1,663.50"
08/26/2013,"1,656.80"
08/27/2013,"1,630.50"
08/28/2013,"1,635.00"
08/29/2013,"1,638.20"
08/30/2013,"1,633.00"
09/03/2013,"1,639.80"
09/04/2013,"1,653.10"
09/05/2013,"1,655.10"
09/06/2013,"1,655.20"
09/09/2013,"1,671.70"
09/10/2013,"1,684.00"
09/11/2013,"1,689.10"
09/12/2013,"1,683.40"
09/13/2013,"1,688.00"
09/16/2013,"1,697.60"
09/17/2013,"1,704.80"
09/18/2013,"1,725.50"
09/19/2013,"1,722.30"
09/20/2013,"1,709.90"
09/23/2013,"1,701.80"
09/24/2013,"1,697.40"
09/25/2013,"1,692.80"
09/26/2013,"1,698.70"
09/27/2013,"1,691.80"
09/30/2013,"1,681.50"
10/01/2013,"1,695.00"
10/02/2013,"1,693.90"
10/03/2013,"1,678.70"
10/04/2013,"1,690.50"
10/07/2013,"1,676.10"
10/08/2013,"1,655.50"
10/09/2013,"1,656.40"
10/10/2013,"1,692.60"
10/11/2013,"1,703.20"
10/14/2013,"1,710.10"
10/15/2013,"1,698.10"
10/16/2013,"1,721.50"
10/17/2013,"1,733.20"
10/18/2013,"1,744.50"
10/21/2013,"1,744.70"
10/22/2013,"1,754.70"
10/23/2013,"1,746.40"
10/24/2013,"1,752.10"
10/25/2013,"1,759.80"
10/28/2013,"1,762.10"
10/29/2013,"1,772.00"
10/30/2013,"1,763.30"
10/31/2013,"1,756.50"
11/01/2013,"1,761.60"
11/04/2013,"1,767.90"
11/05/2013,"1,763.00"
11/06/2013,"1,770.50"
11/07/2013,"1,747.20"
11/08/2013,"1,770.60"
11/11/2013,"1,771.90"
11/12/2013,"1,767.70"
11/13/2013,"1,782.00"
11/14/2013,"1,790.60"
11/15/2013,"1,798.20"
11/18/2013,"1,791.50"
11/19/2013,"1,787.90"
11/20/2013,"1,781.40"
11/21/2013,"1,795.80"
11/22/2013,"1,804.80"
11/25/2013,"1,802.50"
11/26/2013,"1,802.80"
11/27/2013,"1,807.20"
11/29/2013,"1,805.80"
12/02/2013,"1,800.90"
12/03/2013,"1,795.20"
12/04/2013,"1,792.80"
12/05/2013,"1,785.00"
12/06/2013,"1,805.10"
12/09/2013,"1,808.40"
12/10/2013,"1,802.60"
12/11/2013,"1,782.20"
12/12/2013,"1,775.50"
12/13/2013,"1,775.30"
12/16/2013,"1,786.50"
12/17/2013,"1,781.00"
12/18/2013,"1,810.70"
12/19/2013,"1,809.60"
12/20/2013,"1,818.30"
12/23/2013,"1,828.00"
12/24/2013,"1,833.30"
12/26/2013,"1,842.00"
12/27/2013,"1,841.40"
12/30/2013,"1,841.10"
12/31/2013,"1,848.40"
01/02/2014,"1,832.00"
01/03/2014,"1,831.40"
01/06/2014,"1,826.80"
01/07/2014,"1,837.90"
01/08/2014,"1,837.50"
01/09/2014,"1,838.10"
01/10/2014,"1,842.40"
01/13/2014,"1,819.20"
01/14/2014,"1,838.90"
01/15/2014,"1,848.40"
01/16/2014,"1,845.90"
01/17/2014,"1,838.70"
01/21/2014,"1,843.80"
01/22/2014,"1,844.90"
01/23/2014,"1,828.50"
01/24/2014,"1,790.30"
01/27/2014,"1,781.60"
01/28/2014,"1,792.50"
01/29/2014,"1,774.20"
01/30/2014,"1,794.20"
01/31/2014,"1,782.60"
02/03/2014,"1,741.90"
02/04/2014,"1,755.20"
02/05/2014,"1,751.60"
02/06/2014,"1,773.40"
02/07/2014,"1,797.00"
02/10/2014,"1,799.80"
02/11/2014,"1,819.80"
02/12/2014,"1,819.30"
02/13/2014,"1,829.80"
02/14/2014,"1,838.60"
02/18/2014,"1,840.80"
02/19/2014,"1,828.80"
02/20/2014,"1,839.80"
02/21/2014,"1,836.20"
02/24/2014,"1,847.60"
02/25/2014,"1,845.10"
02/26/2014,"1,845.20"
02/27/2014,"1,854.30"
02/28/2014,"1,859.50"
03/03/2014,"1,845.70"
03/04/2014,"1,873.90"
03/05/2014,"1,873.80"
03/06/2014,"1,877.00"
03/07/2014,"1,878.00"
03/10/2014,"1,877.20"
03/11/2014,"1,867.60"
03/12/2014,"1,868.20"
03/13/2014,"1,846.30"
03/14/2014,"1,841.10"
03/17/2014,"1,858.80"
03/18/2014,"1,872.20"
03/19/2014,"1,860.80"
03/20/2014,"1,872.00"
03/21/2014,"1,866.50"
03/24/2014,"1,857.40"
03/25/2014,"1,865.60"
03/26/2014,"1,852.60"
03/27/2014,"1,849.00"
03/28/2014,"1,857.60"
03/31/2014,"1,872.30"
04/01/2014,"1,885.50"
04/02/2014,"1,890.90"
04/03/2014,"1,888.80"
04/04/2014,"1,865.10"
04/07/2014,"1,845.00"
04/08/2014,"1,852.00"
04/09/2014,"1,872.20"
04/10/2014,"1,833.10"
04/11/2014,"1,815.70"
04/14/2014,"1,830.60"
04/15/2014,"1,843.00"
04/16/2014,"1,862.30"
04/17/2014,"1,864.80"
04/21/2014,"1,871.90"
04/22/2014,"1,879.50"
04/23/2014,"1,875.40"
04/24/2014,"1,878.60"
04/25/2014,"1,863.40"
04/28/2014,"1,869.40"
04/29/2014,"1,878.30"
04/30/2014,"1,884.00"
05/01/2014,"1,883.70"
05/02/2014,"1,881.10"
05/05/2014,"1,884.70"
05/06/2014,"1,867.70"
05/07/2014,"1,878.20"
05/08/2014,"1,875.60"
05/09/2014,"1,878.50"
05/12/2014,"1,896.70"
05/13/2014,"1,897.50"
05/14/2014,"1,888.50"
05/15/2014,"1,870.80"
05/16/2014,"1,877.90"
05/19/2014,"1,885.10"
05/20/2014,"1,872.80"
05/21/2014,"1,888.00"
05/22/2014,"1,892.50"
05/23/2014,"1,900.50"
05/27/2014,"1,911.90"
05/28/2014,"1,909.80"
05/29/2014,"1,920.00"
05/30/2014,"1,923.60"
06/02/2014,"1,925.00"
06/03/2014,"1,924.20"
06/04/2014,"1,927.90"
06/05/2014,"1,940.50"
06/06/2014,"1,949.40"
06/09/2014,"1,951.30"
06/10/2014,"1,950.80"
06/11/2014,"1,943.90"
06/12/2014,"1,930.10"
06/13/2014,"1,936.20"
06/16/2014,"1,937.80"
06/17/2014,"1,942.00"
06/18/2014,"1,957.00"
06/19/2014,"1,959.50"
06/20/2014,"1,962.90"
06/23/2014,"1,962.60"
06/24/2014,"1,950.00"
06/25/2014,"1,959.50"
06/26/2014,"1,957.20"
06/27/2014,"1,961.00"
06/30/2014,"1,960.20"
07/01/2014,"1,973.30"
07/02/2014,"1,974.60"
07/03/2014,"1,985.40"
07/07/2014,"1,977.70"
07/08/2014,"1,963.70"
07/09/2014,"1,972.80"
07/10/2014,"1,964.70"
07/11/2014,"1,967.60"
07/14/2014,"1,977.10"
07/15/2014,"1,973.30"
07/16/2014,"1,981.60"
07/17/2014,"1,958.10"
07/18/2014,"1,978.20"
07/21/2014,"1,973.60"
07/22/2014,"1,983.50"
07/23/2014,"1,987.00"
07/24/2014,"1,988.00"
07/25/2014,"1,978.30"
07/28/2014,"1,978.90"
07/29/2014,"1,970.00"
07/30/2014,"1,970.10"
07/31/2014,"1,930.70"
08/01/2014,"1,925.20"
08/04/2014,"1,939.00"
08/05/2014,"1,920.20"
08/06/2014,"1,920.20"
08/07/2014,"1,909.60"
08/08/2014,"1,931.60"
08/11/2014,"1,936.90"
08/12/2014,"1,933.80"
08/13/2014,"1,946.70"
08/14/2014,"1,955.20"
08/15/2014,"1,955.10"
08/18/2014,"1,971.70"
08/19/2014,"1,981.60"
08/20/2014,"1,986.50"
08/21/2014,"1,992.40"
08/22/2014,"1,988.40"
08/25/2014,"1,997.90"
08/26/2014,"2,000.00"
08/27/2014,"2,000.10"
08/28/2014,"1,996.70"
08/29/2014,"2,003.40"
09/02/2014,"2,002.30"
09/03/2014,"2,000.70"
09/04/2014,"1,997.70"
09/05/2014,"2,007.70"
09/08/2014,"2,001.50"
09/09/2014,"1,988.40"
09/10/2014,"1,995.70"
09/11/2014,"1,997.50"
09/12/2014,"1,985.50"
09/15/2014,"1,984.10"
09/16/2014,"1,999.00"
09/17/2014,"2,001.60"
09/18/2014,"2,011.40"
09/19/2014,"2,010.40"
09/22/2014,"1,994.30"
09/23/2014,"1,982.80"
09/24/2014,"1,998.30"
09/25/2014,"1,966.00"
09/26/2014,"1,982.80"
09/29/2014,"1,977.80"
09/30/2014,"1,972.30"
10/01/2014,"1,946.20"
10/02/2014,"1,946.20"
10/03/2014,"1,967.90"
10/06/2014,"1,964.80"
10/07/2014,"1,935.10"
10/08/2014,"1,968.90"
10/09/2014,"1,928.20"
10/10/2014,"1,906.10"
10/13/2014,"1,874.70"
10/14/2014,"1,877.70"
10/15/2014,"1,862.50"
10/16/2014,"1,862.80"
10/17/2014,"1,886.80"
10/20/2014,"1,904.00"
10/21/2014,"1,941.30"
10/22/2014,"1,927.10"
10/23/2014,"1,950.80"
10/24/2014,"1,964.60"
10/27/2014,"1,961.60"
10/28/2014,"1,985.00"
10/29/2014,"1,982.30"
10/30/2014,"1,994.70"
10/31/2014,"2,018.00"
11/03/2014,"2,017.80"
11/04/2014,"2,012.10"
11/05/2014,"2,023.60"
11/06/2014,"2,031.20"
11/07/2014,"2,031.90"
11/10/2014,"2,038.30"
11/11/2014,"2,039.70"
11/12/2014,"2,038.20"
11/13/2014,"2,039.30"
11/14/2014,"2,039.80"
11/17/2014,"2,041.30"
11/18/2014,"2,051.80"
11/19/2014,"2,048.70"
11/20/2014,"2,052.80"
11/21/2014,"2,063.50"
11/24/2014,"2,069.40"
11/25/2014,"2,067.00"
11/26/2014,"2,072.80"
11/28/2014,"2,067.60"
12/01/2014,"2,053.40"
12/02/2014,"2,066.60"
12/03/2014,"2,074.30"
12/04/2014,"2,071.90"
12/05/2014,"2,075.40"
12/08/2014,"2,060.30"
12/09/2014,"2,059.80"
12/10/2014,"2,026.10"
12/11/2014,"2,035.30"
12/12/2014,"2,002.30"
12/15/2014,"1,989.60"
12/16/2014,"1,972.70"
12/17/2014,"2,012.90"
12/18/2014,"2,061.20"
12/19/2014,"2,070.70"
12/22/2014,"2,078.50"
12/23/2014,"2,082.20"
12/24/2014,"2,081.90"
12/26/2014,"2,088.80"
12/29/2014,"2,090.60"
12/30/2014,"2,080.30"
12/31/2014,"2,058.90"
01/02/2015,"2,058.20"
01/05/2015,"2,020.60"
01/06/2015,"2,002.60"
01/07/2015,"2,025.90"
01/08/2015,"2,062.10"
01/09/2015,"2,044.80"
01/12/2015,"2,028.30"
01/13/2015,"2,023.00"
01/14/2015,"2,011.30"
01/15/2015,"1,992.70"
01/16/2015,"2,019.40"
01/20/2015,"2,022.50"
01/21/2015,"2,032.10"
01/22/2015,"2,063.20"
01/23/2015,"2,051.80"
01/26/2015,"2,057.10"
01/27/2015,"2,029.50"
01/28/2015,"2,002.20"
01/29/2015,"2,021.20"
01/30/2015,"1,995.00"
02/02/2015,"2,020.80"
02/03/2015,"2,050.00"
02/04/2015,"2,041.50"
02/05/2015,"2,062.50"
02/06/2015,"2,055.50"
02/09/2015,"2,046.70"
02/10/2015,"2,068.60"
02/11/2015,"2,068.50"
02/12/2015,"2,088.50"
02/13/2015,"2,097.00"
02/17/2015,"2,100.30"
02/18/2015,"2,099.70"
02/19/2015,"2,097.40"
02/20/2015,"2,110.30"
02/23/2015,"2,109.70"
02/24/2015,"2,115.50"
02/25/2015,"2,113.90"
02/26/2015,"2,110.70"
02/27/2015,"2,104.50"
03/02/2015,"2,117.40"
03/03/2015,"2,107.80"
03/04/2015,"2,098.50"
03/05/2015,"2,101.00"
03/06/2015,"2,071.30"
03/09/2015,"2,079.40"
03/10/2015,"2,044.20"
03/11/2015,"2,040.20"
03/12/2015,"2,065.90"
03/13/2015,"2,053.40"
03/16/2015,"2,081.20"
03/17/2015,"2,074.30"
03/18/2015,"2,099.50"
03/19/2015,"2,089.30"
03/20/2015,"2,108.10"
03/23/2015,"2,104.40"
03/24/2015,"2,091.50"
03/25/2015,"2,061.10"
03/26/2015,"2,056.20"
03/27/2015,"2,061.00"
03/30/2015,"2,086.20"
03/31/2015,"2,067.90"
04/01/2015,"2,059.70"
04/02/2015,"2,067.00"
04/06/2015,"2,080.60"
04/07/2015,"2,076.30"
04/08/2015,"2,081.90"
04/09/2015,"2,091.20"
04/10/2015,"2,102.10"
04/13/2015,"2,092.40"
04/14/2015,"2,095.80"
04/15/2015,"2,106.60"
04/16/2015,"2,105.00"
04/17/2015,"2,081.20"
04/20/2015,"2,100.40"
04/21/2015,"2,097.30"
04/22/2015,"2,108.00"
04/23/2015,"2,112.90"
04/24/2015,"2,117.70"
04/27/2015,"2,108.90"
04/28/2015,"2,114.80"
04/29/2015,"2,106.80"
04/30/2015,"2,085.50"
05/01/2015,"2,108.30"
05/04/2015,"2,114.50"
05/05/2015,"2,089.50"
05/06/2015,"2,080.20"
05/07/2015,"2,088.00"
05/08/2015,"2,116.10"
05/11/2015,"2,105.30"
05/12/2015,"2,099.10"
05/13/2015,"2,098.50"
05/14/2015,"2,121.10"
05/15/2015,"2,122.70"
05/18/2015,"2,129.20"
05/19/2015,"2,127.80"
05/20/2015,"2,125.80"
05/21/2015,"2,130.80"
05/22/2015,"2,126.10"
05/26/2015,"2,104.20"
05/27/2015,"2,123.50"
05/28/2015,"2,120.80"
05/29/2015,"2,107.40"
06/01/2015,"2,111.70"
06/02/2015,"2,109.60"
06/03/2015,"2,114.10"
06/04/2015,"2,095.80"
06/05/2015,"2,092.80"
06/08/2015,"2,079.30"
06/09/2015,"2,080.20"
06/10/2015,"2,105.20"
06/11/2015,"2,108.90"
06/12/2015,"2,094.10"
06/15/2015,"2,084.40"
06/16/2015,"2,096.30"
06/17/2015,"2,100.40"
06/18/2015,"2,121.20"
06/19/2015,"2,110.00"
06/22/2015,"2,122.80"
06/23/2015,"2,124.20"
06/24/2015,"2,108.60"
06/25/2015,"2,102.30"
06/26/2015,"2,101.50"
06/29/2015,"2,057.60"
06/30/2015,"2,063.10"
07/01/2015,"2,077.40"
07/02/2015,"2,076.80"
07/06/2015,"2,068.80"
07/07/2015,"2,081.30"
07/08/2015,"2,046.70"
07/09/2015,"2,051.30"
07/10/2015,"2,076.60"
07/13/2015,"2,099.60"
07/14/2015,"2,108.90"
07/15/2015,"2,107.40"
07/16/2015,"2,124.30"
07/17/2015,"2,126.60"
07/20/2015,"2,128.30"
07/21/2015,"2,119.20"
07/22/2015,"2,114.20"
07/23/2015,"2,102.20"
07/24/2015,"2,079.70"
07/27/2015,"2,067.60"
07/28/2015,"2,093.20"
07/29/2015,"2,108.60"
07/30/2015,"2,108.60"
07/31/2015,"2,103.80"
08/03/2015,"2,098.00"
08/04/2015,"2,093.30"
08/05/2015,"2,099.80"
08/06/2015,"2,083.60"
08/07/2015,"2,077.60"
08/10/2015,"2,104.20"
08/11/2015,"2,084.10"
08/12/2015,"2,086.10"
08/13/2015,"2,083.40"
08/14/2015,"2,091.50"
08/17/2015,"2,102.40"
08/18/2015,"2,096.90"
08/19/2015,"2,079.60"
08/20/2015,"2,035.70"
08/21/2015,"1,970.90"
08/24/2015,"1,893.20"
08/25/2015,"1,867.60"
08/26/2015,"1,940.50"
08/27/2015,"1,987.70"
08/28/2015,"1,988.90"
08/31/2015,"1,972.20"
09/01/2015,"1,913.80"
09/02/2015,"1,948.90"
09/03/2015,"1,951.10"
09/04/2015,"1,921.20"
09/08/2015,"1,969.40"
09/09/2015,"1,942.00"
09/10/2015,"1,952.30"
09/11/2015,"1,961.00"
09/14/2015,"1,953.00"
09/15/2015,"1,978.10"
09/16/2015,"1,995.30"
09/17/2015,"1,990.20"
09/18/2015,"1,958.00"
09/21/2015,"1,967.00"
09/22/2015,"1,942.70"
09/23/2015,"1,938.80"
09/24/2015,"1,932.20"
09/25/2015,"1,931.30"
09/28/2015,"1,881.80"
09/29/2015,"1,884.10"
09/30/2015,"1,920.00"
10/01/2015,"1,923.80"
10/02/2015,"1,951.40"
10/05/2015,"1,987.00"
10/06/2015,"1,979.90"
10/07/2015,"1,995.80"
10/08/2015,"2,013.40"
10/09/2015,"2,014.90"
10/12/2015,"2,017.50"
10/13/2015,"2,003.70"
10/14/2015,"1,994.20"
10/15/2015,"2,023.90"
10/16/2015,"2,033.10"
10/19/2015,"2,033.70"
10/20/2015,"2,030.80"
10/21/2015,"2,018.90"
10/22/2015,"2,052.50"
10/23/2015,"2,075.20"
10/26/2015,"2,071.20"
10/27/2015,"2,065.90"
10/28/2015,"2,090.30"
10/29/2015,"2,089.40"
10/30/2015,"2,079.40"
11/02/2015,"2,104.10"
11/03/2015,"2,109.80"
11/04/2015,"2,102.30"
11/05/2015,"2,099.90"
11/06/2015,"2,099.20"
11/09/2015,"2,078.60"
11/10/2015,"2,081.70"
11/11/2015,"2,075.00"
11/12/2015,"2,046.00"
11/13/2015,"2,023.00"
11/16/2015,"2,053.20"
11/17/2015,"2,050.40"
11/18/2015,"2,083.60"
11/19/2015,"2,081.20"
11/20/2015,"2,089.20"
11/23/2015,"2,086.60"
11/24/2015,"2,089.10"
11/25/2015,"2,088.90"
11/27/2015,"2,090.10"
11/30/2015,"2,080.40"
12/01/2015,"2,102.60"
12/02/2015,"2,079.50"
12/03/2015,"2,049.60"
12/04/2015,"2,091.70"
12/07/2015,"2,077.10"
12/08/2015,"2,063.60"
12/09/2015,"2,047.60"
12/10/2015,"2,052.20"
12/11/2015,"2,012.40"
12/14/2015,"2,021.90"
12/15/2015,"2,043.40"
12/16/2015,"2,073.10"
12/17/2015,"2,041.90"
12/18/2015,"2,005.50"
12/21/2015,"2,021.20"
12/22/2015,"2,039.00"
12/23/2015,"2,064.30"
12/24/2015,"2,061.00"
12/28/2015,"2,056.50"
12/29/2015,"2,078.40"
12/30/2015,"2,063.40"
12/31/2015,"2,043.90"
01/04/2016,"2,012.70"
01/05/2016,"2,016.70"
01/06/2016,"1,990.30"
01/07/2016,"1,943.10"
01/08/2016,"1,922.00"
01/11/2016,"1,923.70"
01/12/2016,"1,938.70"
01/13/2016,"1,890.30"
01/14/2016,"1,921.80"
01/15/2016,"1,880.30"
01/19/2016,"1,881.30"
01/20/2016,"1,859.30"
01/21/2016,"1,869.00"
01/22/2016,"1,906.90"
01/25/2016,"1,877.10"
01/26/2016,"1,903.60"
01/27/2016,"1,883.00"
01/28/2016,"1,893.40"
01/29/2016,"1,940.20"
02/01/2016,"1,939.40"
02/02/2016,"1,903.00"
02/03/2016,"1,912.50"
02/04/2016,"1,915.50"
02/05/2016,"1,880.00"
02/08/2016,"1,853.40"
02/09/2016,"1,852.20"
02/10/2016,"1,851.90"
02/11/2016,"1,829.10"
02/12/2016,"1,864.80"
02/16/2016,"1,895.60"
02/17/2016,"1,926.80"
02/18/2016,"1,917.80"
02/19/2016,"1,917.80"
02/22/2016,"1,945.50"
02/23/2016,"1,921.30"
02/24/2016,"1,929.80"
02/25/2016,"1,951.70"
02/26/2016,"1,948.00"
02/29/2016,"1,932.20"
03/01/2016,"1,978.30"
03/02/2016,"1,986.50"
03/03/2016,"1,993.40"
03/04/2016,"2,000.00"
03/07/2016,"2,001.80"
03/08/2016,"1,979.30"
03/09/2016,"1,989.30"
03/10/2016,"1,989.60"
03/11/2016,"2,022.20"
03/14/2016,"2,019.60"
03/15/2016,"2,015.90"
03/16/2016,"2,027.20"
03/17/2016,"2,040.60"
03/18/2016,"2,049.60"
03/21/2016,"2,051.60"
03/22/2016,"2,049.80"
03/23/2016,"2,036.70"
03/24/2016,"2,035.90"
03/28/2016,"2,037.00"
03/29/2016,"2,055.00"
03/30/2016,"2,063.90"
03/31/2016,"2,059.70"
04/01/2016,"2,072.80"
04/04/2016,"2,066.10"
04/05/2016,"2,045.20"
04/06/2016,"2,066.70"
04/07/2016,"2,041.90"
04/08/2016,"2,047.60"
04/11/2016,"2,042.00"
04/12/2016,"2,061.70"
04/13/2016,"2,082.40"
04/14/2016,"2,082.80"
04/15/2016,"2,080.70"
04/18/2016,"2,094.30"
04/19/2016,"2,100.80"
04/20/2016,"2,102.40"
04/21/2016,"2,091.50"
04/22/2016,"2,091.60"
04/25/2016,"2,087.80"
04/26/2016,"2,091.70"
04/27/2016,"2,095.20"
04/28/2016,"2,075.80"
04/29/2016,"2,065.30"
05/02/2016,"2,081.40"
05/03/2016,"2,063.40"
05/04/2016,"2,051.10"
05/05/2016,"2,050.60"
05/06/2016,"2,057.10"
05/09/2016,"2,058.70"
05/10/2016,"2,084.40"
05/11/2016,"2,064.50"
05/12/2016,"2,064.10"
05/13/2016,"2,046.60"
05/16/2016,"2,066.70"
05/17/2016,"2,047.20"
05/18/2016,"2,047.60"
05/19/2016,"2,040.00"
05/20/2016,"2,052.30"
05/23/2016,"2,048.00"
05/24/2016,"2,076.10"
05/25/2016,"2,090.50"
05/26/2016,"2,090.10"
05/27/2016,"2,099.10"
05/31/2016,"2,097.00"
06/01/2016,"2,099.30"
06/02/2016,"2,105.30"
06/03/2016,"2,099.10"
06/06/2016,"2,109.40"
06/07/2016,"2,112.10"
06/08/2016,"2,119.10"
06/09/2016,"2,115.50"
06/10/2016,"2,096.10"
06/13/2016,"2,079.10"
06/14/2016,"2,075.30"
06/15/2016,"2,071.50"
06/16/2016,"2,078.00"
06/17/2016,"2,071.20"
06/20/2016,"2,083.20"
06/21/2016,"2,088.90"
06/22/2016,"2,085.40"
06/23/2016,"2,113.30"
06/24/2016,"2,037.40"
06/27/2016,"2,000.50"
06/28/2016,"2,036.10"
06/29/2016,"2,070.80"
06/30/2016,"2,098.90"
07/01/2016,"2,102.90"
07/05/2016,"2,088.60"
07/06/2016,"2,099.70"
07/07/2016,"2,097.90"
07/08/2016,"2,129.90"
07/11/2016,"2,137.20"
07/12/2016,"2,152.10"
07/13/2016,"2,152.40"
07/14/2016,"2,163.80"
07/15/2016,"2,161.70"
07/18/2016,"2,166.90"
07/19/2016,"2,163.80"
07/20/2016,"2,173.00"
07/21/2016,"2,165.20"
07/22/2016,"2,175.00"
07/25/2016,"2,168.50"
07/26/2016,"2,169.20"
07/27/2016,"2,166.60"
07/28/2016,"2,170.10"
07/29/2016,"2,173.60"
08/01/2016,"2,170.80"
08/02/2016,"2,157.00"
08/03/2016,"2,163.80"
08/04/2016,"2,164.20"
08/05/2016,"2,182.90"
08/08/2016,"2,180.90"
08/09/2016,"2,181.70"
08/10/2016,"2,175.50"
08/11/2016,"2,185.80"
08/12/2016,"2,184.10"
08/15/2016,"2,190.20"
08/16/2016,"2,178.20"
08/17/2016,"2,182.20"
08/18/2016,"2,187.00"
08/19/2016,"2,183.90"
08/22/2016,"2,182.60"
08/23/2016,"2,186.90"
08/24/2016,"2,175.40"
08/25/2016,"2,172.50"
08/26/2016,"2,169.00"
08/29/2016,"2,180.40"
08/30/2016,"2,176.10"
08/31/2016,"2,170.90"
09/01/2016,"2,170.90"
09/02/2016,"2,180.00"
09/06/2016,"2,186.50"
09/07/2016,"2,186.20"
09/08/2016,"2,181.30"
09/09/2016,"2,127.80"
09/12/2016,"2,159.00"
09/13/2016,"2,127.00"
09/14/2016,"2,125.80"
09/15/2016,"2,147.30"
09/16/2016,"2,139.20"
09/19/2016,"2,139.10"
09/20/2016,"2,139.80"
09/21/2016,"2,163.10"
09/22/2016,"2,177.20"
09/23/2016,"2,164.70"
09/26/2016,"2,146.10"
09/27/2016,"2,159.90"
09/28/2016,"2,171.40"
09/29/2016,"2,151.10"
09/30/2016,"2,168.30"
10/03/2016,"2,161.20"
10/04/2016,"2,150.50"
10/05/2016,"2,159.70"
10/06/2016,"2,160.80"
10/07/2016,"2,153.70"
10/10/2016,"2,163.70"
10/11/2016,"2,136.70"
10/12/2016,"2,139.20"
10/13/2016,"2,132.60"
10/14/2016,"2,133.00"
10/17/2016,"2,126.50"
10/18/2016,"2,139.60"
10/19/2016,"2,144.30"
10/20/2016,"2,141.30"
10/21/2016,"2,141.20"
10/24/2016,"2,151.30"
10/25/2016,"2,143.20"
10/26/2016,"2,139.40"
10/27/2016,"2,133.00"
10/28/2016,"2,126.40"
10/31/2016,"2,126.20"
11/01/2016,"2,111.70"
11/02/2016,"2,097.90"
11/03/2016,"2,088.70"
11/04/2016,"2,085.20"
11/07/2016,"2,131.50"
11/08/2016,"2,139.60"
11/09/2016,"2,163.30"
11/10/2016,"2,167.50"
11/11/2016,"2,164.40"
11/14/2016,"2,164.20"
11/15/2016,"2,180.40"
11/16/2016,"2,176.90"
11/17/2016,"2,187.10"
11/18/2016,"2,181.90"
11/21/2016,"2,198.20"
11/22/2016,"2,202.90"
11/23/2016,"2,204.70"
11/25/2016,"2,213.30"
11/28/2016,"2,201.70"
11/29/2016,"2,204.70"
11/30/2016,"2,198.80"
12/01/2016,"2,191.10"
12/02/2016,"2,191.90"
12/05/2016,"2,204.70"
12/06/2016,"2,212.20"
12/07/2016,"2,241.30"
12/08/2016,"2,246.20"
12/09/2016,"2,259.50"
12/12/2016,"2,257.00"
12/13/2016,"2,271.70"
12/14/2016,"2,253.30"
12/15/2016,"2,262.00"
12/16/2016,"2,258.10"
12/19/2016,"2,262.50"
12/20/2016,"2,270.80"
12/21/2016,"2,265.20"
12/22/2016,"2,261.00"
12/23/2016,"2,263.80"
12/27/2016,"2,268.90"
12/28/2016,"2,249.90"
12/29/2016,"2,249.30"
12/30/2016,"2,238.80"
01/03/2017,"2,257.80"
01/04/2017,"2,270.80"
01/05/2017,"2,269.00"
01/06/2017,"2,277.00"
01/09/2017,"2,268.90"
01/10/2017,"2,268.90"
01/11/2017,"2,275.30"
01/12/2017,"2,270.40"
01/13/2017,"2,274.60"
01/17/2017,"2,267.90"
01/18/2017,"2,271.90"
01/19/2017,"2,263.70"
01/20/2017,"2,271.30"
01/23/2017,"2,265.20"
01/24/2017,"2,280.10"
01/25/2017,"2,298.40"
01/26/2017,"2,296.70"
01/27/2017,"2,294.70"
01/30/2017,"2,280.90"
01/31/2017,"2,278.90"
02/01/2017,"2,279.60"
02/02/2017,"2,280.80"
02/03/2017,"2,297.40"
02/06/2017,"2,292.60"
02/07/2017,"2,293.10"
02/08/2017,"2,294.70"
02/09/2017,"2,307.90"
02/10/2017,"2,316.10"
02/13/2017,"2,328.20"
02/14/2017,"2,337.60"
02/15/2017,"2,349.20"
02/16/2017,"2,347.20"
02/17/2017,"2,351.20"
02/21/2017,"2,365.40"
02/22/2017,"2,362.80"
02/23/2017,"2,363.80"
02/24/2017,"2,367.30"
02/27/2017,"2,369.80"
02/28/2017,"2,363.60"
03/01/2017,"2,396.00"
03/02/2017,"2,381.90"
03/03/2017,"2,383.10"
03/06/2017,"2,375.30"
03/07/2017,"2,368.40"
03/08/2017,"2,363.00"
03/09/2017,"2,364.90"
03/10/2017,"2,372.60"
03/13/2017,"2,373.50"
03/14/2017,"2,365.40"
03/15/2017,"2,385.30"
03/16/2017,"2,381.40"
03/17/2017,"2,378.20"
03/20/2017,"2,373.50"
03/21/2017,"2,344.00"
03/22/2017,"2,348.40"
03/23/2017,"2,346.00"
03/24/2017,"2,344.00"
03/27/2017,"2,341.60"
03/28/2017,"2,358.60"
03/29/2017,"2,361.10"
03/30/2017,"2,368.10"
03/31/2017,"2,362.70"
04/03/2017,"2,358.80"
04/04/2017,"2,360.20"
04/05/2017,"2,352.90"
04/06/2017,"2,357.50"
04/07/2017,"2,355.50"
04/10/2017,"2,357.20"
04/11/2017,"2,353.80"
04/12/2017,"2,344.90"
04/13/2017,"2,328.90"
04/17/2017,"2,349.00"
04/18/2017,"2,342.20"
04/19/2017,"2,338.20"
04/20/2017,"2,355.80"
04/21/2017,"2,348.70"
04/24/2017,"2,374.20"
04/25/2017,"2,388.60"
04/26/2017,"2,387.40"
04/27/2017,"2,388.80"
04/28/2017,"2,384.20"
05/01/2017,"2,388.30"
05/02/2017,"2,391.20"
05/03/2017,"2,388.10"
05/04/2017,"2,389.50"
05/05/2017,"2,399.30"
05/08/2017,"2,399.40"
05/09/2017,"2,396.90"
05/10/2017,"2,399.60"
05/11/2017,"2,394.40"
05/12/2017,"2,390.90"
05/15/2017,"2,402.30"
05/16/2017,"2,400.70"
05/17/2017,"2,357.00"
05/18/2017,"2,365.70"
05/19/2017,"2,381.70"
05/22/2017,"2,394.00"
05/23/2017,"2,398.40"
05/24/2017,"2,404.40"
05/25/2017,"2,415.10"
05/26/2017,"2,415.80"
05/30/2017,"2,412.90"
05/31/2017,"2,411.80"
06/01/2017,"2,430.10"
06/02/2017,"2,439.10"
06/05/2017,"2,436.10"
06/06/2017,"2,429.30"
06/07/2017,"2,433.10"
06/08/2017,"2,433.80"
06/09/2017,"2,431.80"
06/12/2017,"2,429.40"
06/13/2017,"2,440.30"
06/14/2017,"2,437.90"
06/15/2017,"2,432.50"
06/16/2017,"2,433.20"
06/19/2017,"2,453.50"
06/20/2017,"2,437.00"
06/21/2017,"2,435.60"
06/22/2017,"2,434.50"
06/23/2017,"2,438.30"
06/26/2017,"2,439.10"
06/27/2017,"2,419.40"
06/28/2017,"2,440.70"
06/29/2017,"2,419.70"
06/30/2017,"2,423.40"
07/03/2017,"2,429.00"
07/05/2017,"2,432.50"
07/06/2017,"2,409.80"
07/07/2017,"2,425.20"
07/10/2017,"2,427.40"
07/11/2017,"2,425.50"
07/12/2017,"2,443.20"
07/13/2017,"2,447.80"
07/14/2017,"2,459.30"
07/17/2017,"2,459.10"
07/18/2017,"2,460.60"
07/19/2017,"2,473.80"
07/20/2017,"2,473.40"
07/21/2017,"2,472.50"
07/24/2017,"2,469.90"
07/25/2017,"2,477.10"
07/26/2017,"2,477.80"
07/27/2017,"2,475.40"
07/28/2017,"2,472.10"
07/31/2017,"2,470.30"
08/01/2017,"2,476.30"
08/02/2017,"2,477.60"
08/03/2017,"2,472.20"
08/04/2017,"2,476.80"
08/07/2017,"2,480.90"
08/08/2017,"2,474.90"
08/09/2017,"2,474.00"
08/10/2017,"2,438.20"
08/11/2017,"2,441.30"
08/14/2017,"2,465.80"
08/15/2017,"2,464.60"
08/16/2017,"2,468.10"
08/17/2017,"2,430.00"
08/18/2017,"2,425.60"
08/21/2017,"2,428.40"
08/22/2017,"2,452.50"
08/23/2017,"2,444.00"
08/24/2017,"2,439.00"
08/25/2017,"2,443.10"
08/28/2017,"2,444.20"
08/29/2017,"2,446.30"
08/30/2017,"2,457.60"
08/31/2017,"2,471.70"
09/01/2017,"2,476.60"
09/05/2017,"2,457.80"
09/06/2017,"2,465.50"
09/07/2017,"2,465.10"
09/08/2017,"2,461.40"
09/11/2017,"2,488.10"
09/12/2017,"2,496.50"
09/13/2017,"2,498.40"
09/14/2017,"2,495.60"
09/15/2017,"2,500.20"
09/18/2017,"2,503.90"
09/19/2017,"2,506.70"
09/20/2017,"2,508.20"
09/21/2017,"2,500.60"
09/22/2017,"2,502.20"
09/25/2017,"2,496.70"
09/26/2017,"2,496.80"
09/27/2017,"2,507.00"
09/28/2017,"2,510.10"
09/29/2017,"2,519.40"
10/02/2017,"2,529.10"
10/03/2017,"2,534.60"
10/04/2017,"2,537.70"
10/05/2017,"2,552.10"
10/06/2017,"2,549.30"
10/09/2017,"2,544.70"
10/10/2017,"2,550.60"
10/11/2017,"2,555.20"
10/12/2017,"2,550.90"
10/13/2017,"2,553.20"
10/16/2017,"2,557.60"
10/17/2017,"2,559.40"
10/18/2017,"2,561.30"
10/19/2017,"2,562.10"
10/20/2017,"2,575.20"
10/23/2017,"2,565.00"
10/24/2017,"2,569.10"
10/25/2017,"2,557.20"
10/26/2017,"2,560.40"
10/27/2017,"2,581.10"
10/30/2017,"2,572.80"
10/31/2017,"2,575.30"
11/01/2017,"2,579.40"
11/02/2017,"2,579.80"
11/03/2017,"2,587.80"
11/06/2017,"2,591.10"
11/07/2017,"2,590.60"
11/08/2017,"2,594.40"
11/09/2017,"2,584.60"
11/10/2017,"2,582.30"
11/13/2017,"2,584.80"
11/14/2017,"2,578.90"
11/15/2017,"2,564.60"
11/16/2017,"2,585.60"
11/17/2017,"2,578.80"
11/20/2017,"2,582.10"
11/21/2017,"2,599.00"
11/22/2017,"2,597.10"
11/24/2017,"2,602.40"
11/27/2017,"2,601.40"
11/28/2017,"2,627.00"
11/29/2017,"2,626.10"
11/30/2017,"2,647.60"
12/01/2017,"2,642.20"
12/04/2017,"2,639.40"
12/05/2017,"2,629.60"
12/06/2017,"2,629.30"
12/07/2017,"2,637.00"
12/08/2017,"2,651.50"
12/11/2017,"2,660.00"
12/12/2017,"2,664.10"
12/13/2017,"2,662.80"
12/14/2017,"2,652.00"
12/15/2017,"2,675.80"
12/18/2017,"2,690.20"
12/19/2017,"2,681.50"
12/20/2017,"2,679.20"
12/21/2017,"2,684.60"
12/22/2017,"2,683.30"
12/26/2017,"2,680.50"
12/27/2017,"2,682.60"
12/28/2017,"2,687.50"
12/29/2017,"2,673.60"
01/02/2018,"2,695.80"
01/03/2018,"2,713.10"
01/04/2018,"2,724.00"
01/05/2018,"2,743.20"
01/08/2018,"2,747.70"
01/09/2018,"2,751.30"
01/10/2018,"2,748.20"
01/11/2018,"2,767.60"
01/12/2018,"2,786.20"
01/16/2018,"2,776.40"
01/17/2018,"2,802.60"
01/18/2018,"2,798.00"
01/19/2018,"2,810.30"
01/22/2018,"2,833.00"
01/23/2018,"2,839.10"
01/24/2018,"2,837.50"
01/25/2018,"2,839.20"
01/26/2018,"2,872.90"
01/29/2018,"2,853.50"
01/30/2018,"2,822.40"
01/31/2018,"2,823.80"
02/01/2018,"2,822.00"
02/02/2018,"2,762.10"
02/05/2018,"2,648.90"
02/06/2018,"2,695.10"
02/07/2018,"2,681.70"
02/08/2018,"2,581.00"
02/09/2018,"2,619.60"
02/12/2018,"2,656.00"
02/13/2018,"2,662.90"
02/14/2018,"2,698.60"
02/15/2018,"2,731.20"
02/16/2018,"2,732.20"
02/20/2018,"2,716.30"
02/21/2018,"2,701.30"
02/22/2018,"2,704.00"
02/23/2018,"2,747.30"
02/26/2018,"2,779.60"
02/27/2018,"2,744.30"
02/28/2018,"2,713.80"
03/01/2018,"2,677.70"
03/02/2018,"2,691.20"
03/05/2018,"2,720.90"
03/06/2018,"2,728.10"
03/07/2018,"2,726.80"
03/08/2018,"2,739.00"
03/09/2018,"2,786.60"
03/12/2018,"2,783.00"
03/13/2018,"2,765.30"
03/14/2018,"2,749.50"
03/15/2018,"2,747.30"
03/16/2018,"2,752.00"
03/19/2018,"2,712.90"
03/20/2018,"2,716.90"
03/21/2018,"2,711.90"
03/22/2018,"2,643.70"
03/23/2018,"2,588.30"
03/26/2018,"2,658.60"
03/27/2018,"2,612.60"
03/28/2018,"2,605.00"
03/29/2018,"2,640.90"
04/02/2018,"2,581.90"
04/03/2018,"2,614.40"
04/04/2018,"2,644.70"
04/05/2018,"2,662.80"
04/06/2018,"2,604.50"
04/09/2018,"2,613.20"
04/10/2018,"2,656.90"
04/11/2018,"2,642.20"
04/12/2018,"2,664.00"
04/13/2018,"2,656.30"
04/16/2018,"2,677.80"
04/17/2018,"2,706.40"
04/18/2018,"2,708.60"
04/19/2018,"2,693.10"
04/20/2018,"2,670.10"
04/23/2018,"2,670.30"
04/24/2018,"2,634.60"
04/25/2018,"2,639.40"
04/26/2018,"2,666.90"
04/27/2018,"2,669.90"
04/30/2018,"2,648.10"
05/01/2018,"2,654.80"
05/02/2018,"2,635.70"
05/03/2018,"2,629.70"
05/04/2018,"2,663.40"
05/07/2018,"2,672.60"
05/08/2018,"2,671.90"
05/09/2018,"2,697.80"
05/10/2018,"2,723.10"
05/11/2018,"2,727.70"
05/14/2018,"2,730.10"
05/15/2018,"2,711.40"
05/16/2018,"2,722.50"
05/17/2018,"2,720.10"
05/18/2018,"2,713.00"
05/21/2018,"2,733.00"
05/22/2018,"2,724.40"
05/23/2018,"2,733.30"
05/24/2018,"2,727.80"
05/25/2018,"2,721.30"
05/29/2018,"2,689.90"
05/30/2018,"2,724.00"
05/31/2018,"2,705.30"
06/01/2018,"2,734.60"
06/04/2018,"2,746.90"
06/05/2018,"2,748.80"
06/06/2018,"2,772.30"
06/07/2018,"2,770.40"
06/08/2018,"2,779.00"
06/11/2018,"2,782.00"
06/12/2018,"2,786.80"
06/13/2018,"2,775.60"
06/14/2018,"2,782.50"
06/15/2018,"2,779.70"
06/18/2018,"2,773.80"
06/19/2018,"2,762.60"
06/20/2018,"2,767.30"
06/21/2018,"2,749.80"
06/22/2018,"2,754.90"
06/25/2018,"2,717.10"
06/26/2018,"2,723.10"
06/27/2018,"2,699.60"
06/28/2018,"2,716.30"
06/29/2018,"2,718.40"
07/02/2018,"2,726.70"
07/03/2018,"2,713.20"
07/05/2018,"2,736.60"
07/06/2018,"2,759.80"
07/09/2018,"2,784.20"
07/10/2018,"2,793.80"
07/11/2018,"2,774.00"
07/12/2018,"2,798.30"
07/13/2018,"2,801.30"
07/16/2018,"2,798.40"
07/17/2018,"2,809.60"
07/18/2018,"2,815.60"
07/19/2018,"2,804.50"
07/20/2018,"2,801.80"
07/23/2018,"2,807.00"
07/24/2018,"2,820.40"
07/25/2018,"2,846.10"
07/26/2018,"2,837.40"
07/27/2018,"2,818.80"
07/30/2018,"2,802.60"
07/31/2018,"2,816.30"
08/01/2018,"2,813.40"
08/02/2018,"2,827.20"
08/03/2018,"2,840.30"
08/06/2018,"2,850.40"
08/07/2018,"2,858.40"
08/08/2018,"2,857.70"
08/09/2018,"2,853.60"
08/10/2018,"2,833.30"
08/13/2018,"2,821.90"
08/14/2018,"2,840.00"
08/15/2018,"2,818.40"
08/16/2018,"2,840.70"
08/17/2018,"2,850.10"
08/20/2018,"2,857.10"
08/21/2018,"2,863.00"
08/22/2018,"2,861.80"
08/23/2018,"2,857.00"
08/24/2018,"2,874.70"
08/27/2018,"2,896.70"
08/28/2018,"2,897.50"
08/29/2018,"2,914.00"
08/30/2018,"2,901.10"
08/31/2018,"2,901.50"
09/04/2018,"2,896.70"
09/05/2018,"2,888.60"
09/06/2018,"2,878.10"
09/07/2018,"2,871.70"
09/10/2018,"2,877.10"
09/11/2018,"2,887.90"
09/12/2018,"2,888.90"
09/13/2018,"2,904.20"
09/14/2018,"2,905.00"
09/17/2018,"2,888.80"
09/18/2018,"2,904.30"
09/19/2018,"2,907.90"
09/20/2018,"2,930.80"
09/21/2018,"2,929.70"
09/24/2018,"2,919.40"
09/25/2018,"2,915.60"
09/26/2018,"2,906.00"
09/27/2018,"2,914.00"
09/28/2018,"2,914.00"
10/01/2018,"2,924.60"
10/02/2018,"2,923.40"
10/03/2018,"2,925.50"
10/04/2018,"2,901.60"
10/05/2018,"2,885.60"
10/08/2018,"2,884.40"
10/09/2018,"2,880.30"
10/10/2018,"2,785.70"
10/11/2018,"2,728.40"
10/12/2018,"2,767.10"
10/15/2018,"2,750.80"
10/16/2018,"2,809.90"
10/17/2018,"2,809.20"
10/18/2018,"2,768.80"
10/19/2018,"2,767.80"
10/22/2018,"2,755.90"
10/23/2018,"2,740.70"
10/24/2018,"2,656.10"
10/25/2018,"2,705.60"
10/26/2018,"2,658.70"
10/29/2018,"2,641.20"
10/30/2018,"2,682.60"
10/31/2018,"2,711.70"
11/01/2018,"2,740.40"
11/02/2018,"2,723.10"
11/05/2018,"2,738.30"
11/06/2018,"2,755.40"
11/07/2018,"2,813.90"
11/08/2018,"2,806.80"
11/09/2018,"2,781.00"
11/12/2018,"2,726.20"
11/13/2018,"2,722.20"
11/14/2018,"2,701.60"
11/15/2018,"2,730.20"
11/16/2018,"2,736.30"
11/19/2018,"2,690.70"
11/20/2018,"2,641.90"
11/21/2018,"2,649.90"
11/23/2018,"2,632.60"
11/26/2018,"2,673.40"
11/27/2018,"2,682.20"
11/28/2018,"2,743.80"
11/29/2018,"2,737.80"
11/30/2018,"2,760.20"
12/03/2018,"2,790.40"
12/04/2018,"2,700.10"
12/06/2018,"2,695.90"
12/07/2018,"2,633.10"
12/10/2018,"2,637.70"
12/11/2018,"2,636.80"
12/12/2018,"2,651.10"
12/13/2018,"2,650.50"
12/14/2018,"2,599.90"
12/17/2018,"2,545.90"
12/18/2018,"2,546.20"
12/19/2018,"2,507.00"
12/20/2018,"2,467.40"
12/21/2018,"2,416.60"
12/24/2018,"2,351.10"
12/26/2018,"2,467.70"
12/27/2018,"2,488.80"
12/28/2018,"2,485.70"
12/31/2018,"2,506.80"
01/02/2019,"2,510.00"
01/03/2019,"2,447.90"
01/04/2019,"2,531.90"
01/07/2019,"2,549.70"
01/08/2019,"2,574.40"
01/09/2019,"2,585.00"
01/10/2019,"2,596.60"
01/11/2019,"2,596.30"
01/14/2019,"2,582.60"
01/15/2019,"2,610.30"
01/16/2019,"2,616.10"
01/17/2019,"2,636.00"
01/18/2019,"2,670.70"
01/22/2019,"2,632.90"
01/23/2019,"2,638.70"
01/24/2019,"2,642.30"
01/25/2019,"2,664.80"
01/28/2019,"2,643.80"
01/29/2019,"2,640.00"
01/30/2019,"2,681.10"
01/31/2019,"2,704.10"
02/01/2019,"2,706.50"
02/04/2019,"2,724.90"
02/05/2019,"2,737.70"
02/06/2019,"2,731.60"
02/07/2019,"2,706.10"
02/08/2019,"2,707.90"
02/11/2019,"2,709.80"
02/12/2019,"2,744.70"
02/13/2019,"2,753.00"
02/14/2019,"2,745.70"
02/15/2019,"2,775.60"
02/19/2019,"2,779.80"
02/20/2019,"2,784.70"
02/21/2019,"2,774.90"
02/22/2019,"2,792.70"
02/25/2019,"2,796.10"
02/26/2019,"2,793.90"
02/27/2019,"2,792.40"
02/28/2019,"2,784.50"
03/01/2019,"2,803.70"
03/04/2019,"2,792.80"
03/05/2019,"2,789.70"
03/06/2019,"2,771.40"
03/07/2019,"2,748.90"
03/08/2019,"2,743.10"
03/11/2019,"2,783.30"
03/12/2019,"2,791.50"
03/13/2019,"2,810.90"
03/14/2019,"2,808.50"
03/15/2019,"2,822.50"
03/18/2019,"2,832.90"
03/19/2019,"2,832.60"
03/20/2019,"2,824.20"
03/21/2019,"2,854.90"
03/22/2019,"2,800.70"
03/25/2019,"2,798.40"
03/26/2019,"2,818.50"
03/27/2019,"2,805.40"
03/28/2019,"2,815.40"
03/29/2019,"2,834.40"
04/01/2019,"2,867.20"
04/02/2019,"2,867.20"
04/03/2019,"2,873.40"
04/04/2019,"2,879.40"
04/05/2019,"2,892.70"
04/08/2019,"2,895.80"
04/09/2019,"2,878.20"
04/10/2019,"2,888.20"
04/11/2019,"2,888.30"
04/12/2019,"2,907.40"
04/15/2019,"2,905.60"
04/16/2019,"2,907.10"
04/17/2019,"2,900.40"
04/18/2019,"2,905.00"
04/22/2019,"2,908.00"
04/23/2019,"2,933.70"
04/24/2019,"2,927.20"
04/25/2019,"2,926.20"
04/26/2019,"2,939.90"
04/29/2019,"2,943.00"
04/30/2019,"2,945.80"
05/01/2019,"2,923.70"
05/02/2019,"2,917.50"
05/03/2019,"2,945.60"
05/06/2019,"2,932.50"
05/07/2019,"2,884.10"
05/08/2019,"2,879.40"
05/09/2019,"2,870.70"
05/10/2019,"2,881.40"
05/13/2019,"2,811.90"
05/14/2019,"2,834.40"
05/15/2019,"2,851.00"
05/16/2019,"2,876.30"
05/17/2019,"2,859.50"
05/20/2019,"2,840.20"
05/21/2019,"2,864.40"
05/22/2019,"2,856.30"
05/23/2019,"2,822.20"
05/24/2019,"2,826.10"
05/28/2019,"2,802.40"
05/29/2019,"2,783.00"
05/30/2019,"2,788.90"
05/31/2019,"2,752.10"
06/03/2019,"2,744.40"
06/04/2019,"2,803.30"
06/05/2019,"2,826.20"
06/06/2019,"2,843.50"
06/07/2019,"2,873.30"
06/10/2019,"2,886.70"
06/11/2019,"2,885.70"
06/12/2019,"2,879.80"
06/13/2019,"2,891.60"
06/14/2019,"2,887.00"
06/17/2019,"2,889.70"
06/18/2019,"2,917.80"
06/19/2019,"2,926.50"
06/20/2019,"2,954.20"
06/21/2019,"2,950.50"
06/24/2019,"2,945.30"
06/25/2019,"2,917.40"
06/26/2019,"2,913.80"
06/27/2019,"2,924.90"
06/28/2019,"2,941.80"
07/01/2019,"2,964.30"
07/02/2019,"2,973.00"
07/03/2019,"2,995.80"
07/05/2019,"2,990.40"
07/08/2019,"2,975.90"
07/09/2019,"2,979.60"
07/10/2019,"2,993.10"
07/11/2019,"2,999.90"
07/12/2019,"3,013.80"
07/15/2019,"3,014.30"
07/16/2019,"3,004.00"
07/17/2019,"2,984.40"
07/18/2019,"2,995.10"
07/19/2019,"2,976.60"
07/22/2019,"2,985.00"
07/23/2019,"3,005.50"
07/24/2019,"3,019.60"
07/25/2019,"3,003.70"
07/26/2019,"3,025.90"
07/29/2019,"3,021.00"
07/30/2019,"3,013.20"
07/31/2019,"2,980.40"
08/01/2019,"2,953.60"
08/02/2019,"2,932.10"
08/05/2019,"2,844.70"
08/06/2019,"2,881.80"
08/07/2019,"2,884.00"
08/08/2019,"2,938.10"
08/09/2019,"2,918.70"
08/12/2019,"2,883.80"
08/13/2019,"2,926.30"
08/14/2019,"2,840.60"
08/15/2019,"2,847.60"
08/16/2019,"2,888.70"
08/19/2019,"2,923.70"
08/20/2019,"2,900.50"
08/21/2019,"2,924.40"
08/22/2019,"2,922.90"
08/23/2019,"2,847.10"
08/26/2019,"2,878.40"
08/27/2019,"2,869.20"
08/28/2019,"2,887.90"
08/29/2019,"2,924.60"
08/30/2019,"2,926.50"
09/03/2019,"2,906.30"
09/04/2019,"2,937.80"
09/05/2019,"2,976.00"
09/06/2019,"2,978.70"
09/09/2019,"2,978.40"
09/10/2019,"2,979.40"
09/11/2019,"3,000.90"
09/12/2019,"3,009.60"
09/13/2019,"3,007.40"
09/16/2019,"2,998.00"
09/17/2019,"3,005.70"
09/18/2019,"3,006.70"
09/19/2019,"3,006.80"
09/20/2019,"2,992.10"
09/23/2019,"2,991.80"
09/24/2019,"2,966.60"
09/25/2019,"2,984.90"
09/26/2019,"2,977.60"
09/27/2019,"2,961.80"
09/30/2019,"2,976.70"
10/01/2019,"2,940.20"
10/02/2019,"2,887.60"
10/03/2019,"2,910.60"
10/04/2019,"2,952.00"
10/07/2019,"2,938.80"
10/08/2019,"2,893.10"
10/09/2019,"2,919.40"
10/10/2019,"2,938.10"
10/11/2019,"2,970.30"
10/14/2019,"2,966.20"
10/15/2019,"2,995.70"
10/16/2019,"2,989.70"
10/17/2019,"2,997.90"
10/18/2019,"2,986.20"
10/21/2019,"3,006.70"
10/22/2019,"2,996.00"
10/23/2019,"3,004.50"
10/24/2019,"3,010.30"
10/25/2019,"3,022.60"
10/28/2019,"3,039.40"
10/29/2019,"3,036.90"
10/30/2019,"3,046.80"
10/31/2019,"3,037.60"
11/01/2019,"3,066.90"
11/04/2019,"3,078.30"
11/05/2019,"3,074.60"
11/06/2019,"3,076.80"
11/07/2019,"3,085.20"
11/08/2019,"3,093.10"
11/11/2019,"3,087.00"
11/12/2019,"3,091.80"
11/13/2019,"3,094.00"
11/14/2019,"3,096.60"
11/15/2019,"3,120.50"
11/18/2019,"3,122.00"
11/19/2019,"3,120.20"
11/20/2019,"3,108.50"
11/21/2019,"3,103.50"
11/22/2019,"3,110.30"
11/25/2019,"3,133.60"
11/26/2019,"3,140.50"
11/27/2019,"3,153.60"
11/29/2019,"3,141.00"
12/02/2019,"3,113.90"
12/03/2019,"3,093.20"
12/04/2019,"3,112.80"
12/05/2019,"3,117.40"
12/06/2019,"3,145.90"
12/09/2019,"3,136.00"
12/10/2019,"3,132.50"
12/11/2019,"3,141.60"
12/12/2019,"3,168.60"
12/13/2019,"3,168.80"
12/16/2019,"3,191.40"
12/17/2019,"3,192.50"
12/18/2019,"3,191.10"
12/19/2019,"3,205.40"
12/20/2019,"3,221.20"
12/23/2019,"3,224.00"
12/24/2019,"3,223.40"
12/26/2019,"3,239.90"
12/27/2019,"3,240.00"
12/30/2019,"3,221.30"
12/31/2019,"3,230.80"
01/02/2020,"3,257.80"
01/03/2020,"3,234.80"
01/06/2020,"3,246.30"
01/07/2020,"3,237.20"
01/08/2020,"3,253.10"
01/09/2020,"3,274.70"
01/10/2020,"3,265.30"
01/13/2020,"3,288.10"
01/14/2020,"3,283.20"
01/15/2020,"3,289.30"
01/16/2020,"3,316.80"
01/17/2020,"3,329.60"
01/21/2020,"3,320.80"
01/22/2020,"3,321.80"
01/23/2020,"3,325.50"
01/24/2020,"3,295.50"
01/27/2020,"3,243.60"
01/28/2020,"3,276.20"
01/29/2020,"3,273.40"
01/30/2020,"3,283.70"
01/31/2020,"3,225.50"
02/03/2020,"3,248.90"
02/04/2020,"3,297.60"
02/05/2020,"3,334.70"
02/06/2020,"3,345.80"
02/07/2020,"3,327.70"
02/10/2020,"3,352.10"
02/11/2020,"3,357.80"
02/12/2020,"3,379.40"
02/13/2020,"3,373.90"
02/14/2020,"3,380.20"
02/18/2020,"3,370.30"
02/19/2020,"3,386.20"
02/20/2020,"3,373.20"
02/21/2020,"3,337.80"
02/24/2020,"3,225.90"
02/25/2020,"3,128.20"
02/26/2020,"3,116.40"
02/27/2020,"2,978.80"
02/28/2020,"2,954.20"
03/02/2020,"3,090.20"
03/03/2020,"3,003.40"
03/04/2020,"3,130.10"
03/05/2020,"3,023.90"
03/06/2020,"2,972.40"
03/09/2020,"2,746.60"
03/10/2020,"2,882.20"
03/11/2020,"2,741.40"
03/12/2020,"2,480.60"
03/13/2020,"2,711.00"
03/16/2020,"2,386.10"
03/17/2020,"2,529.20"
03/18/2020,"2,398.10"
03/19/2020,"2,409.40"
03/20/2020,"2,304.90"
03/23/2020,"2,237.40"
03/24/2020,"2,447.30"
03/25/2020,"2,475.60"
03/26/2020,"2,630.10"
03/27/2020,"2,541.50"
03/30/2020,"2,626.70"
03/31/2020,"2,584.60"
04/01/2020,"2,470.50"
04/02/2020,"2,526.90"
04/03/2020,"2,488.70"
04/06/2020,"2,663.70"
04/07/2020,"2,659.40"
04/08/2020,"2,750.00"
04/09/2020,"2,789.80"
04/13/2020,"2,761.60"
04/14/2020,"2,846.10"
04/15/2020,"2,783.40"
04/16/2020,"2,799.60"
04/17/2020,"2,874.60"
04/20/2020,"2,823.20"
04/21/2020,"2,736.60"
04/22/2020,"2,799.30"
04/23/2020,"2,797.80"
04/24/2020,"2,836.70"
04/27/2020,"2,878.50"
04/28/2020,"2,863.40"
04/29/2020,"2,939.50"
04/30/2020,"2,912.40"
05/01/2020,"2,830.70"
05/04/2020,"2,842.70"
05/05/2020,"2,868.40"
05/06/2020,"2,848.40"
05/07/2020,"2,881.20"
05/08/2020,"2,929.80"
05/11/2020,"2,930.30"
05/12/2020,"2,870.10"
05/13/2020,"2,820.00"
05/14/2020,"2,852.50"
05/15/2020,"2,863.70"
05/18/2020,"2,953.90"
05/19/2020,"2,922.90"
05/20/2020,"2,971.60"
05/21/2020,"2,948.50"
05/22/2020,"2,955.40"
05/26/2020,"2,991.80"
05/27/2020,"3,036.10"
05/28/2020,"3,029.70"
05/29/2020,"3,044.30"
06/01/2020,"3,055.70"
06/02/2020,"3,080.80"
06/03/2020,"3,122.90"
06/04/2020,"3,112.30"
06/05/2020,"3,193.90"
06/08/2020,"3,232.40"
06/09/2020,"3,207.20"
06/10/2020,"3,190.10"
06/11/2020,"3,002.10"
06/12/2020,"3,041.30"
06/15/2020,"3,066.60"
06/16/2020,"3,124.70"
06/17/2020,"3,113.50"
06/18/2020,"3,115.30"
06/19/2020,"3,097.70"
06/22/2020,"3,117.90"
06/23/2020,"3,131.30"
06/24/2020,"3,050.30"
06/25/2020,"3,083.80"
06/26/2020,"3,009.10"
06/29/2020,"3,053.20"
06/30/2020,"3,100.30"
07/01/2020,"3,115.90"
07/02/2020,"3,130.00"
07/06/2020,"3,179.70"
07/07/2020,"3,145.30"
07/08/2020,"3,169.90"
07/09/2020,"3,152.10"
07/10/2020,"3,185.00"
07/13/2020,"3,155.20"
07/14/2020,"3,197.50"
07/15/2020,"3,226.60"
07/16/2020,"3,215.60"
07/17/2020,"3,224.70"
07/20/2020,"3,251.80"
07/21/2020,"3,257.30"
07/22/2020,"3,276.00"
07/23/2020,"3,235.70"
07/24/2020,"3,215.60"
07/27/2020,"3,239.40"
07/28/2020,"3,218.40"
07/29/2020,"3,258.40"
07/30/2020,"3,246.20"
07/31/2020,"3,271.10"
08/03/2020,"3,294.60"
08/04/2020,"3,306.50"
08/05/2020,"3,327.80"
08/06/2020,"3,349.20"
08/07/2020,"3,351.30"
08/10/2020,"3,360.50"
08/11/2020,"3,333.70"
08/12/2020,"3,380.30"
08/13/2020,"3,373.40"
08/14/2020,"3,372.80"
08/17/2020,"3,382.00"
08/18/2020,"3,389.80"
08/19/2020,"3,374.80"
08/20/2020,"3,385.50"
08/21/2020,"3,397.20"
08/24/2020,"3,431.30"
08/25/2020,"3,443.60"
08/26/2020,"3,478.70"
08/27/2020,"3,484.60"
08/28/2020,"3,508.00"
08/31/2020,"3,500.30"
09/01/2020,"3,526.70"
09/02/2020,"3,580.80"
09/03/2020,"3,455.10"
09/04/2020,"3,427.00"
09/08/2020,"3,331.80"
09/09/2020,"3,399.00"
09/10/2020,"3,339.20"
09/11/2020,"3,341.00"
09/14/2020,"3,383.50"
09/15/2020,"3,401.20"
09/16/2020,"3,385.50"
09/17/2020,"3,357.00"
09/18/2020,"3,319.50"
09/21/2020,"3,281.10"
09/22/2020,"3,315.60"
09/23/2020,"3,236.90"
09/24/2020,"3,246.60"
09/25/2020,"3,298.50"
09/28/2020,"3,351.60"
09/29/2020,"3,335.50"
09/30/2020,"3,363.00"
10/01/2020,"3,380.80"
10/02/2020,"3,348.40"
10/05/2020,"3,408.60"
10/06/2020,"3,360.90"
10/07/2020,"3,419.40"
10/08/2020,"3,446.80"
10/09/2020,"3,477.10"
10/12/2020,"3,534.20"
10/13/2020,"3,511.90"
10/14/2020,"3,488.70"
10/15/2020,"3,483.30"
10/16/2020,"3,483.80"
10/19/2020,"3,426.90"
10/20/2020,"3,443.10"
10/21/2020,"3,435.60"
10/22/2020,"3,453.50"
10/23/2020,"3,465.40"
10/26/2020,"3,401.00"
10/27/2020,"3,390.70"
10/28/2020,"3,271.00"
10/29/2020,"3,310.10"
10/30/2020,"3,270.00"
11/02/2020,"3,310.20"
11/03/2020,"3,369.20"
11/04/2020,"3,443.40"
11/05/2020,"3,510.40"
11/06/2020,"3,509.40"
11/09/2020,"3,550.50"
11/10/2020,"3,545.50"
11/11/2020,"3,572.70"
11/12/2020,"3,537.00"
11/13/2020,"3,585.20"
11/16/2020,"3,626.90"
11/17/2020,"3,609.50"
11/18/2020,"3,567.80"
11/19/2020,"3,581.90"
11/20/2020,"3,557.50"
11/23/2020,"3,577.60"
11/24/2020,"3,635.40"
11/25/2020,"3,629.70"
11/27/2020,"3,638.30"
11/30/2020,"3,621.60"
12/01/2020,"3,662.40"
12/02/2020,"3,669.00"
12/03/2020,"3,666.70"
12/04/2020,"3,699.10"
12/07/2020,"3,692.00"
12/08/2020,"3,702.20"
12/09/2020,"3,672.80"
12/10/2020,"3,668.10"
12/11/2020,"3,663.50"
12/14/2020,"3,647.50"
12/15/2020,"3,694.60"
12/16/2020,"3,701.20"
12/17/2020,"3,722.50"
12/18/2020,"3,709.40"
12/21/2020,"3,694.90"
12/22/2020,"3,687.30"
12/23/2020,"3,690.00"
12/24/2020,"3,703.10"
12/28/2020,"3,735.40"
12/29/2020,"3,727.00"
12/30/2020,"3,732.00"
12/31/2020,"3,756.10"
01/04/2021,"3,700.70"
01/05/2021,"3,726.90"
01/06/2021,"3,748.10"
01/07/2021,"3,803.80"
01/08/2021,"3,824.70"
01/11/2021,"3,799.60"
01/12/2021,"3,801.20"
01/13/2021,"3,809.80"
01/14/2021,"3,795.50"
01/15/2021,"3,768.20"
01/19/2021,"3,798.90"
01/20/2021,"3,851.80"
01/21/2021,"3,853.10"
01/22/2021,"3,841.50"
01/25/2021,"3,855.40"
01/26/2021,"3,849.60"
01/27/2021,"3,750.80"
01/28/2021,"3,787.40"
01/29/2021,"3,714.20"
02/01/2021,"3,773.90"
02/02/2021,"3,826.30"
02/03/2021,"3,830.20"
02/04/2021,"3,871.70"
02/05/2021,"3,886.80"
02/08/2021,"3,915.60"
02/09/2021,"3,911.20"
02/10/2021,"3,909.90"
02/11/2021,"3,916.40"
02/12/2021,"3,934.80"
02/16/2021,"3,932.60"
02/17/2021,"3,931.30"
02/18/2021,"3,914.00"
02/19/2021,"3,906.70"
02/22/2021,"3,876.50"
02/23/2021,"3,881.40"
02/24/2021,"3,925.40"
02/25/2021,"3,829.30"
02/26/2021,"3,811.20"
03/01/2021,"3,901.80"
03/02/2021,"3,870.30"
03/03/2021,"3,819.70"
03/04/2021,"3,768.50"
03/05/2021,"3,841.90"
03/08/2021,"3,821.30"
03/09/2021,"3,875.40"
03/10/2021,"3,898.80"
03/11/2021,"3,939.30"
03/12/2021,"3,943.30"
03/15/2021,"3,968.90"
03/16/2021,"3,962.70"
03/17/2021,"3,974.10"
03/18/2021,"3,915.50"
03/19/2021,"3,913.10"
03/22/2021,"3,940.60"
03/23/2021,"3,910.50"
03/24/2021,"3,889.10"
03/25/2021,"3,909.50"
03/26/2021,"3,974.50"
03/29/2021,"3,971.10"
03/30/2021,"3,958.60"
03/31/2021,"3,972.90"
04/01/2021,"4,019.90"
04/05/2021,"4,077.90"
04/06/2021,"4,073.90"
04/07/2021,"4,079.90"
04/08/2021,"4,097.20"
04/09/2021,"4,128.80"
04/12/2021,"4,128.00"
04/13/2021,"4,141.60"
04/14/2021,"4,124.70"
04/15/2021,"4,170.40"
04/16/2021,"4,185.50"
04/19/2021,"4,163.30"
04/20/2021,"4,134.90"
04/21/2021,"4,173.40"
04/22/2021,"4,135.00"
04/23/2021,"4,180.20"
04/26/2021,"4,187.60"
04/27/2021,"4,186.70"
04/28/2021,"4,183.20"
04/29/2021,"4,211.50"
04/30/2021,"4,181.20"
05/03/2021,"4,192.70"
05/04/2021,"4,164.70"
05/05/2021,"4,167.60"
05/06/2021,"4,201.60"
05/07/2021,"4,232.60"
05/10/2021,"4,188.40"
05/11/2021,"4,152.10"
05/12/2021,"4,063.00"
05/13/2021,"4,112.50"
05/14/2021,"4,173.90"
05/17/2021,"4,163.30"
05/18/2021,"4,127.80"
05/19/2021,"4,115.70"
05/20/2021,"4,159.10"
05/21/2021,"4,155.90"
05/24/2021,"4,197.10"
05/25/2021,"4,188.10"
05/26/2021,"4,196.00"
05/27/2021,"4,200.90"
05/28/2021,"4,204.10"
06/01/2021,"4,202.00"
06/02/2021,"4,208.10"
06/03/2021,"4,192.90"
06/04/2021,"4,229.90"
06/07/2021,"4,226.50"
06/08/2021,"4,227.30"
06/09/2021,"4,219.60"
06/10/2021,"4,239.20"
06/11/2021,"4,247.40"
06/14/2021,"4,255.10"
06/15/2021,"4,246.60"
06/16/2021,"4,223.70"
06/17/2021,"4,221.90"
06/18/2021,"4,166.40"
06/21/2021,"4,224.80"
06/22/2021,"4,246.40"
06/23/2021,"4,241.80"
06/24/2021,"4,266.50"
06/25/2021,"4,280.70"
06/28/2021,"4,290.60"
06/29/2021,"4,291.80"
06/30/2021,"4,297.50"
07/01/2021,"4,319.90"
07/02/2021,"4,352.30"
07/06/2021,"4,343.50"
07/07/2021,"4,358.10"
07/08/2021,"4,320.80"
07/09/2021,"4,369.60"
07/12/2021,"4,384.60"
07/13/2021,"4,369.20"
07/14/2021,"4,374.30"
07/15/2021,"4,360.00"
07/16/2021,"4,327.20"
07/19/2021,"4,258.50"
07/20/2021,"4,323.10"
07/21/2021,"4,358.70"
07/22/2021,"4,367.50"
07/23/2021,"4,411.80"
07/26/2021,"4,422.30"
07/27/2021,"4,401.50"
07/28/2021,"4,400.60"
07/29/2021,"4,419.10"
07/30/2021,"4,395.30"
08/02/2021,"4,387.20"
08/03/2021,"4,423.10"
08/04/2021,"4,402.70"
08/05/2021,"4,429.10"
08/06/2021,"4,436.50"
08/09/2021,"4,432.40"
08/10/2021,"4,436.80"
08/11/2021,"4,447.70"
08/12/2021,"4,460.80"
08/13/2021,"4,468.00"
08/16/2021,"4,479.70"
08/17/2021,"4,448.10"
08/18/2021,"4,400.30"
08/19/2021,"4,405.80"
08/20/2021,"4,441.70"
08/23/2021,"4,479.50"
08/24/2021,"4,486.20"
08/25/2021,"4,496.20"
08/26/2021,"4,470.00"
08/27/2021,"4,509.40"
08/30/2021,"4,528.80"
08/31/2021,"4,522.70"
09/01/2021,"4,524.10"
09/02/2021,"4,536.90"
09/03/2021,"4,535.40"
09/07/2021,"4,520.00"
09/08/2021,"4,514.10"
09/09/2021,"4,493.30"
09/10/2021,"4,458.60"
09/13/2021,"4,468.70"
09/14/2021,"4,443.10"
09/15/2021,"4,480.70"
09/16/2021,"4,473.80"
09/17/2021,"4,433.00"
09/20/2021,"4,357.70"
09/21/2021,"4,354.20"
09/22/2021,"4,395.60"
09/23/2021,"4,449.00"
09/24/2021,"4,455.50"
09/27/2021,"4,443.10"
09/28/2021,"4,352.60"
09/29/2021,"4,359.50"
09/30/2021,"4,307.50"
10/01/2021,"4,357.00"
10/04/2021,"4,300.50"
10/05/2021,"4,345.70"
10/06/2021,"4,363.60"
10/07/2021,"4,399.80"
10/08/2021,"4,391.30"
10/11/2021,"4,361.20"
10/12/2021,"4,350.60"
10/13/2021,"4,363.80"
10/14/2021,"4,438.30"
10/15/2021,"4,471.40"
10/18/2021,"4,486.50"
10/19/2021,"4,519.60"
10/20/2021,"4,536.20"
10/21/2021,"4,549.80"
10/22/2021,"4,544.90"
10/25/2021,"4,566.50"
10/26/2021,"4,574.80"
10/27/2021,"4,551.70"
10/28/2021,"4,596.40"
10/29/2021,"4,605.40"
11/01/2021,"4,613.70"
11/02/2021,"4,630.60"
11/03/2021,"4,660.60"
11/04/2021,"4,680.10"
11/05/2021,"4,697.50"
11/08/2021,"4,701.70"
11/09/2021,"4,685.20"
11/10/2021,"4,646.70"
11/11/2021,"4,649.30"
11/12/2021,"4,682.90"
11/15/2021,"4,682.80"
11/16/2021,"4,700.90"
11/17/2021,"4,688.70"
11/18/2021,"4,704.50"
11/19/2021,"4,698.00"
11/22/2021,"4,682.90"
11/23/2021,"4,690.70"
11/24/2021,"4,701.50"
11/26/2021,"4,594.60"
11/29/2021,"4,655.30"
11/30/2021,"4,567.00"
12/01/2021,"4,513.00"
12/02/2021,"4,577.10"
12/03/2021,"4,538.40"
12/06/2021,"4,591.70"
12/07/2021,"4,686.80"
12/08/2021,"4,701.20"
12/09/2021,"4,667.40"
12/10/2021,"4,712.00"
12/13/2021,"4,669.00"
12/14/2021,"4,634.10"
12/15/2021,"4,709.90"
12/16/2021,"4,668.70"
12/17/2021,"4,620.60"
12/20/2021,"4,568.00"
12/21/2021,"4,649.20"
12/22/2021,"4,696.60"
12/23/2021,"4,725.80"
12/27/2021,"4,791.20"
12/28/2021,"4,786.40"
12/29/2021,"4,793.10"
12/30/2021,"4,778.70"
12/31/2021,"4,766.20"
01/03/2022,"4,796.60"
01/04/2022,"4,793.50"
01/05/2022,"4,700.60"
01/06/2022,"4,696.10"
01/07/2022,"4,677.00"
01/10/2022,"4,670.30"
01/11/2022,"4,713.10"
01/12/2022,"4,726.40"
01/13/2022,"4,659.00"
01/14/2022,"4,662.90"
01/18/2022,"4,577.10"
01/19/2022,"4,532.80"
01/20/2022,"4,482.70"
01/21/2022,"4,397.90"
01/24/2022,"4,410.10"
01/25/2022,"4,356.40"
01/26/2022,"4,349.90"
01/27/2022,"4,326.50"
01/28/2022,"4,431.90"
01/31/2022,"4,515.60"
02/01/2022,"4,546.50"
02/02/2022,"4,589.40"
02/03/2022,"4,477.40"
02/04/2022,"4,500.50"
02/07/2022,"4,483.90"
02/08/2022,"4,521.50"
02/09/2022,"4,587.20"
02/10/2022,"4,504.10"
02/11/2022,"4,418.64"
02/14/2022,"4,401.67"
02/15/2022,"4,471.07"
02/16/2022,"4,475.01"
02/17/2022,"4,380.26"
02/18/2022,"4,348.87"
02/22/2022,"4,304.76"
02/23/2022,"4,225.50"
02/24/2022,"4,288.70"
02/25/2022,"4,384.65"
02/28/2022,"4,373.94"
03/01/2022,"4,306.26"
03/02/2022,"4,386.54"
03/03/2022,"4,363.49"
03/04/2022,"4,328.87"
03/07/2022,"4,201.09"
03/08/2022,"4,170.70"
03/09/2022,"4,277.88"
03/10/2022,"4,259.52"
03/11/2022,"4,204.31"
03/14/2022,"4,173.11"
03/15/2022,"4,262.45"
03/16/2022,"4,357.86"
03/17/2022,"4,411.67"
03/18/2022,"4,463.12"
03/21/2022,"4,461.18"
03/22/2022,"4,511.61"
03/23/2022,"4,456.24"
03/24/2022,"4,520.16"
03/25/2022,"4,543.06"
03/28/2022,"4,575.52"
03/29/2022,"4,631.60"
03/30/2022,"4,602.45"
03/31/2022,"4,530.41"
04/01/2022,"4,545.86"
04/04/2022,"4,582.64"
04/05/2022,"4,525.12"
04/06/2022,"4,481.15"
04/07/2022,"4,500.21"
04/08/2022,"4,488.28"
04/11/2022,"4,412.53"
04/12/2022,"4,397.45"
04/13/2022,"4,446.59"
04/14/2022,"4,392.59"
04/18/2022,"4,391.69"
04/19/2022,"4,462.21"
04/20/2022,"4,459.45"
04/21/2022,"4,393.66"
04/22/2022,"4,271.78"
04/25/2022,"4,296.12"
04/26/2022,"4,175.20"
04/27/2022,"4,183.96"
04/28/2022,"4,287.50"
04/29/2022,"4,131.93"
05/02/2022,"4,155.38"
05/03/2022,"4,175.48"
05/04/2022,"4,300.17"
05/05/2022,"4,146.87"
05/06/2022,"4,123.34"
05/09/2022,"3,991.24"
05/10/2022,"4,001.05"
05/11/2022,"3,935.18"
05/12/2022,"3,930.08"
05/13/2022,"4,023.89"
05/16/2022,"4,008.01"
05/17/2022,"4,088.85"
05/18/2022,"3,923.68"
05/19/2022,"3,900.79"
05/20/2022,"3,901.36"
05/23/2022,"3,973.75"
05/24/2022,"3,941.48"
05/25/2022,"3,978.73"
05/26/2022,"4,057.84"
05/27/2022,"4,158.24"
05/31/2022,"4,132.15"
06/01/2022,"4,101.23"
06/02/2022,"4,176.82"
06/03/2022,"4,108.54"
06/06/2022,"4,121.43"
06/07/2022,"4,160.68"
06/08/2022,"4,115.77"
06/09/2022,"4,017.82"
06/10/2022,"3,900.86"
06/13/2022,"3,749.63"
06/14/2022,"3,735.48"
06/15/2022,"3,789.99"
06/16/2022,"3,666.77"
06/17/2022,"3,674.84"
06/21/2022,"3,764.79"
06/22/2022,"3,759.89"
06/23/2022,"3,795.73"
06/24/2022,"3,911.74"
06/27/2022,"3,900.11"
06/28/2022,"3,821.55"
06/29/2022,"3,818.83"
06/30/2022,"3,785.38"
07/01/2022,"3,825.33"
07/05/2022,"3,831.39"
07/06/2022,"3,845.08"
07/07/2022,"3,902.62"
07/08/2022,"3,899.38"
07/11/2022,"3,854.43"
07/12/2022,"3,818.80"
07/13/2022,"3,801.78"
07/14/2022,"3,790.38"
07/15/2022,"3,863.16"
07/18/2022,"3,830.85"
07/19/2022,"3,936.69"
07/20/2022,"3,959.90"
07/21/2022,"3,998.95"
07/22/2022,"3,961.63"
07/25/2022,"3,966.84"
07/26/2022,"3,921.05"
07/27/2022,"4,023.61"
07/28/2022,"4,072.43"
07/29/2022,"4,130.29"
08/01/2022,"4,118.63"
08/02/2022,"4,091.19"
08/03/2022,"4,155.17"
08/04/2022,"4,151.94"
08/05/2022,"4,145.19"
08/08/2022,"4,140.06"
08/09/2022,"4,122.47"
08/10/2022,"4,210.24"
08/11/2022,"4,207.27"
08/12/2022,"4,280.15"
08/15/2022,"4,297.14"
08/16/2022,"4,305.20"
08/17/2022,"4,274.04"
08/18/2022,"4,283.74"
08/19/2022,"4,228.48"
08/22/2022,"4,137.99"
08/23/2022,"4,128.73"
08/24/2022,"4,140.77"
08/25/2022,"4,199.12"
08/26/2022,"4,057.66"
08/29/2022,"4,030.61"
08/30/2022,"3,986.16"
08/31/2022,"3,955.00"
09/01/2022,"3,966.85"
09/02/2022,"3,924.26"
09/06/2022,"3,908.19"
09/07/2022,"3,979.87"
09/08/2022,"4,006.18"
09/09/2022,"4,067.36"
09/12/2022,"4,110.41"
09/13/2022,"3,932.69"
09/14/2022,"3,946.01"
09/15/2022,"3,901.35"
09/16/2022,"3,873.33"
09/19/2022,"3,899.89"
09/20/2022,"3,855.93"
09/21/2022,"3,789.93"
09/22/2022,"3,757.99"
09/23/2022,"3,693.23"
09/26/2022,"3,655.04"
09/27/2022,"3,647.29"
09/28/2022,"3,719.04"
09/29/2022,"3,640.47"
09/30/2022,"3,585.62"
10/03/2022,"3,678.43"
10/04/2022,"3,790.93"
10/05/2022,"3,783.28"
10/06/2022,"3,744.52"
10/07/2022,"3,639.66"
10/10/2022,"3,612.39"
10/11/2022,"3,588.84"
10/12/2022,"3,577.03"
10/13/2022,"3,669.91"
10/14/2022,"3,583.07"
10/17/2022,"3,677.95"
10/18/2022,"3,719.98"
10/19/2022,"3,695.16"
10/20/2022,"3,665.78"
10/21/2022,"3,752.75"
10/24/2022,"3,797.34"
10/25/2022,"3,859.11"
10/26/2022,"3,830.60"
10/27/2022,"3,807.30"
10/28/2022,"3,901.06"
10/31/2022,"3,871.98"
11/01/2022,"3,856.10"
11/02/2022,"3,759.69"
11/03/2022,"3,719.89"
11/04/2022,"3,770.55"
11/07/2022,"3,806.80"
11/08/2022,"3,828.11"
11/09/2022,"3,748.57"
11/10/2022,"3,956.37"
11/11/2022,"3,992.93"
11/14/2022,"3,957.25"
11/15/2022,"3,991.73"
11/16/2022,"3,958.79"
11/17/2022,"3,946.56"
11/18/2022,"3,965.34"
11/21/2022,"3,949.94"
11/22/2022,"4,003.58"
11/23/2022,"4,027.26"
11/25/2022,"4,026.12"
11/28/2022,"3,963.94"
11/29/2022,"3,957.63"
11/30/2022,"4,080.11"
12/01/2022,"4,076.57"
12/02/2022,"4,071.70"
12/05/2022,"3,998.84"
12/06/2022,"3,941.26"
12/07/2022,"3,933.92"
12/08/2022,"3,963.51"
12/09/2022,"3,934.38"
12/12/2022,"3,990.56"
12/13/2022,"4,019.65"
12/14/2022,"3,995.32"
12/15/2022,"3,895.75"
12/16/2022,"3,852.36"
12/19/2022,"3,817.66"
12/20/2022,"3,821.62"
12/21/2022,"3,878.44"
12/22/2022,"3,822.39"
12/23/2022,"3,844.82"
12/27/2022,"3,829.25"
12/28/2022,"3,783.22"
12/29/2022,"3,849.28"
12/30/2022,"3,839.50"
01/03/2023,"3,824.14"
01/04/2023,"3,852.97"
01/05/2023,"3,808.10"
01/06/2023,"3,895.08"
01/09/2023,"3,892.09"
01/10/2023,"3,919.25"
01/11/2023,"3,969.61"
01/12/2023,"3,983.17"
01/13/2023,"3,999.09"
01/17/2023,"3,990.97"
01/18/2023,"3,928.86"
01/19/2023,"3,898.85"
01/20/2023,"3,972.61"
01/23/2023,"4,019.81"
01/24/2023,"4,016.95"
01/25/2023,"4,016.22"
01/26/2023,"4,060.43"
01/27/2023,"4,070.56"
01/30/2023,"4,017.77"
01/31/2023,"4,076.60"
02/01/2023,"4,119.21"
02/02/2023,"4,179.76"
02/03/2023,"4,136.48"
02/06/2023,"4,111.08"
02/07/2023,"4,164.00"
02/08/2023,"4,117.86"
02/09/2023,"4,081.50"
02/10/2023,"4,090.46"
02/13/2023,"4,137.29"
02/14/2023,"4,136.13"
02/15/2023,"4,147.60"
02/16/2023,"4,090.41"
02/17/2023,"4,079.09"
02/21/2023,"3,997.34"
02/22/2023,"3,991.05"
02/23/2023,"4,012.32"
02/24/2023,"3,970.04"
02/27/2023,"3,982.24"
02/28/2023,"3,970.15"
03/01/2023,"3,951.39"
03/02/2023,"3,981.35"
03/03/2023,"4,045.64"
03/06/2023,"4,048.42"
03/07/2023,"3,986.37"
03/08/2023,"3,992.01"
03/09/2023,"3,918.32"
03/10/2023,"3,861.59"
03/13/2023,"3,855.76"
03/14/2023,"3,919.29"
03/15/2023,"3,891.93"
03/16/2023,"3,960.28"
03/17/2023,"3,916.64"
03/20/2023,"3,951.57"
03/21/2023,"4,002.87"
03/22/2023,"3,936.97"
03/23/2023,"3,948.72"
03/24/2023,"3,970.99"
03/27/2023,"3,977.53"
03/28/2023,"3,971.27"
03/29/2023,"4,027.81"
03/30/2023,"4,050.83"
03/31/2023,"4,109.31"
04/03/2023,"4,124.51"
04/04/2023,"4,100.60"
04/05/2023,"4,090.38"
04/06/2023,"4,105.02"
04/10/2023,"4,109.11"
04/11/2023,"4,108.94"
04/12/2023,"4,091.95"
04/13/2023,"4,146.22"
04/14/2023,"4,137.64"
04/17/2023,"4,151.32"
04/18/2023,"4,154.87"
04/19/2023,"4,154.52"
04/20/2023,"4,129.79"
04/21/2023,"4,133.52"
04/24/2023,"4,137.04"
04/25/2023,"4,071.63"
04/26/2023,"4,055.99"
04/27/2023,"4,135.35"
04/28/2023,"4,169.48"
05/01/2023,"4,167.87"
05/02/2023,"4,119.58"
05/03/2023,"4,090.75"
05/04/2023,"4,061.22"
05/05/2023,"4,136.25"
05/08/2023,"4,138.12"
05/09/2023,"4,119.17"
05/10/2023,"4,137.64"
05/11/2023,"4,130.62"
05/12/2023,"4,124.08"
05/15/2023,"4,136.28"
05/16/2023,"4,109.90"
05/17/2023,"4,158.77"
05/18/2023,"4,198.05"
05/19/2023,"4,191.98"
05/22/2023,"4,192.63"
05/23/2023,"4,145.58"
05/24/2023,"4,115.24"
05/25/2023,"4,151.28"
05/26/2023,"4,205.45"
05/30/2023,"4,205.52"
05/31/2023,"4,179.83"
06/01/2023,"4,221.02"
06/02/2023,"4,282.37"
06/05/2023,"4,273.79"
06/06/2023,"4,283.85"
06/07/2023,"4,267.52"
06/08/2023,"4,293.93"
06/09/2023,"4,298.86"
06/12/2023,"4,338.93"
06/13/2023,"4,369.01"
06/14/2023,"4,372.59"
06/15/2023,"4,425.84"
06/16/2023,"4,409.59"
06/20/2023,"4,388.71"
06/21/2023,"4,365.69"
06/22/2023,"4,381.89"
06/23/2023,"4,348.33"
06/26/2023,"4,328.82"
06/27/2023,"4,378.41"
06/28/2023,"4,376.86"
06/29/2023,"4,396.44"
06/30/2023,"4,450.38"
07/03/2023,"4,455.59"
07/05/2023,"4,446.82"
07/06/2023,"4,411.59"
07/07/2023,"4,398.95"
07/10/2023,"4,409.53"
07/11/2023,"4,439.26"
07/12/2023,"4,472.16"
07/13/2023,"4,510.04"
07/14/2023,"4,505.42"
07/17/2023,"4,522.79"
07/18/2023,"4,554.98"
07/19/2023,"4,565.72"
07/20/2023,"4,534.87"
07/21/2023,"4,536.34"
07/24/2023,"4,554.64"
07/25/2023,"4,567.46"
07/26/2023,"4,566.75"
07/27/2023,"4,537.41"
07/28/2023,"4,582.23"
07/31/2023,"4,588.96"
08/01/2023,"4,576.73"
08/02/2023,"4,513.39"
08/03/2023,"4,501.89"
08/04/2023,"4,478.03"
08/07/2023,"4,518.44"
08/08/2023,"4,499.38"
08/09/2023,"4,467.71"
08/10/2023,"4,468.83"
08/11/2023,"4,464.05"
08/14/2023,"4,489.72"
08/15/2023,"4,437.86"
08/16/2023,"4,404.33"
08/17/2023,"4,370.36"
08/18/2023,"4,369.71"
08/21/2023,"4,399.77"
08/22/2023,"4,387.55"
08/23/2023,"4,436.01"
08/24/2023,"4,376.31"
08/25/2023,"4,405.71"
08/28/2023,"4,433.31"
08/29/2023,"4,497.63"
08/30/2023,"4,514.87"
08/31/2023,"4,507.66"
09/01/2023,"4,515.77"
09/05/2023,"4,496.83"
09/06/2023,"4,465.48"
09/07/2023,"4,451.14"
09/08/2023,"4,457.49"
09/11/2023,"4,487.46"
09/12/2023,"4,461.90"
09/13/2023,"4,467.44"
09/14/2023,"4,505.10"
09/15/2023,"4,450.32"
09/18/2023,"4,453.53"
09/19/2023,"4,443.95"
09/20/2023,"4,402.20"
09/21/2023,"4,330.00"
09/22/2023,"4,320.06"
09/25/2023,"4,337.44"
09/26/2023,"4,273.53"
09/27/2023,"4,274.51"
09/28/2023,"4,299.70"
09/29/2023,"4,288.05"
10/02/2023,"4,288.39"
10/03/2023,"4,229.45"
10/04/2023,"4,263.75"
10/05/2023,"4,258.19"
10/06/2023,"4,308.50"
10/09/2023,"4,335.66"
10/10/2023,"4,358.24"
10/11/2023,"4,376.95"
10/12/2023,"4,349.61"
10/13/2023,"4,327.78"
10/16/2023,"4,373.63"
10/17/2023,"4,373.20"
10/18/2023,"4,314.60"
10/19/2023,"4,278.00"
10/20/2023,"4,224.16"
10/23/2023,"4,217.04"
10/24/2023,"4,247.68"
10/25/2023,"4,186.77"
10/26/2023,"4,137.23"
10/27/2023,"4,117.37"
10/30/2023,"4,166.82"
10/31/2023,"4,193.80"
11/01/2023,"4,237.86"
11/02/2023,"4,317.78"
11/03/2023,"4,358.34"
11/06/2023,"4,365.98"
11/07/2023,"4,378.38"
11/08/2023,"4,382.78"
11/09/2023,"4,347.35"
11/10/2023,"4,415.24"
11/13/2023,"4,411.55"
11/14/2023,"4,495.70"
11/15/2023,"4,502.88"
11/16/2023,"4,508.24"
11/17/2023,"4,514.02"
11/20/2023,"4,547.38"
11/21/2023,"4,538.19"
11/22/2023,"4,556.62"
11/24/2023,"4,559.34"
11/27/2023,"4,550.43"
11/28/2023,"4,554.89"
11/29/2023,"4,550.58"
11/30/2023,"4,567.80"
12/01/2023,"4,594.63"
12/04/2023,"4,569.78"
12/05/2023,"4,567.18"
12/06/2023,"4,549.34"
12/07/2023,"4,585.59"
12/08/2023,"4,604.37"
12/11/2023,"4,622.44"
12/12/2023,"4,643.70"
12/13/2023,"4,707.09"
12/14/2023,"4,719.55"
12/15/2023,"4,719.19"
12/18/2023,"4,740.56"
12/19/2023,"4,768.37"
12/20/2023,"4,698.35"
12/21/2023,"4,746.75"
12/22/2023,"4,754.63"
12/26/2023,"4,774.75"
12/27/2023,"4,781.58"
12/28/2023,"4,783.35"
12/29/2023,"4,769.83"
01/02/2024,"4,742.83"
01/03/2024,"4,704.81"
01/04/2024,"4,688.68"
01/05/2024,"4,697.24"
01/08/2024,"4,763.54"
01/09/2024,"4,756.50"
01/10/2024,"4,783.45"
01/11/2024,"4,780.24"
01/12/2024,"4,783.83"
01/16/2024,"4,765.98"
01/17/2024,"4,739.21"
01/18/2024,"4,780.94"
01/19/2024,"4,839.81"
01/22/2024,"4,850.43"
01/23/2024,"4,864.60"
01/24/2024,"4,868.55"
01/25/2024,"4,894.16"
01/26/2024,"4,890.97"
01/29/2024,"4,927.93"
01/30/2024,"4,924.97"
01/31/2024,"4,845.65"
02/01/2024,"4,906.19"
02/02/2024,"4,958.61"
02/05/2024,"4,942.81"
02/06/2024,"4,954.23"
02/07/2024,"4,995.06"
02/08/2024,"4,997.91"
02/09/2024,"5,026.61"
02/12/2024,"5,021.84"
02/13/2024,"4,953.17"
02/14/2024,"5,000.62"
02/15/2024,"5,029.73"
02/16/2024,"5,005.57"
02/20/2024,"4,975.51"
02/21/2024,"4,981.80"
02/22/2024,"5,087.03"
02/23/2024,"5,088.80"
02/26/2024,"5,069.53"
02/27/2024,"5,078.18"
02/28/2024,"5,069.76"
02/29/2024,"5,096.27"
03/01/2024,"5,137.08"
03/04/2024,"5,130.95"
03/05/2024,"5,078.65"
03/06/2024,"5,104.76"
03/07/2024,"5,157.36"
03/08/2024,"5,123.69"
03/11/2024,"5,117.94"
03/12/2024,"5,175.27"
03/13/2024,"5,165.31"
03/14/2024,"5,150.48"
03/15/2024,"5,117.09"
03/18/2024,"5,149.42"
03/19/2024,"5,178.51"
03/20/2024,"5,224.62"
03/21/2024,"5,241.53"
03/22/2024,"5,234.18"
03/25/2024,"5,218.19"
03/26/2024,"5,203.58"
03/27/2024,"5,248.49"
03/28/2024,"5,254.35"
04/01/2024,"5,243.77"
04/02/2024,"5,205.81"
04/03/2024,"5,211.49"
04/04/2024,"5,147.21"
04/05/2024,"5,204.34"
04/08/2024,"5,202.39"
04/09/2024,"5,209.91"
04/10/2024,"5,160.64"
04/11/2024,"5,199.06"
04/12/2024,"5,123.41"
04/15/2024,"5,061.82"
04/16/2024,"5,051.41"
04/17/2024,"5,022.21"
04/18/2024,"5,011.12"
04/19/2024,"4,967.23"
04/22/2024,"5,010.60"
04/23/2024,"5,070.55"
04/24/2024,"5,071.63"
04/25/2024,"5,048.42"
04/26/2024,"5,099.96"
04/29/2024,"5,116.17"
04/30/2024,"5,035.69"
05/01/2024,"5,018.39"
05/02/2024,"5,064.20"
05/03/2024,"5,127.79"
05/06/2024,"5,180.74"
05/07/2024,"5,187.70"
05/08/2024,"5,187.67"
05/09/2024,"5,214.08"
05/10/2024,"5,222.68"
05/13/2024,"5,221.42"
05/14/2024,"5,246.68"
05/15/2024,"5,308.15"
05/16/2024,"5,297.10"
05/17/2024,"5,303.27"
05/20/2024,"5,308.13"
05/21/2024,"5,321.41"
05/22/2024,"5,307.01"
05/23/2024,"5,267.84"
05/24/2024,"5,304.72"
05/28/2024,"5,306.04"
05/29/2024,"5,266.95"
05/30/2024,"5,235.48"
05/31/2024,"5,277.51"
06/03/2024,"5,283.40"
06/04/2024,"5,291.34"
06/05/2024,"5,354.03"
06/06/2024,"5,352.96"
06/07/2024,"5,346.99"
06/10/2024,"5,360.79"
06/11/2024,"5,375.32"
06/12/2024,"5,421.03"
06/13/2024,"5,433.74"
06/14/2024,"5,431.60"
06/17/2024,"5,473.23"
06/18/2024,"5,487.03"
06/20/2024,"5,473.17"
06/21/2024,"5,464.62"
06/24/2024,"5,447.87"
06/25/2024,"5,469.30"
06/26/2024,"5,477.90"
06/27/2024,"5,482.87"
06/28/2024,"5,460.48"
07/01/2024,"5,475.09"
07/02/2024,"5,509.01"
07/03/2024,"5,537.02"
07/05/2024,"5,567.19"
07/08/2024,"5,572.85"
07/09/2024,"5,576.98"
07/10/2024,"5,633.91"
07/11/2024,"5,584.54"
07/12/2024,"5,615.35"
07/15/2024,"5,631.22"
07/16/2024,"5,667.20"
07/17/2024,"5,588.27"
07/18/2024,"5,544.59"
07/19/2024,"5,505.00"
07/22/2024,"5,564.41"
07/23/2024,"5,555.74"
07/24/2024,"5,427.13"
07/25/2024,"5,399.22"
07/26/2024,"5,459.10"
07/29/2024,"5,463.54"
07/30/2024,"5,436.44"
07/31/2024,"5,522.30"
08/01/2024,"5,446.68"
08/02/2024,"5,346.56"
08/05/2024,"5,186.33"
08/06/2024,"5,240.03"
08/07/2024,"5,199.50"
08/08/2024,"5,319.31"
08/09/2024,"5,344.16"
08/12/2024,"5,344.39"
08/13/2024,"5,434.43"
08/14/2024,"5,455.21"
08/15/2024,"5,543.22"
08/16/2024,"5,554.25"
08/19/2024,"5,608.25"
08/20/2024,"5,597.12"
08/21/2024,"5,620.85"
08/22/2024,"5,570.64"
08/23/2024,"5,634.61"
08/26/2024,"5,616.84"
08/27/2024,"5,625.80"
08/28/2024,"5,592.18"
08/29/2024,"5,591.96"
08/30/2024,"5,648.40"
09/03/2024,"5,528.93"
09/04/2024,"5,520.07"
09/05/2024,"5,503.41"
09/06/2024,"5,408.42"
09/09/2024,"5,471.05"
09/10/2024,"5,495.52"
09/11/2024,"5,554.13"
09/12/2024,"5,595.76"
09/13/2024,"5,626.02"
09/16/2024,"5,633.09"
09/17/2024,"5,634.58"
09/18/2024,"5,618.26"
09/19/2024,"5,713.64"
09/20/2024,"5,702.55"
09/23/2024,"5,718.57"
09/24/2024,"5,732.93"
09/25/2024,"5,722.26"
09/26/2024,"5,745.37"
09/27/2024,"5,738.17"
09/30/2024,"5,762.48"
10/01/2024,"5,708.75"
10/02/2024,"5,709.54"
10/03/2024,"5,699.94"
10/04/2024,"5,751.07"
10/07/2024,"5,695.94"
10/08/2024,"5,751.13"
10/09/2024,"5,792.04"
10/10/2024,"5,780.05"
10/11/2024,"5,815.03"
10/14/2024,"5,859.85"
10/15/2024,"5,815.26"
10/16/2024,"5,842.47"
10/17/2024,"5,841.47"
10/18/2024,"5,864.67"
10/21/2024,"5,853.98"
10/22/2024,"5,851.20"
10/23/2024,"5,797.42"
10/24/2024,"5,809.86"
10/25/2024,"5,808.12"
10/28/2024,"5,823.52"
10/29/2024,"5,832.92"
10/30/2024,"5,813.67"
10/31/2024,"5,705.45"
11/01/2024,"5,728.80"
11/04/2024,"5,712.69"
11/05/2024,"5,782.76"
11/06/2024,"5,929.04"
11/07/2024,"5,973.10"
11/08/2024,"5,995.54"
11/11/2024,"6,001.35"
11/12/2024,"5,983.99"
11/13/2024,"5,985.38"
11/14/2024,"5,949.17"
11/15/2024,"5,870.62"
11/18/2024,"5,893.62"
11/19/2024,"5,916.98"
11/20/2024,"5,917.11"
11/21/2024,"5,948.71"
11/22/2024,"5,969.34"
11/25/2024,"5,987.37"
11/26/2024,"6,021.63"
11/27/2024,"5,998.74"
11/29/2024,"6,032.38"
12/02/2024,"6,047.15"
12/03/2024,"6,049.88"
12/04/2024,"6,086.49"
12/05/2024,"6,075.11"
12/06/2024,"6,090.27"
12/09/2024,"6,052.85"
12/10/2024,"6,034.91"
12/11/2024,"6,084.19"
12/12/2024,"6,051.25"
12/13/2024,"6,051.09"
12/16/2024,"6,074.08"
12/17/2024,"6,050.61"
12/18/2024,"5,872.16"
12/19/2024,"5,867.08"
12/20/2024,"5,930.85"
12/23/2024,"5,974.07"
12/24/2024,"6,040.04"
12/26/2024,"6,037.59"
12/27/2024,"5,970.84"
12/30/2024,"5,906.94"
12/31/2024,"5,881.63"
01/02/2025,"5,868.55"
01/03/2025,"5,942.47"
01/06/2025,"5,975.38"
01/07/2025,"5,909.03"
01/08/2025,"5,918.25"
01/10/2025,"5,827.04"
01/13/2025,"5,836.22"
01/14/2025,"5,842.91"
01/15/2025,"5,949.91"
01/16/2025,"5,937.34"
01/17/2025,"5,996.66"
01/21/2025,"6,049.24"
01/22/2025,"6,086.37"
01/23/2025,"6,118.71"
01/24/2025,"6,101.24"
01/27/2025,"6,012.28"
01/28/2025,"6,067.70"
01/29/2025,"6,039.31"
01/30/2025,"6,071.17"
01/31/2025,"6,040.53"
02/03/2025,"5,994.57"
02/04/2025,"6,037.88"
02/05/2025,"6,061.48"
02/06/2025,"6,083.57"
02/07/2025,"6,025.99"
02/10/2025,"6,066.44"
02/11/2025,"6,068.50"
02/12/2025,"6,051.97"
02/13/2025,"6,115.07"
02/14/2025,"6,114.63"
02/18/2025,"6,129.58"
02/19/2025,"6,144.15"
02/20/2025,"6,117.52"
02/21/2025,"6,013.13"
02/24/2025,"5,983.25"
02/25/2025,"5,955.25"
02/26/2025,"5,956.06"
02/27/2025,"5,861.57"
02/28/2025,"5,954.50"
03/03/2025,"5,849.72"
03/04/2025,"5,778.15"
03/05/2025,"5,842.63"
03/06/2025,"5,738.52"
03/07/2025,"5,770.20"
03/10/2025,"5,614.56"
03/11/2025,"5,572.07"
03/12/2025,"5,599.30"
03/13/2025,"5,521.52"
03/14/2025,"5,638.94"
03/17/2025,"5,675.12"
03/18/2025,"5,614.66"
03/19/2025,"5,675.29"
03/20/2025,"5,662.89"
03/21/2025,"5,667.56"
03/24/2025,"5,767.57"
03/25/2025,"5,776.65"
03/26/2025,"5,712.20"
03/27/2025,"5,693.31"
03/28/2025,"5,580.94"
03/31/2025,"5,611.85"
04/01/2025,"5,633.07"
04/02/2025,"5,670.97"
04/03/2025,"5,396.52"
04/04/2025,"5,074.08"
04/07/2025,"5,062.25"
04/08/2025,"4,982.77"
04/09/2025,"5,456.90"
04/10/2025,"5,268.05"
04/11/2025,"5,363.36"
04/14/2025,"5,405.97"
04/15/2025,"5,396.63"
04/16/2025,"5,275.70"
04/17/2025,"5,282.70"
04/21/2025,"5,158.20"
04/22/2025,"5,287.76"
04/23/2025,"5,375.86"
04/24/2025,"5,484.77"
04/25/2025,"5,525.21"
04/28/2025,"5,528.75"
04/29/2025,"5,560.83"
04/30/2025,"5,569.06"
05/01/2025,"5,604.14"
05/02/2025,"5,686.67"
05/05/2025,"5,650.38"
05/06/2025,"5,606.91"
05/07/2025,"5,631.28"
05/08/2025,"5,663.94"
05/09/2025,"5,659.91"
05/12/2025,"5,844.19"
05/13/2025,"5,886.55"
05/14/2025,"5,892.58"
05/15/2025,"5,916.93"
05/16/2025,"5,958.38"
05/19/2025,"5,963.60"
05/20/2025,"5,940.46"
05/21/2025,"5,844.61"
05/22/2025,"5,842.01"
05/23/2025,"5,802.82"
05/27/2025,"5,921.54"
05/28/2025,"5,888.55"
05/29/2025,"5,912.17"
05/30/2025,"5,911.69"
06/02/2025,"5,935.94"
06/03/2025,"5,970.37"
06/04/2025,"5,970.81"
06/05/2025,"5,939.30"
06/06/2025,"6,000.36"
06/09/2025,"6,005.88"
06/10/2025,"6,038.81"
06/11/2025,"6,022.24"
06/12/2025,"6,045.26"
06/13/2025,"5,976.97"
06/16/2025,"6,033.11"
06/17/2025,"5,982.72"
06/18/2025,"5,980.87"
06/20/2025,"5,967.84"
06/23/2025,"6,025.17"
06/24/2025,"6,092.18"
06/25/2025,"6,092.16"
06/26/2025,"6,141.02"
06/27/2025,"6,173.07"
06/30/2025,"6,204.95"
07/01/2025,"6,198.01"
07/02/2025,"6,227.42"
07/03/2025,"6,279.35"
07/07/2025,"6,229.98"
07/08/2025,"6,225.52"
07/09/2025,"6,263.26"
07/10/2025,"6,280.46"
07/11/2025,"6,259.75"
07/14/2025,"6,268.56"
07/15/2025,"6,243.76"
07/16/2025,"6,263.70"
07/17/2025,"6,297.36"
07/18/2025,"6,296.79"
07/21/2025,"6,305.60"
07/22/2025,"6,309.62"
07/23/2025,"6,358.91"
07/24/2025,"6,363.35"
07/25/2025,"6,388.64"
07/28/2025,"6,389.77"
07/29/2025,"6,370.86"
07/30/2025,"6,362.90"
07/31/2025,"6,339.39"
08/01/2025,"6,238.01"
08/04/2025,"6,329.94"
08/05/2025,"6,299.19"
08/06/2025,"6,345.06"
08/07/2025,"6,340.00"
08/08/2025,"6,389.45"
08/11/2025,"6,373.45"
08/12/2025,"6,445.76"
08/13/2025,"6,466.58"
08/14/2025,"6,468.54"
08/15/2025,"6,449.80"
08/18/2025,"6,449.15"
08/19/2025,"6,411.37"
08/20/2025,"6,395.78"
08/21/2025,"6,370.17"
08/22/2025,"6,466.91"
08/25/2025,"6,439.32"
08/26/2025,"6,465.94"
08/27/2025,"6,481.40"
08/28/2025,"6,501.86"
08/29/2025,"6,460.26"
09/02/2025,"6,415.54"
09/03/2025,"6,448.26"
09/04/2025,"6,502.08"
09/05/2025,"6,481.50"
09/08/2025,"6,495.15"
09/09/2025,"6,512.61"
09/10/2025,"6,532.04"
09/11/2025,"6,587.47"
09/12/2025,"6,584.29"
09/15/2025,"6,615.28"
09/16/2025,"6,606.76"
09/17/2025,"6,600.35"
09/18/2025,"6,631.96"
09/19/2025,"6,664.36"
09/22/2025,"6,693.75"
09/23/2025,"6,656.92"
09/24/2025,"6,637.97"
09/25/2025,"6,604.72"
09/26/2025,"6,643.70"
09/29/2025,"6,661.21"
09/30/2025,"6,688.46"
10/01/2025,"6,711.20"
10/02/2025,"6,715.35"
10/03/2025,"6,715.79"
10/06/2025,"6,740.28"
10/07/2025,"6,714.59"
10/08/2025,"6,753.72"
10/09/2025,"6,735.11"
10/10/2025,"6,552.51"
10/13/2025,"6,654.72"
10/14/2025,"6,644.31"
10/15/2025,"6,671.06"
10/16/2025,"6,629.07"
10/17/2025,"6,664.01"
10/20/2025,"6,735.13"
10/21/2025,"6,735.35"
10/22/2025,"6,699.40"
10/23/2025,"6,738.44"
10/24/2025,"6,791.69"
10/27/2025,"6,875.16"
10/28/2025,"6,890.89"
10/29/2025,"6,890.59"
10/30/2025,"6,822.34"
10/31/2025,"6,840.20"
11/03/2025,"6,851.97"
11/04/2025,"6,771.55"
11/05/2025,"6,796.29"
11/06/2025,"6,720.32"
11/07/2025,"6,728.80"
11/10/2025,"6,832.43"
11/11/2025,"6,846.61"
11/12/2025,"6,850.92"
11/13/2025,"6,737.49"
11/14/2025,"6,734.11"
11/17/2025,"6,672.41"
11/18/2025,"6,617.32"
11/19/2025,"6,642.16"
11/20/2025,"6,538.76"
11/21/2025,"6,602.99"
11/24/2025,"6,705.12"
11/25/2025,"6,765.88"
11/26/2025,"6,812.61"
11/28/2025,"6,849.09"
12/01/2025,"6,812.63"
12/02/2025,"6,829.37"
12/03/2025,"6,849.72"
12/04/2025,"6,857.12"
12/05/2025,"6,870.40"
12/08/2025,"6,846.51"
12/09/2025,"6,840.51"
12/10/2025,"6,886.68"
12/11/2025,"6,901.00"
12/12/2025,"6,827.41"
12/15/2025,"6,816.51"
12/16/2025,"6,800.26"
12/17/2025,"6,721.43"
12/18/2025,"6,774.76"
12/19/2025,"6,834.50"
12/22/2025,"6,878.49"
12/23/2025,"6,909.79"
12/24/2025,"6,932.05"
12/26/2025,"6,929.94"
12/29/2025,"6,905.74"
12/30/2025,"6,896.24"
12/31/2025,"6,845.50"
01/02/2026,"6,858.47"
01/05/2026,"6,902.05"
01/06/2026,"6,944.82"
01/07/2026,"6,920.93"
01/08/2026,"6,921.46"
01/09/2026,"6,966.28"
01/12/2026,"6,977.27"
01/13/2026,"6,963.74"
01/14/2026,"6,926.60"
01/15/2026,"6,944.47"
01/16/2026,"6,940.01"
01/20/2026,"6,796.86"
01/21/2026,"6,875.62"
01/22/2026,"6,913.35"
01/23/2026,"6,915.61"
01/26/2026,"6,950.23"
01/27/2026,"6,978.60"
01/28/2026,"6,978.03"
01/29/2026,"6,969.01"
01/30/2026,"6,939.03"
02/02/2026,"6,976.44"
02/03/2026,"6,917.81"
02/04/2026,"6,882.72"
02/05/2026,"6,798.40"
02/06/2026,"6,932.30"
02/09/2026,"6,964.82"
02/10/2026,"6,941.81"
02/11/2026,"6,941.47"
02/12/2026,"6,832.76"
02/13/2026,"6,836.17"
02/17/2026,"6,843.22"
02/18/2026,"6,881.31"
02/19/2026,"6,861.89"
02/20/2026,"6,909.51"
02/23/2026,"6,837.75"
02/24/2026,"6,890.07"
02/25/2026,"6,946.13"
02/26/2026,"6,908.86"
02/27/2026,"6,878.88"
03/02/2026,"6,881.62"
03/03/2026,"6,816.63"
03/04/2026,"6,869.50"
03/05/2026,"6,830.71"
03/06/2026,"6,740.02"
03/09/2026,"6,795.99"
03/10/2026,"6,781.48"
03/11/2026,"6,775.80"
03/12/2026,"6,672.62"
03/13/2026,"6,632.19"
03/16/2026,"6,699.38"
03/17/2026,"6,716.09"
03/18/2026,"6,624.70"
03/19/2026,"6,606.49"
03/20/2026,"6,506.48"
03/23/2026,"6,581.00"
03/24/2026,"6,556.34"
03/25/2026,6591.8999
03/26/2026,6477.1602
03/27/2026,6368.8501
03/30/2026,6343.7202
03/31/2026,6528.52
04/01/2026,6575.3198
04/02/2026,6582.6899
04/06/2026,6611.8301
04/07/2026,6616.8501
04/08/2026,6782.8101
04/09/2026,6824.6602
04/10/2026,6816.8901
04/13/2026,6886.2402
04/14/2026,6967.3799
04/15/2026,7022.9502
04/16/2026,7041.2798
04/17/2026,7126.0601
04/20/2026,7109.1401
04/21/2026,7064.0098
04/22/2026,7137.8999
04/23/2026,7108.3999
04/24/2026,7165.0801
04/27/2026,7173.9102
04/28/2026,7138.7998
04/29/2026,7135.9502
04/30/2026,7209.0098
05/01/2026,7230.1201
05/04/2026,7200.75
05/05/2026,7259.2202
05/06/2026,7365.1201
05/07/2026,7337.1099
05/08/2026,7398.9302
05/11/2026,7412.8398
05/12/2026,7400.96
05/13/2026,7444.25
05/14/2026,7501.2402
05/15/2026,7408.5
05/18/2026,7403.0498
05/19/2026,7353.6099
05/20/2026,7432.9702
05/21/2026,7445.7202
05/22/2026,7473.4702
05/26/2026,7519.1201
05/27/2026,7520.3599
05/28/2026,7563.6299
05/29/2026,7580.0601
06/01/2026,7599.96
06/02/2026,7609.7798
06/03/2026,7553.6802
06/04/2026,7584.3101
06/05/2026,7383.7402
