Date,Price
01/03/2000,527.7
01/04/2000,528.9
01/05/2000,529.1
01/06/2000,526.2
01/07/2000,522
01/10/2000,519.7
01/11/2000,521.6
01/12/2000,519.7
01/13/2000,516.5
01/14/2000,515.7
01/17/2000,512.1
01/18/2000,515.5
01/19/2000,516.6
01/20/2000,519
01/21/2000,517.8
01/24/2000,515.2
01/25/2000,516.9
01/26/2000,516.5
01/27/2000,517.3
01/28/2000,517.4
01/31/2000,517.8
02/01/2000,518.25
02/02/2000,516.4
02/03/2000,514.8
02/04/2000,515.6
02/07/2000,514.5
02/08/2000,514.7
02/09/2000,514.2
02/10/2000,515.8
02/11/2000,514.9
02/14/2000,514.5
02/15/2000,513.6
02/16/2000,512.7
02/17/2000,511.3
02/18/2000,511.6
02/21/2000,510.8
02/22/2000,508.6
02/23/2000,507.4
02/24/2000,507.2
02/25/2000,506.2
02/28/2000,501.4
02/29/2000,502.35
03/01/2000,503.3
03/02/2000,502.7
03/03/2000,502.85
03/06/2000,503.9
03/07/2000,506.4
03/08/2000,508.2
03/09/2000,506.1
03/10/2000,506.1
03/13/2000,507
03/14/2000,506.1
03/15/2000,506.8
03/16/2000,506.9
03/17/2000,506.1
03/20/2000,506.15
03/21/2000,504.8
03/22/2000,503.8
03/23/2000,502.5
03/24/2000,502.2
03/27/2000,502.4
03/28/2000,501.8
03/29/2000,501
03/30/2000,501.15
03/31/2000,503.1
04/03/2000,503.1
04/04/2000,503.9
04/05/2000,505.6
04/06/2000,505
04/07/2000,505.6
04/10/2000,504.9
04/11/2000,505.3
04/12/2000,505.2
04/13/2000,505.2
04/14/2000,510
04/17/2000,514.5
04/18/2000,508.8
04/19/2000,509
04/20/2000,510.1
04/24/2000,512
04/25/2000,512.8
04/26/2000,514.2
04/27/2000,514.7
04/28/2000,515.1
05/02/2000,513.5
05/03/2000,516.6
05/04/2000,517.5
05/05/2000,519.4
05/08/2000,522.6
05/09/2000,522.4
05/10/2000,526
05/11/2000,522.6
05/12/2000,520.7
05/15/2000,517.7
05/16/2000,517.3
05/17/2000,519.7
05/18/2000,520.8
05/19/2000,523.8
05/22/2000,525.3
05/23/2000,524.7
05/24/2000,526.2
05/25/2000,525.35
05/26/2000,523.8
05/29/2000,525.7
05/30/2000,524.8
05/31/2000,524.1
06/01/2000,522.5
06/02/2000,519.3
06/05/2000,521.3
06/06/2000,523.2
06/07/2000,525.3
06/08/2000,527.1
06/09/2000,528.5
06/12/2000,530.3
06/13/2000,532.2
06/14/2000,530.4
06/15/2000,531.9
06/16/2000,530.7
06/20/2000,531.2
06/21/2000,533.1
06/22/2000,534.4
06/23/2000,536.7
06/26/2000,536.7
06/27/2000,535.9
06/28/2000,536.9
06/29/2000,538.4
06/30/2000,539.6
07/03/2000,535.4
07/04/2000,533.9
07/05/2000,535.4
07/06/2000,536.7
07/07/2000,535.7
07/10/2000,534.3
07/11/2000,536
07/12/2000,537.9
07/13/2000,540.4
07/14/2000,542.9
07/17/2000,541.7
07/18/2000,545.4
07/19/2000,545.8
07/20/2000,545.1
07/21/2000,545.9
07/24/2000,549.4
07/25/2000,550
07/26/2000,556
07/27/2000,553.2
07/28/2000,557.5
07/31/2000,555.4
08/01/2000,553
08/02/2000,549.1
08/03/2000,552.2
08/04/2000,554.9
08/07/2000,555
08/08/2000,552.7
08/09/2000,552.9
08/10/2000,551.2
08/11/2000,547.5
08/14/2000,544.1
08/16/2000,545.8
08/17/2000,546
08/18/2000,549.3
08/21/2000,547.7
08/22/2000,546
08/23/2000,545.8
08/24/2000,546.7
08/25/2000,546.3
08/28/2000,545
08/29/2000,558.3
08/30/2000,561.45
08/31/2000,561.9
09/01/2000,564.1
09/04/2000,564.1
09/05/2000,568.4
09/06/2000,569
09/07/2000,569
09/08/2000,568
09/11/2000,565.9
09/12/2000,565.5
09/13/2000,563.3
09/14/2000,560.1
09/15/2000,563.5
09/18/2000,563.5
09/20/2000,569.4
09/21/2000,567.6
09/22/2000,565.3
09/25/2000,562.9
09/26/2000,566.7
09/27/2000,566.7
09/28/2000,563.2
09/29/2000,563.6
10/02/2000,562.1
10/03/2000,560.8
10/04/2000,560
10/05/2000,558.6
10/06/2000,561.9
10/09/2000,561.8
10/10/2000,564.7
10/11/2000,564.3
10/12/2000,566.8
10/13/2000,568.3
10/16/2000,567.4
10/17/2000,569
10/18/2000,570.5
10/19/2000,570
10/20/2000,570.6
10/23/2000,573.1
10/24/2000,573
10/25/2000,576.3
10/26/2000,578.6
10/27/2000,574
10/30/2000,570.2
10/31/2000,570.2
11/01/2000,570.2
11/02/2000,571.7
11/03/2000,569.3
11/06/2000,574.1
11/07/2000,575.9
11/08/2000,575.1
11/09/2000,576.2
11/10/2000,575.4
11/13/2000,573
11/14/2000,572.6
11/15/2000,572.1
11/16/2000,571.1
11/17/2000,574.7
11/20/2000,574.8
11/21/2000,573.9
11/22/2000,575
11/23/2000,575.25
11/24/2000,576.5
11/27/2000,577.3
11/28/2000,580.3
11/29/2000,579.7
11/30/2000,578
12/01/2000,577.1
12/04/2000,576.35
12/05/2000,574.5
12/06/2000,575.1
12/07/2000,577
12/08/2000,577
12/11/2000,577.2
12/12/2000,576.4
12/13/2000,575.3
12/14/2000,574.7
12/15/2000,573.7
12/18/2000,571.9
12/19/2000,571
12/20/2000,571.9
12/21/2000,572.9
12/22/2000,573
12/25/2000,573
12/26/2000,574
12/27/2000,573.5
12/28/2000,572.2
12/29/2000,573.6
01/02/2001,575.15
01/03/2001,573.4
01/04/2001,571.1
01/05/2001,573.5
01/08/2001,574.78
01/09/2001,574.21
01/10/2001,573.78
01/11/2001,572.8
01/12/2001,573.16
01/15/2001,572.9
01/16/2001,572.55
01/17/2001,571.8
01/18/2001,571.8
01/19/2001,570.2
01/22/2001,567
01/23/2001,566.5
01/24/2001,567.2
01/25/2001,566.48
01/26/2001,566.4
01/29/2001,564.7
01/30/2001,561.7
01/31/2001,561.2
02/01/2001,562.4
02/02/2001,563.7
02/05/2001,564.4
02/06/2001,562
02/07/2001,562.2
02/08/2001,559.8
02/09/2001,558.8
02/12/2001,556.9
02/13/2001,556.9
02/14/2001,559.5
02/15/2001,562.6
02/16/2001,563.9
02/19/2001,563
02/20/2001,562.25
02/21/2001,566.6
02/22/2001,569.2
02/23/2001,571.3
02/26/2001,567.2
02/27/2001,568.5
02/28/2001,574.09
03/01/2001,572.4
03/02/2001,578.95
03/05/2001,587.8
03/06/2001,587.3
03/07/2001,587.2
03/08/2001,589.7
03/09/2001,592.9
03/12/2001,592.6
03/13/2001,587.1
03/14/2001,586.5
03/15/2001,588.1
03/16/2001,589.4
03/19/2001,588.2
03/20/2001,585.1
03/21/2001,587.2
03/22/2001,591.8
03/23/2001,595.1
03/26/2001,590.3
03/27/2001,590.8
03/28/2001,591.2
03/29/2001,592.9
03/30/2001,595.4
04/02/2001,596.8
04/03/2001,597.5
04/04/2001,597.3
04/05/2001,595.3
04/06/2001,595.5
04/09/2001,596.1
04/10/2001,594.4
04/11/2001,596.5
04/12/2001,597.6
04/13/2001,597.6
04/16/2001,600.4
04/17/2001,600
04/18/2001,597.2
04/19/2001,598
04/20/2001,601.05
04/23/2001,602.55
04/24/2001,602.55
04/25/2001,606
04/26/2001,601.65
04/27/2001,600.5
04/30/2001,600.7
05/01/2001,600.7
05/02/2001,602.2
05/03/2001,601.7
05/04/2001,601.9
05/07/2001,600.4
05/08/2001,602
05/09/2001,602.3
05/10/2001,602.5
05/11/2001,604.05
05/14/2001,604.3
05/15/2001,605.8
05/16/2001,606.8
05/17/2001,606.9
05/18/2001,607.15
05/21/2001,607.15
05/22/2001,604.8
05/23/2001,605.35
05/24/2001,605.45
05/25/2001,606.1
05/28/2001,606.2
05/29/2001,609.2
05/30/2001,610.2
05/31/2001,610.8
06/01/2001,610.4
06/04/2001,607.2
06/05/2001,606.4
06/06/2001,606.8
06/07/2001,608
06/08/2001,608.1
06/11/2001,608.1
06/12/2001,611
06/13/2001,612.5
06/14/2001,612.5
06/15/2001,614.6
06/18/2001,620.6
06/19/2001,622.5
06/20/2001,624
06/21/2001,622.7
06/22/2001,623.8
06/25/2001,622.8
06/26/2001,623.9
06/27/2001,624.9
06/28/2001,626.7
06/29/2001,631.6
07/02/2001,631.6
07/03/2001,635.5
07/04/2001,642.3
07/05/2001,648.5
07/06/2001,642.2
07/09/2001,642.2
07/10/2001,651.3
07/11/2001,664
07/12/2001,665
07/13/2001,668.3
07/16/2001,668.3
07/17/2001,659.8
07/18/2001,659.5
07/19/2001,663.7
07/20/2001,662.5
07/23/2001,659
07/24/2001,661.3
07/25/2001,664.4
07/26/2001,665.2
07/27/2001,668.2
07/30/2001,665.4
07/31/2001,670.1
08/01/2001,679.5
08/02/2001,674
08/03/2001,672.9
08/06/2001,675.9
08/07/2001,681.2
08/08/2001,681
08/09/2001,677
08/10/2001,681.4
08/13/2001,682.8
08/14/2001,691.7
08/15/2001,691.7
08/16/2001,689.2
08/17/2001,680
08/20/2001,675.3
08/21/2001,672.4
08/22/2001,669.7
08/23/2001,663.8
08/24/2001,662.5
08/27/2001,664.1
08/28/2001,658
08/29/2001,660
08/30/2001,661.7
08/31/2001,664.5
09/03/2001,664.45
09/04/2001,664.7
09/05/2001,667.4
09/06/2001,664.3
09/07/2001,666.9
09/10/2001,668.3
09/11/2001,682.5
09/12/2001,678.5
09/13/2001,680.5
09/14/2001,690.3
09/17/2001,690
09/18/2001,690
09/19/2001,690
09/20/2001,694.4
09/21/2001,694.35
09/24/2001,692
09/25/2001,692.5
09/26/2001,695.3
09/27/2001,696.2
09/28/2001,693
10/01/2001,694.9
10/02/2001,695
10/03/2001,699.3
10/04/2001,703
10/05/2001,710
10/08/2001,714.1
10/09/2001,718
10/10/2001,710.5
10/11/2001,702.5
10/12/2001,713.4
10/15/2001,713.4
10/16/2001,704.5
10/17/2001,704.8
10/18/2001,709.1
10/19/2001,714.6
10/22/2001,708
10/23/2001,710.2
10/24/2001,710
10/25/2001,712.7
10/26/2001,715
10/29/2001,715.8
10/30/2001,716.2
10/31/2001,713.5
11/01/2001,713.5
11/02/2001,713.8
11/05/2001,711
11/06/2001,704.8
11/07/2001,700.85
11/08/2001,697.5
11/09/2001,698
11/12/2001,702.3
11/13/2001,689
11/14/2001,686
11/15/2001,682
11/16/2001,678
11/19/2001,674.6
11/20/2001,680.7
11/21/2001,678.5
11/22/2001,676.7
11/23/2001,676.3
11/26/2001,671.8
11/27/2001,670.8
11/28/2001,676.1
11/29/2001,686.7
11/30/2001,686
12/03/2001,679.5
12/04/2001,669
12/05/2001,671.2
12/06/2001,674.5
12/07/2001,673
12/10/2001,664.5
12/11/2001,666
12/12/2001,669.5
12/13/2001,670.5
12/14/2001,670.8
12/17/2001,665.3
12/18/2001,663.5
12/19/2001,660
12/20/2001,667.5
12/21/2001,666.6
12/24/2001,663.3
12/25/2001,663.3
12/26/2001,660.8
12/27/2001,654
12/28/2001,661
12/31/2001,661
01/02/2002,651.5
01/03/2002,646
01/04/2002,652.5
01/07/2002,655
01/08/2002,663
01/09/2002,670.7
01/10/2002,682
01/11/2002,676.5
01/14/2002,668.5
01/15/2002,667.5
01/16/2002,670
01/17/2002,669
01/18/2002,671.5
01/21/2002,670.4
01/22/2002,666.5
01/23/2002,671.2
01/24/2002,669
01/25/2002,671.1
01/28/2002,678.7
01/29/2002,679
01/30/2002,677.45
01/31/2002,678.5
02/01/2002,678.6
02/04/2002,687.2
02/05/2002,689.5
02/06/2002,687.8
02/07/2002,687
02/08/2002,685
02/11/2002,684.5
02/12/2002,677.3
02/13/2002,673.5
02/14/2002,676.5
02/15/2002,677
02/18/2002,673.3
02/19/2002,672.8
02/20/2002,674.3
02/21/2002,673.3
02/22/2002,675.3
02/25/2002,673.5
02/26/2002,674.5
02/27/2002,673
02/28/2002,672
03/01/2002,668
03/04/2002,665.5
03/05/2002,667.3
03/06/2002,667
03/07/2002,664.5
03/08/2002,660
03/11/2002,661.9
03/12/2002,661.1
03/13/2002,656.4
03/14/2002,654.4
03/15/2002,658.9
03/18/2002,656.7
03/19/2002,657
03/20/2002,657.5
03/21/2002,662.5
03/22/2002,668.3
03/25/2002,670
03/26/2002,667.2
03/27/2002,657
03/28/2002,656.3
03/29/2002,656.3
04/01/2002,656
04/02/2002,657.3
04/03/2002,662.2
04/04/2002,658.7
04/05/2002,647
04/08/2002,647.5
04/09/2002,648
04/10/2002,641
04/11/2002,645.5
04/12/2002,642.5
04/15/2002,647.5
04/16/2002,647
04/17/2002,644.4
04/18/2002,647.3
04/19/2002,647.7
04/22/2002,654.2
04/23/2002,653.8
04/24/2002,653.8
04/25/2002,653
04/26/2002,651
04/29/2002,647.5
04/30/2002,646.7
05/01/2002,646.7
05/02/2002,651.8
05/03/2002,653
05/06/2002,656.4
05/07/2002,652.7
05/08/2002,652.2
05/09/2002,657.8
05/10/2002,655
05/13/2002,657.5
05/14/2002,654.5
05/15/2002,651.5
05/16/2002,651.6
05/17/2002,651.2
05/20/2002,651.8
05/21/2002,651.8
05/22/2002,656.3
05/23/2002,656.2
05/24/2002,656.1
05/27/2002,656.1
05/28/2002,656
05/29/2002,653.9
05/30/2002,655.4
05/31/2002,655.4
06/03/2002,659.5
06/04/2002,661.2
06/05/2002,660.6
06/06/2002,662.6
06/07/2002,660.8
06/10/2002,661.7
06/11/2002,664.6
06/12/2002,668.2
06/13/2002,665.5
06/14/2002,668.5
06/17/2002,667.5
06/18/2002,671.9
06/19/2002,680
06/20/2002,687.5
06/21/2002,698.5
06/24/2002,695
06/25/2002,697.5
06/26/2002,702.5
06/27/2002,695.3
06/28/2002,686
07/01/2002,691.3
07/02/2002,699.2
07/03/2002,694.5
07/04/2002,690.3
07/05/2002,696
07/08/2002,699
07/09/2002,697.3
07/10/2002,699
07/11/2002,693.5
07/12/2002,693.2
07/15/2002,697.8
07/16/2002,695.5
07/17/2002,697
07/18/2002,690.6
07/19/2002,691.3
07/22/2002,692.7
07/23/2002,697.7
07/24/2002,698.6
07/25/2002,705
07/26/2002,697.5
07/29/2002,698.8
07/30/2002,699.4
07/31/2002,706.7
08/01/2002,703
08/02/2002,697.5
08/05/2002,700
08/06/2002,699.9
08/07/2002,697
08/08/2002,692.7
08/09/2002,697.1
08/12/2002,700.7
08/13/2002,701
08/14/2002,703.1
08/15/2002,703.1
08/16/2002,699.5
08/19/2002,698.6
08/20/2002,701.4
08/21/2002,702.5
08/22/2002,707.85
08/23/2002,706.3
08/26/2002,704.7
08/27/2002,709.3
08/28/2002,716.2
08/29/2002,714
08/30/2002,709
09/02/2002,709.3
09/03/2002,716
09/04/2002,715.7
09/05/2002,715.7
09/06/2002,715.3
09/09/2002,717.3
09/10/2002,720.5
09/11/2002,719.3
09/12/2002,719.7
09/13/2002,722
09/16/2002,726.5
09/17/2002,730
09/18/2002,730
09/19/2002,730
09/20/2002,739.8
09/23/2002,747.6
09/24/2002,740.8
09/25/2002,743.2
09/26/2002,746.5
09/27/2002,745.8
09/30/2002,749
10/01/2002,745.2
10/02/2002,742.3
10/03/2002,745
10/04/2002,744
10/07/2002,744.5
10/08/2002,744.8
10/09/2002,751.2
10/10/2002,759.5
10/11/2002,745
10/14/2002,744.9
10/15/2002,745.2
10/16/2002,746.3
10/17/2002,745.8
10/18/2002,743.7
10/21/2002,736.5
10/22/2002,736
10/23/2002,736.3
10/24/2002,735.2
10/25/2002,733
10/28/2002,731.3
10/29/2002,735
10/30/2002,733.1
10/31/2002,726.5
11/01/2002,726.5
11/04/2002,719
11/05/2002,719.9
11/06/2002,718.5
11/07/2002,713.5
11/08/2002,711.2
11/11/2002,710.1
11/12/2002,707
11/13/2002,708.7
11/14/2002,709.5
11/15/2002,705.35
11/18/2002,701.8
11/19/2002,698.5
11/20/2002,696.5
11/21/2002,704
11/22/2002,709.3
11/25/2002,707.5
11/26/2002,707
11/27/2002,706.9
11/28/2002,704
11/29/2002,703.5
12/02/2002,701
12/03/2002,704.8
12/04/2002,712
12/05/2002,706.8
12/06/2002,703.7
12/09/2002,705
12/10/2002,702
12/11/2002,697.4
12/12/2002,692.5
12/13/2002,696.3
12/16/2002,695.2
12/17/2002,694
12/18/2002,696
12/19/2002,698
12/20/2002,699.5
12/23/2002,707
12/24/2002,706
12/25/2002,706
12/26/2002,709.8
12/27/2002,713
12/30/2002,720
12/31/2002,720
01/01/2003,720
01/02/2003,718.2
01/03/2003,713.7
01/06/2003,712.5
01/07/2003,711
01/08/2003,710.5
01/09/2003,710.8
01/10/2003,713.4
01/13/2003,711.2
01/14/2003,712.9
01/15/2003,718.3
01/16/2003,718.8
01/17/2003,726.2
01/20/2003,723
01/21/2003,727.5
01/22/2003,730
01/23/2003,729.7
01/24/2003,734.7
01/27/2003,738.3
01/28/2003,738.4
01/29/2003,738.5
01/30/2003,735
01/31/2003,735
02/03/2003,733.3
02/04/2003,743
02/05/2003,741.5
02/06/2003,742.85
02/07/2003,742.2
02/10/2003,743.6
02/11/2003,745
02/12/2003,747.25
02/13/2003,748.5
02/14/2003,745.75
02/17/2003,741
02/18/2003,740
02/19/2003,746.5
02/20/2003,747.9
02/21/2003,750.2
02/24/2003,754
02/25/2003,753
02/26/2003,753.5
02/27/2003,751.25
02/28/2003,748.9
03/03/2003,749
03/04/2003,753.8
03/05/2003,756
03/06/2003,754.3
03/07/2003,754
03/10/2003,756.8
03/11/2003,751.8
03/12/2003,755.2
03/13/2003,742
03/14/2003,738
03/17/2003,738.5
03/18/2003,734.2
03/19/2003,738.5
03/20/2003,742
03/21/2003,730
03/24/2003,731
03/25/2003,726.2
03/26/2003,726
03/27/2003,726
03/28/2003,726
03/31/2003,733
04/01/2003,726
04/02/2003,723
04/03/2003,721
04/04/2003,721.8
04/07/2003,716.7
04/08/2003,720
04/09/2003,723.5
04/10/2003,724.3
04/11/2003,720.8
04/14/2003,720.8
04/15/2003,718.7
04/16/2003,714.3
04/17/2003,714
04/18/2003,714
04/21/2003,715
04/22/2003,716.5
04/23/2003,710
04/24/2003,710.5
04/25/2003,712
04/28/2003,708
04/29/2003,706
04/30/2003,702
05/01/2003,702
05/02/2003,698.3
05/05/2003,698.5
05/06/2003,699.5
05/07/2003,694.7
05/08/2003,694.6
05/09/2003,695.9
05/12/2003,694.7
05/13/2003,695.2
05/14/2003,702.3
05/15/2003,706.7
05/16/2003,704.8
05/19/2003,713.7
05/20/2003,711.2
05/21/2003,711.2
05/22/2003,707
05/23/2003,706
05/26/2003,709.5
05/27/2003,710.3
05/28/2003,713.5
05/29/2003,711.8
05/30/2003,711.2
06/02/2003,711
06/03/2003,712.8
06/04/2003,715
06/05/2003,714.8
06/06/2003,714
06/09/2003,716.8
06/10/2003,716.9
06/11/2003,714.3
06/12/2003,707.2
06/13/2003,707.5
06/16/2003,707.4
06/17/2003,703.5
06/18/2003,707
06/19/2003,706
06/20/2003,704.8
06/23/2003,703.5
06/24/2003,702.8
06/25/2003,704.5
06/26/2003,696.9
06/27/2003,699.3
06/30/2003,699
07/01/2003,697.5
07/02/2003,695.5
07/03/2003,697.4
07/04/2003,698
07/07/2003,699.9
07/08/2003,705
07/09/2003,703.1
07/10/2003,703
07/11/2003,703.5
07/14/2003,700.3
07/15/2003,698.3
07/16/2003,698.85
07/17/2003,699.7
07/18/2003,702.5
07/21/2003,702
07/22/2003,704.2
07/23/2003,703.8
07/24/2003,702.2
07/25/2003,700.2
07/28/2003,699.8
07/29/2003,702.8
07/30/2003,707
07/31/2003,707.5
08/01/2003,709.3
08/04/2003,714.6
08/05/2003,712
08/06/2003,711.1
08/07/2003,703.3
08/08/2003,702.2
08/11/2003,703.05
08/12/2003,702.05
08/13/2003,704.55
08/14/2003,704
08/15/2003,704
08/18/2003,703.7
08/19/2003,703.1
08/20/2003,702.1
08/21/2003,698.55
08/22/2003,697
08/25/2003,697
08/26/2003,699.8
08/27/2003,698.5
08/28/2003,698.2
08/29/2003,697
09/01/2003,697.2
09/02/2003,694.55
09/03/2003,691
09/04/2003,683.5
09/05/2003,683.3
09/08/2003,682.8
09/09/2003,683.2
09/10/2003,675
09/11/2003,672.3
09/12/2003,670.2
09/15/2003,670.3
09/16/2003,666
09/17/2003,667
09/18/2003,667
09/19/2003,667
09/22/2003,657.3
09/23/2003,661.25
09/24/2003,656.1
09/25/2003,664.25
09/26/2003,664.2
09/29/2003,660.5
09/30/2003,660.8
10/01/2003,656.7
10/02/2003,661.2
10/03/2003,659.75
10/06/2003,658.2
10/07/2003,648.25
10/08/2003,646.25
10/09/2003,643.3
10/10/2003,646.55
10/13/2003,643.1
10/14/2003,645.2
10/15/2003,645.1
10/16/2003,645.5
10/17/2003,647
10/20/2003,646
10/21/2003,644.6
10/22/2003,639
10/23/2003,632.5
10/24/2003,635.3
10/27/2003,635.8
10/28/2003,637.6
10/29/2003,633
10/30/2003,627.6
10/31/2003,626.25
11/03/2003,625.5
11/04/2003,624.9
11/05/2003,629.3
11/06/2003,624.5
11/07/2003,614
11/10/2003,617.5
11/11/2003,625.5
11/12/2003,625.3
11/13/2003,625.2
11/14/2003,618
11/17/2003,625
11/18/2003,631.5
11/19/2003,631.2
11/20/2003,630
11/21/2003,629
11/24/2003,621.4
11/25/2003,623
11/26/2003,624.8
11/27/2003,623.5
11/28/2003,621.3
12/01/2003,615.25
12/02/2003,612.3
12/03/2003,602
12/04/2003,606.2
12/05/2003,607.1
12/08/2003,606.2
12/09/2003,605
12/10/2003,607.3
12/11/2003,599.5
12/12/2003,598.1
12/15/2003,596.7
12/16/2003,600.2
12/17/2003,602.5
12/18/2003,597.2
12/19/2003,593.3
12/22/2003,595.9
12/23/2003,596.2
12/24/2003,593.9
12/25/2003,593.9
12/26/2003,595.5
12/29/2003,597.3
12/30/2003,594.4
12/31/2003,592.85
01/02/2004,585.3
01/05/2004,572.45
01/06/2004,565.5
01/07/2004,568.75
01/08/2004,564.5
01/09/2004,557.9
01/12/2004,562
01/13/2004,567
01/14/2004,570.2
01/15/2004,574.4
01/16/2004,574
01/19/2004,570
01/20/2004,566.3
01/21/2004,566
01/22/2004,569.8
01/23/2004,574.55
01/26/2004,580.1
01/27/2004,576.5
01/28/2004,587.6
01/29/2004,599.9
01/30/2004,583.9
02/02/2004,578.4
02/03/2004,581.2
02/04/2004,587.2
02/05/2004,595.1
02/06/2004,590.5
02/09/2004,586.5
02/10/2004,582.1
02/11/2004,581.5
02/12/2004,574.5
02/13/2004,579
02/16/2004,576.5
02/17/2004,571.8
02/18/2004,575.6
02/19/2004,578.5
02/20/2004,586.5
02/23/2004,589.5
02/24/2004,585.1
02/25/2004,589.3
02/26/2004,594.75
02/27/2004,589.5
03/01/2004,585.3
03/02/2004,594.25
03/03/2004,603.25
03/04/2004,598.6
03/05/2004,592.3
03/08/2004,593.5
03/09/2004,596.1
03/10/2004,601
03/11/2004,598.1
03/12/2004,602
03/15/2004,604.5
03/16/2004,605.75
03/17/2004,609.3
03/18/2004,602
03/19/2004,607.1
03/22/2004,609.5
03/23/2004,612.5
03/24/2004,614.75
03/25/2004,617
03/26/2004,617.5
03/29/2004,622
03/30/2004,619.5
03/31/2004,611
04/01/2004,610.5
04/02/2004,605
04/05/2004,602.25
04/06/2004,606
04/07/2004,603
04/08/2004,600.5
04/12/2004,595.5
04/13/2004,598.25
04/14/2004,605.2
04/15/2004,603.7
04/16/2004,601.5
04/19/2004,595.05
04/20/2004,605
04/21/2004,613
04/22/2004,611.5
04/23/2004,611
04/26/2004,612.5
04/27/2004,616.2
04/28/2004,624.25
04/29/2004,626.25
04/30/2004,622.85
05/03/2004,622.8
05/04/2004,623.1
05/05/2004,625.5
05/06/2004,631.2
05/07/2004,637.7
05/10/2004,642.5
05/11/2004,634.5
05/12/2004,647.6
05/13/2004,641
05/14/2004,638.5
05/17/2004,642.5
05/18/2004,641.2
05/19/2004,640
05/20/2004,645
05/21/2004,642
05/24/2004,638
05/25/2004,635.75
05/26/2004,639.8
05/27/2004,630.5
05/28/2004,632.5
05/31/2004,640
06/01/2004,642
06/02/2004,640
06/03/2004,644.5
06/04/2004,643.5
06/07/2004,640
06/08/2004,640
06/09/2004,649
06/10/2004,647.25
06/11/2004,646.5
06/14/2004,652
06/15/2004,646
06/16/2004,648.8
06/17/2004,647.7
06/18/2004,647.3
06/21/2004,644.5
06/22/2004,642
06/23/2004,637
06/24/2004,633
06/25/2004,633.2
06/28/2004,634
06/29/2004,636.5
06/30/2004,633.8
07/01/2004,634
07/02/2004,630
07/05/2004,628.5
07/06/2004,634.5
07/07/2004,630.7
07/08/2004,635.2
07/09/2004,634.5
07/12/2004,633
07/13/2004,633
07/14/2004,631.3
07/15/2004,624.5
07/16/2004,622.5
07/19/2004,622
07/20/2004,624
07/21/2004,626.8
07/22/2004,628.2
07/23/2004,635
07/26/2004,641.5
07/27/2004,644
07/28/2004,640.5
07/29/2004,638.5
07/30/2004,642.75
08/02/2004,641.5
08/03/2004,641.5
08/04/2004,643.95
08/05/2004,644
08/06/2004,638.6
08/09/2004,638
08/10/2004,639
08/11/2004,640.1
08/12/2004,642.7
08/13/2004,639.5
08/16/2004,637
08/17/2004,635.5
08/18/2004,633.75
08/19/2004,632.8
08/20/2004,631.2
08/23/2004,627
08/24/2004,625.8
08/25/2004,628.5
08/26/2004,626.1
08/27/2004,628.8
08/30/2004,626.7
08/31/2004,626
09/01/2004,626.5
09/02/2004,624.5
09/03/2004,621.4
09/06/2004,621.5
09/07/2004,621.8
09/08/2004,618
09/09/2004,619.5
09/10/2004,616
09/13/2004,614
09/14/2004,614.4
09/15/2004,613.4
09/16/2004,610.2
09/17/2004,610.2
09/20/2004,612.5
09/21/2004,612.5
09/22/2004,615.7
09/23/2004,613.2
09/24/2004,613.5
09/27/2004,607.5
09/28/2004,604.5
09/29/2004,606.1
09/30/2004,610.1
10/01/2004,604.5
10/04/2004,600.1
10/05/2004,598
10/06/2004,601
10/07/2004,602.25
10/08/2004,595
10/11/2004,595
10/12/2004,597.7
10/13/2004,607.25
10/14/2004,611.5
10/15/2004,608.5
10/18/2004,609.25
10/19/2004,610.5
10/20/2004,615
10/21/2004,609.75
10/22/2004,609
10/25/2004,614.5
10/26/2004,612.2
10/27/2004,610.5
10/28/2004,616
10/29/2004,611.25
11/01/2004,611.25
11/02/2004,607.15
11/03/2004,602.65
11/04/2004,601.1
11/05/2004,599
11/08/2004,604.65
11/09/2004,603.2
11/10/2004,601.4
11/11/2004,600.5
11/12/2004,595.65
11/15/2004,591.95
11/16/2004,593.25
11/17/2004,588
11/18/2004,593.2
11/19/2004,588.7
11/22/2004,595.5
11/23/2004,590.5
11/24/2004,588.9
11/25/2004,588
11/26/2004,587.35
11/29/2004,589
11/30/2004,588.7
12/01/2004,583.6
12/02/2004,585.6
12/03/2004,579.4
12/06/2004,581.25
12/07/2004,583.5
12/08/2004,582.9
12/09/2004,591.65
12/10/2004,592.25
12/13/2004,584
12/14/2004,582.75
12/15/2004,574.4
12/16/2004,579
12/17/2004,573
12/20/2004,563
12/21/2004,567.9
12/22/2004,567
12/23/2004,562.75
12/24/2004,560.8
12/27/2004,559.9
12/28/2004,560.3
12/29/2004,559.25
12/30/2004,557.5
12/31/2004,555.5
01/03/2005,562.6
01/04/2005,571.2
01/05/2005,564
01/06/2005,569.55
01/07/2005,571.3
01/10/2005,566.9
01/11/2005,568.25
01/12/2005,565
01/13/2005,568
01/14/2005,572.8
01/17/2005,576.25
01/18/2005,581.6
01/19/2005,583.65
01/20/2005,585
01/21/2005,577
01/24/2005,581.25
01/25/2005,588.7
01/26/2005,584.5
01/27/2005,585.65
01/28/2005,587.75
01/31/2005,582.65
02/01/2005,582
02/02/2005,580.5
02/03/2005,576.5
02/04/2005,576.1
02/07/2005,576.5
02/08/2005,581.2
02/09/2005,577.75
02/10/2005,574.2
02/11/2005,572.5
02/14/2005,567
02/15/2005,567.5
02/16/2005,568
02/17/2005,566.75
02/18/2005,567
02/21/2005,565.2
02/22/2005,565.1
02/23/2005,567.2
02/24/2005,575.5
02/25/2005,575.2
02/28/2005,574.5
03/01/2005,584
03/02/2005,588.5
03/03/2005,591.5
03/04/2005,584
03/07/2005,585
03/08/2005,587
03/09/2005,587.5
03/10/2005,585.2
03/11/2005,585
03/14/2005,590
03/15/2005,593
03/16/2005,591.5
03/17/2005,586.5
03/18/2005,585.5
03/21/2005,586.3
03/22/2005,587.5
03/23/2005,589
03/24/2005,588.25
03/25/2005,589
03/28/2005,587.5
03/29/2005,587
03/30/2005,586.5
03/31/2005,585.75
04/01/2005,586
04/04/2005,587.2
04/05/2005,587
04/06/2005,584.7
04/07/2005,580
04/08/2005,575.1
04/11/2005,573
04/12/2005,574
04/13/2005,574
04/14/2005,578.5
04/15/2005,581.9
04/18/2005,583.7
04/19/2005,579
04/20/2005,580.05
04/21/2005,579.25
04/22/2005,576.2
04/25/2005,576.8
04/26/2005,581.2
04/27/2005,580.25
04/28/2005,586
04/29/2005,582.25
05/02/2005,578.8
05/03/2005,578.25
05/04/2005,574.5
05/05/2005,574
05/06/2005,572.5
05/09/2005,571.75
05/10/2005,574.5
05/11/2005,576.4
05/12/2005,575.6
05/13/2005,578.4
05/16/2005,578
05/17/2005,583.5
05/18/2005,578.7
05/19/2005,580.45
05/20/2005,583
05/23/2005,582.05
05/24/2005,580
05/25/2005,579.8
05/26/2005,582.1
05/27/2005,580.3
05/30/2005,579.8
05/31/2005,583
06/01/2005,588.5
06/02/2005,587.25
06/03/2005,589.75
06/06/2005,593.25
06/07/2005,590.3
06/08/2005,591.1
06/09/2005,590.8
06/10/2005,592.2
06/13/2005,589.7
06/14/2005,588.65
06/15/2005,586
06/16/2005,583.5
06/17/2005,581.5
06/20/2005,580.5
06/21/2005,579.3
06/22/2005,577
06/23/2005,580.5
06/24/2005,580.1
06/27/2005,580.6
06/28/2005,580
06/29/2005,579.1
06/30/2005,577.6
07/01/2005,578.75
07/04/2005,581.4
07/05/2005,582.25
07/06/2005,584.75
07/07/2005,585.5
07/08/2005,584.75
07/11/2005,582.4
07/12/2005,579.2
07/13/2005,580.5
07/14/2005,578.5
07/15/2005,576.9
07/18/2005,571.75
07/19/2005,572.25
07/20/2005,571.7
07/21/2005,566.7
07/22/2005,567.3
07/25/2005,568
07/26/2005,564.5
07/27/2005,564.7
07/28/2005,562.8
07/29/2005,562
08/01/2005,561.05
08/02/2005,561.2
08/03/2005,558
08/04/2005,550.5
08/05/2005,546.4
08/08/2005,546.25
08/09/2005,545.1
08/10/2005,542.6
08/11/2005,542
08/12/2005,536.5
08/15/2005,536.5
08/16/2005,533.25
08/17/2005,535.2
08/18/2005,542.1
08/19/2005,543
08/22/2005,541.2
08/23/2005,547.5
08/24/2005,552.1
08/25/2005,541
08/26/2005,545.3
08/29/2005,546
08/30/2005,543.2
08/31/2005,542.5
09/01/2005,539
09/02/2005,534.5
09/05/2005,534.3
09/06/2005,537.4
09/07/2005,535.5
09/08/2005,535
09/09/2005,534
09/12/2005,537.5
09/13/2005,536.55
09/14/2005,535.85
09/15/2005,534.55
09/16/2005,534.75
09/19/2005,535
09/20/2005,535.3
09/21/2005,535.05
09/22/2005,537.7
09/23/2005,537.2
09/26/2005,538.8
09/27/2005,538.45
09/28/2005,537.5
09/29/2005,529.55
09/30/2005,529.5
10/03/2005,526
10/04/2005,530
10/05/2005,525.8
10/06/2005,533
10/07/2005,526.8
10/10/2005,528.75
10/11/2005,526.65
10/12/2005,532.8
10/13/2005,537.05
10/14/2005,536.95
10/17/2005,534.1
10/18/2005,535.75
10/19/2005,535.75
10/20/2005,535.75
10/21/2005,542.1
10/24/2005,543.5
10/25/2005,544
10/26/2005,546
10/27/2005,547
10/28/2005,544
10/31/2005,544
11/01/2005,544
11/02/2005,546.3
11/03/2005,542.25
11/04/2005,540.8
11/07/2005,535.75
11/08/2005,535.75
11/09/2005,532.2
11/10/2005,529.3
11/11/2005,525.8
11/14/2005,527.5
11/15/2005,523.5
11/16/2005,524
11/17/2005,524
11/18/2005,528.2
11/21/2005,525
11/22/2005,527.3
11/23/2005,524.75
11/24/2005,523.5
11/25/2005,523.55
11/28/2005,518.05
11/29/2005,518.65
11/30/2005,516.55
12/01/2005,514.8
12/02/2005,514
12/05/2005,513.5
12/06/2005,510.35
12/07/2005,513
12/08/2005,513.05
12/09/2005,514
12/12/2005,510.45
12/13/2005,510.3
12/14/2005,516.05
12/15/2005,515.2
12/16/2005,516
12/19/2005,517.55
12/20/2005,513.45
12/21/2005,513.55
12/22/2005,513.1
12/23/2005,514.05
12/26/2005,513.9
12/27/2005,514.55
12/28/2005,513.55
12/29/2005,513.55
12/30/2005,514.05
01/02/2006,513.2
01/03/2006,518.55
01/04/2006,514.9
01/05/2006,518.5
01/06/2006,522
01/09/2006,523
01/10/2006,522.5
01/11/2006,524
01/12/2006,522.5
01/13/2006,525.5
01/16/2006,526.8
01/17/2006,531.8
01/18/2006,534.7
01/19/2006,532.5
01/20/2006,530.8
01/23/2006,531.05
01/24/2006,527.5
01/25/2006,527.5
01/26/2006,529.05
01/27/2006,526.5
01/30/2006,524
01/31/2006,526.25
02/01/2006,528.2
02/02/2006,530
02/03/2006,528.2
02/06/2006,525.1
02/07/2006,528.01
02/08/2006,530.8
02/09/2006,528.4
02/10/2006,529.5
02/13/2006,531.5
02/14/2006,532.3
02/15/2006,530.5
02/16/2006,523.5
02/17/2006,524
02/20/2006,522.7
02/21/2006,519.51
02/22/2006,519
02/23/2006,517.25
02/24/2006,516.81
02/27/2006,518
02/28/2006,517
03/01/2006,515.92
03/02/2006,519
03/03/2006,523.2
03/06/2006,526.3
03/07/2006,533.02
03/08/2006,534.01
03/09/2006,531.61
03/10/2006,530.51
03/13/2006,532.6
03/14/2006,528
03/15/2006,526.81
03/16/2006,525
03/17/2006,528
03/20/2006,531.3
03/21/2006,533.31
03/22/2006,531.8
03/23/2006,533.8
03/24/2006,531.01
03/27/2006,534.3
03/28/2006,534.6
03/29/2006,531.91
03/30/2006,528
03/31/2006,527.01
04/03/2006,523.65
04/04/2006,522.51
04/05/2006,520
04/06/2006,519
04/07/2006,520
04/10/2006,517.5
04/11/2006,514.25
04/12/2006,513.5
04/13/2006,515
04/14/2006,515
04/17/2006,511
04/18/2006,512.3
04/19/2006,513.3
04/20/2006,517.56
04/21/2006,514.1
04/24/2006,516
04/25/2006,516.25
04/26/2006,517.5
04/27/2006,517.4
04/28/2006,514.5
05/01/2006,514.5
05/02/2006,515.8
05/03/2006,516.25
05/04/2006,513.2
05/05/2006,513
05/08/2006,514.2
05/09/2006,513.5
05/10/2006,512.5
05/11/2006,514
05/12/2006,516.5
05/15/2006,521
05/16/2006,518.5
05/17/2006,524
05/18/2006,521
05/19/2006,523.8
05/22/2006,530.25
05/23/2006,531
05/24/2006,533.8
05/25/2006,526.05
05/26/2006,524.8
05/29/2006,526.5
05/30/2006,533.25
05/31/2006,533.1
06/01/2006,530.7
06/02/2006,532
06/05/2006,533
06/06/2006,538.5
06/07/2006,543.2
06/08/2006,543.1
06/09/2006,542.7
06/12/2006,542.78
06/13/2006,547.5
06/14/2006,545
06/15/2006,543.3
06/16/2006,544.7
06/19/2006,548
06/20/2006,546.5
06/21/2006,546
06/22/2006,547.8
06/23/2006,549.5
06/26/2006,547
06/27/2006,549.5
06/28/2006,549
06/29/2006,545.7
06/30/2006,539
07/03/2006,536
07/04/2006,537.5
07/05/2006,542.1
07/06/2006,538.2
07/07/2006,539
07/10/2006,539
07/11/2006,539.5
07/12/2006,539.05
07/13/2006,543.2
07/14/2006,543.7
07/17/2006,546.4
07/18/2006,544.5
07/19/2006,539.1
07/20/2006,540.6
07/21/2006,541.3
07/24/2006,539.5
07/25/2006,540.3
07/26/2006,540.8
07/27/2006,540.25
07/28/2006,539
07/31/2006,540.6
08/01/2006,541.5
08/02/2006,540.8
08/03/2006,543.5
08/04/2006,542.5
08/07/2006,543.3
08/08/2006,545
08/09/2006,544.7
08/10/2006,543.3
08/11/2006,542.5
08/14/2006,541.3
08/15/2006,540.5
08/16/2006,533
08/17/2006,530.7
08/18/2006,532.3
08/21/2006,531.2
08/22/2006,531.7
08/23/2006,533.7
08/24/2006,534.5
08/25/2006,537
08/28/2006,535.5
08/29/2006,537.5
08/30/2006,538
08/31/2006,540.5
09/01/2006,537.7
09/04/2006,536
09/05/2006,538.3
09/06/2006,539.5
09/07/2006,539
09/08/2006,538
09/11/2006,539.3
09/12/2006,537.65
09/13/2006,537.35
09/14/2006,537.73
09/15/2006,537.1
09/18/2006,537.1
09/19/2006,537.1
09/20/2006,537.8
09/21/2006,539.7
09/22/2006,538.5
09/25/2006,539.3
09/26/2006,538.1
09/27/2006,536.7
09/28/2006,536.75
09/29/2006,534.7
10/02/2006,533.1
10/03/2006,534.25
10/04/2006,535.3
10/05/2006,537.05
10/06/2006,536.5
10/09/2006,536.55
10/10/2006,536.3
10/11/2006,535.6
10/12/2006,532.5
10/13/2006,531.4
10/16/2006,529.75
10/17/2006,529.5
10/18/2006,527.75
10/19/2006,525.7
10/20/2006,525.75
10/23/2006,526.7
10/24/2006,526.7
10/25/2006,523
10/26/2006,524.25
10/27/2006,523.5
10/30/2006,525.5
10/31/2006,525.5
11/01/2006,525.55
11/02/2006,525.4
11/03/2006,525.5
11/06/2006,523.75
11/07/2006,524.2
11/08/2006,524.75
11/09/2006,524.5
11/10/2006,526
11/13/2006,527.4
11/14/2006,527.5
11/15/2006,527.75
11/16/2006,527.3
11/17/2006,529
11/20/2006,529
11/21/2006,530.75
11/22/2006,529.05
11/23/2006,528.5
11/24/2006,529.2
11/27/2006,530.75
11/28/2006,530
11/29/2006,528.5
11/30/2006,525.9
12/01/2006,526
12/04/2006,525.4
12/05/2006,524.7
12/06/2006,525
12/07/2006,524.7
12/08/2006,524.65
12/11/2006,525.15
12/12/2006,527
12/13/2006,527.15
12/14/2006,526
12/15/2006,525.25
12/18/2006,525.7
12/19/2006,526.8
12/20/2006,527.3
12/21/2006,530.55
12/22/2006,529.75
12/25/2006,529.75
12/26/2006,533.1
12/27/2006,535
12/28/2006,534.2
12/29/2006,532.1
01/01/2007,532.1
01/02/2007,536.5
01/03/2007,539
01/04/2007,541
01/05/2007,541.5
01/08/2007,543.3
01/09/2007,543
01/10/2007,539.75
01/11/2007,539
01/12/2007,539.15
01/15/2007,540
01/16/2007,542.25
01/17/2007,541.5
01/18/2007,542.05
01/19/2007,540.5
01/22/2007,540.5
01/23/2007,540
01/24/2007,538.68
01/25/2007,540.78
01/26/2007,541.7
01/29/2007,544.7
01/30/2007,543.25
01/31/2007,544.65
02/01/2007,544.7
02/02/2007,547.7
02/05/2007,547.5
02/06/2007,547.9
02/07/2007,548.3
02/08/2007,546.78
02/09/2007,545.55
02/12/2007,546
02/13/2007,542
02/14/2007,539.9
02/15/2007,539.75
02/16/2007,540.35
02/19/2007,538.3
02/20/2007,539.2
02/21/2007,538.55
02/22/2007,536
02/23/2007,536.8
02/26/2007,534.78
02/27/2007,540.2
02/28/2007,539.1
03/01/2007,540.55
03/02/2007,539.75
03/05/2007,539.75
03/06/2007,537.5
03/07/2007,537.7
03/08/2007,537.8
03/09/2007,538.3
03/12/2007,538.5
03/13/2007,539.75
03/14/2007,538.5
03/15/2007,537
03/16/2007,536.8
03/19/2007,535.8
03/20/2007,535.7
03/21/2007,535.75
03/22/2007,536.7
03/23/2007,537.6
03/26/2007,538.75
03/27/2007,539.3
03/28/2007,540
03/29/2007,538.5
03/30/2007,539.5
04/02/2007,539.5
04/03/2007,537.4
04/04/2007,537.7
04/05/2007,535.75
04/06/2007,535.78
04/09/2007,535
04/10/2007,534.15
04/11/2007,532.7
04/12/2007,531.95
04/13/2007,531.5
04/16/2007,530.3
04/17/2007,527.8
04/18/2007,529.5
04/19/2007,528.7
04/20/2007,528.7
04/23/2007,527.8
04/24/2007,528.8
04/25/2007,527.7
04/26/2007,527
04/27/2007,526.3
04/30/2007,525.3
05/01/2007,525
05/02/2007,524.8
05/03/2007,522.7
05/04/2007,520
05/07/2007,518.05
05/08/2007,520
05/09/2007,517.2
05/10/2007,520.75
05/11/2007,518
05/14/2007,519.35
05/15/2007,517.5
05/16/2007,518
05/17/2007,521.75
05/18/2007,520.7
05/21/2007,521
05/22/2007,525.7
05/23/2007,523.5
05/24/2007,525.25
05/25/2007,523
05/28/2007,524.7
05/29/2007,526.35
05/30/2007,526
05/31/2007,525.5
06/01/2007,524.7
06/04/2007,525.25
06/05/2007,525.3
06/06/2007,527.1
06/07/2007,528
06/08/2007,528.15
06/11/2007,526.5
06/12/2007,527.8
06/13/2007,530
06/14/2007,528.4
06/15/2007,525.2
06/18/2007,524
06/19/2007,523
06/20/2007,525.2
06/21/2007,525
06/22/2007,526.6
06/25/2007,526.9
06/26/2007,528.5
06/27/2007,528.5
06/28/2007,527.5
06/29/2007,527.3
07/02/2007,526.5
07/03/2007,525.5
07/04/2007,523.6
07/05/2007,523
07/06/2007,521
07/09/2007,519.5
07/10/2007,520.3
07/11/2007,518.5
07/12/2007,515.8
07/13/2007,515
07/16/2007,515.1
07/17/2007,515.1
07/18/2007,516
07/19/2007,512.9
07/20/2007,515.8
07/23/2007,514.5
07/24/2007,519
07/25/2007,519.6
07/26/2007,523.7
07/27/2007,523.5
07/30/2007,523
07/31/2007,521.3
08/01/2007,524.5
08/02/2007,521
08/03/2007,521.5
08/06/2007,523.45
08/07/2007,520.4
08/08/2007,517.65
08/09/2007,520
08/10/2007,520.55
08/13/2007,520.7
08/14/2007,522.7
08/15/2007,522.7
08/16/2007,527.9
08/17/2007,523.7
08/20/2007,522.85
08/21/2007,522.7
08/22/2007,523.5
08/23/2007,525
08/24/2007,523.5
08/27/2007,524
08/28/2007,525
08/29/2007,525
08/30/2007,524.05
08/31/2007,523.6
09/03/2007,523.9
09/04/2007,522.7
09/05/2007,523
09/06/2007,520.9
09/07/2007,519
09/10/2007,517.5
09/11/2007,515.1
09/12/2007,514.6
09/13/2007,514
09/14/2007,514
09/17/2007,514
09/18/2007,513
09/19/2007,513
09/20/2007,511.4
09/21/2007,513.4
09/24/2007,512.8
09/25/2007,513.51
09/26/2007,511.65
09/27/2007,511.7
09/28/2007,510.78
10/01/2007,506.7
10/02/2007,508.1
10/03/2007,506.4
10/04/2007,506.7
10/05/2007,502.5
10/08/2007,499.45
10/09/2007,497.8
10/10/2007,496.05
10/11/2007,494.1
10/12/2007,496.05
10/15/2007,495.7
10/16/2007,501.25
10/17/2007,501.75
10/18/2007,500.5
10/19/2007,501.08
10/22/2007,503.95
10/23/2007,504.3
10/24/2007,504.45
10/25/2007,498.05
10/26/2007,496.2
10/29/2007,493.5
10/30/2007,494.15
10/31/2007,492.5
11/01/2007,495.5
11/02/2007,497.4
11/05/2007,500.65
11/06/2007,502.5
11/07/2007,503.05
11/08/2007,505
11/09/2007,505.9
11/12/2007,506.6
11/13/2007,507
11/14/2007,505
11/15/2007,506.22
11/16/2007,506.14
11/19/2007,507.43
11/20/2007,508.7
11/21/2007,512.95
11/22/2007,513.6
11/23/2007,513.47
11/26/2007,514.2
11/27/2007,515.2
11/28/2007,510.7
11/29/2007,508.05
11/30/2007,505.7
12/03/2007,506.7
12/04/2007,506.1
12/05/2007,499.5
12/06/2007,496.7
12/07/2007,497.4
12/10/2007,497.9
12/11/2007,496.8
12/12/2007,497.4
12/13/2007,499.65
12/14/2007,498.5
12/17/2007,500.2
12/18/2007,499.2
12/19/2007,498.2
12/20/2007,497.7
12/21/2007,496.15
12/24/2007,496
12/25/2007,496.15
12/26/2007,495.2
12/27/2007,496
12/28/2007,497.7
12/31/2007,497.7
01/01/2008,497.7
01/02/2008,497.35
01/03/2008,496.5
01/04/2008,495.7
01/07/2008,493.3
01/08/2008,488.8
01/09/2008,486.2
01/10/2008,482.6
01/11/2008,476.5
01/14/2008,470.4
01/15/2008,475.05
01/16/2008,478.2
01/17/2008,475.7
01/18/2008,476.6
01/21/2008,484
01/22/2008,477.3
01/23/2008,477.6
01/24/2008,469.7
01/25/2008,468.8
01/28/2008,465.05
01/29/2008,464.5
01/30/2008,465.5
01/31/2008,464.1
02/01/2008,468.5
02/04/2008,466.65
02/05/2008,473.2
02/06/2008,475.85
02/07/2008,474.3
02/08/2008,471.3
02/11/2008,469.8
02/12/2008,465.4
02/13/2008,466.15
02/14/2008,465
02/15/2008,464.6
02/18/2008,463.5
02/19/2008,467
02/20/2008,468.55
02/21/2008,466.4
02/22/2008,465.2
02/25/2008,467
02/26/2008,465.5
02/27/2008,462.3
02/28/2008,455.1
02/29/2008,454.4
03/03/2008,453.6
03/04/2008,455.25
03/05/2008,447.1
03/06/2008,446.35
03/07/2008,442.2
03/10/2008,441.4
03/11/2008,433.2
03/12/2008,431.2
03/13/2008,432.7
03/14/2008,437.8
03/17/2008,433.8
03/18/2008,430.6
03/19/2008,438.55
03/20/2008,449.4
03/21/2008,449.4
03/24/2008,454.2
03/25/2008,450.2
03/26/2008,446
03/27/2008,437.2
03/28/2008,440.55
03/31/2008,436.85
04/01/2008,437.3
04/02/2008,436.95
04/03/2008,439
04/04/2008,435.2
04/07/2008,433.4
04/08/2008,436.7
04/09/2008,434.7
04/10/2008,433.8
04/11/2008,446.8
04/14/2008,449.65
04/15/2008,455.45
04/16/2008,456.5
04/17/2008,456.3
04/18/2008,455.5
04/21/2008,456.3
04/22/2008,449.1
04/23/2008,444.8
04/24/2008,452.2
04/25/2008,454
04/28/2008,454.2
04/29/2008,459.6
04/30/2008,461.9
05/01/2008,461.9
05/02/2008,465
05/05/2008,468.4
05/06/2008,466.65
05/07/2008,470.2
05/08/2008,472.25
05/09/2008,468.55
05/12/2008,467.1
05/13/2008,466.95
05/14/2008,468.05
05/15/2008,466.6
05/16/2008,466.35
05/19/2008,467.7
05/20/2008,471.8
05/21/2008,471.7
05/22/2008,471.7
05/23/2008,471.6
05/26/2008,475.7
05/27/2008,480.05
05/28/2008,479.7
05/29/2008,480.15
05/30/2008,480.2
06/02/2008,484
06/03/2008,487.3
06/04/2008,489.8
06/05/2008,479.95
06/06/2008,486.5
06/09/2008,482.7
06/10/2008,484.75
06/11/2008,490.75
06/12/2008,497.7
06/13/2008,497.5
06/16/2008,495.05
06/17/2008,491.3
06/18/2008,487.25
06/19/2008,491.3
06/20/2008,494.5
06/23/2008,501.25
06/24/2008,504.2
06/25/2008,508.55
06/26/2008,515.25
06/27/2008,521.2
06/30/2008,524.4
07/01/2008,523.3
07/02/2008,516.85
07/03/2008,509.2
07/04/2008,511
07/07/2008,507.8
07/08/2008,504.3
07/09/2008,502.5
07/10/2008,499.9
07/11/2008,503.2
07/14/2008,495.5
07/15/2008,491.5
07/16/2008,491
07/17/2008,492
07/18/2008,496.8
07/21/2008,490.3
07/22/2008,492.5
07/23/2008,495.05
07/24/2008,493.1
07/25/2008,491.5
07/28/2008,494
07/29/2008,496.8
07/30/2008,506.25
07/31/2008,504
08/01/2008,505
08/04/2008,511
08/05/2008,513.1
08/06/2008,512.8
08/07/2008,510.75
08/08/2008,517.2
08/11/2008,521.25
08/12/2008,519.3
08/13/2008,514.7
08/14/2008,515.2
08/15/2008,515.2
08/18/2008,519.5
08/19/2008,520.75
08/20/2008,523.3
08/21/2008,519.2
08/22/2008,519.1
08/25/2008,520.5
08/26/2008,522.8
08/27/2008,518.3
08/28/2008,516.3
08/29/2008,512.5
09/01/2008,514.2
09/02/2008,516.8
09/03/2008,517.15
09/04/2008,517.05
09/05/2008,524.05
09/08/2008,527.25
09/09/2008,529
09/10/2008,529.1
09/11/2008,530.2
09/12/2008,529.5
09/15/2008,532.5
09/16/2008,541.7
09/17/2008,547.1
09/18/2008,548
09/19/2008,547
09/22/2008,530.3
09/23/2008,536.2
09/24/2008,541.25
09/25/2008,537.05
09/26/2008,539.05
09/29/2008,558.7
09/30/2008,552.1
10/01/2008,560.5
10/02/2008,570.3
10/03/2008,568
10/06/2008,585.5
10/07/2008,594.05
10/08/2008,611
10/09/2008,612.2
10/10/2008,636.5
10/13/2008,617.2
10/14/2008,611.5
10/15/2008,625.7
10/16/2008,619.5
10/17/2008,612.6
10/20/2008,612.5
10/21/2008,634.2
10/22/2008,642.5
10/23/2008,651.7
10/24/2008,670.05
10/27/2008,677
10/28/2008,677.15
10/29/2008,668.1
10/30/2008,673.5
10/31/2008,668
11/03/2008,660.6
11/04/2008,637.25
11/05/2008,629.2
11/06/2008,632.2
11/07/2008,638.5
11/10/2008,626.5
11/11/2008,642.4
11/12/2008,642.2
11/13/2008,636.2
11/14/2008,638.2
11/17/2008,641.5
11/18/2008,645.2
11/19/2008,655.4
11/20/2008,663.7
11/21/2008,682.5
11/24/2008,674.05
11/25/2008,671
11/26/2008,659.4
11/27/2008,663
11/28/2008,660.3
12/01/2008,665.3
12/02/2008,670.1
12/03/2008,673.8
12/04/2008,669.05
12/05/2008,674.2
12/08/2008,674.2
12/09/2008,665.7
12/10/2008,662.5
12/11/2008,656.5
12/12/2008,648.5
12/15/2008,643.2
12/16/2008,637.8
12/17/2008,634.7
12/18/2008,633.1
12/19/2008,635.5
12/22/2008,631.7
12/23/2008,626.05
12/24/2008,626.05
12/25/2008,626.05
12/26/2008,627.5
12/29/2008,636.65
12/30/2008,641.5
12/31/2008,635.5
01/01/2009,636.5
01/02/2009,641
01/05/2009,633.4
01/06/2009,631.1
01/07/2009,630.1
01/08/2009,627.1
01/09/2009,615.3
01/12/2009,616.8
01/13/2009,614.7
01/14/2009,618.5
01/15/2009,626
01/16/2009,619.2
01/19/2009,623.05
01/20/2009,625.9
01/21/2009,623.2
01/22/2009,620.3
01/23/2009,622.4
01/26/2009,616.9
01/27/2009,614.3
01/28/2009,611.4
01/29/2009,612.2
01/30/2009,616.25
02/02/2009,626.05
02/03/2009,621.8
02/04/2009,617.1
02/05/2009,620.2
02/06/2009,615.8
02/09/2009,609.1
02/10/2009,604.5
02/11/2009,598.5
02/12/2009,593.05
02/13/2009,578.05
02/16/2009,585.7
02/17/2009,593.05
02/18/2009,596.05
02/19/2009,607.4
02/20/2009,622.9
02/23/2009,621.1
02/24/2009,603.2
02/25/2009,601
02/26/2009,596.05
02/27/2009,596.05
03/02/2009,605.5
03/03/2009,615.4
03/04/2009,608.3
03/05/2009,610.05
03/06/2009,606.7
03/09/2009,610.5
03/10/2009,603.1
03/11/2009,602.4
03/12/2009,599.55
03/13/2009,592.5
03/16/2009,583.7
03/17/2009,587.5
03/18/2009,591
03/19/2009,586.5
03/20/2009,583.6
03/23/2009,576.5
03/24/2009,575.5
03/25/2009,574.1
03/26/2009,574.5
03/27/2009,572.7
03/30/2009,582
03/31/2009,582.1
04/01/2009,579.7
04/02/2009,576
04/03/2009,578.3
04/06/2009,581
04/07/2009,581
04/08/2009,579.5
04/09/2009,577.7
04/10/2009,580
04/13/2009,574
04/14/2009,579
04/15/2009,578
04/16/2009,577.2
04/17/2009,579.5
04/20/2009,584.2
04/21/2009,583.5
04/22/2009,584
04/23/2009,584.5
04/24/2009,589.5
04/27/2009,600.75
04/28/2009,601.2
04/29/2009,583.6
04/30/2009,581.5
05/01/2009,583.75
05/04/2009,572.8
05/05/2009,571.2
05/06/2009,569.8
05/07/2009,563.8
05/08/2009,562.7
05/11/2009,569
05/12/2009,568.8
05/13/2009,570.8
05/14/2009,562
05/15/2009,560.4
05/18/2009,560
05/19/2009,559
05/20/2009,559.7
05/21/2009,559.5
05/22/2009,562.5
05/25/2009,564
05/26/2009,565.2
05/27/2009,565
05/28/2009,564.5
05/29/2009,561.1
06/01/2009,559.05
06/02/2009,563
06/03/2009,567
06/04/2009,565.5
06/05/2009,565.7
06/08/2009,568.1
06/09/2009,566.5
06/10/2009,565.2
06/11/2009,561.5
06/12/2009,562.05
06/15/2009,564.7
06/16/2009,554.05
06/17/2009,550.5
06/18/2009,538.1
06/19/2009,535.2
06/22/2009,532
06/23/2009,533.75
06/24/2009,531.7
06/25/2009,531
06/26/2009,529
06/29/2009,529.4
06/30/2009,533
07/01/2009,537.3
07/02/2009,543.3
07/03/2009,538.7
07/06/2009,540.8
07/07/2009,541
07/08/2009,547.6
07/09/2009,548
07/10/2009,549
07/13/2009,548.7
07/14/2009,547.2
07/15/2009,536.7
07/16/2009,536.7
07/17/2009,532.6
07/20/2009,531.2
07/21/2009,531.5
07/22/2009,533.5
07/23/2009,533.8
07/24/2009,535
07/27/2009,542.2
07/28/2009,542
07/29/2009,543.8
07/30/2009,542
07/31/2009,540.3
08/03/2009,538.05
08/04/2009,538.4
08/05/2009,540.7
08/06/2009,541
08/07/2009,542.5
08/10/2009,547
08/11/2009,549.95
08/12/2009,546
08/13/2009,544
08/14/2009,551.8
08/17/2009,558.7
08/18/2009,554.7
08/19/2009,549.4
08/20/2009,547.2
08/21/2009,545.4
08/24/2009,547.1
08/25/2009,547.3
08/26/2009,547.7
08/27/2009,550.2
08/28/2009,551.2
08/31/2009,553
09/01/2009,555.85
09/02/2009,559.5
09/03/2009,556.5
09/04/2009,551
09/07/2009,553
09/08/2009,552.4
09/09/2009,551.2
09/10/2009,552.3
09/11/2009,550
09/14/2009,551.5
09/15/2009,549.7
09/16/2009,544.7
09/17/2009,544.7
09/18/2009,544.6
09/21/2009,544.7
09/22/2009,539.1
09/23/2009,539.8
09/24/2009,541
09/25/2009,545.3
09/28/2009,543.7
09/29/2009,547.7
09/30/2009,549
10/01/2009,554.2
10/02/2009,556.05
10/05/2009,556.1
10/06/2009,553.5
10/07/2009,554
10/08/2009,550.75
10/09/2009,554.3
10/12/2009,554.3
10/13/2009,554.9
10/14/2009,552.1
10/15/2009,546.75
10/16/2009,547.6
10/19/2009,545
10/20/2009,543.6
10/21/2009,540.3
10/22/2009,536
10/23/2009,532.3
10/26/2009,534.3
10/27/2009,531.1
10/28/2009,530.7
10/29/2009,531.1
10/30/2009,530.7
11/02/2009,528.5
11/03/2009,531
11/04/2009,527.7
11/05/2009,523.5
11/06/2009,521.2
11/09/2009,512.2
11/10/2009,507.25
11/11/2009,507
11/12/2009,507.2
11/13/2009,501.8
11/16/2009,496
11/17/2009,493.5
11/18/2009,492.5
11/19/2009,500.7
11/20/2009,501.4
11/23/2009,492.5
11/24/2009,494.2
11/25/2009,492.45
11/26/2009,494.3
11/27/2009,493.1
11/30/2009,497.3
12/01/2009,496.7
12/02/2009,503
12/03/2009,500.8
12/04/2009,502.2
12/07/2009,502.25
12/08/2009,505.05
12/09/2009,500.5
12/10/2009,495.5
12/11/2009,497
12/14/2009,496.1
12/15/2009,498.7
12/16/2009,498
12/17/2009,500.3
12/18/2009,503.8
12/21/2009,504.65
12/22/2009,507.2
12/23/2009,507.5
12/24/2009,505.8
12/25/2009,505.8
12/28/2009,506.3
12/29/2009,507.5
12/30/2009,507
12/31/2009,507.2
01/01/2010,507.2
01/04/2010,505.7
01/05/2010,501.5
01/06/2010,496.3
01/07/2010,492.7
01/08/2010,493.3
01/11/2010,490
01/12/2010,489.75
01/13/2010,493.7
01/14/2010,493.25
01/15/2010,488.75
01/18/2010,491.7
01/19/2010,492.3
01/20/2010,496.5
01/21/2010,501
01/22/2010,505.5
01/25/2010,507.25
01/26/2010,511.25
01/27/2010,521.7
01/28/2010,528.5
01/29/2010,524
02/01/2010,526.25
02/02/2010,526.8
02/03/2010,538
02/04/2010,544
02/05/2010,541.2
02/08/2010,541.5
02/09/2010,538
02/10/2010,534.3
02/11/2010,530.5
02/12/2010,528
02/15/2010,528.5
02/16/2010,525.5
02/17/2010,529.7
02/18/2010,531.5
02/19/2010,530
02/22/2010,527.23
02/23/2010,528.7
02/24/2010,529
02/25/2010,529.75
02/26/2010,524.5
03/01/2010,522.5
03/02/2010,518.75
03/03/2010,516.1
03/04/2010,514.75
03/05/2010,508.75
03/08/2010,508.5
03/09/2010,512.3
03/10/2010,518.3
03/11/2010,517.2
03/12/2010,514.5
03/15/2010,519
03/16/2010,524.5
03/17/2010,525
03/18/2010,526
03/19/2010,528.8
03/22/2010,533.7
03/23/2010,532.5
03/24/2010,533.2
03/25/2010,532.3
03/26/2010,534.1
03/29/2010,529.3
03/30/2010,525.3
03/31/2010,524.5
04/01/2010,521.5
04/02/2010,521.6
04/05/2010,518.8
04/06/2010,520
04/07/2010,516.4
04/08/2010,516
04/09/2010,515.8
04/12/2010,514
04/13/2010,515.5
04/14/2010,518.6
04/15/2010,520.2
04/16/2010,520.5
04/19/2010,525.5
04/20/2010,526.7
04/21/2010,521.3
04/22/2010,521.15
04/23/2010,521
04/26/2010,518.8
04/27/2010,523.7
04/28/2010,523
04/29/2010,519
04/30/2010,518.7
05/03/2010,517.25
05/04/2010,522.7
05/05/2010,525.8
05/06/2010,528.7
05/07/2010,532.8
05/10/2010,529.8
05/11/2010,527.75
05/12/2010,529.5
05/13/2010,529.2
05/14/2010,535.7
05/17/2010,542.3
05/18/2010,544.8
05/19/2010,547.75
05/20/2010,543
05/21/2010,543
05/24/2010,537
05/25/2010,546.7
05/26/2010,538
05/27/2010,529
05/28/2010,529.5
05/31/2010,530
06/01/2010,532.3
06/02/2010,534.7
06/03/2010,536.3
06/04/2010,543.2
06/07/2010,545.8
06/08/2010,548
06/09/2010,541
06/10/2010,535.25
06/11/2010,537
06/14/2010,537
06/15/2010,534.8
06/16/2010,529.75
06/17/2010,530.3
06/18/2010,534.7
06/21/2010,530.2
06/22/2010,532.2
06/23/2010,538.3
06/24/2010,537.2
06/25/2010,537
06/28/2010,537
06/29/2010,545
06/30/2010,545.8
07/01/2010,540.3
07/02/2010,537
07/05/2010,538.8
07/06/2010,536.5
07/07/2010,535.25
07/08/2010,536.7
07/09/2010,539
07/12/2010,538
07/13/2010,535
07/14/2010,532.35
07/15/2010,529.8
07/16/2010,529.8
07/19/2010,533
07/20/2010,529
07/21/2010,523
07/22/2010,519
07/23/2010,520
07/26/2010,518.7
07/27/2010,519.7
07/28/2010,523.3
07/29/2010,523.3
07/30/2010,521
08/02/2010,517.9
08/03/2010,516.5
08/04/2010,516.5
08/05/2010,514.5
08/06/2010,514.5
08/09/2010,511.5
08/10/2010,512.2
08/11/2010,511.5
08/12/2010,509.5
08/13/2010,509.4
08/16/2010,505.3
08/17/2010,502
08/18/2010,501.6
08/19/2010,507.25
08/20/2010,501.5
08/23/2010,504.5
08/24/2010,505
08/25/2010,506.3
08/26/2010,503.7
08/27/2010,499.5
08/30/2010,500.5
08/31/2010,502.8
09/01/2010,496.5
09/02/2010,497.2
09/03/2010,495.7
09/06/2010,497.7
09/07/2010,496.7
09/08/2010,496.5
09/09/2010,496.2
09/10/2010,496.4
09/13/2010,494.6
09/14/2010,493.3
09/15/2010,494.5
09/16/2010,496.5
09/17/2010,496.5
09/20/2010,498.1
09/21/2010,497.2
09/22/2010,493
09/23/2010,488.55
09/24/2010,486.5
09/27/2010,485.3
09/28/2010,486.15
09/29/2010,485.7
09/30/2010,483.5
10/01/2010,480.8
10/04/2010,486.2
10/05/2010,482.8
10/06/2010,482.25
10/07/2010,483.2
10/08/2010,481.8
10/11/2010,481.8
10/12/2010,480.2
10/13/2010,477.8
10/14/2010,478.8
10/15/2010,478.8
10/18/2010,480.75
10/19/2010,487
10/20/2010,484.4
10/21/2010,485.3
10/22/2010,487
10/25/2010,486.2
10/26/2010,491.25
10/27/2010,494.5
10/28/2010,489.2
10/29/2010,489
11/01/2010,492.75
11/02/2010,487
11/03/2010,489.1
11/04/2010,479.75
11/05/2010,477.4
11/08/2010,480.2
11/09/2010,477
11/10/2010,481.1
11/11/2010,480
11/12/2010,481.25
11/15/2010,482.15
11/16/2010,485.6
11/17/2010,483.4
11/18/2010,480.25
11/19/2010,480
11/22/2010,478.75
11/23/2010,481.5
11/24/2010,482.05
11/25/2010,480.7
11/26/2010,483
11/29/2010,486.7
11/30/2010,487
12/01/2010,485.3
12/02/2010,484
12/03/2010,479.9
12/06/2010,478.9
12/07/2010,476.8
12/08/2010,476.8
12/09/2010,475.8
12/10/2010,475.8
12/13/2010,474.8
12/14/2010,472.7
12/15/2010,473.7
12/16/2010,473.1
12/17/2010,472
12/20/2010,470.2
12/21/2010,468.8
12/22/2010,469
12/23/2010,469.3
12/24/2010,469.7
12/27/2010,471.5
12/28/2010,469.7
12/29/2010,469.7
12/30/2010,467.7
12/31/2010,467.75
01/03/2011,465.5
01/04/2011,487.6
01/05/2011,495
01/06/2011,495.2
01/07/2011,497.5
01/10/2011,498.5
01/11/2011,495.5
01/12/2011,490.5
01/13/2011,489.7
01/14/2011,489
01/17/2011,491.2
01/18/2011,490.1
01/19/2011,492
01/20/2011,494.2
01/21/2011,493
01/24/2011,491.7
01/25/2011,492.7
01/26/2011,488.8
01/27/2011,485
01/28/2011,484.2
01/31/2011,483
02/01/2011,479.7
02/02/2011,480.7
02/03/2011,479.55
02/04/2011,479
02/07/2011,479
02/08/2011,479
02/09/2011,476.25
02/10/2011,473.5
02/11/2011,472.2
02/14/2011,469.5
02/15/2011,472.3
02/16/2011,473.8
02/17/2011,469.7
02/18/2011,468.5
02/21/2011,468
02/22/2011,471.5
02/23/2011,476
02/24/2011,478
02/25/2011,474.5
02/28/2011,474.75
03/01/2011,476
03/02/2011,476.7
03/03/2011,473
03/04/2011,473.7
03/07/2011,473.75
03/08/2011,475
03/09/2011,477.7
03/10/2011,481.5
03/11/2011,478.5
03/14/2011,481
03/15/2011,483.5
03/16/2011,486
03/17/2011,486.2
03/18/2011,481.1
03/21/2011,480.6
03/22/2011,481
03/23/2011,481.3
03/24/2011,479.7
03/25/2011,478.7
03/28/2011,480.25
03/29/2011,481.9
03/30/2011,481.85
03/31/2011,477.5
04/01/2011,475.5
04/04/2011,474.6
04/05/2011,473.1
04/06/2011,473.7
04/07/2011,471.9
04/08/2011,469.7
04/11/2011,472
04/12/2011,473.75
04/13/2011,472
04/14/2011,472.7
04/15/2011,470.7
04/18/2011,475.3
04/19/2011,473.2
04/20/2011,469.2
04/21/2011,466.8
04/22/2011,466.8
04/25/2011,467.3
04/26/2011,462.3
04/27/2011,462.25
04/28/2011,460.7
04/29/2011,460.3
05/02/2011,462.5
05/03/2011,461
05/04/2011,465.7
05/05/2011,468.5
05/06/2011,468
05/09/2011,467.2
05/10/2011,464.5
05/11/2011,468
05/12/2011,466.2
05/13/2011,467.5
05/16/2011,471.3
05/17/2011,473.8
05/18/2011,469.2
05/19/2011,467.7
05/20/2011,466.7
05/23/2011,473.1
05/24/2011,471.8
05/25/2011,471.4
05/26/2011,469.3
05/27/2011,466.7
05/30/2011,467.2
05/31/2011,464.7
06/01/2011,468.2
06/02/2011,466
06/03/2011,467.7
06/06/2011,468.3
06/07/2011,466.25
06/08/2011,467.2
06/09/2011,466.3
06/10/2011,467.7
06/13/2011,467.6
06/14/2011,466
06/15/2011,468.7
06/16/2011,471.3
06/17/2011,471.9
06/20/2011,472.1
06/21/2011,471.4
06/22/2011,472.3
06/23/2011,474.15
06/24/2011,473.6
06/27/2011,473.65
06/28/2011,472.75
06/29/2011,469.5
06/30/2011,467.15
07/01/2011,465
07/04/2011,465.45
07/05/2011,464.45
07/06/2011,463.8
07/07/2011,460.9
07/08/2011,462.35
07/11/2011,467
07/12/2011,466.75
07/13/2011,462.5
07/14/2011,461.75
07/15/2011,462.5
07/18/2011,463
07/19/2011,461.75
07/20/2011,462.6
07/21/2011,460.95
07/22/2011,461.35
07/25/2011,462.35
07/26/2011,457.1
07/27/2011,456.6
07/28/2011,456.7
07/29/2011,457.3
08/01/2011,456.65
08/02/2011,458.95
08/03/2011,458
08/04/2011,463.15
08/05/2011,465.45
08/08/2011,473.2
08/09/2011,472.5
08/10/2011,473.05
08/11/2011,471.35
08/12/2011,470.65
08/15/2011,470.75
08/16/2011,471.8
08/17/2011,466.9
08/18/2011,470.8
08/19/2011,468.8
08/22/2011,467.8
08/23/2011,467.15
08/24/2011,466.85
08/25/2011,466.7
08/26/2011,465.6
08/29/2011,464.85
08/30/2011,465
08/31/2011,461.1
09/01/2011,459.3
09/02/2011,460.1
09/05/2011,462.65
09/06/2011,463.55
09/07/2011,462.85
09/08/2011,462.6
09/09/2011,469.7
09/12/2011,475.9
09/13/2011,475.1
09/14/2011,478.65
09/15/2011,477.8
09/16/2011,480.85
09/19/2011,480.85
09/20/2011,489.9
09/21/2011,500.45
09/22/2011,519.15
09/23/2011,516.5
09/26/2011,512
09/27/2011,505.5
09/28/2011,513.5
09/29/2011,513.9
09/30/2011,520.75
10/03/2011,526.15
10/04/2011,533.85
10/05/2011,529.95
10/06/2011,520.85
10/07/2011,518.1
10/10/2011,516.55
10/11/2011,509.5
10/12/2011,499.1
10/13/2011,505.7
10/14/2011,498.95
10/17/2011,504.3
10/18/2011,509.85
10/19/2011,511.3
10/20/2011,518.25
10/21/2011,513.95
10/24/2011,505.4
10/25/2011,502.1
10/26/2011,500.75
10/27/2011,489.7
10/28/2011,489.75
10/31/2011,489.75
11/01/2011,489.75
11/02/2011,501.5
11/03/2011,494
11/04/2011,496.45
11/07/2011,500.2
11/08/2011,497.2
11/09/2011,499.75
11/10/2011,501.7
11/11/2011,497.5
11/14/2011,502.4
11/15/2011,509.1
11/16/2011,510.2
11/17/2011,509.6
11/18/2011,510.6
11/21/2011,518.55
11/22/2011,518.15
11/23/2011,524.5
11/24/2011,522.65
11/25/2011,526.9
11/28/2011,523.6
11/29/2011,524.35
11/30/2011,515.45
12/01/2011,515
12/02/2011,514.6
12/05/2011,513.3
12/06/2011,512.45
12/07/2011,508.05
12/08/2011,508.05
12/09/2011,509.9
12/12/2011,514.7
12/13/2011,515
12/14/2011,521.2
12/15/2011,517.8
12/16/2011,517.6
12/19/2011,520.5
12/20/2011,519.5
12/21/2011,522.65
12/22/2011,519.45
12/23/2011,519.75
12/26/2011,520.05
12/27/2011,521.65
12/28/2011,521.95
12/29/2011,520
12/30/2011,519.25
01/02/2012,518.25
01/03/2012,512.55
01/04/2012,510.35
01/05/2012,510.2
01/06/2012,510.5
01/09/2012,513.1
01/10/2012,508.15
01/11/2012,505.8
01/12/2012,499.9
01/13/2012,503.3
01/16/2012,499.4
01/17/2012,497.7
01/18/2012,496.1
01/19/2012,490
01/20/2012,492.5
01/23/2012,488.65
01/24/2012,492.7
01/25/2012,492.2
01/26/2012,486.95
01/27/2012,484.3
01/30/2012,490.6
01/31/2012,491.4
02/01/2012,486.95
02/02/2012,481.1
02/03/2012,477.75
02/06/2012,480.35
02/07/2012,478.4
02/08/2012,477.6
02/09/2012,475.15
02/10/2012,478.8
02/13/2012,479.65
02/14/2012,483.05
02/15/2012,484.9
02/16/2012,484.15
02/17/2012,484.05
02/20/2012,482.4
02/21/2012,481.3
02/22/2012,483.7
02/23/2012,480.65
02/24/2012,480.2
02/27/2012,479.2
02/28/2012,477.05
02/29/2012,479.6
03/01/2012,477.05
03/02/2012,483.75
03/05/2012,485.05
03/06/2012,491.45
03/07/2012,489.2
03/08/2012,484.4
03/09/2012,483.2
03/12/2012,485.35
03/13/2012,482.9
03/14/2012,486.5
03/15/2012,481.9
03/16/2012,482.15
03/19/2012,482.5
03/20/2012,484.2
03/21/2012,484.95
03/22/2012,488.5
03/23/2012,488.35
03/26/2012,485.7
03/27/2012,485.7
03/28/2012,488
03/29/2012,487.93
03/30/2012,488.1
04/02/2012,482.55
04/03/2012,481.3
04/04/2012,483.75
04/05/2012,484.5
04/06/2012,483.5
04/09/2012,484.45
04/10/2012,488.25
04/11/2012,486.7
04/12/2012,481.85
04/13/2012,484
04/16/2012,488.05
04/17/2012,484.1
04/18/2012,487.75
04/19/2012,487.65
04/20/2012,485.6
04/23/2012,488.6
04/24/2012,487.4
04/25/2012,485.65
04/26/2012,484.5
04/27/2012,483.85
04/30/2012,484.6
05/01/2012,484.9
05/02/2012,483.8
05/03/2012,481.5
05/04/2012,482.7
05/07/2012,481.6
05/08/2012,485.2
05/09/2012,487.75
05/10/2012,485.65
05/11/2012,486.4
05/14/2012,492.55
05/15/2012,499.4
05/16/2012,502.3
05/17/2012,504.35
05/18/2012,505.35
05/21/2012,505.35
05/22/2012,505
05/23/2012,507.15
05/24/2012,508.4
05/25/2012,509.1
05/28/2012,513.05
05/29/2012,512
05/30/2012,517.8
05/31/2012,516.25
06/01/2012,518.55
06/04/2012,514.95
06/05/2012,511.8
06/06/2012,506.35
06/07/2012,500
06/08/2012,502
06/11/2012,503.3
06/12/2012,503.3
06/13/2012,501.7
06/14/2012,500.5
06/15/2012,500.55
06/18/2012,499.15
06/19/2012,495.25
06/20/2012,495.15
06/21/2012,502.65
06/22/2012,502.35
06/25/2012,508.95
06/26/2012,507.85
06/27/2012,505.95
06/28/2012,509.6
06/29/2012,500.3
07/02/2012,500.05
07/03/2012,494.15
07/04/2012,496.4
07/05/2012,495.4
07/06/2012,498.3
07/09/2012,494.1
07/10/2012,492.9
07/11/2012,491.45
07/12/2012,492.9
07/13/2012,490.15
07/16/2012,489.5
07/17/2012,489.4
07/18/2012,487.35
07/19/2012,485.18
07/20/2012,488.65
07/23/2012,491.93
07/24/2012,494.7
07/25/2012,491.3
07/26/2012,485.55
07/27/2012,482.55
07/30/2012,482.3
07/31/2012,482.3
08/01/2012,483
08/02/2012,484.15
08/03/2012,480.6
08/06/2012,477.83
08/07/2012,477.15
08/08/2012,475.85
08/09/2012,474.45
08/10/2012,478.75
08/13/2012,481.47
08/14/2012,481.75
08/15/2012,482.39
08/16/2012,482.25
08/17/2012,482.93
08/20/2012,484.65
08/21/2012,482.3
08/22/2012,482.75
08/23/2012,480
08/24/2012,480.6
08/27/2012,480.34
08/28/2012,479.2
08/29/2012,479.78
08/30/2012,480.52
08/31/2012,479.82
09/03/2012,479.7
09/04/2012,481
09/05/2012,480.35
09/06/2012,475.38
09/07/2012,475.4
09/10/2012,474.55
09/11/2012,473.95
09/12/2012,474.4
09/13/2012,472.1
09/14/2012,470.05
09/17/2012,469.85
09/18/2012,469.05
09/19/2012,469.05
09/20/2012,469.75
09/21/2012,472.62
09/24/2012,475.45
09/25/2012,469.7
09/26/2012,470.05
09/27/2012,470.7
09/28/2012,474.25
10/01/2012,472.15
10/02/2012,472.7
10/03/2012,472.95
10/04/2012,471.92
10/05/2012,472.75
10/08/2012,473.9
10/09/2012,474.28
10/10/2012,474.63
10/11/2012,472.3
10/12/2012,471.9
10/15/2012,471.9
10/16/2012,472.1
10/17/2012,471.8
10/18/2012,472.08
10/19/2012,474.15
10/22/2012,476.49
10/23/2012,482.35
10/24/2012,480.7
10/25/2012,479.13
10/26/2012,480
10/29/2012,481.5
10/30/2012,479
10/31/2012,480.7
11/01/2012,481.1
11/02/2012,480.4
11/05/2012,479.95
11/06/2012,478.45
11/07/2012,479.25
11/08/2012,476.64
11/09/2012,478.55
11/12/2012,479.59
11/13/2012,483.3
11/14/2012,484.3
11/15/2012,483.55
11/16/2012,484.1
11/19/2012,479.5
11/20/2012,477.45
11/21/2012,477.35
11/22/2012,476.4
11/23/2012,478.3
11/26/2012,481.18
11/27/2012,479.78
11/28/2012,480.35
11/29/2012,478.7
11/30/2012,480.5
12/03/2012,480.9
12/04/2012,480.18
12/05/2012,478.63
12/06/2012,476.6
12/07/2012,476.5
12/10/2012,475.05
12/11/2012,474.74
12/12/2012,473.9
12/13/2012,474.5
12/14/2012,473.4
12/17/2012,474.5
12/18/2012,473.78
12/19/2012,474.55
12/20/2012,474.5
12/21/2012,474.35
12/24/2012,479.02
12/25/2012,479.02
12/26/2012,478.93
12/27/2012,479.5
12/28/2012,478.35
12/31/2012,478.26
01/01/2013,478.26
01/02/2013,473.88
01/03/2013,471.95
01/04/2013,472.52
01/07/2013,470.68
01/08/2013,471.95
01/09/2013,470.16
01/10/2013,470.18
01/11/2013,472.17
01/14/2013,472.98
01/15/2013,474.6
01/16/2013,474.03
01/17/2013,471.75
01/18/2013,471.48
01/21/2013,472.1
01/22/2013,470.3
01/23/2013,470.71
01/24/2013,468.8
01/25/2013,471.5
01/28/2013,472.35
01/29/2013,470.92
01/30/2013,470.65
01/31/2013,470.85
02/01/2013,471
02/04/2013,472.2
02/05/2013,472.33
02/06/2013,472.2
02/07/2013,472.15
02/08/2013,471.64
02/11/2013,472.05
02/12/2013,471.3
02/13/2013,470.3
02/14/2013,470.3
02/15/2013,470.55
02/18/2013,471.25
02/19/2013,471.7
02/20/2013,472.6
02/21/2013,472.8
02/22/2013,473.05
02/25/2013,472.53
02/26/2013,472.95
02/27/2013,473
02/28/2013,472.75
03/01/2013,474
03/04/2013,474.4
03/05/2013,472.5
03/06/2013,472.3
03/07/2013,471
03/08/2013,471.2
03/11/2013,471.25
03/12/2013,471
03/13/2013,470.4
03/14/2013,470.5
03/15/2013,471.5
03/18/2013,471.5
03/19/2013,471.5
03/20/2013,472
03/21/2013,472.5
03/22/2013,472.1
03/25/2013,472.4
03/26/2013,472
03/27/2013,472.1
03/28/2013,471.25
03/29/2013,471.4
04/01/2013,472.25
04/02/2013,472.4
04/03/2013,472.1
04/04/2013,469.8
04/05/2013,468.8
04/08/2013,466.9
04/09/2013,467
04/10/2013,468.25
04/11/2013,468.1
04/12/2013,468.4
04/15/2013,472
04/16/2013,471.8
04/17/2013,472.9
04/18/2013,475.5
04/19/2013,476.6
04/22/2013,477.6
04/23/2013,476.4
04/24/2013,474.49
04/25/2013,471.45
04/26/2013,471.8
04/29/2013,471
04/30/2013,470.8
05/01/2013,470.6
05/02/2013,471.8
05/03/2013,470
05/06/2013,469.8
05/07/2013,470.2
05/08/2013,471
05/09/2013,472
05/10/2013,472.2
05/13/2013,475.5
05/14/2013,477.3
05/15/2013,478.4
05/16/2013,480.4
05/17/2013,480.75
05/20/2013,484.2
05/21/2013,484.05
05/22/2013,488.9
05/23/2013,486.8
05/24/2013,488.9
05/27/2013,489.85
05/28/2013,490.3
05/29/2013,489.7
05/30/2013,495.05
05/31/2013,499.7
06/03/2013,498.6
06/04/2013,500.15
06/05/2013,503.3
06/06/2013,504.3
06/07/2013,502
06/10/2013,503.4
06/11/2013,502
06/12/2013,498.9
06/13/2013,493.9
06/14/2013,492.1
06/17/2013,494.3
06/18/2013,499.7
06/19/2013,498.8
06/20/2013,515.2
06/21/2013,512
06/24/2013,511.5
06/25/2013,507.4
06/26/2013,505.5
06/27/2013,503.3
06/28/2013,507.3
07/01/2013,503.05
07/02/2013,502.6
07/03/2013,502.88
07/04/2013,502.85
07/05/2013,508.3
07/08/2013,506.8
07/09/2013,508.62
07/10/2013,507.4
07/11/2013,504
07/12/2013,506.5
07/15/2013,501.3
07/16/2013,501.2
07/17/2013,497.3
07/18/2013,500.51
07/19/2013,502.35
07/22/2013,504.2
07/23/2013,501.85
07/24/2013,505.9
07/25/2013,504.9
07/26/2013,507.5
07/29/2013,511.3
07/30/2013,515
07/31/2013,513.5
08/01/2013,515
08/02/2013,511.9
08/05/2013,513
08/06/2013,514.85
08/07/2013,515.6
08/08/2013,509.34
08/09/2013,507.6
08/12/2013,507.6
08/13/2013,511.1
08/14/2013,508.6
08/15/2013,508.4
08/16/2013,512.7
08/19/2013,520
08/20/2013,514.1
08/21/2013,517.4
08/22/2013,513.4
08/23/2013,509.5
08/26/2013,512.65
08/27/2013,515.3
08/28/2013,513.06
08/29/2013,510.31
08/30/2013,510.1
09/02/2013,508.91
09/03/2013,509.06
09/04/2013,509.21
09/05/2013,508.51
09/06/2013,507.02
09/09/2013,507.2
09/10/2013,506.1
09/11/2013,501.4
09/12/2013,501.4
09/13/2013,505.75
09/16/2013,504.4
09/17/2013,503.1
09/18/2013,503
09/19/2013,492.65
09/20/2013,496.57
09/23/2013,495.71
09/24/2013,498.72
09/25/2013,501.45
09/26/2013,501.6
09/27/2013,503.63
09/30/2013,504.97
10/01/2013,503.75
10/02/2013,501
10/03/2013,499.9
10/04/2013,498.75
10/07/2013,498.8
10/08/2013,500.17
10/09/2013,500.82
10/10/2013,496.75
10/11/2013,497.81
10/14/2013,497.27
10/15/2013,499.2
10/16/2013,496.2
10/17/2013,493.15
10/18/2013,496.75
10/21/2013,501.8
10/22/2013,498.8
10/23/2013,504.75
10/24/2013,503.7
10/25/2013,504.45
10/28/2013,507.4
10/29/2013,508.3
10/30/2013,509.35
10/31/2013,512.15
11/01/2013,512.4
11/04/2013,513.1
11/05/2013,515.89
11/06/2013,514.05
11/07/2013,516.75
11/08/2013,517.95
11/11/2013,520.22
11/12/2013,522.15
11/13/2013,520.1
11/14/2013,519
11/15/2013,520.23
11/18/2013,517.53
11/19/2013,519.38
11/20/2013,522
11/21/2013,521.13
11/22/2013,518.4
11/25/2013,520.72
11/26/2013,522
11/27/2013,527.6
11/28/2013,527.92
11/29/2013,532.77
12/02/2013,532.5
12/03/2013,533.75
12/04/2013,533.25
12/05/2013,529.75
12/06/2013,525.72
12/09/2013,528.5
12/10/2013,531.5
12/11/2013,533
12/12/2013,530.92
12/13/2013,528.49
12/16/2013,526.32
12/17/2013,527.25
12/18/2013,527.2
12/19/2013,530
12/20/2013,529.5
12/23/2013,527.25
12/24/2013,528.25
12/25/2013,528.51
12/26/2013,524.39
12/27/2013,524.25
12/30/2013,526
12/31/2013,525.3
01/01/2014,525.32
01/02/2014,529.25
01/03/2014,529.25
01/06/2014,532.16
01/07/2014,530.55
01/08/2014,535.23
01/09/2014,533.6
01/10/2014,529
01/13/2014,527.92
01/14/2014,528.64
01/15/2014,529.88
01/16/2014,532.8
01/17/2014,537.95
01/20/2014,540.45
01/21/2014,544.35
01/22/2014,542.35
01/23/2014,547.02
01/24/2014,550.01
01/27/2014,549
01/28/2014,546.22
01/29/2014,548.55
01/30/2014,547.75
01/31/2014,555.27
02/03/2014,562.6
02/04/2014,556.25
02/05/2014,558.05
02/06/2014,551
02/07/2014,553.65
02/10/2014,555.27
02/11/2014,553.78
02/12/2014,550.9
02/13/2014,548.6
02/14/2014,546.63
02/17/2014,546.48
02/18/2014,548.4
02/19/2014,553.73
02/20/2014,555.45
02/21/2014,555.1
02/24/2014,554.3
02/25/2014,555.9
02/26/2014,561.55
02/27/2014,561.3
02/28/2014,558.65
03/03/2014,561.52
03/04/2014,560.02
03/05/2014,561.3
03/06/2014,558.4
03/07/2014,565.8
03/10/2014,569.02
03/11/2014,575.1
03/12/2014,572
03/13/2014,574.61
03/14/2014,572.07
03/17/2014,570.62
03/18/2014,568.8
03/19/2014,569.45
03/20/2014,564.95
03/21/2014,561.67
03/24/2014,562.72
03/25/2014,558.95
03/26/2014,554.15
03/27/2014,552.8
03/28/2014,550.21
03/31/2014,548.22
04/01/2014,552.08
04/02/2014,553.2
04/03/2014,556.1
04/04/2014,555.1
04/07/2014,551.19
04/08/2014,545.72
04/09/2014,546.72
04/10/2014,545.21
04/11/2014,548.35
04/14/2014,549.8
04/15/2014,555.63
04/16/2014,555.85
04/17/2014,556.9
04/18/2014,556.8
04/21/2014,557.22
04/22/2014,562.72
04/23/2014,561.72
04/24/2014,559.67
04/25/2014,560.3
04/28/2014,559.16
04/29/2014,562.38
04/30/2014,563.95
05/01/2014,564.8
05/02/2014,562.76
05/05/2014,567.53
05/06/2014,566.88
05/07/2014,564.25
05/08/2014,555.5
05/09/2014,553.5
05/12/2014,551.18
05/13/2014,548.29
05/14/2014,551.55
05/15/2014,552.74
05/16/2014,551.55
05/19/2014,547.36
05/20/2014,552.08
05/21/2014,551.98
05/22/2014,552.38
05/23/2014,553.51
05/26/2014,553.82
05/27/2014,555.15
05/28/2014,550.45
05/29/2014,548.95
05/30/2014,549.28
06/02/2014,550.85
06/03/2014,549.76
06/04/2014,552.09
06/05/2014,550.66
06/06/2014,549.03
06/09/2014,549.65
06/10/2014,553.49
06/11/2014,554.7
06/12/2014,553.47
06/13/2014,555.89
06/16/2014,554.67
06/17/2014,559.58
06/18/2014,556.26
06/19/2014,556.77
06/20/2014,555.65
06/23/2014,551.64
06/24/2014,551.88
06/25/2014,549.92
06/26/2014,548.8
06/27/2014,550.9
06/30/2014,552.3
07/01/2014,552.03
07/02/2014,551.75
07/03/2014,548.14
07/04/2014,549
07/07/2014,549.77
07/08/2014,553.1
07/09/2014,552.63
07/10/2014,552.41
07/11/2014,553.73
07/14/2014,553.48
07/15/2014,555.78
07/16/2014,559.6
07/17/2014,564.7
07/18/2014,566.35
07/21/2014,564.55
07/22/2014,564.88
07/23/2014,562.83
07/24/2014,563.05
07/25/2014,563.18
07/28/2014,563.71
07/29/2014,565.55
07/30/2014,571.75
07/31/2014,571.98
08/01/2014,572.53
08/04/2014,571.73
08/05/2014,576.55
08/06/2014,576.48
08/07/2014,577.23
08/08/2014,574.75
08/11/2014,574.1
08/12/2014,575.49
08/13/2014,576.17
08/14/2014,577.48
08/15/2014,576.75
08/18/2014,576.67
08/19/2014,580.74
08/20/2014,582.94
08/21/2014,582.19
08/22/2014,583.04
08/25/2014,582.45
08/26/2014,585.62
08/27/2014,589.15
08/28/2014,594.6
08/29/2014,586.26
09/01/2014,590.7
09/02/2014,588.85
09/03/2014,588.93
09/04/2014,592.9
09/05/2014,586.34
09/08/2014,586.52
09/09/2014,590.91
09/10/2014,589.47
09/11/2014,589.06
09/12/2014,593.72
09/15/2014,594.71
09/16/2014,591.84
09/17/2014,596.95
09/18/2014,596.8
09/19/2014,596
09/22/2014,600.86
09/23/2014,599.26
09/24/2014,597.05
09/25/2014,598.37
09/26/2014,598.85
09/29/2014,601.22
09/30/2014,597.8
10/01/2014,597.49
10/02/2014,595.63
10/03/2014,596.55
10/06/2014,598.3
10/07/2014,595.45
10/08/2014,592.9
10/09/2014,592.35
10/10/2014,593.58
10/13/2014,588.75
10/14/2014,588.4
10/15/2014,588.6
10/16/2014,588.5
10/17/2014,586.1
10/20/2014,585.65
10/21/2014,582.71
10/22/2014,585.12
10/23/2014,583.9
10/24/2014,584.25
10/27/2014,584.92
10/28/2014,578.65
10/29/2014,577.7
10/30/2014,576.7
10/31/2014,574.82
11/03/2014,582.35
11/04/2014,585.25
11/05/2014,589.15
11/06/2014,592.08
11/07/2014,586.25
11/10/2014,587.1
11/11/2014,590.55
11/12/2014,593.97
11/13/2014,595.24
11/14/2014,593.2
11/17/2014,595.85
11/18/2014,597.16
11/19/2014,600.73
11/20/2014,599.6
11/21/2014,593.45
11/24/2014,595.62
11/25/2014,598.77
11/26/2014,598.76
11/27/2014,600.71
11/28/2014,607.94
12/01/2014,611.93
12/02/2014,614.02
12/03/2014,609.04
12/04/2014,609.42
12/05/2014,612.3
12/08/2014,611.1
12/09/2014,614.11
12/10/2014,615.6
12/11/2014,617.02
12/12/2014,617.65
12/15/2014,619.08
12/16/2014,620.33
12/17/2014,616.2
12/18/2014,614.35
12/19/2014,610.75
12/22/2014,608.35
12/23/2014,609.95
12/24/2014,608.2
12/25/2014,608.2
12/26/2014,607
12/29/2014,608.27
12/30/2014,607
12/31/2014,606.4
01/01/2015,606.2
01/02/2015,613.13
01/05/2015,617.1
01/06/2015,616
01/07/2015,613.6
01/08/2015,612.58
01/09/2015,613.99
01/12/2015,616.25
01/13/2015,618.98
01/14/2015,625.33
01/15/2015,625.02
01/16/2015,627.7
01/19/2015,628
01/20/2015,628.25
01/21/2015,627.66
01/22/2015,624
01/23/2015,625
01/26/2015,623.08
01/27/2015,623
01/28/2015,622.15
01/29/2015,627.14
01/30/2015,632.83
02/02/2015,629.65
02/03/2015,625.32
02/04/2015,626.5
02/05/2015,623.5
02/06/2015,627.25
02/09/2015,623.9
02/10/2015,626.21
02/11/2015,629.88
02/12/2015,621.75
02/13/2015,618.4
02/16/2015,621.5
02/17/2015,620.4
02/18/2015,619.3
02/19/2015,619
02/20/2015,615.8
02/23/2015,622.41
02/24/2015,618.77
02/25/2015,616.75
02/26/2015,618.95
02/27/2015,616.97
03/02/2015,615.7
03/03/2015,616.35
03/04/2015,618.33
03/05/2015,619.7
03/06/2015,625
03/09/2015,627.6
03/10/2015,635.1
03/11/2015,637.6
03/12/2015,633.5
03/13/2015,639.5
03/16/2015,640.29
03/17/2015,640.79
03/18/2015,635.6
03/19/2015,639.63
03/20/2015,631.1
03/23/2015,623.7
03/24/2015,621.7
03/25/2015,620.31
03/26/2015,622.5
03/27/2015,622.84
03/30/2015,626.14
03/31/2015,624
04/01/2015,617.1
04/02/2015,614.55
04/03/2015,614.45
04/06/2015,611.4
04/07/2015,609.95
04/08/2015,611
04/09/2015,615.9
04/10/2015,619
04/13/2015,616.4
04/14/2015,613.1
04/15/2015,612.86
04/16/2015,610
04/17/2015,611
04/20/2015,616
04/21/2015,616
04/22/2015,618.37
04/23/2015,614.05
04/24/2015,612.25
04/27/2015,610
04/28/2015,606.2
04/29/2015,609
04/30/2015,611
05/01/2015,611.03
05/04/2015,613.86
05/05/2015,609.4
05/06/2015,611.8
05/07/2015,609.17
05/08/2015,604.5
05/11/2015,609.6
05/12/2015,603.7
05/13/2015,601.9
05/14/2015,594.2
05/15/2015,597.4
05/18/2015,599.9
05/19/2015,603.6
05/20/2015,603.6
05/21/2015,603.5
05/22/2015,608.1
05/25/2015,610.7
05/26/2015,612.8
05/27/2015,614.25
05/28/2015,616
05/29/2015,617.6
06/01/2015,623.6
06/02/2015,622
06/03/2015,627.25
06/04/2015,628.1
06/05/2015,635.99
06/08/2015,630.4
06/09/2015,625.25
06/10/2015,630.9
06/11/2015,630.05
06/12/2015,630.7
06/15/2015,633.7
06/16/2015,635.2
06/17/2015,633.65
06/18/2015,628.8
06/19/2015,632.38
06/22/2015,631.24
06/23/2015,632.9
06/24/2015,632.8
06/25/2015,630.9
06/26/2015,634.9
06/29/2015,639.44
06/30/2015,638.92
07/01/2015,638.77
07/02/2015,634.49
07/03/2015,636.76
07/06/2015,641.25
07/07/2015,649.3
07/08/2015,651.86
07/09/2015,646.05
07/10/2015,647.1
07/13/2015,642.9
07/14/2015,641.25
07/15/2015,642.73
07/16/2015,642.59
07/17/2015,645.34
07/20/2015,649.3
07/21/2015,650.9
07/22/2015,653.5
07/23/2015,656.4
07/24/2015,660.4
07/27/2015,665.76
07/28/2015,665.1
07/29/2015,666.22
07/30/2015,671.58
07/31/2015,674
08/03/2015,679.8
08/04/2015,682
08/05/2015,681.4
08/06/2015,679.12
08/07/2015,678
08/10/2015,672.85
08/11/2015,681.48
08/12/2015,683.43
08/13/2015,684.9
08/14/2015,684.31
08/17/2015,691.15
08/18/2015,693.59
08/19/2015,693.17
08/20/2015,688.51
08/21/2015,697.73
08/24/2015,704.31
08/25/2015,706.06
08/26/2015,704.34
08/27/2015,693.63
08/28/2015,691.07
08/31/2015,692.57
09/01/2015,692.45
09/02/2015,689.2
09/03/2015,688.8
09/04/2015,692.2
09/07/2015,693.55
09/08/2015,690.53
09/09/2015,690.3
09/10/2015,685.18
09/11/2015,687.73
09/14/2015,687.85
09/15/2015,683.5
09/16/2015,676.2
09/17/2015,673.45
09/18/2015,678.25
09/21/2015,684.43
09/22/2015,698.11
09/23/2015,703.2
09/24/2015,696.7
09/25/2015,700.2
09/28/2015,705.8
09/29/2015,703.6
09/30/2015,696.2
10/01/2015,695.6
10/02/2015,688.4
10/05/2015,682.6
10/06/2015,680.65
10/07/2015,678.79
10/08/2015,677.1
10/09/2015,675.6
10/12/2015,675.85
10/13/2015,683.12
10/14/2015,679.65
10/15/2015,673.5
10/16/2015,674.6
10/19/2015,679.6
10/20/2015,687.31
10/21/2015,692.6
10/22/2015,688.8
10/23/2015,685.8
10/26/2015,687.6
10/27/2015,687.4
10/28/2015,687.3
10/29/2015,688.61
10/30/2015,691.2
11/02/2015,691
11/03/2015,688.4
11/04/2015,691.95
11/05/2015,694.4
11/06/2015,697.3
11/09/2015,701.7
11/10/2015,699.6
11/11/2015,698.4
11/12/2015,701.3
11/13/2015,705.1
11/16/2015,712.48
11/17/2015,711.43
11/18/2015,714.68
11/19/2015,710.6
11/20/2015,713.2
11/23/2015,715.5
11/24/2015,711.7
11/25/2015,712.7
11/26/2015,713.85
11/27/2015,715.5
11/30/2015,710.47
12/01/2015,702.85
12/02/2015,704.02
12/03/2015,701.13
12/04/2015,700.4
12/07/2015,706.24
12/08/2015,705.77
12/09/2015,704.25
12/10/2015,704.85
12/11/2015,708.8
12/14/2015,712.75
12/15/2015,710.2
12/16/2015,705.24
12/17/2015,706.4
12/18/2015,698.35
12/21/2015,692.16
12/22/2015,696.95
12/23/2015,698.4
12/24/2015,699.58
12/25/2015,699.7
12/28/2015,707.3
12/29/2015,706.4
12/30/2015,709.98
12/31/2015,707.85
01/01/2016,708.1
01/04/2016,716.4
01/05/2016,713.45
01/06/2016,714.95
01/07/2016,722.9
01/08/2016,726.9
01/11/2016,731.4
01/12/2016,729.7
01/13/2016,727.1
01/14/2016,720.8
01/15/2016,730.3
01/18/2016,729.89
01/19/2016,726.9
01/20/2016,726.9
01/21/2016,725.1
01/22/2016,715.2
01/25/2016,722.2
01/26/2016,717.69
01/27/2016,715.1
01/28/2016,710.62
01/29/2016,712.8
02/01/2016,711.19
02/02/2016,713.7
02/03/2016,704.3
02/04/2016,696.2
02/05/2016,706.07
02/08/2016,713.2
02/09/2016,713.4
02/10/2016,712.5
02/11/2016,712.1
02/12/2016,704
02/15/2016,701.99
02/16/2016,708.32
02/17/2016,700.15
02/18/2016,701.95
02/19/2016,698.7
02/22/2016,691.75
02/23/2016,695.94
02/24/2016,692.45
02/25/2016,690.2
02/26/2016,692.7
02/29/2016,696.1
03/01/2016,688.9
03/02/2016,684.3
03/03/2016,685.5
03/04/2016,681.3
03/07/2016,678.25
03/08/2016,682.9
03/09/2016,677.3
03/10/2016,682.35
03/11/2016,682.4
03/14/2016,682.35
03/15/2016,686.4
03/16/2016,680.65
03/17/2016,669.43
03/18/2016,675.72
03/21/2016,675.82
03/22/2016,673.35
03/23/2016,680.6
03/24/2016,680.16
03/25/2016,680.45
03/28/2016,680.84
03/29/2016,680.84
03/30/2016,672.67
03/31/2016,669.9
04/01/2016,670.2
04/04/2016,672.2
04/05/2016,674.5
04/06/2016,674.8
04/07/2016,684.4
04/08/2016,683.48
04/11/2016,679.07
04/12/2016,672.43
04/13/2016,669.74
04/14/2016,663.2
04/15/2016,666.02
04/18/2016,662.68
04/19/2016,659.4
04/20/2016,658.15
04/21/2016,665.82
04/22/2016,667.73
04/25/2016,669.1
04/26/2016,668.8
04/27/2016,664.4
04/28/2016,661.44
04/29/2016,660.6
05/02/2016,660.66
05/03/2016,668.88
05/04/2016,671.62
05/05/2016,667.4
05/06/2016,664.15
05/09/2016,677.03
05/10/2016,678.2
05/11/2016,679.2
05/12/2016,684.4
05/13/2016,691.26
05/16/2016,693.66
05/17/2016,688.6
05/18/2016,695.5
05/19/2016,694.09
05/20/2016,691.2
05/23/2016,694.3
05/24/2016,694.9
05/25/2016,691.21
05/26/2016,686.8
05/27/2016,687.7
05/30/2016,690.5
05/31/2016,692.07
06/01/2016,690.98
06/02/2016,689.3
06/03/2016,681.8
06/06/2016,679.12
06/07/2016,678.9
06/08/2016,673.35
06/09/2016,678.39
06/10/2016,683.65
06/13/2016,684.04
06/14/2016,688.3
06/15/2016,685.26
06/16/2016,688.15
06/17/2016,684
06/20/2016,678.25
06/21/2016,675.6
06/22/2016,674.2
06/23/2016,669.1
06/24/2016,678.61
06/27/2016,681.9
06/28/2016,665.93
06/29/2016,661.07
06/30/2016,661.5
07/01/2016,660.47
07/04/2016,656.5
07/05/2016,662.5
07/06/2016,662.34
07/07/2016,665.1
07/08/2016,658.94
07/11/2016,660.84
07/12/2016,659.5
07/13/2016,655.2
07/14/2016,650.16
07/15/2016,654.6
07/18/2016,647.9
07/19/2016,651.9
07/20/2016,651.62
07/21/2016,649.98
07/22/2016,650.2
07/25/2016,658.8
07/26/2016,661.2
07/27/2016,664.6
07/28/2016,662.94
07/29/2016,654.84
08/01/2016,658.23
08/02/2016,654.91
08/03/2016,656.3
08/04/2016,654.9
08/05/2016,655.5
08/08/2016,654.65
08/09/2016,652.2
08/10/2016,648.5
08/11/2016,642.13
08/12/2016,650.7
08/15/2016,648.85
08/16/2016,651.39
08/17/2016,657.33
08/18/2016,657.59
08/19/2016,661.99
08/22/2016,668.19
08/23/2016,672.29
08/24/2016,669.34
08/25/2016,662.29
08/26/2016,671.89
08/29/2016,671.29
08/30/2016,674.6
08/31/2016,680.09
09/01/2016,680.1
09/02/2016,671.55
09/05/2016,673.15
09/06/2016,662
09/07/2016,662
09/08/2016,664.99
09/09/2016,671.65
09/12/2016,667.39
09/13/2016,676.29
09/14/2016,674.39
09/15/2016,671.39
09/16/2016,674.34
09/19/2016,674.61
09/20/2016,670.69
09/21/2016,662.19
09/22/2016,658.99
09/23/2016,660.25
09/26/2016,661.9
09/27/2016,661.88
09/28/2016,658.59
09/29/2016,659.29
09/30/2016,657.55
10/03/2016,659.79
10/04/2016,663.49
10/05/2016,663.1
10/06/2016,666.35
10/07/2016,668.99
10/10/2016,669.35
10/11/2016,666.79
10/12/2016,665.69
10/13/2016,669.39
10/14/2016,670.23
10/17/2016,669.79
10/18/2016,667.52
10/19/2016,664.79
10/20/2016,666.29
10/21/2016,666.02
10/24/2016,658.29
10/25/2016,652.69
10/26/2016,653.6
10/27/2016,650.19
10/28/2016,653.6
10/31/2016,652.4
11/01/2016,650.44
11/02/2016,649
11/03/2016,651.19
11/04/2016,655.6
11/07/2016,652.64
11/08/2016,646.8
11/09/2016,648.85
11/10/2016,659.55
11/11/2016,667
11/14/2016,670.29
11/15/2016,671.39
11/16/2016,674.58
11/17/2016,676.19
11/18/2016,677.72
11/21/2016,674.1
11/22/2016,676.53
11/23/2016,676.79
11/24/2016,677.05
11/25/2016,678.39
11/28/2016,674.77
11/29/2016,672.68
11/30/2016,675.49
12/01/2016,673.92
12/02/2016,670.58
12/05/2016,664.58
12/06/2016,657.7
12/07/2016,654.82
12/08/2016,654.29
12/09/2016,651.61
12/12/2016,648.9
12/13/2016,650.5
12/14/2016,658.67
12/15/2016,664.58
12/16/2016,673.3
12/19/2016,677.59
12/20/2016,676
12/21/2016,674.1
12/22/2016,675.05
12/23/2016,673.19
12/26/2016,671.31
12/27/2016,673.54
12/28/2016,671.15
12/29/2016,667.2
12/30/2016,669.29
01/02/2017,669.29
01/03/2017,675
01/04/2017,670.63
01/05/2017,661.3
01/06/2017,667
01/09/2017,670.34
01/10/2017,669.27
01/11/2017,670.42
01/12/2017,661.6
01/13/2017,659.2
01/16/2017,662.1
01/17/2017,655.94
01/18/2017,660.2
01/19/2017,660.45
01/20/2017,656
01/23/2017,653.15
01/24/2017,652.1
01/25/2017,648.08
01/26/2017,650.9
01/27/2017,649.6
01/30/2017,646.99
01/31/2017,647.85
02/01/2017,646.13
02/02/2017,642.35
02/03/2017,640.25
02/06/2017,640.82
02/07/2017,646.35
02/08/2017,647.1
02/09/2017,645.4
02/10/2017,639.45
02/13/2017,641.88
02/14/2017,640.88
02/15/2017,638.44
02/16/2017,638.6
02/17/2017,644
02/20/2017,640.57
02/21/2017,641.02
02/22/2017,642.56
02/23/2017,641.38
02/24/2017,646.7
02/27/2017,646.35
02/28/2017,650.18
03/01/2017,649.25
03/02/2017,655.65
03/03/2017,657.1
03/06/2017,661.27
03/07/2017,658.17
03/08/2017,663.09
03/09/2017,664.98
03/10/2017,663.44
03/13/2017,665.98
03/14/2017,668.9
03/15/2017,665.98
03/16/2017,661.31
03/17/2017,661.75
03/20/2017,659.39
03/21/2017,659.17
03/22/2017,660.97
03/23/2017,662.29
03/24/2017,659.5
03/27/2017,664.4
03/28/2017,665.1
03/29/2017,662.43
03/30/2017,662.43
03/31/2017,659.21
04/03/2017,657.74
04/04/2017,659.49
04/05/2017,657.94
04/06/2017,655.78
04/07/2017,655.78
04/10/2017,652.08
04/11/2017,654.6
04/12/2017,652.7
04/13/2017,649.87
04/14/2017,649
04/17/2017,644.85
04/18/2017,648.02
04/19/2017,648.02
04/20/2017,649.92
04/21/2017,653.25
04/24/2017,654.76
04/25/2017,661.9
04/26/2017,664.73
04/27/2017,662.7
04/28/2017,666.43
05/01/2017,665.25
05/02/2017,667.35
05/03/2017,668.41
05/04/2017,675.05
05/05/2017,671.1
05/08/2017,678.34
05/09/2017,677.87
05/10/2017,672.9
05/11/2017,672.1
05/12/2017,671.95
05/15/2017,668.34
05/16/2017,665.98
05/17/2017,670.94
05/18/2017,672.36
05/19/2017,668.4
05/22/2017,670.4
05/23/2017,674.52
05/24/2017,671.52
05/25/2017,668.55
05/26/2017,671.9
05/29/2017,674.5
05/30/2017,674.25
05/31/2017,672.85
06/01/2017,671.9
06/02/2017,669.63
06/05/2017,669
06/06/2017,668.7
06/07/2017,669
06/08/2017,664.9
06/09/2017,663
06/12/2017,661.3
06/13/2017,661.05
06/14/2017,661
06/15/2017,665.65
06/16/2017,665
06/19/2017,661.52
06/20/2017,663.65
06/21/2017,665
06/22/2017,663.6
06/23/2017,660.56
06/26/2017,660.56
06/27/2017,663.15
06/28/2017,663.1
06/29/2017,665.1
06/30/2017,664.43
07/03/2017,662.44
07/04/2017,663.5
07/05/2017,665.95
07/06/2017,665.1
07/07/2017,666.5
07/10/2017,665.9
07/11/2017,665.84
07/12/2017,662.69
07/13/2017,660.61
07/14/2017,657.16
07/17/2017,659.65
07/18/2017,654.64
07/19/2017,653.4
07/20/2017,652.25
07/21/2017,651.12
07/24/2017,651.1
07/25/2017,649.65
07/26/2017,644
07/27/2017,649.31
07/28/2017,653.11
07/31/2017,649.1
08/01/2017,653.6
08/02/2017,650.65
08/03/2017,648.35
08/04/2017,650.7
08/07/2017,651.19
08/08/2017,648.33
08/09/2017,647.87
08/10/2017,648.4
08/11/2017,646.07
08/14/2017,648.25
08/15/2017,648.25
08/16/2017,644.63
08/17/2017,646.22
08/18/2017,646.08
08/21/2017,642.16
08/22/2017,640.18
08/23/2017,639.94
08/24/2017,637.66
08/25/2017,634.12
08/28/2017,628.16
08/29/2017,625.4
08/30/2017,631.07
08/31/2017,624.7
09/01/2017,624.77
09/04/2017,623.93
09/05/2017,622.76
09/06/2017,617.72
09/07/2017,613.4
09/08/2017,619.54
09/11/2017,622.45
09/12/2017,621.93
09/13/2017,625.8
09/14/2017,623.58
09/15/2017,624
09/18/2017,624.45
09/19/2017,625.25
09/20/2017,621.6
09/21/2017,624.1
09/22/2017,625
09/25/2017,628.77
09/26/2017,634.41
09/27/2017,637.8
09/28/2017,635.76
09/29/2017,639.5
10/02/2017,638.4
10/03/2017,632.58
10/04/2017,631.07
10/05/2017,628.44
10/06/2017,632.62
10/09/2017,633.11
10/10/2017,629.15
10/11/2017,626.14
10/12/2017,623.88
10/13/2017,622.71
10/16/2017,618.64
10/17/2017,621.28
10/18/2017,624.85
10/19/2017,625.28
10/20/2017,628.1
10/23/2017,633.2
10/24/2017,632.2
10/25/2017,629
10/26/2017,634.16
10/27/2017,634.81
10/30/2017,639.1
10/31/2017,635.95
11/01/2017,635.15
11/02/2017,628.8
11/03/2017,634.35
11/06/2017,632.44
11/07/2017,633.85
11/08/2017,631.5
11/09/2017,629.93
11/10/2017,631.1
11/13/2017,629.2
11/14/2017,631.15
11/15/2017,632.31
11/16/2017,629.68
11/17/2017,625.92
11/20/2017,636.5
11/21/2017,634.15
11/22/2017,633.25
11/23/2017,634.6
11/24/2017,633.44
11/27/2017,637.33
11/28/2017,640.66
11/29/2017,643.46
11/30/2017,647
12/01/2017,647.3
12/04/2017,647.5
12/05/2017,652.88
12/06/2017,653.48
12/07/2017,655
12/08/2017,655.4
12/11/2017,655.75
12/12/2017,653.48
12/13/2017,645.76
12/14/2017,638.1
12/15/2017,636
12/18/2017,621.5
12/19/2017,620.23
12/20/2017,619.6
12/21/2017,620.18
12/22/2017,621.86
12/25/2017,622.25
12/26/2017,618.77
12/27/2017,615.85
12/28/2017,614.46
12/29/2017,614.65
01/01/2018,614.65
01/02/2018,605.9
01/03/2018,606.8
01/04/2018,605.15
01/05/2018,604.9
01/08/2018,605.46
01/09/2018,607.35
01/10/2018,608.4
01/11/2018,605.26
01/12/2018,603.25
01/15/2018,602.6
01/16/2018,606.51
01/17/2018,606.54
01/18/2018,605.31
01/19/2018,607.39
01/22/2018,604.89
01/23/2018,608.99
01/24/2018,602.39
01/25/2018,599.03
01/26/2018,602.3
01/29/2018,603.27
01/30/2018,606.57
01/31/2018,602.15
02/01/2018,597.25
02/02/2018,602.75
02/05/2018,602.45
02/06/2018,598.77
02/07/2018,598.93
02/08/2018,602.8
02/09/2018,604.25
02/12/2018,597.73
02/13/2018,597.95
02/14/2018,593.65
02/15/2018,592.75
02/16/2018,593.3
02/19/2018,594.13
02/20/2018,594.65
02/21/2018,594.7
02/22/2018,592.1
02/23/2018,590
02/26/2018,587.53
02/27/2018,591.61
02/28/2018,594.74
03/01/2018,595.67
03/02/2018,598.57
03/05/2018,598.1
03/06/2018,599.85
03/07/2018,603.05
03/08/2018,606.01
03/09/2018,602.02
03/12/2018,603.5
03/13/2018,602.86
03/14/2018,601.24
03/15/2018,605.41
03/16/2018,608.23
03/19/2018,609.15
03/20/2018,609.73
03/21/2018,603.98
03/22/2018,608.88
03/23/2018,608.23
03/26/2018,604.14
03/27/2018,605.72
03/28/2018,603.55
03/29/2018,603.4
03/30/2018,603.4
04/02/2018,604.69
04/03/2018,602.55
04/04/2018,602.56
04/05/2018,603.68
04/06/2018,604.57
04/09/2018,604.09
04/10/2018,600.2
04/11/2018,597.53
04/12/2018,596.63
04/13/2018,595.91
04/16/2018,595.98
04/17/2018,596.46
04/18/2018,593.99
04/19/2018,595.29
04/20/2018,596.2
04/23/2018,602.85
04/24/2018,598.5
04/25/2018,603.4
04/26/2018,602.2
04/27/2018,606
04/30/2018,613.18
05/01/2018,613.29
05/02/2018,617.26
05/03/2018,618.37
05/04/2018,622.08
05/07/2018,629.27
05/08/2018,634.22
05/09/2018,634.2
05/10/2018,622.94
05/11/2018,618.99
05/14/2018,625.03
05/15/2018,632.17
05/16/2018,630.17
05/17/2018,632.49
05/18/2018,637.26
05/21/2018,636.57
05/22/2018,623.97
05/23/2018,622.77
05/24/2018,626.68
05/25/2018,624.53
05/28/2018,624.19
05/29/2018,629.22
05/30/2018,627.05
05/31/2018,630.39
06/01/2018,631.29
06/04/2018,631.16
06/05/2018,633.52
06/06/2018,627.7
06/07/2018,630.7
06/08/2018,629.88
06/11/2018,633.14
06/12/2018,637.4
06/13/2018,634.35
06/14/2018,637.98
06/15/2018,632.47
06/18/2018,636.6
06/19/2018,640.03
06/20/2018,640.27
06/21/2018,639.95
06/22/2018,638.14
06/25/2018,638.51
06/26/2018,640.82
06/27/2018,646.09
06/28/2018,649.27
06/29/2018,653.71
07/02/2018,657.41
07/03/2018,649.73
07/04/2018,650.9
07/05/2018,655.99
07/06/2018,656.7
07/09/2018,650.2
07/10/2018,647.93
07/11/2018,652.65
07/12/2018,648.94
07/13/2018,650.13
07/16/2018,649.98
07/17/2018,653.5
07/18/2018,652.3
07/19/2018,663.62
07/20/2018,660.51
07/23/2018,661.55
07/24/2018,654.1
07/25/2018,645.85
07/26/2018,647.19
07/27/2018,643.07
07/30/2018,638.46
07/31/2018,637.12
08/01/2018,642.55
08/02/2018,645.05
08/03/2018,643.85
08/06/2018,646.75
08/07/2018,643
08/08/2018,645.11
08/09/2018,646.6
08/10/2018,654.06
08/13/2018,660.12
08/14/2018,664.13
08/15/2018,667.5
08/16/2018,669.16
08/17/2018,667.47
08/20/2018,668.28
08/21/2018,663.71
08/22/2018,661.73
08/23/2018,669.52
08/24/2018,660.51
08/27/2018,658.87
08/28/2018,662.81
08/29/2018,667.51
08/30/2018,678.98
08/31/2018,681.05
09/03/2018,682.8
09/04/2018,691.84
09/05/2018,685.59
09/06/2018,686.64
09/07/2018,690.27
09/10/2018,696.15
09/11/2018,696.61
09/12/2018,688.97
09/13/2018,681.83
09/14/2018,686.74
09/17/2018,685.79
09/18/2018,683.28
09/19/2018,679.18
09/20/2018,666.71
09/21/2018,665.99
09/24/2018,672.9
09/25/2018,666.4
09/26/2018,662.77
09/27/2018,659.61
09/28/2018,657.49
10/01/2018,658.51
10/02/2018,661.19
10/03/2018,663.6
10/04/2018,674.93
10/05/2018,675.68
10/08/2018,678.75
10/09/2018,680.52
10/10/2018,688.02
10/11/2018,683.13
10/12/2018,679.5
10/15/2018,675.78
10/16/2018,668.98
10/17/2018,673.45
10/18/2018,675.88
10/19/2018,679.51
10/22/2018,682.12
10/23/2018,681.9
10/24/2018,690.37
10/25/2018,686.98
10/26/2018,687.01
10/29/2018,693.13
10/30/2018,693.18
10/31/2018,695.66
11/01/2018,688.3
11/02/2018,685.14
11/05/2018,679.12
11/06/2018,680.24
11/07/2018,675.31
11/08/2018,677.52
11/09/2018,684.23
11/12/2018,687.32
11/13/2018,691.18
11/14/2018,682.33
11/15/2018,673.46
11/16/2018,669.68
11/19/2018,669.37
11/20/2018,671.54
11/21/2018,666.15
11/22/2018,668.08
11/23/2018,674.02
11/26/2018,676.54
11/27/2018,675.15
11/28/2018,668.71
11/29/2018,670.24
11/30/2018,671.37
12/03/2018,668.94
12/04/2018,670.39
12/05/2018,672.39
12/06/2018,675.3
12/07/2018,674.5
12/10/2018,678.09
12/11/2018,683.33
12/12/2018,677.83
12/13/2018,681.99
12/14/2018,683.49
12/17/2018,688.12
12/18/2018,689.85
12/19/2018,690.49
12/20/2018,690.99
12/21/2018,693.24
12/24/2018,689.52
12/25/2018,689.52
12/26/2018,693.07
12/27/2018,696.65
12/28/2018,693.08
12/31/2018,692.85
01/01/2019,692.85
01/02/2019,696.41
01/03/2019,693.43
01/04/2019,680.86
01/07/2019,681.04
01/08/2019,680.17
01/09/2019,675.68
01/10/2019,675.53
01/11/2019,674.53
01/14/2019,673.38
01/15/2019,675.22
01/16/2019,668.64
01/17/2019,670.22
01/18/2019,670.83
01/21/2019,671.88
01/22/2019,673.45
01/23/2019,671.9
01/24/2019,671.83
01/25/2019,669.22
01/28/2019,670.52
01/29/2019,667.12
01/30/2019,663.53
01/31/2019,655.41
02/01/2019,653.48
02/04/2019,652.19
02/05/2019,651.15
02/06/2019,654.44
02/07/2019,658.16
02/08/2019,657.62
02/11/2019,661.54
02/12/2019,659.94
02/13/2019,663.3
02/14/2019,664.06
02/15/2019,661.56
02/18/2019,660.62
02/19/2019,655.24
02/20/2019,652.88
02/21/2019,654.22
02/22/2019,650.93
02/25/2019,650.25
02/26/2019,647.73
02/27/2019,648.93
02/28/2019,655.5
03/01/2019,659.39
03/04/2019,659.84
03/05/2019,657.47
03/06/2019,659.97
03/07/2019,666.8
03/08/2019,670.68
03/11/2019,670.21
03/12/2019,665.08
03/13/2019,668.1
03/14/2019,671.29
03/15/2019,669.5
03/18/2019,665.5
03/19/2019,666.9
03/20/2019,662.06
03/21/2019,667.03
03/22/2019,678.23
03/25/2019,679.38
03/26/2019,680.19
03/27/2019,681.05
03/28/2019,681.31
03/29/2019,680.05
04/01/2019,668.34
04/02/2019,672.95
04/03/2019,667.09
04/04/2019,664.62
04/05/2019,664.91
04/08/2019,663.59
04/09/2019,664.34
04/10/2019,661.96
04/11/2019,663.51
04/12/2019,660.69
04/15/2019,660.67
04/16/2019,661.51
04/17/2019,661.66
04/18/2019,661.81
04/19/2019,661.81
04/22/2019,664.01
04/23/2019,667.48
04/24/2019,672.58
04/25/2019,674.36
04/26/2019,674.85
04/29/2019,677.88
04/30/2019,677.34
05/01/2019,677.71
05/02/2019,681.45
05/03/2019,676.68
05/06/2019,678.43
05/07/2019,684.3
05/08/2019,684.11
05/09/2019,684.43
05/10/2019,685.83
05/13/2019,693.03
05/14/2019,691.75
05/15/2019,691.45
05/16/2019,693.74
05/17/2019,696.85
05/20/2019,695.89
05/21/2019,694.61
05/22/2019,697.28
05/23/2019,696.15
05/24/2019,693.55
05/27/2019,698.5
05/28/2019,707.18
05/29/2019,704.36
05/30/2019,709.58
05/31/2019,709.46
06/03/2019,703.2
06/04/2019,692.99
06/05/2019,692.74
06/06/2019,692.34
06/07/2019,692.63
06/10/2019,699.3
06/11/2019,692.05
06/12/2019,695.15
06/13/2019,695.96
06/14/2019,699
06/17/2019,699.56
06/18/2019,695.54
06/19/2019,690.49
06/20/2019,683.49
06/21/2019,683.33
06/24/2019,680.1
06/25/2019,681.35
06/26/2019,678.87
06/27/2019,679.3
06/28/2019,677.15
07/01/2019,679.6
07/02/2019,679.8
07/03/2019,677.8
07/04/2019,678.84
07/05/2019,683.55
07/08/2019,687.51
07/09/2019,687.94
07/10/2019,685.4
07/11/2019,680
07/12/2019,679.36
07/15/2019,678.77
07/16/2019,681.37
07/17/2019,681.99
07/18/2019,682.09
07/19/2019,687.95
07/22/2019,688.76
07/23/2019,691.08
07/24/2019,690.39
07/25/2019,695.99
07/26/2019,694.93
07/29/2019,695.42
07/30/2019,697.95
07/31/2019,703.4
08/01/2019,706.27
08/02/2019,712.4
08/05/2019,720.51
08/06/2019,714.2
08/07/2019,714
08/08/2019,709.57
08/09/2019,709.65
08/12/2019,713.46
08/13/2019,703.26
08/14/2019,710.3
08/15/2019,710.55
08/16/2019,707.76
08/19/2019,713.17
08/20/2019,708.9
08/21/2019,711.3
08/22/2019,714.74
08/23/2019,719.18
08/26/2019,719.3
08/27/2019,722.55
08/28/2019,723.05
08/29/2019,720.25
08/30/2019,720.8
09/02/2019,724.6
09/03/2019,724.89
09/04/2019,722.5
09/05/2019,715.45
09/06/2019,711
09/09/2019,714.43
09/10/2019,711.63
09/11/2019,715.66
09/12/2019,708.47
09/13/2019,706.98
09/16/2019,709.3
09/17/2019,714.81
09/18/2019,715.1
09/19/2019,715.95
09/20/2019,717.38
09/23/2019,720.8
09/24/2019,723.02
09/25/2019,726.5
09/26/2019,725.8
09/27/2019,725.83
09/30/2019,728.3
10/01/2019,728.86
10/02/2019,724.18
10/03/2019,716.17
10/04/2019,714.38
10/07/2019,718.53
10/08/2019,725.24
10/09/2019,723.2
10/10/2019,718.48
10/11/2019,709.48
10/14/2019,712.43
10/15/2019,714.95
10/16/2019,716.3
10/17/2019,711.4
10/18/2019,710.19
10/21/2019,725.73
10/22/2019,723.8
10/23/2019,725.53
10/24/2019,723.73
10/25/2019,726.35
10/28/2019,723.05
10/29/2019,727.2
10/30/2019,738.43
10/31/2019,740.6
11/01/2019,740.6
11/04/2019,740.85
11/05/2019,747.5
11/06/2019,739.42
11/07/2019,741.35
11/08/2019,747.14
11/11/2019,758.5
11/12/2019,779.85
11/13/2019,793.65
11/14/2019,802.12
11/15/2019,774.3
11/18/2019,775.53
11/19/2019,786.53
11/20/2019,790.13
11/21/2019,795.05
11/22/2019,798.93
11/25/2019,791.35
11/26/2019,797.3
11/27/2019,816.8
11/28/2019,827.8
11/29/2019,803.12
12/02/2019,803.4
12/03/2019,801.98
12/04/2019,786.97
12/05/2019,780.8
12/06/2019,775.97
12/09/2019,772.5
12/10/2019,779.45
12/11/2019,769.33
12/12/2019,767.6
12/13/2019,763.62
12/16/2019,761
12/17/2019,755.8
12/18/2019,750.9
12/19/2019,753.47
12/20/2019,756.35
12/23/2019,752.2
12/24/2019,748.38
12/25/2019,751.34
12/26/2019,745.4
12/27/2019,747.7
12/30/2019,752.08
12/31/2019,751.5
01/01/2020,751.5
01/02/2020,748.63
01/03/2020,763.68
01/06/2020,772.82
01/07/2020,769.12
01/08/2020,757.75
01/09/2020,767.5
01/10/2020,772.78
01/13/2020,774.06
01/14/2020,769.49
01/15/2020,774.6
01/16/2020,775.69
01/17/2020,773.14
01/20/2020,769.5
01/21/2020,773.72
01/22/2020,770.6
01/23/2020,776
01/24/2020,776.23
01/27/2020,787.6
01/28/2020,785.12
01/29/2020,792
01/30/2020,796.25
01/31/2020,799.33
02/03/2020,786.5
02/04/2020,781.3
02/05/2020,775.87
02/06/2020,783.05
02/07/2020,791.13
02/10/2020,793.14
02/11/2020,791.5
02/12/2020,790.58
02/13/2020,793.6
02/14/2020,791.2
02/17/2020,793.1
02/18/2020,796.6
02/19/2020,795.94
02/20/2020,806.88
02/21/2020,802.31
02/24/2020,807.03
02/25/2020,812.35
02/26/2020,811.3
02/27/2020,813.26
02/28/2020,817.21
03/02/2020,811.52
03/03/2020,812.53
03/04/2020,819.38
03/05/2020,824.55
03/06/2020,826.17
03/09/2020,837.86
03/10/2020,832.83
03/11/2020,840.28
03/12/2020,848.12
03/13/2020,837.7
03/16/2020,852
03/17/2020,848.1
03/18/2020,867.8
03/19/2020,862.19
03/20/2020,863.1
03/23/2020,860.5
03/24/2020,845.2
03/25/2020,844.5
03/26/2020,827.4
03/27/2020,834.7
03/30/2020,856.83
03/31/2020,854.23
04/01/2020,863.62
04/02/2020,860.42
04/03/2020,864.5
04/06/2020,849.53
04/07/2020,858.13
04/08/2020,842.83
04/09/2020,840.08
04/10/2020,840.08
04/13/2020,848.58
04/14/2020,847.95
04/15/2020,855.2
04/16/2020,851.05
04/17/2020,851.95
04/20/2020,855.75
04/21/2020,856.75
04/22/2020,858
04/23/2020,859.36
04/24/2020,856.6
04/27/2020,856.2
04/28/2020,843.95
04/29/2020,833.55
04/30/2020,833.4
05/01/2020,833.4
05/04/2020,836.45
05/05/2020,833.85
05/06/2020,842.11
05/07/2020,836.24
05/08/2020,825.28
05/11/2020,821.99
05/12/2020,824.06
05/13/2020,816.11
05/14/2020,821.48
05/15/2020,827.13
05/18/2020,818.48
05/19/2020,818.18
05/20/2020,803.43
05/21/2020,802.88
05/22/2020,807.93
05/25/2020,804.18
05/26/2020,806.31
05/27/2020,819.66
05/28/2020,808.33
05/29/2020,798.4
06/01/2020,792
06/02/2020,776.6
06/03/2020,785.2
06/04/2020,770.39
06/05/2020,766.08
06/08/2020,766.83
06/09/2020,769.33
06/10/2020,773.03
06/11/2020,792.1
06/12/2020,791.67
06/15/2020,782.69
06/16/2020,783.6
06/17/2020,800.61
06/18/2020,816.96
06/19/2020,816.39
06/22/2020,819.18
06/23/2020,818.73
06/24/2020,818.4
06/25/2020,807.8
06/26/2020,821.07
06/29/2020,819.85
06/30/2020,822.9
07/01/2020,808.26
07/02/2020,800.61
07/03/2020,802.13
07/06/2020,798.28
07/07/2020,789
07/08/2020,786.58
07/09/2020,788
07/10/2020,791.93
07/13/2020,788.9
07/14/2020,785.9
07/15/2020,781
07/16/2020,789.21
07/17/2020,787.2
07/20/2020,784.4
07/21/2020,771.18
07/22/2020,767.1
07/23/2020,770.1
07/24/2020,773.63
07/27/2020,767.4
07/28/2020,764.5
07/29/2020,757.01
07/30/2020,760.9
07/31/2020,756.43
08/03/2020,757
08/04/2020,771.19
08/05/2020,776.96
08/06/2020,772.2
08/07/2020,787.45
08/10/2020,805.33
08/11/2020,794.11
08/12/2020,791.75
08/13/2020,792.9
08/14/2020,796.58
08/17/2020,807
08/18/2020,794.18
08/19/2020,783.9
08/20/2020,786.26
08/21/2020,792.66
08/24/2020,785.51
08/25/2020,786.67
08/26/2020,784.51
08/27/2020,784.31
08/28/2020,779.33
08/31/2020,776.21
09/01/2020,771.13
09/02/2020,771.18
09/03/2020,775.45
09/04/2020,771.31
09/07/2020,774.5
09/08/2020,772.44
09/09/2020,765.66
09/10/2020,772.6
09/11/2020,769.77
09/14/2020,765.05
09/15/2020,763.06
09/16/2020,758.94
09/17/2020,760.98
09/18/2020,763.19
09/21/2020,774.28
09/22/2020,777
09/23/2020,782.48
09/24/2020,783.1
09/25/2020,787.86
09/28/2020,784.43
09/29/2020,784.18
09/30/2020,784.77
10/01/2020,786.28
10/02/2020,789.27
10/05/2020,798.41
10/06/2020,798.63
10/07/2020,794.53
10/08/2020,798.35
10/09/2020,794.2
10/12/2020,796.87
10/13/2020,798.7
10/14/2020,798.63
10/15/2020,803.95
10/16/2020,793.3
10/19/2020,787.38
10/20/2020,785.79
10/21/2020,782.83
10/22/2020,778.48
10/23/2020,775.5
10/26/2020,775.03
10/27/2020,772.75
10/28/2020,773.32
10/29/2020,771.63
10/30/2020,773.05
11/02/2020,767.4
11/03/2020,759.05
11/04/2020,753.7
11/05/2020,755.73
11/06/2020,751.12
11/09/2020,757.18
11/10/2020,754.23
11/11/2020,754.2
11/12/2020,760.75
11/13/2020,766.8
11/16/2020,766.1
11/17/2020,762.98
11/18/2020,758.08
11/19/2020,758.93
11/20/2020,763.93
11/23/2020,773.74
11/24/2020,773.6
11/25/2020,764.6
11/26/2020,765.1
11/27/2020,768.15
11/30/2020,760.7
12/01/2020,759.68
12/02/2020,755.7
12/03/2020,750.36
12/04/2020,743.53
12/07/2020,744.6
12/08/2020,744.3
12/09/2020,742.95
12/10/2020,734.5
12/11/2020,734.03
12/14/2020,735.1
12/15/2020,735.75
12/16/2020,733.8
12/17/2020,721.53
12/18/2020,725.13
12/21/2020,725.05
12/22/2020,722.45
12/23/2020,713.7
12/24/2020,714.38
12/25/2020,714.38
12/28/2020,711.63
12/29/2020,715.08
12/30/2020,710
12/31/2020,709.75
01/01/2021,709.75
01/04/2021,704.05
01/05/2021,695.63
01/06/2021,696.25
01/07/2021,712.45
01/08/2021,711.88
01/11/2021,719.23
01/12/2021,724.75
01/13/2021,737.25
01/14/2021,726.23
01/15/2021,734.55
01/18/2021,733.5
01/19/2021,737
01/20/2021,721.87
01/21/2021,717.15
01/22/2021,727.38
01/25/2021,732.75
01/26/2021,732.95
01/27/2021,738.33
01/28/2021,735.73
01/29/2021,734.59
02/01/2021,733.5
02/02/2021,732.44
02/03/2021,732.38
02/04/2021,735.4
02/05/2021,738.76
02/08/2021,735.2
02/09/2021,734.4
02/10/2021,724.88
02/11/2021,725.75
02/12/2021,721.5
02/15/2021,718.7
02/16/2021,718.33
02/17/2021,712.94
02/18/2021,710.73
02/19/2021,708.4
02/22/2021,706.6
02/23/2021,704.33
02/24/2021,700.75
02/25/2021,715.78
02/26/2021,723.51
03/01/2021,722.55
03/02/2021,728.79
03/03/2021,727.2
03/04/2021,731.9
03/05/2021,733.03
03/08/2021,736.13
03/09/2021,734.87
03/10/2021,724.13
03/11/2021,712.93
03/12/2021,723.65
03/15/2021,722.6
03/16/2021,727.58
03/17/2021,722.3
03/18/2021,720.23
03/19/2021,713.08
03/22/2021,716.43
03/23/2021,722.69
03/24/2021,727.32
03/25/2021,724.9
03/26/2021,732.63
03/29/2021,733.68
03/30/2021,728.93
03/31/2021,720.2
04/01/2021,716.63
04/02/2021,716.63
04/05/2021,721.38
04/06/2021,717.68
04/07/2021,713.49
04/08/2021,708.06
04/09/2021,710.45
04/12/2021,713.16
04/13/2021,707.93
04/14/2021,708.9
04/15/2021,698.33
04/16/2021,702.45
04/19/2021,700.4
04/20/2021,696.4
04/21/2021,697.85
04/22/2021,706.53
04/23/2021,713.1
04/26/2021,704.75
04/27/2021,701.4
04/28/2021,695.93
04/29/2021,709
04/30/2021,710.3
05/03/2021,703.9
05/04/2021,703.3
05/05/2021,704.65
05/06/2021,699.7
05/07/2021,694.88
05/10/2021,696.48
05/11/2021,702.08
05/12/2021,707.8
05/13/2021,707.3
05/14/2021,699.33
05/17/2021,714.8
05/18/2021,713.4
05/19/2021,714.68
05/20/2021,720.72
05/21/2021,720.6
05/24/2021,729.35
05/25/2021,733.9
05/26/2021,729.6
05/27/2021,724.22
05/28/2021,724.05
05/31/2021,722.43
06/01/2021,728.01
06/02/2021,719.1
06/03/2021,718.5
06/04/2021,717.8
06/07/2021,715.88
06/08/2021,717.9
06/09/2021,719.38
06/10/2021,719.28
06/11/2021,721.5
06/14/2021,718.85
06/15/2021,726.54
06/16/2021,729.72
06/17/2021,737.88
06/18/2021,748.05
06/21/2021,747
06/22/2021,740.9
06/23/2021,735.53
06/24/2021,733.41
06/25/2021,732.6
06/28/2021,734.45
06/29/2021,726.2
06/30/2021,731.7
07/01/2021,739.92
07/02/2021,733.85
07/05/2021,735.7
07/06/2021,746.5
07/07/2021,748.73
07/08/2021,752.5
07/09/2021,748.38
07/12/2021,743.17
07/13/2021,749.27
07/14/2021,744.68
07/15/2021,756.5
07/16/2021,757.65
07/19/2021,759.5
07/20/2021,757.8
07/21/2021,752.18
07/22/2021,753.35
07/23/2021,761.76
07/26/2021,759.72
07/27/2021,767.51
07/28/2021,761.45
07/29/2021,759.83
07/30/2021,756.2
08/02/2021,768
08/03/2021,775.4
08/04/2021,773.89
08/05/2021,777.54
08/06/2021,787.65
08/09/2021,784.98
08/10/2021,778.33
08/11/2021,770.97
08/12/2021,774.28
08/13/2021,775.47
08/16/2021,786.25
08/17/2021,789.7
08/18/2021,786.83
08/19/2021,785.63
08/20/2021,785.93
08/23/2021,783.68
08/24/2021,781.87
08/25/2021,783.27
08/26/2021,786.21
08/27/2021,782.38
08/30/2021,782
08/31/2021,772.63
09/01/2021,770.71
09/02/2021,767.65
09/03/2021,766.05
09/06/2021,772.23
09/07/2021,780.28
09/08/2021,786.93
09/09/2021,792.9
09/10/2021,788.08
09/13/2021,784.68
09/14/2021,783.38
09/15/2021,777.67
09/16/2021,783.25
09/17/2021,784.13
09/20/2021,788.55
09/21/2021,785.6
09/22/2021,787.15
09/23/2021,784.94
09/24/2021,792.38
09/27/2021,793.2
09/28/2021,802.37
09/29/2021,809.7
09/30/2021,810.53
10/01/2021,803.03
10/04/2021,805.63
10/05/2021,810.9
10/06/2021,812.93
10/07/2021,811.88
10/08/2021,824
10/11/2021,824
10/12/2021,822.78
10/13/2021,814.83
10/14/2021,825.62
10/15/2021,823.45
10/18/2021,816.75
10/19/2021,810.35
10/20/2021,813.6
10/21/2021,817.63
10/22/2021,814.51
10/25/2021,807.37
10/26/2021,803.68
10/27/2021,805.1
10/28/2021,805.68
10/29/2021,813.2
11/01/2021,811.2
11/02/2021,812.31
11/03/2021,812.53
11/04/2021,813.83
11/05/2021,811.05
11/08/2021,802.33
11/09/2021,791.41
11/10/2021,793.95
11/11/2021,793.18
11/12/2021,799.95
11/15/2021,796.12
11/16/2021,811.72
11/17/2021,828.7
11/18/2021,831.68
11/19/2021,828.05
11/22/2021,811.38
11/23/2021,812.8
11/24/2021,813.45
11/25/2021,820.37
11/26/2021,831.37
11/29/2021,842.86
11/30/2021,826.7
12/01/2021,838.53
12/02/2021,836.03
12/03/2021,840.38
12/06/2021,845.45
12/07/2021,839.3
12/08/2021,838.46
12/09/2021,848.08
12/10/2021,843
12/13/2021,841.03
12/14/2021,842.6
12/15/2021,850.63
12/16/2021,845.83
12/17/2021,842.13
12/20/2021,870.61
12/21/2021,871.05
12/22/2021,860.15
12/23/2021,858.23
12/24/2021,864.15
12/27/2021,856.05
12/28/2021,853.87
12/29/2021,848.25
12/30/2021,851.1
12/31/2021,851.1
01/03/2022,851.15
01/04/2022,846.68
01/05/2022,837.86
01/06/2022,836.85
01/07/2022,827.33
01/10/2022,835
01/11/2022,827.65
01/12/2022,822.97
01/13/2022,815.67
01/14/2022,818.88
01/17/2022,821.68
01/18/2022,817.08
01/19/2022,808.18
01/20/2022,801.93
01/21/2022,798.13
01/24/2022,806.53
01/25/2022,798.98
01/26/2022,802.4
01/27/2022,804.42
01/28/2022,812.55
01/31/2022,799.9
02/01/2022,801.75
02/02/2022,809.7
02/03/2022,817.58
02/04/2022,828.05
02/07/2022,824.08
02/08/2022,826.6
02/09/2022,811.8
02/10/2022,803.6
02/11/2022,809.03
02/14/2022,812.93
02/15/2022,800.2
02/16/2022,797.3
02/17/2022,794.5
02/18/2022,800.5
02/21/2022,797.79
02/22/2022,791.89
02/23/2022,790.2
02/24/2022,815.7
02/25/2022,800.99
02/28/2022,798
03/01/2022,805.49
03/02/2022,804.18
03/03/2022,795.15
03/04/2022,806.11
03/07/2022,811.58
03/08/2022,809.37
03/09/2022,803.9
03/10/2022,801.4
03/11/2022,805.43
03/14/2022,813.05
03/15/2022,808.9
03/16/2022,797.13
03/17/2022,798.58
03/18/2022,802.53
03/21/2022,792.78
03/22/2022,792.03
03/23/2022,791.63
03/24/2022,788.36
03/25/2022,777.18
03/28/2022,777.75
03/29/2022,779.38
03/30/2022,788.08
03/31/2022,785.88
04/01/2022,782.47
04/04/2022,778.5
04/05/2022,786.9
04/06/2022,799.16
04/07/2022,805.22
04/08/2022,813.9
04/11/2022,816.15
04/12/2022,806.4
04/13/2022,805.8
04/14/2022,814.3
04/15/2022,813.85
04/18/2022,816.4
04/19/2022,819.3
04/20/2022,813.7
04/21/2022,823.75
04/22/2022,836.15
04/25/2022,844.5
04/26/2022,845.53
04/27/2022,845.57
04/28/2022,856.9
04/29/2022,851.13
05/02/2022,859.88
05/03/2022,854.9
05/04/2022,852.9
05/05/2022,861.7
05/06/2022,858.44
05/09/2022,867
05/10/2022,865.9
05/11/2022,861.58
05/12/2022,865.11
05/13/2022,859.85
05/16/2022,857.09
05/17/2022,850.1
05/18/2022,854.04
05/19/2022,837
05/20/2022,835.95
05/23/2022,829.93
05/24/2022,829.9
05/25/2022,831.7
05/26/2022,824
05/27/2022,825.95
05/30/2022,829.94
05/31/2022,823.38
06/01/2022,822.92
06/02/2022,812.54
06/03/2022,811.12
06/06/2022,822.05
06/07/2022,824
06/08/2022,821.2
06/09/2022,824.9
06/10/2022,843.8
06/13/2022,861.99
06/14/2022,868.1
06/15/2022,856.08
06/16/2022,866.3
06/17/2022,875.86
06/20/2022,882.1
06/21/2022,872.35
06/22/2022,888.88
06/23/2022,902.65
06/24/2022,916.77
06/27/2022,920.14
06/28/2022,910.35
06/29/2022,926
06/30/2022,916.3
07/01/2022,931.89
07/04/2022,928.3
07/05/2022,952.85
07/06/2022,969.55
07/07/2022,950.13
07/08/2022,972.73
07/11/2022,993.35
07/12/2022,"1,019.20"
07/13/2022,"1,008.80"
07/14/2022,"1,049.30"
07/15/2022,971.31
07/18/2022,944.55
07/19/2022,926.05
07/20/2022,926.03
07/21/2022,928.37
07/22/2022,950.86
07/25/2022,936.9
07/26/2022,924.3
07/27/2022,906.95
07/28/2022,906.2
07/29/2022,899.5
08/01/2022,891.25
08/02/2022,909
08/03/2022,911.3
08/04/2022,901.95
08/05/2022,917.69
08/08/2022,905.45
08/09/2022,902.9
08/10/2022,886.2
08/11/2022,883.9
08/12/2022,874.93
08/15/2022,880.56
08/16/2022,881.05
08/17/2022,897.15
08/18/2022,928.4
08/19/2022,944.05
08/22/2022,937.55
08/23/2022,915.51
08/24/2022,920
08/25/2022,897.26
08/26/2022,892.7
08/29/2022,882.06
08/30/2022,889.9
08/31/2022,896.5
09/01/2022,896.62
09/02/2022,878.27
09/05/2022,881.3
09/06/2022,891.9
09/07/2022,882.52
09/08/2022,881.4
09/09/2022,903.96
09/12/2022,897.9
09/13/2022,916.13
09/14/2022,920.5
09/15/2022,922.24
09/16/2022,921.92
09/19/2022,922.37
09/20/2022,931.86
09/21/2022,935.38
09/22/2022,943.78
09/23/2022,968.76
09/26/2022,992.63
09/27/2022,983.78
09/28/2022,955.02
09/29/2022,962.65
09/30/2022,966.63
10/03/2022,939.08
10/04/2022,931.39
10/05/2022,939.71
10/06/2022,942.7
10/07/2022,936.95
10/10/2022,936.8
10/11/2022,926.13
10/12/2022,943.13
10/13/2022,937.56
10/14/2022,960.63
10/17/2022,971.4
10/18/2022,972.4
10/19/2022,973.75
10/20/2022,978.05
10/21/2022,972.3
10/24/2022,986.3
10/25/2022,965.85
10/26/2022,951
10/27/2022,944.45
10/28/2022,942.3
10/31/2022,943.05
11/01/2022,942.99
11/02/2022,944.25
11/03/2022,944.2
11/04/2022,924.83
11/07/2022,916.4
11/08/2022,906.55
11/09/2022,906.55
11/10/2022,893.4
11/11/2022,890.51
11/14/2022,890.75
11/15/2022,886.55
11/16/2022,911.15
11/17/2022,921.25
11/18/2022,939.87
11/21/2022,941.65
11/22/2022,926.05
11/23/2022,915.35
11/24/2022,909.25
11/25/2022,920.58
11/28/2022,912.5
11/29/2022,900.1
11/30/2022,888.85
12/01/2022,878.23
12/02/2022,882.26
12/05/2022,894.89
12/06/2022,877.6
12/07/2022,865.8
12/08/2022,863.27
12/09/2022,860.78
12/12/2022,867.16
12/13/2022,855.92
12/14/2022,870.05
12/15/2022,877.45
12/16/2022,885.26
12/19/2022,889.25
12/20/2022,884.93
12/21/2022,870.8
12/22/2022,869.78
12/23/2022,877.55
12/26/2022,876.9
12/27/2022,867.4
12/28/2022,862.55
12/29/2022,856.05
12/30/2022,847.8
01/02/2023,847.8
01/03/2023,862.4
01/04/2023,854.96
01/05/2023,851.4
01/06/2023,840.93
01/09/2023,834.84
01/10/2023,825.9
01/11/2023,823.1
01/12/2023,817.32
01/13/2023,815.93
01/16/2023,821.1
01/17/2023,814.36
01/18/2023,823.21
01/19/2023,822.44
01/20/2023,814.25
01/23/2023,813.03
01/24/2023,801.2
01/25/2023,803.15
01/26/2023,802.03
01/27/2023,805.73
01/30/2023,806.8
01/31/2023,795.48
02/01/2023,786.1
02/02/2023,779.55
02/03/2023,795.65
02/06/2023,803.29
02/07/2023,792.94
02/08/2023,801
02/09/2023,800.5
02/10/2023,798.09
02/13/2023,795.5
02/14/2023,784.7
02/15/2023,791.78
02/16/2023,791.05
02/17/2023,787.82
02/20/2023,798.25
02/21/2023,803.13
02/22/2023,800.88
02/23/2023,807.4
02/24/2023,826
02/27/2023,832.7
02/28/2023,827.47
03/01/2023,810.43
03/02/2023,812.05
03/03/2023,802.5
03/06/2023,796.25
03/07/2023,805.08
03/08/2023,804.63
03/09/2023,796
03/10/2023,800.3
03/13/2023,805.4
03/14/2023,802.2
03/15/2023,820.95
03/16/2023,823.3
03/17/2023,826.61
03/20/2023,825.78
03/21/2023,822.45
03/22/2023,810.41
03/23/2023,807.02
03/24/2023,810.22
03/27/2023,805.49
03/28/2023,797.51
03/29/2023,792.93
03/30/2023,790.04
03/31/2023,794.44
04/03/2023,810.45
04/04/2023,807.42
04/05/2023,809.8
04/06/2023,818.42
04/07/2023,818.42
04/10/2023,818.8
04/11/2023,805.59
04/12/2023,803.62
04/13/2023,795.22
04/14/2023,796.87
04/17/2023,800.58
04/18/2023,794.01
04/19/2023,793.94
04/20/2023,793.16
04/21/2023,802.36
04/24/2023,813.9
04/25/2023,811.91
04/26/2023,804.65
04/27/2023,802.91
04/28/2023,806.36
05/01/2023,806
05/02/2023,808.97
05/03/2023,802.9
05/04/2023,798.8
05/05/2023,792.53
05/08/2023,797.25
05/09/2023,788.7
05/10/2023,787.93
05/11/2023,791.78
05/12/2023,784.9
05/15/2023,786.03
05/16/2023,798.43
05/17/2023,791.24
05/18/2023,795.8
05/19/2023,797.84
05/22/2023,795.9
05/23/2023,802.55
05/24/2023,806.9
05/25/2023,810
05/26/2023,797.7
05/29/2023,804.75
05/30/2023,804.3
05/31/2023,808.3
06/01/2023,804.06
06/02/2023,798.3
06/05/2023,798
06/06/2023,795.8
06/07/2023,791.05
06/08/2023,786.85
06/09/2023,787.5
06/12/2023,806.2
06/13/2023,803
06/14/2023,801.3
06/15/2023,793.13
06/16/2023,793.7
06/19/2023,795.4
06/20/2023,803.55
06/21/2023,803.78
06/22/2023,804.2
06/23/2023,805.8
06/26/2023,805.6
06/27/2023,797.9
06/28/2023,800.2
06/29/2023,803
06/30/2023,800.93
07/03/2023,798.3
07/04/2023,798.4
07/05/2023,796.7
07/06/2023,802.2
07/07/2023,807.02
07/10/2023,812.87
07/11/2023,814.97
07/12/2023,811.17
07/13/2023,810.62
07/14/2023,813.7
07/17/2023,818.03
07/18/2023,815.05
07/19/2023,805.9
07/20/2023,816.1
07/21/2023,822
07/24/2023,827.57
07/25/2023,828.23
07/26/2023,823.18
07/27/2023,829.48
07/28/2023,828.73
07/31/2023,838.45
08/01/2023,840.3
08/02/2023,847.92
08/03/2023,850.4
08/04/2023,852.3
08/07/2023,858.3
08/08/2023,861.23
08/09/2023,861.15
08/10/2023,845.65
08/11/2023,858
08/14/2023,856.45
08/15/2023,862.55
08/16/2023,869.1
08/17/2023,866.4
08/18/2023,870.56
08/21/2023,870.1
08/22/2023,869.55
08/23/2023,855.18
08/24/2023,844.8
08/25/2023,845.03
08/28/2023,853.5
08/29/2023,858.3
08/30/2023,850.05
08/31/2023,851.8
09/01/2023,850.78
09/04/2023,859.05
09/05/2023,873.8
09/06/2023,871
09/07/2023,883.2
09/08/2023,894.54
09/11/2023,891.3
09/12/2023,892.85
09/13/2023,880.8
09/14/2023,888.78
09/15/2023,883.64
09/18/2023,883.64
09/19/2023,883.64
09/20/2023,882.5
09/21/2023,888.33
09/22/2023,894.4
09/25/2023,902.95
09/26/2023,903.7
09/27/2023,908.7
09/28/2023,904.95
09/29/2023,890.7
10/02/2023,908.13
10/03/2023,916.8
10/04/2023,914.9
10/05/2023,914
10/06/2023,923.05
10/09/2023,923.05
10/10/2023,927.3
10/11/2023,925.15
10/12/2023,937.85
10/13/2023,939.5
10/16/2023,947.05
10/17/2023,936.45
10/18/2023,942.05
10/19/2023,940.5
10/20/2023,943.63
10/23/2023,931.3
10/24/2023,925.97
10/25/2023,922.55
10/26/2023,933.28
10/27/2023,907.2
10/30/2023,906.93
10/31/2023,894.55
11/01/2023,895.28
11/02/2023,888.1
11/03/2023,874.13
11/06/2023,882.29
11/07/2023,883.78
11/08/2023,899.13
11/09/2023,915.65
11/10/2023,911.5
11/13/2023,922.46
11/14/2023,891.2
11/15/2023,886.11
11/16/2023,882.72
11/17/2023,884.92
11/20/2023,877.4
11/21/2023,868.05
11/22/2023,871.35
11/23/2023,873.38
11/24/2023,870
11/27/2023,870.5
11/28/2023,867.03
11/29/2023,868.04
11/30/2023,869.95
12/01/2023,858.74
12/04/2023,866.65
12/05/2023,876.9
12/06/2023,870.65
12/07/2023,872.22
12/08/2023,870.3
12/11/2023,880.83
12/12/2023,874.25
12/13/2023,870
12/14/2023,864.78
12/15/2023,869.46
12/18/2023,874
12/19/2023,861.18
12/20/2023,871.7
12/21/2023,878
12/22/2023,891.95
12/25/2023,891.95
12/26/2023,890.97
12/27/2023,881.55
12/28/2023,884.03
12/29/2023,880.58
01/01/2024,878.95
01/02/2024,884.4
01/03/2024,879.6
01/04/2024,887.63
01/05/2024,889.6
01/08/2024,901.95
01/09/2024,917.35
01/10/2024,915.7
01/11/2024,910.26
01/12/2024,909.5
01/15/2024,910.33
01/16/2024,924.86
01/17/2024,921.1
01/18/2024,917
01/19/2024,909.75
01/22/2024,909
01/23/2024,909.9
01/24/2024,908.85
01/25/2024,909.03
01/26/2024,924.35
01/29/2024,929.43
01/30/2024,929.9
01/31/2024,929
02/01/2024,931.68
02/02/2024,946.7
02/05/2024,953.4
02/06/2024,946.4
02/07/2024,953.9
02/08/2024,965.8
02/09/2024,969.6
02/12/2024,969.68
02/13/2024,968.98
02/14/2024,957.85
02/15/2024,965.03
02/16/2024,972.25
02/19/2024,965.05
02/20/2024,961.5
02/21/2024,967.9
02/22/2024,979
02/23/2024,978.3
02/26/2024,987.85
02/27/2024,980.9
02/28/2024,976.4
02/29/2024,965.38
03/01/2024,964.32
03/04/2024,974.12
03/05/2024,980.35
03/06/2024,985.12
03/07/2024,980.48
03/08/2024,960.5
03/11/2024,966.4
03/12/2024,955.61
03/13/2024,944.13
03/14/2024,939.78
03/15/2024,941.43
03/18/2024,947.45
03/19/2024,965.98
03/20/2024,962.4
03/21/2024,971.99
03/22/2024,982.46
03/25/2024,977.7
03/26/2024,979.9
03/27/2024,978.32
03/28/2024,978.97
03/29/2024,978.97
04/01/2024,984.2
04/02/2024,974.2
04/03/2024,954.5
04/04/2024,941.9
04/05/2024,948.15
04/08/2024,944
04/09/2024,940.92
04/10/2024,953.8
04/11/2024,954.7
04/12/2024,964.38
04/15/2024,978.2
04/16/2024,979.9
04/17/2024,977.5
04/18/2024,965.7
04/19/2024,954.44
04/22/2024,951.6
04/23/2024,955.6
04/24/2024,949.6
04/25/2024,948.83
04/26/2024,948.83
04/29/2024,941.5
04/30/2024,959.04
05/01/2024,959.5
05/02/2024,943.9
05/03/2024,938.78
05/06/2024,929.8
05/07/2024,936.9
05/08/2024,936.6
05/09/2024,924.5
05/10/2024,926.1
05/13/2024,922.4
05/14/2024,913.9
05/15/2024,904.1
05/16/2024,898.66
05/17/2024,888.43
05/20/2024,889.11
05/21/2024,888
05/22/2024,907.4
05/23/2024,911.2
05/24/2024,902.45
05/27/2024,901.2
05/28/2024,896
05/29/2024,911.4
05/30/2024,917.56
05/31/2024,918.28
06/03/2024,900.8
06/04/2024,905.1
06/05/2024,908.3
06/06/2024,907.65
06/07/2024,918.9
06/10/2024,920.2
06/11/2024,922.75
06/12/2024,915.48
06/13/2024,916.9
06/14/2024,933.05
06/17/2024,935.1
06/18/2024,936.01
06/19/2024,930.9
06/20/2024,932
06/21/2024,941.13
06/24/2024,945.4
06/25/2024,940.08
06/26/2024,950.7
06/27/2024,953.1
06/28/2024,940.45
07/01/2024,945.97
07/02/2024,944.9
07/03/2024,939.28
07/04/2024,934.28
07/05/2024,936.55
07/08/2024,939.6
07/09/2024,929.4
07/10/2024,911.47
07/11/2024,913.03
07/12/2024,905.11
07/15/2024,907.9
07/16/2024,910.4
07/17/2024,925.4
07/18/2024,940.67
07/19/2024,947.83
07/22/2024,940.7
07/23/2024,945.8
07/24/2024,946.9
07/25/2024,949.3
07/26/2024,952.28
07/29/2024,956.3
07/30/2024,953.4
07/31/2024,942.5
08/01/2024,951.7
08/02/2024,950.35
08/05/2024,954.1
08/06/2024,943.9
08/07/2024,942.81
08/08/2024,935.2
08/09/2024,932.03
08/12/2024,934.3
08/13/2024,930.5
08/14/2024,933.54
08/15/2024,932.4
08/16/2024,937.9
08/19/2024,923.23
08/20/2024,923.43
08/21/2024,915.86
08/22/2024,918.83
08/23/2024,908
08/26/2024,905.36
08/27/2024,906.37
08/28/2024,912.55
08/29/2024,912.29
08/30/2024,912.77
09/02/2024,917.07
09/03/2024,928.67
09/04/2024,942.73
09/05/2024,942.3
09/06/2024,943.6
09/09/2024,944.33
09/10/2024,948.84
09/11/2024,939.4
09/12/2024,931.5
09/13/2024,926.03
09/16/2024,921.4
09/17/2024,929.51
09/18/2024,931.55
09/19/2024,930.35
09/20/2024,930.33
09/23/2024,921.4
09/24/2024,910.41
09/25/2024,912.2
09/26/2024,900.85
09/27/2024,899.65
09/30/2024,898.6
10/01/2024,903.77
10/02/2024,911
10/03/2024,920
10/04/2024,924.03
10/07/2024,925.63
10/08/2024,931.7
10/09/2024,932.5
10/10/2024,928.9
10/11/2024,926.4
10/14/2024,927.4
10/15/2024,942.4
10/16/2024,933
10/17/2024,946.12
10/18/2024,953.47
10/21/2024,952.9
10/22/2024,946.7
10/23/2024,945.2
10/24/2024,946.79
10/25/2024,948.61
10/28/2024,946.84
10/29/2024,954.1
10/30/2024,961.73
10/31/2024,961.12
11/01/2024,960.8
11/04/2024,954.17
11/05/2024,954.9
11/06/2024,960.33
11/07/2024,948.8
11/08/2024,970.17
11/11/2024,979.1
11/12/2024,985.3
11/13/2024,978.77
11/14/2024,975.81
11/15/2024,979.41
11/18/2024,972.5
11/19/2024,971.55
11/20/2024,972.79
11/21/2024,973.64
11/22/2024,986.67
11/25/2024,975.5
11/26/2024,976.7
11/27/2024,977.1
11/28/2024,978.58
11/29/2024,973.15
12/02/2024,977.93
12/03/2024,972
12/04/2024,973.95
12/05/2024,968.83
12/06/2024,974.84
12/09/2024,969.05
12/10/2024,972.48
12/11/2024,974.4
12/12/2024,977.37
12/13/2024,985.83
12/16/2024,989.33
12/17/2024,986.56
12/18/2024,993.28
12/19/2024,991
12/20/2024,988.5
12/23/2024,989.66
12/24/2024,989.05
12/25/2024,989.05
12/26/2024,988.74
12/27/2024,991.48
12/30/2024,992.6
12/31/2024,992.6
01/01/2025,992.6
01/02/2025,"1,003.63"
01/03/2025,"1,016.13"
01/06/2025,"1,010.00"
01/07/2025,"1,004.14"
01/08/2025,"1,000.06"
01/09/2025,"1,006.00"
01/10/2025,"1,010.25"
01/13/2025,"1,005.48"
01/14/2025,"1,002.20"
01/15/2025,"1,004.35"
01/16/2025,"1,012.00"
01/17/2025,"1,005.78"
01/20/2025,999.5
01/21/2025,"1,002.15"
01/22/2025,990.56
01/23/2025,986.96
01/24/2025,980.35
01/27/2025,985.48
01/28/2025,993.68
01/29/2025,989.93
01/30/2025,982.28
01/31/2025,980.38
02/03/2025,984.43
02/04/2025,971.75
02/05/2025,970.62
02/06/2025,961.78
02/07/2025,961.63
02/10/2025,961
02/11/2025,959.88
02/12/2025,949.88
02/13/2025,942.75
02/14/2025,939.25
02/17/2025,947.5
02/18/2025,948
02/19/2025,950
02/20/2025,941.99
02/21/2025,942.29
02/24/2025,943.36
02/25/2025,942.08
02/26/2025,941.19
02/27/2025,950.65
02/28/2025,958.18
03/03/2025,950.1
03/04/2025,943.8
03/05/2025,927.88
03/06/2025,928.6
03/07/2025,929.28
03/10/2025,943.4
03/11/2025,933.13
03/12/2025,936.46
03/13/2025,933.88
03/14/2025,928.66
03/17/2025,920.75
03/18/2025,916.76
03/19/2025,916.35
03/20/2025,926.47
03/21/2025,928.46
03/24/2025,926.95
03/25/2025,919.09
03/26/2025,925.28
03/27/2025,933.3
03/28/2025,950.43
03/31/2025,947.88
04/01/2025,947.44
04/02/2025,954.8
04/03/2025,949.33
04/04/2025,979.48
04/07/2025,988.85
04/08/2025,999.58
04/09/2025,980.18
04/10/2025,986.98
04/11/2025,970.26
04/14/2025,966.2
04/15/2025,970.9
04/16/2025,970.51
04/17/2025,965.29
04/18/2025,965.29
04/21/2025,960.6
04/22/2025,943.03
04/23/2025,942.13
04/24/2025,935.1
04/25/2025,935.75
04/28/2025,944.07
04/29/2025,945.38
04/30/2025,947.97
05/01/2025,946.83
05/02/2025,947.31
05/05/2025,941.11
05/06/2025,939.21
05/07/2025,945.55
05/08/2025,935.52
05/09/2025,936.75
05/12/2025,946.48
05/13/2025,940.5
05/14/2025,941.96
05/15/2025,939.33
05/16/2025,944.38
05/19/2025,937.61
05/20/2025,944.08
05/21/2025,943.88
05/22/2025,943.18
05/23/2025,939.98
05/26/2025,939.49
05/27/2025,937.23
05/28/2025,941
05/29/2025,935.85
05/30/2025,945.23
06/02/2025,939
06/03/2025,940.9
06/04/2025,938.15
06/05/2025,930.05
06/06/2025,934.53
06/09/2025,938.05
06/10/2025,940.48
06/11/2025,934.13
06/12/2025,930.1
06/13/2025,937.6
06/16/2025,935.55
06/17/2025,945.1
06/18/2025,943.15
06/19/2025,941.15
06/20/2025,941.15
06/23/2025,947.7
06/24/2025,936.5
06/25/2025,936.9
06/26/2025,931.73
06/27/2025,939.9
06/30/2025,931.83
07/01/2025,928.38
07/02/2025,926.78
07/03/2025,929.84
07/04/2025,930.5
07/07/2025,943.26
07/08/2025,941.73
07/09/2025,949.93
07/10/2025,950.64
07/11/2025,956.31
07/14/2025,967.43
07/15/2025,966.57
07/16/2025,967.41
07/17/2025,963.03
07/18/2025,964.03
07/21/2025,954
07/22/2025,949.5
07/23/2025,948.75
07/24/2025,950.4
07/25/2025,963.75
07/28/2025,968.03
07/29/2025,971.32
07/30/2025,981.38
07/31/2025,972.33
08/01/2025,969.41
08/04/2025,966.35
08/05/2025,966.5
08/06/2025,975.23
08/07/2025,969.1
08/08/2025,968.7
08/11/2025,969.77
08/12/2025,955.35
08/13/2025,952.5
08/14/2025,965.51
08/15/2025,963.58
08/18/2025,964.35
08/19/2025,963.78
08/20/2025,966.83
08/21/2025,970.93
08/22/2025,958.9
08/25/2025,964.15
08/26/2025,966.63
08/27/2025,968.41
08/28/2025,966.91
08/29/2025,966.75
09/01/2025,968.7
09/02/2025,973.63
09/03/2025,969.11
09/04/2025,972.18
09/05/2025,964.8
09/08/2025,970.46
09/09/2025,967.97
09/10/2025,963.06
09/11/2025,950.88
09/12/2025,954.35
09/15/2025,952.01
09/16/2025,947.73
09/17/2025,951.77
09/18/2025,956.95
09/19/2025,955.5
09/22/2025,956.4
09/23/2025,948.7
09/24/2025,952.81
09/25/2025,958.92
09/26/2025,960.01
09/29/2025,965.5
09/30/2025,961.93
10/01/2025,959.3
10/02/2025,961.85
10/03/2025,965.45
10/06/2025,961.46
10/07/2025,960.73
10/08/2025,950.96
10/09/2025,949.98
10/10/2025,959.09
10/13/2025,958.28
10/14/2025,961.29
10/15/2025,959.21
10/16/2025,956.03
10/17/2025,956.02
10/20/2025,950.92
10/21/2025,953.78
10/22/2025,950.52
10/23/2025,944.48
10/24/2025,941.83
10/27/2025,941.29
10/28/2025,943.8
10/29/2025,942.07
10/30/2025,942.8
10/31/2025,942.55
11/03/2025,938.67
11/04/2025,947.05
11/05/2025,943.35
11/06/2025,942.82
11/07/2025,945.73
11/10/2025,938.89
11/11/2025,934.76
11/12/2025,930.05
11/13/2025,929.75
11/14/2025,925.5
11/17/2025,924.23
11/18/2025,932.56
11/19/2025,932.91
11/20/2025,927.85
11/21/2025,939.13
11/24/2025,940.03
11/25/2025,935.78
11/26/2025,926.89
11/27/2025,929.26
11/28/2025,928.14
12/01/2025,928.85
12/02/2025,923.32
12/03/2025,919.5
12/04/2025,917.2
12/05/2025,925.5
12/08/2025,923.75
12/09/2025,925.85
12/10/2025,923.94
12/11/2025,914.13
12/12/2025,910.25
12/15/2025,915.65
12/16/2025,913
12/17/2025,917.39
12/18/2025,911.33
12/19/2025,910
12/22/2025,909.48
12/23/2025,908.13
12/24/2025,904.39
12/25/2025,904.35
12/26/2025,905.9
12/29/2025,915
12/30/2025,900.38
12/31/2025,900.65
01/01/2026,900
01/02/2026,906.1
01/05/2026,903.47
01/06/2026,894.47
01/07/2026,896.38
01/08/2026,897.91
01/09/2026,893.33
01/12/2026,883.83
01/13/2026,886.71
01/14/2026,881.5
01/15/2026,883
01/16/2026,886.38
01/19/2026,888.75
01/20/2026,885.5
01/21/2026,874.25
01/22/2026,869
01/23/2026,866.58
01/26/2026,865.18
01/27/2026,858.47
01/28/2026,865.65
01/29/2026,860.31
01/30/2026,873.85
02/02/2026,865.5
02/03/2026,859.15
02/04/2026,862
02/05/2026,867.43
02/06/2026,855.78
02/09/2026,851.68
02/10/2026,857.22
02/11/2026,853.41
02/12/2026,858.53
02/13/2026,862.25
02/16/2026,863.04
02/17/2026,865.43
02/18/2026,863.05
02/19/2026,864.9
02/20/2026,865.26
02/23/2026,866.63
02/24/2026,860.9
02/25/2026,857.15
02/26/2026,865.97
02/27/2026,873.66
03/02/2026,882.01
03/03/2026,908.92
03/04/2026,895.71
03/05/2026,913.38
03/06/2026,912.1
03/09/2026,911.83
03/10/2026,891.43
03/11/2026,897.25
03/12/2026,918
03/13/2026,917.84
03/16/2026,910.6
03/17/2026,907.29
03/18/2026,918.53
03/19/2026,912.42
03/20/2026,927.1
03/23/2026,911.03
03/24/2026,917
03/25/2026,917.36
03/26/2026,916.69
03/27/2026,928.04
03/30/2026,922.72
03/31/2026,930.22
04/01/2026,926.11
04/02/2026,912.46
04/03/2026,916.5
04/06/2026,919.37
04/07/2026,915.97
04/08/2026,916.46
04/09/2026,897.23
04/10/2026,891.62
04/13/2026,894.44
04/14/2026,894.89
04/15/2026,886.23
04/16/2026,884.95
04/17/2026,886.12
04/20/2026,890.32
04/21/2026,881.22
04/22/2026,891.94
04/23/2026,889.73
04/24/2026,894.47
04/27/2026,896.11
04/28/2026,893.54
04/29/2026,891.12
04/30/2026,904.47
05/01/2026,900.47
05/04/2026,899.25
05/05/2026,911.72
05/06/2026,904.82
05/07/2026,896.12
05/08/2026,890.47
05/11/2026,892.18
05/12/2026,897.22
05/13/2026,912.96
05/14/2026,886.62
05/15/2026,894.3
05/18/2026,897.73
05/19/2026,900.5
05/20/2026,905.03
05/21/2026,897.73
05/22/2026,898.34
05/25/2026,896.63
05/26/2026,896.71
05/27/2026,893.83
05/28/2026,894.03
05/29/2026,890.97
06/01/2026,889.6
06/02/2026,891.94
06/03/2026,889.8
06/04/2026,894.96
06/05/2026,912.7
